time,open,high,low,close
420298200,1.166655,1.192696,1.161447,1.169259
420384600,1.169259,1.177072,1.164051,1.171863
420471000,1.171863,1.171863,1.158843,1.158843
420730200,1.158843,1.161447,1.138009,1.145822
420816600,1.145822,1.148426,1.135405,1.148426
420903000,1.148426,1.15103,1.140614,1.145822
420989400,1.145822,1.158843,1.143218,1.15103
421075800,1.15103,1.161447,1.15103,1.153634
421335000,1.15103,1.15103,1.138009,1.140614
421421400,1.140614,1.148426,1.138009,1.145822
421507800,1.143218,1.143218,1.122385,1.132801
421594200,1.132801,1.138009,1.114572,1.124989
421680600,1.124989,1.130197,1.104156,1.10676
421939800,1.101551,1.101551,1.088531,1.098947
422026200,1.098947,1.10676,1.098947,1.101551
422112600,1.101551,1.109364,1.098947,1.098947
422199000,1.098947,1.104156,1.078114,1.080718
422285400,1.080718,1.101551,1.078114,1.091135
422544600,1.088531,1.088531,1.072906,1.085927
422631000,1.085927,1.093739,1.078114,1.083323
422717400,1.088531,1.101551,1.088531,1.093739
422803800,1.091135,1.091135,1.062489,1.065094
422890200,1.065094,1.072906,1.057281,1.070302
423235800,1.070302,1.085927,1.062489,1.080718
423322200,1.080718,1.091135,1.078114,1.091135
423408600,1.093739,1.130197,1.093739,1.130197
423495000,1.130197,1.145822,1.124989,1.145822
423754200,1.145822,1.145822,1.135405,1.138009
423840600,1.135405,1.135405,1.085927,1.085927
423927000,1.085927,1.104156,1.080718,1.083323
424013400,1.080718,1.080718,1.054677,1.062489
424099800,1.062489,1.070302,1.049469,1.049469
424359000,1.049469,1.062489,1.03124,1.049469
424445400,1.052073,1.062489,1.052073,1.052073
424531800,1.052073,1.059885,1.04426,1.059885
424618200,1.065094,1.093739,1.065094,1.088531
424704600,1.088531,1.101551,1.083323,1.088531
424963800,1.088531,1.098947,1.072906,1.078114
425050200,1.078114,1.078114,1.036448,1.078114
425136600,1.078114,1.083323,1.04426,1.04426
425223000,1.04426,1.057281,1.041656,1.049469
425309400,1.049469,1.057281,1.046865,1.046865
425568600,1.046865,1.052073,1.028636,1.039052
425655000,1.039052,1.052073,1.028636,1.028636
425741400,1.033844,1.057281,1.033844,1.049469
425827800,1.049469,1.057281,1.039052,1.039052
425914200,1.039052,1.049469,1.039052,1.041656
426259800,1.039052,1.039052,1.023427,1.028636
426346200,1.028636,1.041656,0.994782,1.007802
426432600,1.007802,1.023427,1.002594,1.007802
426519000,1.007802,1.026031,1.002594,1.007802
426778200,1.007802,1.018219,0.997386,1.018219
426864600,1.018219,1.026031,1.010407,1.013011
426951000,1.013011,1.015615,1.005198,1.015615
427037400,1.015615,1.028636,1.005198,1.010407
427123800,1.010407,1.015615,0.989573,0.992178
427383000,0.992178,1.005198,0.992178,0.99999
427469400,0.99999,1.013011,0.99999,1.005198
427555800,1.015615,1.039052,1.015615,1.036448
427642200,1.036448,1.041656,1.03124,1.041656
427728600,1.041656,1.041656,1.03124,1.041656
427987800,1.041656,1.041656,1.03124,1.036448
428074200,1.036448,1.041656,1.028636,1.03124
428160600,1.018219,1.018219,1.007802,1.015615
428247000,1.015615,1.020823,0.992178,0.992178
428333400,0.992178,0.992178,0.950511,0.963532
428592600,0.963532,0.96874,0.95572,0.966136
428679000,0.973949,1.020823,0.973949,1.018219
428765400,1.018219,1.049469,1.015615,1.039052
428851800,1.039052,1.041656,1.002594,1.039052
428938200,1.039052,1.041656,1.026031,1.041656
429197400,1.026031,1.026031,1.010407,1.010407
429283800,1.010407,1.020823,1.005198,1.013011
429370200,1.013011,1.020823,1.002594,1.020823
429456600,1.020823,1.023427,1.013011,1.015615
429543000,1.015615,1.028636,1.010407,1.020823
429802200,1.03124,1.054677,1.03124,1.041656
429888600,1.041656,1.062489,1.033844,1.059885
429975000,1.059885,1.080718,1.059885,1.080718
430061400,1.080718,1.080718,1.057281,1.059885
430147800,1.059885,1.067698,1.052073,1.067698
430407000,1.067698,1.078114,1.062489,1.065094
430493400,1.065094,1.067698,1.054677,1.054677
430579800,1.057281,1.067698,1.057281,1.062489
430666200,1.062489,1.070302,1.054677,1.067698
430752600,1.065094,1.065094,1.057281,1.062489
431011800,1.062489,1.062489,1.052073,1.062489
431098200,1.062489,1.062489,1.057281,1.059885
431184600,1.059885,1.072906,1.057281,1.072906
431271000,1.072906,1.072906,1.062489,1.067698
431357400,1.072906,1.07551,1.072906,1.072906
431703000,1.07551,1.085927,1.07551,1.080718
431789400,1.080718,1.083323,1.07551,1.083323
431875800,1.028636,1.028636,0.99999,1.010407
431962200,1.010407,1.020823,1.005198,1.018219
432221400,1.018219,1.028636,1.002594,1.005198
432307800,1.005198,1.007802,0.99999,1.002594
432394200,1.002594,1.013011,0.99999,1.005198
432480600,1.005198,1.007802,0.989573,0.989573
432567000,0.989573,1.005198,0.986969,1.005198
432826200,1.005198,1.010407,0.997386,1.005198
432912600,1.005198,1.018219,1.005198,1.010407
432999000,1.010407,1.046865,1.010407,1.039052
433085400,1.054677,1.101551,1.054677,1.096343
433171800,1.096343,1.114572,1.080718,1.109364
433431000,1.109364,1.117176,1.091135,1.096343
433517400,1.093739,1.093739,1.083323,1.091135
433603800,1.091135,1.093739,1.083323,1.088531
433690200,1.088531,1.093739,1.072906,1.072906
433776600,1.070302,1.070302,1.052073,1.059885
434035800,1.059885,1.078114,1.057281,1.07551
434122200,1.080718,1.101551,1.080718,1.093739
434208600,1.096343,1.132801,1.096343,1.130197
434295000,1.130197,1.166655,1.11978,1.164051
434381400,1.158843,1.158843,1.135405,1.15103
434640600,1.15103,1.15103,1.135405,1.15103
434727000,1.148426,1.148426,1.138009,1.145822
434813400,1.145822,1.145822,1.135405,1.138009
434899800,1.138009,1.143218,1.114572,1.11978
434986200,1.11978,1.130197,1.114572,1.130197
435245400,1.130197,1.132801,1.11978,1.124989
435331800,1.122385,1.122385,1.104156,1.109364
435418200,1.104156,1.104156,1.083323,1.101551
435504600,1.101551,1.109364,1.096343,1.10676
435591000,1.10676,1.114572,1.098947,1.114572
435850200,1.114572,1.117176,1.093739,1.117176
435936600,1.117176,1.117176,1.109364,1.111968
436023000,1.111968,1.117176,1.109364,1.111968
436109400,1.111968,1.111968,1.104156,1.10676
436195800,1.10676,1.109364,1.088531,1.093739
436458600,1.093739,1.093739,1.083323,1.085927
436545000,1.085927,1.096343,1.083323,1.096343
436631400,1.096343,1.104156,1.093739,1.101551
436717800,1.101551,1.117176,1.098947,1.104156
436804200,1.104156,1.111968,1.104156,1.109364
437063400,1.109364,1.109364,1.093739,1.093739
437149800,1.096343,1.117176,1.096343,1.114572
437236200,1.114572,1.161447,1.111968,1.161447
437322600,1.161447,1.161447,1.15103,1.156238
437409000,1.158843,1.184884,1.158843,1.184884
437668200,1.184884,1.187488,1.161447,1.161447
437754600,1.161447,1.171863,1.156238,1.158843
437841000,1.158843,1.174467,1.148426,1.156238
437927400,1.153634,1.153634,1.143218,1.148426
438013800,1.148426,1.153634,1.143218,1.143218
438273000,1.143218,1.15103,1.143218,1.148426
438359400,1.148426,1.153634,1.143218,1.15103
438445800,1.15103,1.153634,1.143218,1.15103
438618600,1.135405,1.135405,1.127593,1.130197
438877800,1.130197,1.132801,1.111968,1.114572
438964200,1.117176,1.140614,1.117176,1.135405
439050600,1.140614,1.161447,1.140614,1.15103
439137000,1.153634,1.169259,1.153634,1.161447
439223400,1.161447,1.18228,1.158843,1.177072
439482600,1.177072,1.18228,1.166655,1.171863
439569000,1.169259,1.169259,1.158843,1.166655
439655400,1.166655,1.171863,1.156238,1.169259
439741800,1.169259,1.174467,1.166655,1.169259
439828200,1.169259,1.18228,1.169259,1.18228
440087400,1.18228,1.195301,1.179676,1.195301
440173800,1.195301,1.197905,1.184884,1.187488
440260200,1.187488,1.187488,1.177072,1.177072
440346600,1.177072,1.177072,1.156238,1.156238
440433000,1.153634,1.153634,1.135405,1.135405
440692200,1.135405,1.145822,1.114572,1.114572
440778600,1.114572,1.140614,1.114572,1.130197
440865000,1.130197,1.143218,1.127593,1.135405
440951400,1.135405,1.145822,1.135405,1.135405
441037800,1.135405,1.153634,1.130197,1.15103
441383400,1.15103,1.153634,1.140614,1.140614
441469800,1.140614,1.148426,1.135405,1.135405
441556200,1.135405,1.143218,1.124989,1.124989
441642600,1.124989,1.124989,1.109364,1.114572
441988200,1.111968,1.111968,1.104156,1.109364
442074600,1.109364,1.145822,1.104156,1.143218
442161000,1.145822,1.158843,1.145822,1.15103
442247400,1.145822,1.145822,1.135405,1.138009
442506600,1.124989,1.124989,1.114572,1.122385
442593000,1.122385,1.124989,1.10676,1.114572
442679400,1.114572,1.117176,1.10676,1.111968
442765800,1.111968,1.114572,1.052073,1.065094
442852200,1.065094,1.080718,1.065094,1.072906
443111400,1.072906,1.080718,1.067698,1.070302
443197800,1.070302,1.098947,1.070302,1.093739
443284200,1.093739,1.096343,1.07551,1.080718
443370600,1.080718,1.096343,1.080718,1.088531
443457000,1.088531,1.091135,1.080718,1.083323
443716200,1.083323,1.083323,1.067698,1.072906
443802600,1.072906,1.088531,1.067698,1.072906
443889000,1.072906,1.088531,1.062489,1.065094
443975400,1.067698,1.085927,1.067698,1.080718
444061800,1.080718,1.080718,1.070302,1.07551
444321000,1.07551,1.078114,1.057281,1.059885
444407400,1.059885,1.062489,1.052073,1.057281
444493800,1.057281,1.057281,1.041656,1.04426
444580200,1.04426,1.04426,1.036448,1.041656
444666600,1.041656,1.067698,1.041656,1.062489
444925800,1.062489,1.062489,1.041656,1.046865
445012200,1.046865,1.059885,1.039052,1.059885
445098600,1.059885,1.070302,1.052073,1.052073
445185000,1.046865,1.046865,1.020823,1.03124
445271400,1.03124,1.046865,1.026031,1.041656
445530600,1.041656,1.046865,1.036448,1.04426
445617000,1.04426,1.054677,1.041656,1.046865
445703400,1.046865,1.052073,1.041656,1.041656
445789800,1.041656,1.059885,1.039052,1.046865
445876200,1.046865,1.049469,1.041656,1.041656
446221800,1.041656,1.049469,1.039052,1.041656
446308200,1.041656,1.04426,1.03124,1.036448
446394600,1.036448,1.057281,1.036448,1.054677
446481000,1.054677,1.093739,1.054677,1.093739
446740200,1.091135,1.091135,1.07551,1.085927
446826600,1.085927,1.088531,1.070302,1.072906
446913000,1.072906,1.085927,1.072906,1.080718
446999400,1.080718,1.104156,1.078114,1.101551
447085800,1.104156,1.122385,1.104156,1.117176
447345000,1.117176,1.161447,1.114572,1.11978
447431400,1.11978,1.132801,1.117176,1.117176
447517800,1.114572,1.114572,1.101551,1.104156
447604200,1.104156,1.10676,1.098947,1.098947
447690600,1.085927,1.085927,1.078114,1.083323
447949800,1.085927,1.104156,1.085927,1.101551
448036200,1.10676,1.114572,1.10676,1.111968
448122600,1.111968,1.11978,1.10676,1.114572
448209000,1.117176,1.122385,1.117176,1.122385
448295400,1.135405,1.145822,1.135405,1.140614
448554600,1.138009,1.138009,1.130197,1.138009
448641000,1.138009,1.15103,1.135405,1.148426
448727400,1.148426,1.15103,1.140614,1.143218
448813800,1.143218,1.143218,1.135405,1.138009
448900200,1.138009,1.140614,1.130197,1.132801
449159400,1.132801,1.143218,1.132801,1.135405
449245800,1.138009,1.140614,1.138009,1.140614
449332200,1.143218,1.153634,1.143218,1.148426
449418600,1.148426,1.15103,1.140614,1.143218
449505000,1.143218,1.148426,1.140614,1.143218
449764200,1.143218,1.15103,1.140614,1.143218
449850600,1.143218,1.148426,1.138009,1.145822
449937000,1.145822,1.15103,1.143218,1.145822
450023400,1.145822,1.15103,1.124989,1.124989
450109800,1.124989,1.135405,1.114572,1.135405
450369000,1.135405,1.135405,1.124989,1.124989
450455400,1.124989,1.127593,1.111968,1.114572
450541800,1.114572,1.117176,1.10676,1.117176
450628200,1.117176,1.143218,1.10676,1.138009
450714600,1.138009,1.15103,1.138009,1.140614
450973800,1.140614,1.148426,1.135405,1.145822
451060200,1.145822,1.15103,1.145822,1.145822
451146600,1.140614,1.140614,1.11978,1.124989
451233000,1.124989,1.140614,1.111968,1.140614
451578600,1.138009,1.138009,1.11978,1.11978
451665000,1.11978,1.140614,1.117176,1.127593
451751400,1.127593,1.138009,1.127593,1.130197
451837800,1.130197,1.143218,1.130197,1.140614
451924200,1.140614,1.143218,1.132801,1.135405
452179800,1.135405,1.143218,1.135405,1.143218
452266200,1.145822,1.187488,1.145822,1.18228
452352600,1.18228,1.18228,1.169259,1.177072
452439000,1.177072,1.177072,1.166655,1.177072
452525400,1.177072,1.179676,1.171863,1.174467
452784600,1.174467,1.184884,1.171863,1.179676
452871000,1.179676,1.205717,1.179676,1.203113
452957400,1.203113,1.203113,1.18228,1.192696
453043800,1.187488,1.187488,1.166655,1.174467
453130200,1.169259,1.169259,1.158843,1.161447
453389400,1.161447,1.164051,1.156238,1.158843
453475800,1.161447,1.171863,1.161447,1.169259
453562200,1.169259,1.18228,1.166655,1.179676
453648600,1.179676,1.18228,1.171863,1.177072
453735000,1.177072,1.179676,1.169259,1.171863
453994200,1.171863,1.177072,1.164051,1.164051
454080600,1.164051,1.164051,1.148426,1.158843
454167000,1.158843,1.164051,1.153634,1.161447
454253400,1.161447,1.164051,1.145822,1.145822
454339800,1.145822,1.156238,1.145822,1.15103
454685400,1.15103,1.15103,1.127593,1.132801
454771800,1.132801,1.138009,1.114572,1.138009
454858200,1.138009,1.145822,1.132801,1.145822
454944600,1.148426,1.166655,1.148426,1.161447
455203800,1.161447,1.169259,1.15103,1.153634
455290200,1.153634,1.161447,1.140614,1.156238
455376600,1.156238,1.184884,1.15103,1.179676
455463000,1.179676,1.192696,1.177072,1.187488
455549400,1.187488,1.192696,1.18228,1.184884
455808600,1.171863,1.171863,1.153634,1.156238
455895000,1.156238,1.174467,1.156238,1.166655
455981400,1.166655,1.192696,1.166655,1.184884
456067800,1.184884,1.187488,1.177072,1.18228
456154200,1.18228,1.187488,1.179676,1.18228
456413400,1.18228,1.203113,1.18228,1.200509
456499800,1.200509,1.21353,1.200509,1.210925
456586200,1.210925,1.247383,1.197905,1.22655
456672600,1.22655,1.247383,1.218738,1.234363
456759000,1.234363,1.244779,1.231759,1.242175
457018200,1.242175,1.244779,1.231759,1.234363
457104600,1.223946,1.223946,1.197905,1.203113
457191000,1.203113,1.208321,1.177072,1.184884
457277400,1.190092,1.21353,1.190092,1.203113
457363800,1.203113,1.208321,1.197905,1.200509
457623000,1.197905,1.197905,1.187488,1.192696
457709400,1.192696,1.200509,1.192696,1.200509
457882200,1.200509,1.205717,1.197905,1.200509
457968600,1.200509,1.203113,1.187488,1.197905
458227800,1.197905,1.223946,1.197905,1.216134
458314200,1.216134,1.22655,1.21353,1.223946
458400600,1.223946,1.223946,1.203113,1.208321
458487000,1.208321,1.216134,1.195301,1.205717
458573400,1.205717,1.221342,1.205717,1.221342
458832600,1.221342,1.242175,1.218738,1.242175
458919000,1.242175,1.255196,1.234363,1.236967
459005400,1.236967,1.236967,1.218738,1.223946
459091800,1.223946,1.229154,1.221342,1.223946
459178200,1.223946,1.223946,1.203113,1.21353
459437400,1.210925,1.210925,1.192696,1.203113
459523800,1.203113,1.210925,1.200509,1.203113
459610200,1.203113,1.216134,1.192696,1.210925
459696600,1.210925,1.22655,1.203113,1.221342
459783000,1.221342,1.265612,1.210925,1.255196
460042200,1.252592,1.252592,1.231759,1.231759
460128600,1.231759,1.242175,1.223946,1.239571
460215000,1.242175,1.260404,1.242175,1.252592
460301400,1.252592,1.270821,1.252592,1.268216
460387800,1.268216,1.309883,1.268216,1.309883
460647000,1.309883,1.328112,1.304674,1.320299
460733400,1.320299,1.341132,1.307279,1.322903
460819800,1.322903,1.33332,1.30207,1.30207
460906200,1.30207,1.322903,1.296862,1.317695
460992600,1.317695,1.33332,1.291654,1.296862
461251800,1.294258,1.294258,1.281237,1.286445
461338200,1.286445,1.291654,1.265612,1.265612
461424600,1.265612,1.286445,1.260404,1.265612
461511000,1.265612,1.278633,1.265612,1.268216
461597400,1.268216,1.276029,1.263008,1.268216
461856600,1.268216,1.268216,1.249988,1.265612
461943000,1.265612,1.30207,1.265612,1.294258
462029400,1.294258,1.296862,1.273425,1.276029
462115800,1.276029,1.278633,1.268216,1.268216
462202200,1.268216,1.270821,1.263008,1.270821
462461400,1.270821,1.273425,1.260404,1.270821
462547800,1.270821,1.281237,1.268216,1.278633
462634200,1.278633,1.286445,1.273425,1.281237
462720600,1.281237,1.286445,1.273425,1.283841
462807000,1.283841,1.291654,1.278633,1.28905
463152600,1.28905,1.28905,1.278633,1.283841
463239000,1.281237,1.281237,1.270821,1.278633
463325400,1.283841,1.307279,1.283841,1.299466
463411800,1.299466,1.304674,1.283841,1.286445
463671000,1.265612,1.265612,1.255196,1.260404
463757400,1.260404,1.278633,1.255196,1.2578
463843800,1.2578,1.268216,1.255196,1.265612
463930200,1.268216,1.30207,1.268216,1.296862
464016600,1.296862,1.307279,1.294258,1.304674
464275800,1.304674,1.315091,1.296862,1.309883
464362200,1.309883,1.315091,1.299466,1.304674
464448600,1.304674,1.304674,1.28905,1.28905
464535000,1.28905,1.294258,1.278633,1.283841
464621400,1.283841,1.299466,1.270821,1.270821
464880600,1.270821,1.286445,1.270821,1.281237
464967000,1.281237,1.296862,1.278633,1.294258
465053400,1.294258,1.317695,1.28905,1.304674
465139800,1.307279,1.317695,1.307279,1.309883
465226200,1.309883,1.309883,1.296862,1.304674
465485400,1.304674,1.312487,1.291654,1.307279
465571800,1.307279,1.317695,1.291654,1.296862
465658200,1.296862,1.304674,1.28905,1.294258
465744600,1.294258,1.296862,1.286445,1.291654
465831000,1.291654,1.299466,1.291654,1.291654
466090200,1.28905,1.28905,1.281237,1.281237
466176600,1.281237,1.283841,1.260404,1.260404
466263000,1.260404,1.270821,1.249988,1.270821
466349400,1.270821,1.278633,1.263008,1.265612
466435800,1.265612,1.281237,1.260404,1.273425
466695000,1.278633,1.307279,1.278633,1.30207
466781400,1.30207,1.317695,1.294258,1.317695
466867800,1.317695,1.325508,1.307279,1.312487
466954200,1.312487,1.354153,1.307279,1.348945
467040600,1.348945,1.359361,1.330716,1.343737
467299800,1.343737,1.354153,1.338528,1.346341
467386200,1.346341,1.354153,1.343737,1.348945
467472600,1.348945,1.354153,1.343737,1.348945
467559000,1.351549,1.372382,1.351549,1.361966
467645400,1.361966,1.361966,1.348945,1.351549
467908200,1.354153,1.36457,1.354153,1.361966
467994600,1.361966,1.374986,1.359361,1.369778
468081000,1.369778,1.372382,1.351549,1.354153
468167400,1.356757,1.374986,1.356757,1.369778
468253800,1.369778,1.372382,1.36457,1.36457
468513000,1.356757,1.356757,1.343737,1.354153
468599400,1.354153,1.367174,1.351549,1.359361
468685800,1.356757,1.356757,1.338528,1.346341
468772200,1.346341,1.346341,1.338528,1.343737
468858600,1.343737,1.348945,1.335924,1.335924
469117800,1.335924,1.338528,1.328112,1.335924
469204200,1.335924,1.335924,1.322903,1.322903
469290600,1.322903,1.33332,1.322903,1.325508
469377000,1.325508,1.328112,1.317695,1.320299
469463400,1.320299,1.320299,1.30207,1.30207
469722600,1.30207,1.307279,1.299466,1.30207
469809000,1.307279,1.325508,1.307279,1.322903
469895400,1.322903,1.325508,1.317695,1.320299
470068200,1.325508,1.33332,1.325508,1.330716
470327400,1.330716,1.33332,1.325508,1.328112
470413800,1.315091,1.315091,1.304674,1.312487
470500200,1.312487,1.317695,1.299466,1.30207
470586600,1.30207,1.30207,1.28905,1.294258
470673000,1.294258,1.294258,1.283841,1.28905
470932200,1.28905,1.296862,1.278633,1.283841
471018600,1.286445,1.299466,1.286445,1.291654
471105000,1.291654,1.296862,1.273425,1.278633
471191400,1.278633,1.278633,1.270821,1.276029
471277800,1.276029,1.278633,1.244779,1.255196
471537000,1.255196,1.270821,1.247383,1.268216
471623400,1.268216,1.276029,1.263008,1.268216
471709800,1.268216,1.270821,1.263008,1.268216
471796200,1.268216,1.278633,1.265612,1.270821
471882600,1.270821,1.294258,1.270821,1.291654
472141800,1.291654,1.307279,1.286445,1.30207
472228200,1.309883,1.330716,1.309883,1.330716
472314600,1.330716,1.343737,1.320299,1.322903
472401000,1.322903,1.328112,1.315091,1.320299
472487400,1.312487,1.312487,1.283841,1.296862
472746600,1.296862,1.307279,1.296862,1.30207
472919400,1.299466,1.299466,1.28905,1.291654
473005800,1.291654,1.291654,1.283841,1.28905
473092200,1.28905,1.30207,1.286445,1.299466
473351400,1.299466,1.307279,1.296862,1.299466
473524200,1.294258,1.294258,1.283841,1.28905
473610600,1.291654,1.322903,1.291654,1.30207
473697000,1.30207,1.30207,1.291654,1.299466
473956200,1.30207,1.317695,1.30207,1.307279
474042600,1.307279,1.315091,1.304674,1.309883
474129000,1.322903,1.335924,1.322903,1.328112
474215400,1.328112,1.343737,1.322903,1.341132
474301800,1.341132,1.341132,1.330716,1.335924
474561000,1.335924,1.338528,1.325508,1.33332
474647400,1.33332,1.338528,1.325508,1.328112
474733800,1.328112,1.328112,1.30207,1.315091
474820200,1.315091,1.315091,1.28905,1.28905
474906600,1.291654,1.307279,1.291654,1.299466
475165800,1.299466,1.325508,1.294258,1.317695
475252200,1.317695,1.330716,1.309883,1.315091
475338600,1.315091,1.322903,1.307279,1.320299
475425000,1.320299,1.325508,1.30207,1.307279
475511400,1.307279,1.309883,1.296862,1.30207
475770600,1.30207,1.307279,1.281237,1.28905
475857000,1.278633,1.278633,1.255196,1.276029
475943400,1.276029,1.278633,1.255196,1.2578
476029800,1.2578,1.2578,1.244779,1.249988
476116200,1.249988,1.249988,1.239571,1.244779
476375400,1.244779,1.268216,1.239571,1.268216
476461800,1.268216,1.281237,1.268216,1.276029
476548200,1.276029,1.283841,1.270821,1.273425
476634600,1.273425,1.286445,1.273425,1.281237
476721000,1.281237,1.28905,1.281237,1.28905
476980200,1.28905,1.28905,1.270821,1.278633
477066600,1.278633,1.278633,1.265612,1.268216
477153000,1.268216,1.281237,1.252592,1.270821
477239400,1.276029,1.28905,1.276029,1.281237
477325800,1.281237,1.294258,1.281237,1.283841
477671400,1.283841,1.294258,1.276029,1.291654
477757800,1.291654,1.299466,1.276029,1.286445
477844200,1.286445,1.299466,1.281237,1.294258
477930600,1.294258,1.30207,1.28905,1.294258
478189800,1.296862,1.312487,1.296862,1.304674
478276200,1.304674,1.320299,1.304674,1.317695
478362600,1.317695,1.322903,1.312487,1.315091
478449000,1.315091,1.322903,1.315091,1.322903
478535400,1.322903,1.359361,1.322903,1.356757
478794600,1.356757,1.37759,1.356757,1.374986
478881000,1.374986,1.374986,1.354153,1.369778
478967400,1.369778,1.372382,1.359361,1.36457
479053800,1.36457,1.372382,1.354153,1.369778
479140200,1.369778,1.388007,1.369778,1.37759
479399400,1.369778,1.369778,1.351549,1.369778
479485800,1.359361,1.359361,1.351549,1.354153
479572200,1.354153,1.361966,1.346341,1.346341
479658600,1.346341,1.36457,1.341132,1.343737
479745000,1.343737,1.356757,1.322903,1.322903
480004200,1.322903,1.33332,1.322903,1.322903
480090600,1.325508,1.369778,1.325508,1.361966
480177000,1.361966,1.395819,1.361966,1.382799
480263400,1.382799,1.398424,1.380195,1.393215
480349800,1.393215,1.403632,1.382799,1.390611
480609000,1.390611,1.395819,1.382799,1.393215
480695400,1.393215,1.416653,1.390611,1.411444
480781800,1.416653,1.442694,1.416653,1.437486
480868200,1.437486,1.45311,1.437486,1.445298
480954600,1.445298,1.463527,1.445298,1.458319
481213800,1.458319,1.463527,1.45311,1.458319
481300200,1.458319,1.458319,1.442694,1.445298
481386600,1.445298,1.445298,1.421861,1.432277
481473000,1.432277,1.432277,1.419257,1.429673
481818600,1.429673,1.437486,1.411444,1.414048
481905000,1.416653,1.437486,1.416653,1.432277
481991400,1.432277,1.442694,1.432277,1.434881
482077800,1.434881,1.442694,1.429673,1.432277
482164200,1.432277,1.437486,1.427069,1.434881
482423400,1.434881,1.447902,1.432277,1.44009
482509800,1.44009,1.45311,1.432277,1.45311
482596200,1.45311,1.455715,1.450506,1.455715
482682600,1.455715,1.476548,1.455715,1.458319
482769000,1.458319,1.489568,1.450506,1.489568
483028200,1.489568,1.505193,1.486964,1.492173
483114600,1.479152,1.479152,1.458319,1.458319
483201000,1.445298,1.445298,1.414048,1.437486
483287400,1.437486,1.445298,1.40884,1.416653
483373800,1.421861,1.442694,1.421861,1.432277
483629400,1.432277,1.432277,1.421861,1.421861
483715800,1.421861,1.429673,1.416653,1.427069
483802200,1.427069,1.432277,1.398424,1.398424
483888600,1.398424,1.398424,1.382799,1.388007
483975000,1.388007,1.406236,1.37759,1.380195
484234200,1.380195,1.385403,1.37759,1.382799
484320600,1.390611,1.424465,1.390611,1.421861
484407000,1.421861,1.421861,1.401028,1.401028
484493400,1.401028,1.40884,1.401028,1.403632
484579800,1.403632,1.40884,1.380195,1.388007
484839000,1.388007,1.401028,1.385403,1.390611
484925400,1.390611,1.401028,1.390611,1.395819
485011800,1.406236,1.432277,1.406236,1.419257
485098200,1.419257,1.429673,1.419257,1.424465
485184600,1.424465,1.458319,1.424465,1.445298
485443800,1.445298,1.466131,1.442694,1.445298
485530200,1.445298,1.445298,1.421861,1.424465
485616600,1.416653,1.416653,1.406236,1.414048
485703000,1.414048,1.414048,1.398424,1.403632
485789400,1.403632,1.406236,1.398424,1.406236
486135000,1.406236,1.40884,1.374986,1.385403
486221400,1.385403,1.390611,1.380195,1.390611
486307800,1.390611,1.393215,1.382799,1.390611
486394200,1.390611,1.416653,1.390611,1.414048
486653400,1.414048,1.432277,1.411444,1.421861
486739800,1.437486,1.466131,1.437486,1.463527
486826200,1.479152,1.502589,1.479152,1.492173
486912600,1.489568,1.489568,1.468735,1.473944
486999000,1.473944,1.479152,1.45311,1.458319
487258200,1.445298,1.445298,1.427069,1.432277
487344600,1.432277,1.447902,1.385403,1.447902
487431000,1.44009,1.44009,1.427069,1.44009
487517400,1.44009,1.445298,1.432277,1.437486
487603800,1.437486,1.437486,1.432277,1.437486
487863000,1.437486,1.437486,1.429673,1.434881
487949400,1.434881,1.445298,1.434881,1.442694
488035800,1.44009,1.44009,1.424465,1.432277
488122200,1.432277,1.437486,1.419257,1.429673
488208600,1.429673,1.45311,1.429673,1.45311
488467800,1.447902,1.447902,1.434881,1.445298
488554200,1.445298,1.463527,1.445298,1.450506
488640600,1.450506,1.455715,1.445298,1.455715
488727000,1.455715,1.460923,1.447902,1.447902
488813400,1.447902,1.447902,1.442694,1.445298
489072600,1.445298,1.445298,1.421861,1.424465
489159000,1.424465,1.427069,1.421861,1.424465
489245400,1.421861,1.421861,1.403632,1.403632
489418200,1.403632,1.406236,1.401028,1.403632
489677400,1.403632,1.421861,1.401028,1.421861
489763800,1.434881,1.468735,1.434881,1.458319
489850200,1.468735,1.51561,1.468735,1.507797
489936600,1.510402,1.55988,1.510402,1.557276
490023000,1.541651,1.541651,1.523422,1.536443
490282200,1.536443,1.536443,1.510402,1.510402
490368600,1.510402,1.536443,1.510402,1.536443
490455000,1.536443,1.557276,1.536443,1.541651
490541400,1.541651,1.541651,1.523422,1.536443
490627800,1.536443,1.552068,1.536443,1.552068
490887000,1.54686,1.54686,1.523422,1.531235
490973400,1.531235,1.533839,1.494777,1.505193
491059800,1.497381,1.497381,1.479152,1.494777
491146200,1.494777,1.513006,1.489568,1.492173
491232600,1.492173,1.497381,1.481756,1.492173
491491800,1.486964,1.486964,1.468735,1.471339
491578200,1.473944,1.486964,1.473944,1.48436
491664600,1.489568,1.51561,1.489568,1.505193
491751000,1.507797,1.541651,1.507797,1.536443
491837400,1.533839,1.533839,1.51561,1.51561
492096600,1.510402,1.510402,1.492173,1.494777
492183000,1.494777,1.494777,1.476548,1.481756
492269400,1.481756,1.486964,1.479152,1.48436
492355800,1.48436,1.492173,1.479152,1.489568
492442200,1.489568,1.494777,1.48436,1.486964
492701400,1.486964,1.497381,1.486964,1.494777
492787800,1.494777,1.497381,1.48436,1.492173
492874200,1.494777,1.505193,1.494777,1.497381
492960600,1.497381,1.499985,1.481756,1.492173
493047000,1.492173,1.497381,1.486964,1.494777
493306200,1.494777,1.507797,1.494777,1.502589
493392600,1.502589,1.502589,1.494777,1.499985
493479000,1.499985,1.505193,1.494777,1.505193
493565400,1.502589,1.502589,1.48436,1.48436
493651800,1.48436,1.489568,1.481756,1.48436
493911000,1.48436,1.48436,1.473944,1.479152
493997400,1.479152,1.486964,1.479152,1.481756
494083800,1.481756,1.499985,1.479152,1.499985
494170200,1.499985,1.505193,1.494777,1.502589
494256600,1.502589,1.502589,1.486964,1.492173
494602200,1.492173,1.499985,1.489568,1.497381
494688600,1.497381,1.505193,1.494777,1.499985
494775000,1.499985,1.499985,1.48436,1.492173
494861400,1.492173,1.494777,1.460923,1.463527
495120600,1.463527,1.476548,1.427069,1.437486
495207000,1.437486,1.44009,1.403632,1.416653
495293400,1.416653,1.427069,1.414048,1.416653
495379800,1.416653,1.427069,1.416653,1.421861
495466200,1.421861,1.427069,1.416653,1.424465
495725400,1.424465,1.427069,1.421861,1.424465
495811800,1.424465,1.432277,1.421861,1.424465
495898200,1.424465,1.429673,1.421861,1.424465
495984600,1.424465,1.429673,1.421861,1.427069
496071000,1.427069,1.427069,1.411444,1.411444
496330200,1.429673,1.450506,1.429673,1.450506
496416600,1.45311,1.466131,1.45311,1.455715
496503000,1.455715,1.463527,1.455715,1.460923
496589400,1.460923,1.471339,1.458319,1.463527
496935000,1.455715,1.455715,1.445298,1.45311
497021400,1.45311,1.460923,1.450506,1.458319
497107800,1.458319,1.460923,1.450506,1.450506
497194200,1.450506,1.468735,1.450506,1.45311
497280600,1.45311,1.458319,1.447902,1.447902
497539800,1.450506,1.463527,1.450506,1.458319
497626200,1.458319,1.460923,1.44009,1.447902
497712600,1.447902,1.455715,1.44009,1.450506
497799000,1.450506,1.458319,1.445298,1.455715
497885400,1.455715,1.471339,1.45311,1.463527
498144600,1.463527,1.476548,1.458319,1.476548
498231000,1.476548,1.486964,1.471339,1.479152
498317400,1.479152,1.486964,1.473944,1.481756
498403800,1.481756,1.48436,1.473944,1.48436
498490200,1.48436,1.486964,1.476548,1.479152
498749400,1.479152,1.479152,1.471339,1.473944
498835800,1.473944,1.486964,1.473944,1.481756
498922200,1.481756,1.486964,1.479152,1.48436
499008600,1.48436,1.499985,1.48436,1.48436
499095000,1.48436,1.492173,1.481756,1.48436
499357800,1.48436,1.486964,1.479152,1.486964
499444200,1.486964,1.502589,1.48436,1.502589
499530600,1.502589,1.510402,1.502589,1.505193
499617000,1.502589,1.502589,1.489568,1.492173
499703400,1.492173,1.518214,1.489568,1.513006
499962600,1.513006,1.518214,1.510402,1.518214
500049000,1.518214,1.557276,1.518214,1.552068
500135400,1.552068,1.562484,1.544255,1.557276
500221800,1.557276,1.570297,1.552068,1.557276
500308200,1.557276,1.572901,1.552068,1.567693
500567400,1.567693,1.59113,1.565089,1.59113
500653800,1.59113,1.609359,1.585922,1.606755
500740200,1.606755,1.614567,1.596338,1.611963
500826600,1.611963,1.653629,1.609359,1.648421
500913000,1.648421,1.677067,1.643213,1.651025
501172200,1.651025,1.664046,1.648421,1.661442
501258600,1.661442,1.669254,1.653629,1.661442
501345000,1.661442,1.661442,1.653629,1.658838
501431400,1.661442,1.692691,1.661442,1.692691
501517800,1.692691,1.718733,1.682275,1.71092
501777000,1.705712,1.705712,1.692691,1.695296
501863400,1.695296,1.723941,1.695296,1.723941
501949800,1.723941,1.765607,1.718733,1.752587
502122600,1.752587,1.755191,1.731754,1.734358
502381800,1.731754,1.731754,1.708316,1.708316
502468200,1.708316,1.744774,1.708316,1.716129
502554600,1.716129,1.747378,1.713525,1.74217
502641000,1.744774,1.770816,1.744774,1.755191
502727400,1.749983,1.749983,1.734358,1.74217
502986600,1.74217,1.770816,1.736962,1.763003
503073000,1.763003,1.78644,1.763003,1.778628
503159400,1.778628,1.804669,1.778628,1.796857
503245800,1.796857,1.799461,1.739566,1.765607
503332200,1.776024,1.807274,1.776024,1.796857
503591400,1.796857,1.838523,1.776024,1.833315
503677800,1.833315,1.835919,1.815086,1.820294
503764200,1.820294,1.838523,1.796857,1.804669
503850600,1.804669,1.81769,1.781232,1.783836
503937000,1.783836,1.799461,1.765607,1.765607
504196200,1.765607,1.765607,1.74217,1.752587
504282600,1.752587,1.752587,1.734358,1.739566
504455400,1.739566,1.752587,1.739566,1.74217
504541800,1.749983,1.763003,1.749983,1.760399
504801000,1.760399,1.776024,1.749983,1.770816
504887400,1.770816,1.781232,1.760399,1.760399
505060200,1.760399,1.770816,1.726545,1.734358
505146600,1.734358,1.749983,1.729149,1.739566
505405800,1.739566,1.749983,1.731754,1.739566
505492200,1.739566,1.768211,1.739566,1.768211
505578600,1.768211,1.770816,1.713525,1.713525
505665000,1.713525,1.713525,1.677067,1.6979
505751400,1.6979,1.705712,1.684879,1.695296
506010600,1.692691,1.692691,1.658838,1.669254
506097000,1.669254,1.671858,1.648421,1.664046
506183400,1.664046,1.671858,1.658838,1.66665
506269800,1.66665,1.66665,1.632796,1.66665
506356200,1.66665,1.682275,1.658838,1.674462
506615400,1.674462,1.674462,1.643213,1.656233
506701800,1.656233,1.664046,1.630192,1.640609
506788200,1.640609,1.643213,1.598942,1.604151
506874600,1.604151,1.648421,1.604151,1.645817
506961000,1.645817,1.679671,1.630192,1.671858
507220200,1.671858,1.679671,1.66665,1.669254
507306600,1.671858,1.6979,1.671858,1.6979
507393000,1.703108,1.757795,1.703108,1.729149
507479400,1.729149,1.731754,1.713525,1.721337
507565800,1.721337,1.755191,1.718733,1.747378
507825000,1.747378,1.776024,1.74217,1.768211
507911400,1.768211,1.796857,1.763003,1.783836
507997800,1.783836,1.78644,1.763003,1.781232
508084200,1.781232,1.78644,1.760399,1.77342
508170600,1.77342,1.77342,1.713525,1.765607
508429800,1.765607,1.78644,1.763003,1.78644
508516200,1.783836,1.783836,1.760399,1.77342
508602600,1.77342,1.77342,1.755191,1.757795
508689000,1.757795,1.781232,1.716129,1.781232
508775400,1.781232,1.796857,1.770816,1.791649
509121000,1.791649,1.833315,1.791649,1.833315
509207400,1.833315,1.833315,1.799461,1.802065
509293800,1.802065,1.882794,1.802065,1.88019
509380200,1.88019,1.911439,1.874981,1.911439
509639400,1.911439,1.921856,1.89321,1.914043
509725800,1.914043,1.916648,1.890606,1.908835
509812200,1.908835,1.945293,1.903627,1.927064
509898600,1.937481,2.046855,1.937481,2.03123
509985000,2.03123,2.033834,1.994772,2.005188
510244200,2.005188,2.005188,1.971334,1.973939
510330600,1.973939,1.99998,1.953105,1.958314
510417000,1.958314,1.976543,1.945293,1.971334
510503400,1.979147,2.020813,1.979147,2.010397
510589800,2.013001,2.070292,2.013001,2.057271
510849000,2.057271,2.083313,2.03123,2.080708
510935400,2.080708,2.101541,2.070292,2.088521
511021800,2.088521,2.18227,2.080708,2.135395
511108200,2.135395,2.177062,2.114562,2.169249
511194600,2.177062,2.291644,2.177062,2.265602
511453800,2.229144,2.229144,2.177062,2.218728
511540200,2.218728,2.260394,2.192686,2.229144
511626600,2.229144,2.260394,2.21352,2.244769
511713000,2.244769,2.260394,2.229144,2.239561
511799400,2.239561,2.265602,2.15102,2.153624
512058600,2.177062,2.205707,2.177062,2.184874
512145000,2.184874,2.187478,2.166645,2.166645
512231400,2.174457,2.218728,2.174457,2.205707
512317800,2.205707,2.242165,2.192686,2.208311
512663400,2.208311,2.244769,2.187478,2.192686
512749800,2.187478,2.187478,2.140604,2.143208
512836200,2.143208,2.171853,2.11977,2.164041
512922600,2.164041,2.208311,2.088521,2.117166
513009000,2.117166,2.143208,2.052063,2.083313
513268200,2.083313,2.098937,2.057271,2.078104
513354600,2.093729,2.15102,2.093729,2.140604
513441000,2.140604,2.171853,2.062479,2.096333
513527400,2.096333,2.124979,2.083313,2.104146
513613800,2.104146,2.124979,2.070292,2.088521
513873000,2.088521,2.171853,2.085917,2.164041
513959400,2.164041,2.197895,2.15102,2.18227
514045800,2.205707,2.291644,2.205707,2.28904
514132200,2.312477,2.416643,2.312477,2.398414
514218600,2.398414,2.401018,2.354143,2.354143
514477800,2.406226,2.442684,2.406226,2.437476
514564200,2.437476,2.499975,2.411434,2.447892
514650600,2.442684,2.442684,2.385393,2.44008
514737000,2.44008,2.455705,2.395809,2.414038
514823400,2.414038,2.416643,2.348935,2.403622
515079000,2.406226,2.447892,2.406226,2.447892
515165400,2.442684,2.442684,2.385393,2.401018
515251800,2.401018,2.406226,2.291644,2.322893
515338200,2.322893,2.359351,2.307269,2.354143
515424600,2.354143,2.382789,2.322893,2.330706
515683800,2.330706,2.354143,2.270811,2.304664
515770200,2.304664,2.312477,2.239561,2.281227
515856600,2.281227,2.281227,2.234353,2.262998
515943000,2.262998,2.276019,2.249978,2.268206
516029400,2.260394,2.260394,2.229144,2.249978
516288600,2.249978,2.278623,2.244769,2.270811
516375000,2.270811,2.291644,2.265602,2.286435
516461400,2.286435,2.338518,2.276019,2.33331
516547800,2.317685,2.317685,2.244769,2.249978
516634200,2.249978,2.260394,2.221332,2.229144
516893400,2.229144,2.247373,2.18227,2.192686
516979800,2.192686,2.218728,2.179666,2.218728
517066200,2.218728,2.22654,2.200499,2.205707
517152600,2.205707,2.270811,2.205707,2.270811
517239000,2.270811,2.281227,2.249978,2.25779
517584600,2.278623,2.351539,2.278623,2.351539
517671000,2.351539,2.372372,2.322893,2.36456
517757400,2.36456,2.432267,2.343727,2.419247
517843800,2.419247,2.421851,2.385393,2.416643
518103000,2.403622,2.403622,2.338518,2.367164
518189400,2.367164,2.398414,2.359351,2.382789
518275800,2.382789,2.382789,2.33331,2.356747
518362200,2.356747,2.369768,2.307269,2.354143
518448600,2.359351,2.390601,2.359351,2.390601
518707800,2.390601,2.390601,2.359351,2.374976
518794200,2.372372,2.372372,2.320289,2.354143
518880600,2.354143,2.372372,2.335914,2.343727
518967000,2.346331,2.36456,2.346331,2.361956
519053400,2.372372,2.416643,2.372372,2.398414
519312600,2.398414,2.447892,2.390601,2.437476
519399000,2.447892,2.492163,2.447892,2.486954
519485400,2.486954,2.486954,2.447892,2.481746
519571800,2.481746,2.492163,2.460913,2.468725
519658200,2.468725,2.499975,2.4531,2.499975
519917400,2.486954,2.486954,2.458309,2.468725
520003800,2.468725,2.536433,2.460913,2.523412
520090200,2.523412,2.539037,2.494767,2.505183
520176600,2.505183,2.557266,2.505183,2.544245
520263000,2.544245,2.567683,2.512996,2.536433
520522200,2.539037,2.614557,2.539037,2.614557
520608600,2.742188,2.742188,2.625,2.671875
520695000,2.726563,2.804688,2.726563,2.742188
520781400,2.742188,2.742188,2.6875,2.71875
521127000,2.71875,2.71875,2.546875,2.5625
521213400,2.546875,2.546875,2.453125,2.53125
521299800,2.546875,2.59375,2.546875,2.59375
521386200,2.59375,2.625,2.53125,2.570313
521472600,2.570313,2.601563,2.507813,2.59375
521731800,2.554688,2.554688,2.5,2.507813
521818200,2.507813,2.546875,2.5,2.523438
521904600,2.53125,2.609375,2.53125,2.59375
521991000,2.59375,2.617188,2.53125,2.539063
522077400,2.539063,2.617188,2.53125,2.5625
522336600,2.546875,2.546875,2.515625,2.523438
522423000,2.523438,2.578125,2.507813,2.5625
522509400,2.5625,2.570313,2.515625,2.539063
522595800,2.539063,2.570313,2.476563,2.507813
522682200,2.507813,2.5625,2.507813,2.546875
522941400,2.546875,2.570313,2.476563,2.5
523027800,2.5,2.5,2.414063,2.429688
523114200,2.429688,2.484375,2.359375,2.476563
523200600,2.46875,2.46875,2.429688,2.445313
523287000,2.445313,2.453125,2.390625,2.390625
523546200,2.390625,2.4375,2.328125,2.429688
523632600,2.429688,2.4375,2.367188,2.375
523719000,2.375,2.40625,2.359375,2.382813
523805400,2.382813,2.421875,2.351563,2.375
523891800,2.375,2.390625,2.328125,2.351563
524151000,2.351563,2.453125,2.34375,2.4375
524237400,2.4375,2.46875,2.414063,2.460938
524323800,2.460938,2.5,2.429688,2.484375
524410200,2.476563,2.476563,2.421875,2.4375
524496600,2.4375,2.453125,2.382813,2.453125
524755800,2.4375,2.4375,2.382813,2.414063
524842200,2.414063,2.414063,2.359375,2.375
524928600,2.375,2.453125,2.367188,2.445313
525015000,2.445313,2.445313,2.390625,2.421875
525101400,2.421875,2.4375,2.398438,2.414063
525360600,2.414063,2.414063,2.375,2.382813
525447000,2.382813,2.453125,2.382813,2.4375
525533400,2.4375,2.4375,2.375,2.390625
525619800,2.390625,2.398438,2.3125,2.328125
525706200,2.328125,2.375,2.328125,2.367188
526051800,2.367188,2.367188,2.265625,2.28125
526138200,2.28125,2.304688,2.234375,2.289063
526224600,2.289063,2.3125,2.265625,2.289063
526311000,2.289063,2.296875,2.1875,2.210938
526570200,2.210938,2.304688,2.1875,2.296875
526656600,2.296875,2.351563,2.296875,2.34375
526743000,2.34375,2.375,2.3125,2.328125
526829400,2.296875,2.296875,2.15625,2.171875
526915800,2.171875,2.210938,2.085938,2.140625
527175000,2.140625,2.1875,2.070313,2.125
527261400,2.117188,2.117188,2.054688,2.117188
527347800,2.117188,2.148438,2.0625,2.109375
527434200,2.109375,2.132813,2.0625,2.109375
527520600,2.09375,2.09375,2.054688,2.0625
527779800,2.0625,2.101563,2.054688,2.101563
527866200,2.101563,2.1875,2.09375,2.148438
527952600,2.148438,2.226563,2.148438,2.1875
528039000,2.1875,2.1875,2.09375,2.125
528125400,2.125,2.15625,2.09375,2.125
528384600,2.101563,2.101563,2.0625,2.085938
528471000,2.085938,2.171875,2.085938,2.117188
528557400,2.117188,2.179688,2.109375,2.132813
528643800,2.132813,2.195313,2.125,2.1875
528730200,2.1875,2.21875,2.148438,2.15625
528989400,2.15625,2.21875,2.132813,2.21875
529075800,2.21875,2.21875,2.15625,2.171875
529162200,2.171875,2.25,2.148438,2.21875
529248600,2.21875,2.265625,2.21875,2.226563
529335000,2.226563,2.25,2.210938,2.242188
529594200,2.242188,2.242188,2.210938,2.234375
529680600,2.234375,2.25,2.1875,2.226563
529767000,2.226563,2.335938,2.226563,2.328125
529853400,2.390625,2.453125,2.390625,2.4375
529939800,2.421875,2.421875,2.375,2.398438
530199000,2.382813,2.382813,2.304688,2.359375
530285400,2.359375,2.375,2.328125,2.351563
530371800,2.351563,2.367188,2.34375,2.359375
530458200,2.367188,2.429688,2.367188,2.40625
530544600,2.40625,2.40625,2.351563,2.351563
530807400,2.351563,2.375,2.328125,2.367188
530893800,2.359375,2.359375,2.3125,2.320313
530980200,2.320313,2.328125,2.289063,2.296875
531066600,2.304688,2.351563,2.304688,2.320313
531153000,2.320313,2.328125,2.28125,2.289063
531412200,2.289063,2.320313,2.289063,2.320313
531498600,2.3125,2.3125,2.273438,2.296875
531585000,2.296875,2.3125,2.28125,2.296875
531671400,2.296875,2.335938,2.265625,2.320313
531757800,2.320313,2.328125,2.28125,2.28125
532017000,2.28125,2.296875,2.273438,2.289063
532103400,2.289063,2.320313,2.28125,2.3125
532189800,2.3125,2.335938,2.304688,2.335938
532276200,2.335938,2.34375,2.273438,2.273438
532362600,2.273438,2.304688,2.257813,2.304688
532621800,2.304688,2.3125,2.265625,2.273438
532708200,2.273438,2.289063,2.210938,2.21875
532794600,2.21875,2.234375,2.164063,2.210938
532881000,2.210938,2.265625,2.195313,2.265625
532967400,2.265625,2.28125,2.210938,2.273438
533226600,2.257813,2.257813,2.1875,2.242188
533313000,2.242188,2.25,2.21875,2.226563
533399400,2.226563,2.304688,2.195313,2.257813
533572200,2.257813,2.289063,2.25,2.28125
533831400,2.265625,2.265625,2.210938,2.242188
533917800,2.25,2.335938,2.25,2.328125
534004200,2.328125,2.390625,2.28125,2.367188
534090600,2.367188,2.4375,2.367188,2.40625
534177000,2.40625,2.4375,2.367188,2.382813
534436200,2.382813,2.390625,2.3125,2.375
534522600,2.382813,2.421875,2.382813,2.414063
534609000,2.414063,2.445313,2.390625,2.4375
534695400,2.429688,2.429688,2.375,2.390625
534781800,2.390625,2.390625,2.359375,2.367188
535041000,2.367188,2.375,2.320313,2.375
535127400,2.375,2.445313,2.375,2.4375
535213800,2.4375,2.4375,2.390625,2.40625
535300200,2.40625,2.421875,2.390625,2.398438
535386600,2.398438,2.453125,2.398438,2.453125
535645800,2.453125,2.46875,2.421875,2.46875
535732200,2.46875,2.476563,2.40625,2.46875
535818600,2.46875,2.46875,2.445313,2.460938
535991400,2.460938,2.460938,2.421875,2.421875
536250600,2.421875,2.429688,2.375,2.375
536337000,2.382813,2.421875,2.382813,2.398438
536423400,2.398438,2.40625,2.34375,2.359375
536596200,2.359375,2.398438,2.359375,2.382813
536855400,2.390625,2.460938,2.390625,2.453125
536941800,2.453125,2.46875,2.414063,2.4375
537028200,2.4375,2.46875,2.421875,2.445313
537114600,2.445313,2.445313,2.40625,2.414063
537201000,2.414063,2.429688,2.390625,2.390625
537460200,2.390625,2.429688,2.375,2.40625
537546600,2.40625,2.40625,2.375,2.382813
537633000,2.382813,2.421875,2.375,2.40625
537719400,2.429688,2.539063,2.429688,2.5
537805800,2.5,2.554688,2.484375,2.546875
538065000,2.546875,2.617188,2.507813,2.601563
538151400,2.601563,2.640625,2.53125,2.5625
538237800,2.5625,2.609375,2.539063,2.570313
538324200,2.578125,2.65625,2.578125,2.65625
538410600,2.65625,2.773438,2.578125,2.617188
538669800,2.617188,2.65625,2.59375,2.625
538756200,2.625,2.6875,2.617188,2.671875
538842600,2.671875,2.726563,2.671875,2.679688
538929000,2.679688,2.710938,2.640625,2.671875
539015400,2.671875,2.695313,2.632813,2.664063
539274600,2.664063,2.703125,2.625,2.6875
539361000,2.6875,2.710938,2.664063,2.671875
539447400,2.671875,2.703125,2.664063,2.6875
539533800,2.6875,2.703125,2.640625,2.65625
539620200,2.65625,2.671875,2.625,2.640625
539879400,2.632813,2.632813,2.59375,2.609375
539965800,2.609375,2.617188,2.5625,2.601563
540052200,2.640625,2.6875,2.640625,2.6875
540138600,2.6875,2.703125,2.65625,2.6875
540225000,2.6875,2.757813,2.671875,2.726563
540570600,2.726563,2.796875,2.726563,2.78125
540657000,2.789063,2.84375,2.789063,2.835938
540743400,2.835938,2.867188,2.8125,2.835938
540829800,2.835938,2.851563,2.804688,2.84375
541089000,2.84375,2.851563,2.765625,2.765625
541175400,2.765625,2.789063,2.75,2.773438
541261800,2.773438,2.84375,2.765625,2.820313
541348200,2.820313,2.828125,2.78125,2.789063
541434600,2.789063,2.835938,2.789063,2.804688
541693800,2.804688,2.851563,2.804688,2.8125
541780200,2.8125,2.835938,2.8125,2.820313
541866600,2.835938,2.953125,2.835938,2.9375
541953000,2.9375,2.96875,2.859375,2.890625
542039400,2.890625,2.929688,2.84375,2.90625
542298600,2.898438,2.898438,2.820313,2.820313
542385000,2.820313,2.929688,2.804688,2.90625
542471400,2.90625,3.0625,2.851563,3.046875
542557800,3.023438,3.023438,2.945313,3.007813
542644200,3,3,2.929688,2.945313
542903400,2.929688,2.929688,2.851563,2.882813
542989800,2.882813,2.929688,2.859375,2.90625
543076200,2.90625,2.921875,2.859375,2.898438
543162600,2.898438,2.96875,2.898438,2.960938
543249000,2.960938,2.992188,2.9375,2.960938
543508200,2.96875,3.046875,2.96875,2.992188
543594600,2.992188,3,2.960938,2.984375
543681000,2.96875,2.96875,2.945313,2.960938
543767400,2.960938,2.984375,2.921875,2.929688
543853800,2.929688,2.984375,2.828125,2.867188
544113000,2.804688,2.804688,2.648438,2.765625
544199400,2.78125,2.867188,2.78125,2.859375
544285800,2.859375,2.867188,2.8125,2.859375
544372200,2.859375,2.90625,2.78125,2.78125
544458600,2.78125,2.9375,2.78125,2.890625
544714200,2.898438,2.9375,2.898438,2.90625
544800600,2.90625,2.9375,2.828125,2.828125
544887000,2.828125,2.90625,2.828125,2.859375
544973400,2.859375,2.898438,2.820313,2.859375
545059800,2.859375,2.921875,2.828125,2.875
545319000,2.875,2.898438,2.820313,2.820313
545405400,2.8125,2.8125,2.625,2.664063
545491800,2.703125,2.78125,2.703125,2.765625
545578200,2.765625,2.867188,2.71875,2.734375
545923800,2.734375,2.757813,2.71875,2.757813
546010200,2.757813,2.851563,2.6875,2.851563
546096600,2.835938,2.835938,2.703125,2.710938
546183000,2.710938,2.757813,2.65625,2.695313
546269400,2.6875,2.6875,2.5625,2.625
546528600,2.625,2.679688,2.539063,2.640625
546615000,2.640625,2.679688,2.601563,2.609375
546701400,2.609375,2.640625,2.570313,2.59375
546787800,2.59375,2.671875,2.59375,2.664063
546874200,2.65625,2.65625,2.59375,2.617188
547133400,2.617188,2.671875,2.601563,2.640625
547219800,2.664063,2.71875,2.664063,2.71875
547306200,2.710938,2.710938,2.617188,2.625
547392600,2.625,2.625,2.5625,2.570313
547479000,2.570313,2.640625,2.5625,2.585938
547738200,2.585938,2.632813,2.570313,2.570313
547824600,2.5625,2.5625,2.515625,2.53125
547911000,2.53125,2.554688,2.507813,2.53125
547997400,2.53125,2.554688,2.507813,2.523438
548083800,2.523438,2.53125,2.476563,2.484375
548343000,2.484375,2.5,2.421875,2.476563
548429400,2.476563,2.5,2.445313,2.46875
548515800,2.46875,2.484375,2.40625,2.4375
548602200,2.4375,2.476563,2.382813,2.421875
548688600,2.445313,2.515625,2.445313,2.492188
549034200,2.546875,2.609375,2.546875,2.609375
549120600,2.609375,2.632813,2.578125,2.578125
549207000,2.578125,2.625,2.539063,2.625
549293400,2.625,2.695313,2.625,2.679688
549552600,2.679688,2.742188,2.671875,2.6875
549639000,2.6875,2.710938,2.65625,2.671875
549725400,2.679688,2.726563,2.679688,2.703125
549811800,2.703125,2.710938,2.664063,2.679688
549898200,2.679688,2.679688,2.65625,2.664063
550157400,2.664063,2.734375,2.65625,2.71875
550243800,2.71875,2.742188,2.703125,2.734375
550330200,2.734375,2.765625,2.710938,2.734375
550416600,2.734375,2.78125,2.734375,2.773438
550503000,2.773438,2.804688,2.765625,2.78125
550762200,2.78125,2.820313,2.75,2.765625
550848600,2.765625,2.789063,2.757813,2.78125
550935000,2.78125,2.789063,2.757813,2.773438
551021400,2.773438,2.789063,2.757813,2.789063
551107800,2.789063,2.835938,2.765625,2.835938
551367000,2.84375,2.890625,2.84375,2.882813
551453400,2.882813,2.914063,2.851563,2.875
551539800,2.875,2.890625,2.851563,2.859375
551626200,2.859375,2.882813,2.859375,2.859375
551712600,2.851563,2.851563,2.796875,2.804688
551971800,2.804688,2.828125,2.796875,2.828125
552058200,2.820313,2.820313,2.75,2.78125
552144600,2.765625,2.765625,2.734375,2.742188
552231000,2.75,2.765625,2.75,2.75
552576600,2.75,2.78125,2.679688,2.6875
552663000,2.695313,2.75,2.695313,2.71875
552749400,2.71875,2.765625,2.695313,2.757813
552835800,2.757813,2.78125,2.710938,2.742188
552922200,2.742188,2.773438,2.734375,2.773438
553181400,2.773438,2.773438,2.6875,2.71875
553267800,2.71875,2.78125,2.710938,2.773438
553354200,2.773438,2.828125,2.75,2.804688
553440600,2.804688,2.820313,2.789063,2.8125
553527000,2.8125,2.960938,2.796875,2.9375
553786200,2.9375,2.953125,2.882813,2.90625
553872600,2.898438,2.898438,2.835938,2.859375
553959000,2.859375,2.914063,2.859375,2.90625
554045400,2.90625,2.953125,2.898438,2.9375
554131800,2.9375,2.9375,2.921875,2.9375
554391000,2.9375,2.960938,2.921875,2.945313
554477400,2.945313,2.960938,2.914063,2.929688
554563800,2.929688,2.960938,2.929688,2.960938
554650200,2.960938,2.992188,2.953125,2.984375
554736600,2.984375,2.992188,2.96875,2.976563
554995800,2.96875,2.96875,2.945313,2.953125
555082200,2.953125,2.976563,2.929688,2.960938
555168600,2.960938,3,2.960938,2.960938
555255000,2.96875,3.046875,2.96875,3.039063
555341400,3.039063,3.070313,3.039063,3.046875
555600600,3.046875,3.101563,3.046875,3.101563
555687000,3.101563,3.140625,3.09375,3.140625
555773400,3.140625,3.1875,3.125,3.140625
555859800,3.148438,3.179688,3.148438,3.15625
555946200,3.15625,3.164063,3.117188,3.140625
556205400,3.148438,3.179688,3.148438,3.164063
556291800,3.164063,3.179688,3.117188,3.140625
556378200,3.140625,3.164063,3.09375,3.140625
556464600,3.140625,3.195313,3.132813,3.1875
556551000,3.1875,3.242188,3.148438,3.15625
556810200,3.15625,3.242188,3.132813,3.203125
556896600,3.21875,3.304688,3.21875,3.257813
556983000,3.257813,3.320313,3.242188,3.25
557069400,3.234375,3.234375,3.195313,3.21875
557155800,3.21875,3.21875,3.148438,3.171875
557415000,3.171875,3.195313,3.109375,3.164063
557501400,3.164063,3.289063,3.125,3.15625
557587800,3.15625,3.226563,3.125,3.210938
557674200,3.210938,3.28125,3.15625,3.21875
557760600,3.21875,3.242188,3.140625,3.164063
558106200,3.125,3.125,3.023438,3.078125
558192600,3.078125,3.125,3.054688,3.078125
558279000,3.078125,3.125,3.039063,3.078125
558365400,3.078125,3.15625,3.070313,3.09375
558624600,3.09375,3.140625,3.085938,3.140625
558711000,3.132813,3.132813,3.0625,3.0625
558797400,3.0625,3.101563,2.96875,2.96875
558883800,2.96875,3.015625,2.960938,2.992188
558970200,2.992188,3.03125,2.984375,3.007813
559229400,3.007813,3.09375,2.953125,2.96875
559315800,2.96875,3.09375,2.921875,3.085938
559402200,3.085938,3.09375,3.007813,3.085938
559488600,3.070313,3.070313,3,3.007813
559575000,3.007813,3.039063,2.96875,3.007813
559834200,3.039063,3.117188,3.039063,3.078125
559920600,3.078125,3.101563,3.015625,3.046875
560007000,3.046875,3.054688,3,3.023438
560093400,3.039063,3.09375,3.039063,3.09375
560179800,3.09375,3.109375,3.046875,3.046875
560439000,3.046875,3.054688,2.976563,3
560525400,2.992188,2.992188,2.90625,2.921875
560611800,2.921875,2.9375,2.828125,2.859375
560698200,2.859375,2.890625,2.8125,2.851563
560784600,2.851563,2.875,2.820313,2.828125
561043800,2.828125,2.835938,2.726563,2.804688
561130200,2.804688,2.9375,2.796875,2.929688
561216600,2.882813,2.882813,2.734375,2.734375
561303000,2.734375,2.820313,2.703125,2.71875
561389400,2.71875,2.742188,2.453125,2.53125
561648600,2.5,2.5,1.8125,1.90625
561735000,1.90625,2.734375,1.75,2.28125
561821400,2.5,2.921875,2.5,2.578125
561907800,2.546875,2.546875,2.3125,2.53125
561994200,2.53125,2.539063,2.390625,2.484375
562257000,2.40625,2.40625,2.25,2.265625
562343400,2.265625,2.484375,2.265625,2.34375
562429800,2.34375,2.515625,2.265625,2.421875
562516200,2.4375,2.65625,2.4375,2.625
562602600,2.625,2.734375,2.53125,2.578125
562861800,2.578125,2.617188,2.5,2.585938
562948200,2.546875,2.546875,2.4375,2.539063
563034600,2.539063,2.554688,2.484375,2.5
563121000,2.5,2.617188,2.476563,2.578125
563207400,2.578125,2.648438,2.4375,2.484375
563466600,2.460938,2.460938,2.359375,2.40625
563553000,2.40625,2.40625,2.328125,2.351563
563639400,2.390625,2.445313,2.390625,2.390625
563725800,2.4375,2.507813,2.4375,2.460938
563812200,2.460938,2.492188,2.414063,2.414063
564071400,2.414063,2.476563,2.382813,2.398438
564157800,2.382813,2.382813,2.320313,2.382813
564244200,2.382813,2.453125,2.328125,2.445313
564330600,2.445313,2.453125,2.359375,2.390625
564417000,2.390625,2.484375,2.320313,2.484375
564676200,2.484375,2.484375,2.421875,2.4375
564762600,2.4375,2.460938,2.414063,2.4375
564849000,2.4375,2.460938,2.421875,2.421875
565021800,2.421875,2.445313,2.390625,2.390625
565281000,2.34375,2.34375,2.265625,2.3125
565367400,2.3125,2.359375,2.304688,2.3125
565453800,2.3125,2.34375,2.28125,2.328125
565540200,2.320313,2.320313,2.25,2.265625
565626600,2.265625,2.3125,2.226563,2.265625
565885800,2.28125,2.359375,2.28125,2.359375
565972200,2.359375,2.4375,2.328125,2.4375
566058600,2.4375,2.46875,2.398438,2.460938
566145000,2.4375,2.4375,2.375,2.375
566231400,2.375,2.429688,2.375,2.429688
566490600,2.4375,2.53125,2.4375,2.507813
566577000,2.507813,2.539063,2.476563,2.539063
566663400,2.53125,2.53125,2.453125,2.5
566749800,2.5,2.5,2.421875,2.421875
566836200,2.4375,2.515625,2.4375,2.484375
567095400,2.484375,2.507813,2.46875,2.484375
567181800,2.476563,2.476563,2.421875,2.476563
567268200,2.476563,2.515625,2.476563,2.484375
567354600,2.484375,2.492188,2.453125,2.460938
567700200,2.429688,2.429688,2.382813,2.414063
567786600,2.414063,2.4375,2.34375,2.34375
567873000,2.367188,2.421875,2.367188,2.414063
567959400,2.414063,2.421875,2.375,2.382813
568305000,2.398438,2.5,2.398438,2.492188
568391400,2.492188,2.53125,2.4375,2.46875
568477800,2.46875,2.5,2.460938,2.46875
568564200,2.46875,2.507813,2.414063,2.5
568650600,2.5,2.5,2.265625,2.28125
568909800,2.289063,2.429688,2.289063,2.398438
568996200,2.398438,2.40625,2.328125,2.382813
569082600,2.382813,2.398438,2.320313,2.351563
569169000,2.351563,2.367188,2.296875,2.351563
569255400,2.40625,2.476563,2.40625,2.453125
569514600,2.453125,2.460938,2.40625,2.4375
569601000,2.4375,2.453125,2.34375,2.367188
569687400,2.359375,2.359375,2.25,2.3125
569773800,2.3125,2.335938,2.25,2.296875
569860200,2.296875,2.335938,2.296875,2.320313
570119400,2.320313,2.390625,2.3125,2.359375
570205800,2.359375,2.359375,2.3125,2.3125
570292200,2.3125,2.335938,2.234375,2.265625
570378600,2.273438,2.335938,2.273438,2.3125
570465000,2.3125,2.359375,2.28125,2.351563
570724200,2.351563,2.367188,2.25,2.265625
570810600,2.265625,2.335938,2.25,2.3125
570897000,2.3125,2.320313,2.265625,2.273438
570983400,2.273438,2.296875,2.21875,2.273438
571069800,2.273438,2.296875,2.195313,2.21875
571329000,2.21875,2.25,2.1875,2.226563
571415400,2.226563,2.257813,2.21875,2.257813
571501800,2.257813,2.28125,2.226563,2.273438
571588200,2.273438,2.296875,2.257813,2.296875
571674600,2.296875,2.3125,2.273438,2.289063
572020200,2.289063,2.289063,2.257813,2.28125
572106600,2.296875,2.351563,2.296875,2.335938
572193000,2.335938,2.351563,2.320313,2.320313
572279400,2.320313,2.375,2.320313,2.375
572538600,2.375,2.414063,2.34375,2.40625
572625000,2.40625,2.429688,2.382813,2.414063
572711400,2.414063,2.429688,2.375,2.375
572797800,2.375,2.421875,2.320313,2.34375
572884200,2.335938,2.335938,2.296875,2.304688
573143400,2.304688,2.335938,2.296875,2.335938
573229800,2.351563,2.382813,2.351563,2.375
573316200,2.382813,2.40625,2.382813,2.398438
573402600,2.398438,2.398438,2.367188,2.390625
573489000,2.390625,2.398438,2.34375,2.375
573748200,2.375,2.382813,2.335938,2.359375
573834600,2.375,2.421875,2.375,2.40625
573921000,2.40625,2.414063,2.390625,2.40625
574007400,2.40625,2.421875,2.382813,2.390625
574093800,2.390625,2.390625,2.34375,2.382813
574353000,2.390625,2.429688,2.390625,2.429688
574439400,2.429688,2.429688,2.398438,2.40625
574525800,2.421875,2.460938,2.421875,2.445313
574612200,2.453125,2.5,2.453125,2.5
574698600,2.5,2.515625,2.484375,2.484375
574957800,2.484375,2.484375,2.453125,2.460938
575044200,2.460938,2.476563,2.453125,2.476563
575130600,2.476563,2.492188,2.453125,2.484375
575217000,2.460938,2.460938,2.429688,2.4375
575303400,2.4375,2.445313,2.398438,2.398438
575562600,2.398438,2.398438,2.351563,2.382813
575649000,2.382813,2.429688,2.382813,2.429688
575735400,2.429688,2.484375,2.40625,2.40625
575821800,2.40625,2.421875,2.359375,2.390625
576163800,2.382813,2.382813,2.359375,2.375
576250200,2.375,2.398438,2.367188,2.382813
576336600,2.382813,2.4375,2.382813,2.4375
576423000,2.4375,2.445313,2.390625,2.390625
576509400,2.390625,2.421875,2.382813,2.40625
576768600,2.40625,2.453125,2.390625,2.453125
576855000,2.453125,2.492188,2.4375,2.492188
576941400,2.492188,2.507813,2.453125,2.5
577027800,2.460938,2.460938,2.34375,2.359375
577114200,2.359375,2.390625,2.3125,2.382813
577373400,2.375,2.375,2.328125,2.351563
577459800,2.351563,2.390625,2.328125,2.328125
577546200,2.328125,2.328125,2.273438,2.3125
577632600,2.320313,2.414063,2.320313,2.335938
577719000,2.335938,2.40625,2.335938,2.367188
577978200,2.375,2.453125,2.375,2.429688
578064600,2.429688,2.445313,2.398438,2.40625
578151000,2.40625,2.421875,2.382813,2.390625
578237400,2.390625,2.398438,2.367188,2.398438
578323800,2.398438,2.398438,2.367188,2.390625
578583000,2.390625,2.40625,2.382813,2.40625
578669400,2.40625,2.429688,2.40625,2.429688
578755800,2.421875,2.421875,2.382813,2.390625
578842200,2.390625,2.390625,2.34375,2.359375
578928600,2.359375,2.375,2.296875,2.304688
579187800,2.304688,2.304688,2.273438,2.296875
579274200,2.296875,2.328125,2.296875,2.3125
579360600,2.296875,2.296875,2.257813,2.289063
579447000,2.289063,2.304688,2.273438,2.296875
579533400,2.3125,2.335938,2.3125,2.320313
579792600,2.320313,2.328125,2.289063,2.328125
579879000,2.328125,2.351563,2.28125,2.28125
579965400,2.28125,2.28125,2.1875,2.21875
580051800,2.21875,2.257813,2.195313,2.234375
580138200,2.234375,2.25,2.226563,2.242188
580397400,2.242188,2.25,2.203125,2.203125
580483800,2.203125,2.234375,2.203125,2.226563
580570200,2.226563,2.265625,2.21875,2.242188
580656600,2.242188,2.28125,2.242188,2.265625
580743000,2.265625,2.265625,2.234375,2.242188
581088600,2.257813,2.375,2.257813,2.375
581175000,2.375,2.40625,2.359375,2.40625
581261400,2.398438,2.398438,2.367188,2.390625
581347800,2.390625,2.421875,2.367188,2.398438
581607000,2.398438,2.40625,2.359375,2.390625
581693400,2.390625,2.414063,2.382813,2.382813
581779800,2.382813,2.453125,2.382813,2.453125
581866200,2.429688,2.429688,2.390625,2.40625
581952600,2.40625,2.414063,2.367188,2.398438
582211800,2.398438,2.421875,2.390625,2.40625
582298200,2.421875,2.460938,2.421875,2.4375
582384600,2.429688,2.429688,2.40625,2.421875
582471000,2.40625,2.40625,2.367188,2.367188
582557400,2.367188,2.390625,2.335938,2.390625
582816600,2.382813,2.382813,2.34375,2.351563
582903000,2.351563,2.390625,2.34375,2.390625
582989400,2.414063,2.460938,2.414063,2.421875
583075800,2.421875,2.421875,2.390625,2.398438
583162200,2.398438,2.414063,2.398438,2.398438
583421400,2.390625,2.390625,2.320313,2.328125
583507800,2.328125,2.398438,2.328125,2.382813
583594200,2.382813,2.429688,2.375,2.40625
583680600,2.40625,2.4375,2.398438,2.4375
583767000,2.429688,2.429688,2.390625,2.414063
584112600,2.414063,2.421875,2.382813,2.421875
584199000,2.414063,2.414063,2.296875,2.367188
584285400,2.359375,2.359375,2.304688,2.34375
584371800,2.34375,2.351563,2.296875,2.304688
584631000,2.304688,2.34375,2.296875,2.34375
584717400,2.335938,2.335938,2.28125,2.304688
584803800,2.304688,2.328125,2.265625,2.3125
584890200,2.320313,2.34375,2.320313,2.335938
584976600,2.34375,2.390625,2.34375,2.390625
585235800,2.390625,2.390625,2.328125,2.34375
585322200,2.34375,2.382813,2.3125,2.335938
585408600,2.335938,2.367188,2.335938,2.34375
585495000,2.34375,2.34375,2.296875,2.3125
585581400,2.3125,2.3125,2.289063,2.304688
585840600,2.304688,2.328125,2.296875,2.320313
585927000,2.320313,2.351563,2.3125,2.351563
586013400,2.351563,2.359375,2.3125,2.320313
586099800,2.320313,2.367188,2.3125,2.359375
586186200,2.359375,2.398438,2.34375,2.398438
586445400,2.398438,2.398438,2.359375,2.375
586531800,2.375,2.398438,2.367188,2.375
586618200,2.375,2.429688,2.375,2.429688
586704600,2.429688,2.4375,2.40625,2.414063
586791000,2.414063,2.421875,2.382813,2.390625
587050200,2.390625,2.421875,2.390625,2.390625
587136600,2.390625,2.398438,2.34375,2.359375
587223000,2.359375,2.359375,2.3125,2.335938
587309400,2.335938,2.335938,2.3125,2.335938
587395800,2.335938,2.34375,2.320313,2.34375
587655000,2.34375,2.359375,2.320313,2.320313
587741400,2.320313,2.414063,2.320313,2.375
587827800,2.375,2.429688,2.367188,2.40625
587914200,2.40625,2.453125,2.40625,2.421875
588000600,2.421875,2.4375,2.414063,2.421875
588259800,2.421875,2.429688,2.40625,2.40625
588346200,2.421875,2.453125,2.421875,2.445313
588432600,2.445313,2.460938,2.429688,2.453125
588519000,2.453125,2.453125,2.421875,2.445313
588605400,2.445313,2.484375,2.4375,2.484375
588864600,2.484375,2.523438,2.476563,2.515625
588951000,2.515625,2.523438,2.492188,2.515625
589037400,2.515625,2.539063,2.5,2.5
589123800,2.492188,2.492188,2.460938,2.46875
589210200,2.484375,2.570313,2.484375,2.5625
589555800,2.5625,2.601563,2.5625,2.585938
589642200,2.585938,2.609375,2.570313,2.601563
589728600,2.601563,2.648438,2.59375,2.625
589815000,2.625,2.625,2.570313,2.617188
590074200,2.617188,2.640625,2.609375,2.625
590160600,2.625,2.632813,2.585938,2.632813
590247000,2.632813,2.679688,2.625,2.632813
590333400,2.632813,2.640625,2.617188,2.632813
590419800,2.632813,2.679688,2.617188,2.671875
590679000,2.664063,2.664063,2.625,2.640625
590765400,2.640625,2.648438,2.625,2.648438
590851800,2.648438,2.6875,2.648438,2.6875
590938200,2.6875,2.710938,2.640625,2.65625
591024600,2.65625,2.71875,2.640625,2.71875
591283800,2.710938,2.710938,2.679688,2.695313
591370200,2.695313,2.695313,2.65625,2.6875
591456600,2.6875,2.703125,2.664063,2.703125
591543000,2.703125,2.773438,2.695313,2.757813
591629400,2.757813,2.773438,2.71875,2.734375
591888600,2.71875,2.71875,2.664063,2.695313
591975000,2.695313,2.695313,2.65625,2.671875
592061400,2.671875,2.695313,2.664063,2.671875
592147800,2.671875,2.71875,2.648438,2.648438
592234200,2.664063,2.742188,2.664063,2.734375
592493400,2.726563,2.726563,2.6875,2.703125
592579800,2.703125,2.703125,2.664063,2.703125
592666200,2.679688,2.679688,2.632813,2.65625
592752600,2.65625,2.671875,2.640625,2.65625
592839000,2.65625,2.703125,2.625,2.648438
593098200,2.648438,2.664063,2.632813,2.640625
593184600,2.640625,2.679688,2.640625,2.671875
593271000,2.671875,2.703125,2.609375,2.648438
593357400,2.648438,2.765625,2.640625,2.75
593443800,2.75,2.773438,2.71875,2.765625
593703000,2.765625,2.773438,2.726563,2.75
593789400,2.75,2.78125,2.75,2.78125
593875800,2.773438,2.773438,2.726563,2.734375
593962200,2.726563,2.726563,2.664063,2.679688
594048600,2.679688,2.695313,2.671875,2.679688
594311400,2.679688,2.710938,2.671875,2.695313
594397800,2.695313,2.71875,2.695313,2.71875
594484200,2.71875,2.742188,2.710938,2.742188
594570600,2.742188,2.742188,2.71875,2.726563
594657000,2.726563,2.734375,2.695313,2.703125
594916200,2.703125,2.703125,2.65625,2.65625
595002600,2.664063,2.695313,2.664063,2.671875
595089000,2.671875,2.671875,2.625,2.640625
595175400,2.640625,2.664063,2.640625,2.640625
595261800,2.632813,2.632813,2.5625,2.601563
595521000,2.601563,2.617188,2.5625,2.601563
595607400,2.601563,2.648438,2.601563,2.640625
595693800,2.640625,2.640625,2.554688,2.585938
595780200,2.59375,2.625,2.59375,2.59375
595866600,2.59375,2.640625,2.59375,2.625
596125800,2.625,2.632813,2.59375,2.632813
596212200,2.632813,2.65625,2.609375,2.648438
596298600,2.65625,2.695313,2.65625,2.6875
596471400,2.617188,2.617188,2.59375,2.609375
596730600,2.609375,2.640625,2.609375,2.625
596817000,2.625,2.71875,2.625,2.6875
596903400,2.6875,2.734375,2.679688,2.710938
596989800,2.710938,2.710938,2.664063,2.664063
597076200,2.664063,2.6875,2.648438,2.6875
597335400,2.6875,2.742188,2.679688,2.734375
597421800,2.734375,2.773438,2.71875,2.773438
597508200,2.773438,2.78125,2.742188,2.765625
597594600,2.765625,2.765625,2.742188,2.75
597681000,2.75,2.773438,2.742188,2.765625
597940200,2.765625,2.789063,2.75,2.75
598026600,2.75,2.78125,2.734375,2.78125
598113000,2.773438,2.773438,2.742188,2.75
598199400,2.75,2.773438,2.742188,2.757813
598285800,2.757813,2.765625,2.75,2.765625
598545000,2.765625,2.820313,2.765625,2.8125
598631400,2.8125,2.828125,2.765625,2.78125
598717800,2.78125,2.78125,2.75,2.773438
598804200,2.773438,2.789063,2.765625,2.773438
598890600,2.773438,2.796875,2.773438,2.796875
599236200,2.796875,2.804688,2.78125,2.78125
599322600,2.78125,2.789063,2.78125,2.78125
599409000,2.78125,2.796875,2.78125,2.789063
599495400,2.789063,2.804688,2.773438,2.789063
599841000,2.773438,2.773438,2.710938,2.71875
599927400,2.742188,2.8125,2.742188,2.789063
600013800,2.789063,2.84375,2.789063,2.835938
600100200,2.835938,2.851563,2.8125,2.8125
600359400,2.8125,2.820313,2.796875,2.8125
600445800,2.8125,2.820313,2.773438,2.78125
600532200,2.78125,2.796875,2.765625,2.78125
600618600,2.78125,2.820313,2.773438,2.796875
600705000,2.796875,2.796875,2.773438,2.78125
600964200,2.78125,2.789063,2.765625,2.78125
601050600,2.78125,2.789063,2.765625,2.78125
601137000,2.78125,2.804688,2.773438,2.804688
601223400,2.804688,2.820313,2.789063,2.8125
601309800,2.8125,2.820313,2.796875,2.8125
601569000,2.8125,2.84375,2.796875,2.804688
601655400,2.804688,2.851563,2.796875,2.828125
601741800,2.828125,2.851563,2.8125,2.835938
601828200,2.835938,2.867188,2.820313,2.859375
601914600,2.859375,2.898438,2.859375,2.875
602173800,2.875,2.898438,2.867188,2.898438
602260200,2.898438,2.929688,2.875,2.921875
602346600,2.921875,2.929688,2.898438,2.929688
602433000,2.929688,2.9375,2.90625,2.929688
602519400,2.929688,2.953125,2.914063,2.9375
602778600,2.9375,2.992188,2.929688,2.96875
602865000,2.96875,3.03125,2.96875,3
602951400,3,3.039063,2.992188,3.015625
603037800,3.015625,3.015625,2.960938,2.984375
603124200,2.976563,2.976563,2.929688,2.929688
603383400,2.929688,2.960938,2.921875,2.9375
603469800,2.9375,2.96875,2.914063,2.921875
603556200,2.921875,2.984375,2.90625,2.976563
603642600,2.992188,3.015625,2.992188,3
603729000,3,3.070313,3,3.0625
604074600,3.0625,3.070313,3,3
604161000,3,3.007813,2.921875,2.929688
604247400,2.929688,2.953125,2.914063,2.953125
604333800,2.953125,2.953125,2.90625,2.90625
604593000,2.90625,2.953125,2.90625,2.929688
604679400,2.929688,2.992188,2.929688,2.984375
604765800,2.984375,3.039063,2.984375,3
604852200,3,3.039063,3,3.023438
604938600,3.023438,3.039063,3.015625,3.039063
605197800,3.046875,3.085938,3.046875,3.078125
605284200,3.078125,3.09375,3.054688,3.0625
605370600,3.0625,3.125,3.0625,3.109375
605457000,3.085938,3.085938,3.039063,3.0625
605543400,3.0625,3.0625,3.023438,3.046875
605802600,3.054688,3.148438,3.054688,3.125
605889000,3.125,3.148438,3.117188,3.140625
605975400,3.140625,3.21875,3.132813,3.21875
606061800,3.21875,3.242188,3.171875,3.234375
606148200,3.1875,3.1875,3.125,3.171875
606407400,3.164063,3.164063,3.085938,3.117188
606493800,3.117188,3.140625,3.117188,3.125
606580200,3.140625,3.179688,3.140625,3.171875
606666600,3.171875,3.179688,3.140625,3.140625
607012200,3.140625,3.179688,3.125,3.164063
607098600,3.164063,3.195313,3.15625,3.171875
607185000,3.171875,3.195313,3.15625,3.179688
607271400,3.179688,3.195313,3.140625,3.164063
607357800,3.164063,3.203125,3.164063,3.203125
607613400,3.203125,3.242188,3.179688,3.242188
607699800,3.242188,3.304688,3.195313,3.296875
607786200,3.296875,3.3125,3.28125,3.304688
607872600,3.304688,3.3125,3.296875,3.3125
607959000,3.3125,3.335938,3.296875,3.335938
608218200,3.335938,3.367188,3.296875,3.3125
608304600,3.3125,3.328125,3.304688,3.304688
608391000,3.304688,3.3125,3.242188,3.242188
608477400,3.242188,3.25,3.15625,3.164063
608563800,3.171875,3.25,3.171875,3.25
608823000,3.25,3.28125,3.226563,3.25
608909400,3.289063,3.335938,3.289063,3.3125
608995800,3.3125,3.320313,3.289063,3.296875
609082200,3.296875,3.304688,3.234375,3.265625
609168600,3.265625,3.335938,3.265625,3.3125
609427800,3.3125,3.359375,3.3125,3.335938
609514200,3.335938,3.367188,3.335938,3.34375
609600600,3.34375,3.367188,3.335938,3.351563
609687000,3.351563,3.382813,3.34375,3.367188
609773400,3.367188,3.398438,3.359375,3.390625
610032600,3.390625,3.429688,3.351563,3.421875
610119000,3.4375,3.492188,3.4375,3.460938
610205400,3.453125,3.453125,3.421875,3.429688
610291800,3.429688,3.429688,3.375,3.398438
610378200,3.398438,3.445313,3.382813,3.390625
610637400,3.390625,3.429688,3.375,3.429688
610723800,3.429688,3.460938,3.414063,3.4375
610810200,3.4375,3.4375,3.40625,3.40625
610896600,3.40625,3.421875,3.382813,3.382813
610983000,3.382813,3.523438,3.375,3.523438
611242200,3.523438,3.523438,3.492188,3.523438
611328600,3.523438,3.554688,3.5,3.546875
611415000,3.546875,3.625,3.539063,3.59375
611501400,3.59375,3.679688,3.59375,3.640625
611587800,3.65625,3.71875,3.65625,3.703125
611847000,3.703125,3.757813,3.679688,3.734375
611933400,3.71875,3.71875,3.578125,3.59375
612019800,3.59375,3.648438,3.578125,3.609375
612106200,3.609375,3.65625,3.585938,3.625
612192600,3.625,3.664063,3.625,3.648438
612538200,3.648438,3.671875,3.53125,3.5625
612624600,3.5625,3.632813,3.554688,3.609375
612711000,3.609375,3.648438,3.585938,3.625
612797400,3.632813,3.710938,3.632813,3.710938
613056600,3.710938,3.710938,3.632813,3.632813
613143000,3.632813,3.65625,3.539063,3.59375
613229400,3.601563,3.640625,3.601563,3.625
613315800,3.625,3.632813,3.578125,3.59375
613402200,3.59375,3.617188,3.570313,3.578125
613661400,3.570313,3.570313,3.523438,3.554688
613747800,3.554688,3.554688,3.507813,3.507813
613834200,3.507813,3.53125,3.484375,3.507813
613920600,3.507813,3.523438,3.4375,3.46875
614007000,3.476563,3.515625,3.476563,3.507813
614266200,3.507813,3.523438,3.5,3.523438
614352600,3.523438,3.554688,3.523438,3.53125
614439000,3.53125,3.5625,3.507813,3.515625
614525400,3.515625,3.585938,3.515625,3.578125
614611800,3.640625,3.742188,3.640625,3.742188
614871000,3.726563,3.726563,3.664063,3.679688
614957400,3.6875,3.71875,3.6875,3.695313
615043800,3.695313,3.695313,3.632813,3.65625
615130200,3.648438,3.648438,3.5625,3.578125
615216600,3.578125,3.585938,3.429688,3.523438
615475800,3.523438,3.546875,3.5,3.546875
615648600,3.546875,3.578125,3.5,3.5625
615735000,3.5625,3.59375,3.515625,3.554688
615821400,3.554688,3.671875,3.546875,3.648438
616080600,3.648438,3.6875,3.632813,3.65625
616167000,3.671875,3.710938,3.671875,3.695313
616253400,3.695313,3.695313,3.65625,3.6875
616339800,3.671875,3.671875,3.632813,3.640625
616426200,3.640625,3.671875,3.578125,3.664063
616685400,3.664063,3.71875,3.65625,3.695313
616771800,3.695313,3.734375,3.65625,3.71875
616858200,3.742188,3.773438,3.742188,3.765625
616944600,3.773438,3.882813,3.773438,3.789063
617031000,3.789063,3.890625,3.765625,3.875
617290200,3.875,3.898438,3.859375,3.859375
617376600,3.882813,3.960938,3.882813,3.90625
617463000,3.90625,3.984375,3.882813,3.976563
617549400,3.984375,4.03125,3.984375,4.007813
617635800,4.007813,4.039063,3.96875,3.96875
617895000,3.96875,4.25,3.953125,4.25
617981400,4.25,4.328125,4.171875,4.171875
618067800,4.171875,4.226563,4.171875,4.21875
618154200,4.21875,4.226563,4.195313,4.195313
618240600,4.195313,4.210938,4.101563,4.117188
618499800,4.117188,4.195313,4.09375,4.171875
618586200,4.171875,4.226563,4.148438,4.21875
618672600,4.21875,4.257813,4.15625,4.164063
618759000,4.164063,4.234375,4.132813,4.171875
618845400,4.171875,4.203125,4.03125,4.054688
619104600,4.054688,4.117188,4.046875,4.085938
619191000,4.101563,4.15625,4.101563,4.132813
619277400,4.148438,4.203125,4.148438,4.179688
619363800,4.179688,4.179688,4.09375,4.148438
619450200,4.148438,4.1875,4.132813,4.15625
619709400,4.15625,4.1875,4.03125,4.046875
619795800,4.046875,4.085938,4.039063,4.085938
619882200,4.085938,4.148438,4.078125,4.148438
619968600,4.15625,4.257813,4.15625,4.257813
620055000,4.257813,4.257813,4.1875,4.195313
620314200,4.195313,4.226563,4.164063,4.21875
620400600,4.21875,4.25,4.1875,4.203125
620487000,4.203125,4.234375,4.148438,4.164063
620573400,4.15625,4.15625,4.117188,4.15625
620659800,4.15625,4.21875,4.125,4.203125
621005400,4.15625,4.15625,4.101563,4.101563
621091800,4.101563,4.109375,4.015625,4.046875
621178200,4.046875,4.0625,4.039063,4.046875
621264600,4.03125,4.03125,3.953125,3.984375
621523800,3.96875,3.96875,3.90625,3.9375
621610200,3.9375,3.992188,3.929688,3.96875
621696600,3.96875,3.992188,3.890625,3.890625
621783000,3.890625,4,3.875,3.976563
621869400,3.976563,4.023438,3.921875,3.945313
622128600,3.945313,3.945313,3.914063,3.929688
622215000,3.929688,3.953125,3.90625,3.914063
622301400,3.914063,3.921875,3.898438,3.90625
622387800,3.90625,3.914063,3.828125,3.835938
622474200,3.84375,3.898438,3.84375,3.898438
622733400,3.898438,4.03125,3.867188,3.9375
622819800,3.96875,4.039063,3.96875,4.007813
622906200,4.007813,4.046875,3.992188,4.039063
622992600,4.054688,4.21875,4.054688,4.21875
623079000,4.21875,4.257813,4.1875,4.1875
623338200,4.1875,4.28125,4.132813,4.28125
623424600,4.296875,4.390625,4.296875,4.390625
623511000,4.390625,4.421875,4.359375,4.40625
623597400,4.40625,4.421875,4.367188,4.382813
623683800,4.382813,4.421875,4.375,4.414063
623943000,4.414063,4.429688,4.351563,4.382813
624029400,4.382813,4.414063,4.34375,4.414063
624115800,4.414063,4.414063,4.359375,4.398438
624202200,4.398438,4.40625,4.328125,4.34375
624288600,4.335938,4.335938,4.03125,4.046875
624547800,4.046875,4.171875,3.867188,4.171875
624634200,4.171875,4.195313,4.0625,4.171875
624720600,4.171875,4.265625,4.148438,4.25
624807000,4.257813,4.453125,4.257813,4.398438
624893400,4.398438,4.4375,4.359375,4.421875
625152600,4.421875,4.515625,4.40625,4.507813
625239000,4.507813,4.523438,4.351563,4.492188
625325400,4.492188,4.585938,4.484375,4.53125
625411800,4.53125,4.53125,4.421875,4.445313
625498200,4.445313,4.453125,4.367188,4.40625
625761000,4.40625,4.460938,4.398438,4.421875
625847400,4.445313,4.546875,4.445313,4.523438
625933800,4.523438,4.578125,4.515625,4.546875
626020200,4.546875,4.546875,4.484375,4.523438
626106600,4.515625,4.515625,4.484375,4.484375
626365800,4.484375,4.484375,4.421875,4.429688
626452200,4.429688,4.523438,4.429688,4.515625
626538600,4.53125,4.65625,4.53125,4.65625
626625000,4.65625,4.65625,4.601563,4.609375
626711400,4.609375,4.632813,4.609375,4.625
626970600,4.625,4.632813,4.59375,4.609375
627057000,4.609375,4.640625,4.554688,4.578125
627143400,4.578125,4.648438,4.570313,4.625
627229800,4.625,4.734375,4.609375,4.695313
627316200,4.695313,4.734375,4.6875,4.726563
627575400,4.726563,4.726563,4.695313,4.71875
627661800,4.71875,4.828125,4.71875,4.8125
627748200,4.8125,4.921875,4.8125,4.851563
627921000,4.859375,4.898438,4.859375,4.898438
628180200,4.898438,4.898438,4.835938,4.851563
628266600,4.851563,4.859375,4.828125,4.835938
628353000,4.835938,4.84375,4.742188,4.742188
628439400,4.75,4.828125,4.75,4.828125
628525800,4.828125,4.976563,4.828125,4.929688
628785000,4.929688,4.9375,4.90625,4.921875
628871400,4.921875,4.921875,4.84375,4.84375
628957800,4.84375,4.882813,4.835938,4.835938
629044200,4.835938,4.835938,4.796875,4.804688
629130600,4.835938,4.882813,4.835938,4.875
629389800,4.882813,4.929688,4.882813,4.921875
629476200,4.921875,4.992188,4.914063,4.96875
629562600,5,5.0625,5,5.015625
629649000,5,5,4.929688,4.992188
629735400,4.992188,5.015625,4.921875,5.007813
629994600,5.007813,5.054688,4.90625,4.953125
630081000,4.9375,4.9375,4.851563,4.90625
630167400,4.90625,4.921875,4.734375,4.765625
630253800,4.765625,4.820313,4.625,4.625
630340200,4.671875,4.773438,4.671875,4.742188
630685800,4.742188,4.765625,4.703125,4.71875
630772200,4.71875,4.789063,4.71875,4.773438
630858600,4.773438,4.804688,4.765625,4.796875
630945000,4.796875,4.859375,4.773438,4.828125
631290600,4.828125,4.875,4.796875,4.875
631377000,4.875,4.875,4.789063,4.804688
631463400,4.804688,4.8125,4.71875,4.78125
631549800,4.78125,4.828125,4.734375,4.742188
631809000,4.742188,4.84375,4.726563,4.84375
631895400,4.84375,4.859375,4.78125,4.804688
631981800,4.804688,4.8125,4.726563,4.773438
632068200,4.773438,4.820313,4.757813,4.773438
632154600,4.71875,4.71875,4.59375,4.601563
632413800,4.601563,4.609375,4.523438,4.523438
632500200,4.523438,4.5625,4.453125,4.5625
632586600,4.5625,4.570313,4.507813,4.53125
632673000,4.53125,4.539063,4.46875,4.507813
632759400,4.515625,4.554688,4.515625,4.539063
633018600,4.539063,4.554688,4.40625,4.40625
633105000,4.40625,4.46875,4.351563,4.4375
633191400,4.429688,4.429688,4.289063,4.414063
633277800,4.414063,4.429688,4.257813,4.296875
633364200,4.296875,4.320313,4.140625,4.21875
633623400,4.21875,4.28125,4.171875,4.265625
633709800,4.25,4.25,4.078125,4.140625
633796200,4.171875,4.304688,4.171875,4.304688
633882600,4.304688,4.34375,4.289063,4.296875
633969000,4.296875,4.398438,4.289063,4.335938
634228200,4.335938,4.351563,4.296875,4.320313
634314600,4.320313,4.328125,4.28125,4.296875
634401000,4.296875,4.375,4.242188,4.34375
634487400,4.34375,4.390625,4.304688,4.335938
634573800,4.335938,4.367188,4.3125,4.3125
634833000,4.3125,4.320313,4.25,4.28125
634919400,4.28125,4.289063,4.179688,4.1875
635005800,4.1875,4.234375,4.1875,4.195313
635092200,4.195313,4.34375,4.179688,4.34375
635178600,4.34375,4.375,4.28125,4.28125
635524200,4.28125,4.296875,4.226563,4.28125
635610600,4.28125,4.3125,4.226563,4.28125
635697000,4.28125,4.351563,4.234375,4.234375
635783400,4.234375,4.296875,4.21875,4.25
636042600,4.257813,4.335938,4.257813,4.328125
636129000,4.328125,4.375,4.328125,4.367188
636215400,4.367188,4.429688,4.359375,4.40625
636301800,4.40625,4.46875,4.398438,4.421875
636388200,4.421875,4.445313,4.382813,4.390625
636647400,4.390625,4.398438,4.351563,4.390625
636733800,4.398438,4.46875,4.398438,4.46875
636820200,4.46875,4.492188,4.453125,4.460938
636906600,4.460938,4.53125,4.460938,4.523438
636993000,4.507813,4.507813,4.46875,4.5
637252200,4.5,4.523438,4.484375,4.507813
637338600,4.507813,4.546875,4.476563,4.492188
637425000,4.492188,4.539063,4.492188,4.523438
637511400,4.523438,4.5625,4.484375,4.515625
637597800,4.515625,4.578125,4.46875,4.578125
637857000,4.578125,4.710938,4.546875,4.710938
637943400,4.703125,4.703125,4.632813,4.65625
638029800,4.65625,4.6875,4.617188,4.625
638116200,4.625,4.632813,4.515625,4.53125
638202600,4.5625,4.632813,4.5625,4.632813
638461800,4.640625,4.695313,4.640625,4.648438
638548200,4.648438,4.71875,4.632813,4.710938
638634600,4.710938,4.75,4.695313,4.742188
638721000,4.742188,4.742188,4.6875,4.71875
638807400,4.710938,4.710938,4.65625,4.671875
639063000,4.671875,4.75,4.640625,4.75
639149400,4.75,4.851563,4.75,4.828125
639235800,4.828125,4.867188,4.8125,4.835938
639322200,4.835938,4.882813,4.835938,4.84375
639408600,4.84375,4.875,4.835938,4.867188
639667800,4.867188,4.953125,4.859375,4.953125
639754200,4.953125,5.023438,4.929688,5.007813
639840600,5.007813,5.070313,5,5
639927000,5,5.046875,5,5.03125
640272600,5.03125,5.078125,5,5.023438
640359000,5.023438,5.039063,5,5.015625
640445400,5.015625,5.023438,4.9375,4.953125
640531800,4.929688,4.929688,4.828125,4.835938
640618200,4.835938,4.84375,4.75,4.789063
640877400,4.789063,4.8125,4.742188,4.804688
640963800,4.804688,4.84375,4.804688,4.8125
641050200,4.8125,4.835938,4.796875,4.8125
641136600,4.8125,4.835938,4.78125,4.8125
641223000,4.8125,4.8125,4.695313,4.703125
641482200,4.703125,4.796875,4.695313,4.765625
641568600,4.765625,4.875,4.765625,4.796875
641655000,4.804688,4.859375,4.804688,4.835938
641741400,4.835938,4.898438,4.835938,4.875
641827800,4.875,4.914063,4.867188,4.890625
642087000,4.890625,4.929688,4.890625,4.921875
642173400,4.921875,4.976563,4.90625,4.976563
642259800,4.976563,5.015625,4.945313,4.992188
642346200,4.992188,5.007813,4.96875,5
642432600,5.007813,5.21875,5.007813,5.203125
642691800,5.375,5.375,5.1875,5.25
642778200,5.25,5.28125,5.1875,5.234375
642864600,5.234375,5.3125,5.1875,5.265625
642951000,5.28125,5.359375,5.28125,5.328125
643037400,5.328125,5.328125,5.265625,5.3125
643296600,5.3125,5.515625,5.296875,5.4375
643383000,5.4375,5.53125,5.40625,5.4375
643469400,5.4375,5.609375,5.4375,5.609375
643555800,5.609375,5.71875,5.609375,5.671875
643642200,5.640625,5.640625,5.46875,5.484375
643987800,5.484375,5.71875,5.46875,5.6875
644074200,5.6875,5.734375,5.59375,5.625
644160600,5.625,5.6875,5.59375,5.640625
644247000,5.640625,5.703125,5.609375,5.65625
644506200,5.65625,5.828125,5.625,5.8125
644592600,5.8125,5.859375,5.703125,5.75
644679000,5.75,5.765625,5.640625,5.671875
644765400,5.671875,5.703125,5.546875,5.59375
644851800,5.59375,5.625,5.5,5.53125
645111000,5.53125,5.59375,5.5,5.5625
645197400,5.5625,5.703125,5.515625,5.671875
645283800,5.671875,5.75,5.640625,5.65625
645370200,5.640625,5.640625,5.5625,5.609375
645456600,5.609375,5.640625,5.515625,5.625
645715800,5.609375,5.609375,5.484375,5.515625
645802200,5.515625,5.578125,5.4375,5.5
645888600,5.5,5.5625,5.421875,5.515625
645975000,5.515625,5.5625,5.4375,5.546875
646061400,5.546875,5.625,5.390625,5.421875
646320600,5.421875,5.46875,5.296875,5.359375
646407000,5.375,5.484375,5.375,5.40625
646493400,5.40625,5.578125,5.390625,5.546875
646579800,5.5625,5.625,5.5625,5.625
646666200,5.625,5.671875,5.53125,5.546875
646925400,5.546875,5.578125,5.515625,5.578125
647011800,5.578125,5.609375,5.546875,5.609375
647184600,5.578125,5.578125,5.453125,5.53125
647271000,5.53125,5.65625,5.484375,5.59375
647530200,5.59375,5.65625,5.53125,5.546875
647616600,5.546875,5.5625,5.484375,5.5
647703000,5.5,5.578125,5.5,5.5625
647789400,5.5625,5.71875,5.5,5.625
647875800,5.625,5.703125,5.5625,5.609375
648135000,5.625,5.703125,5.625,5.671875
648221400,5.71875,5.921875,5.71875,5.90625
648307800,5.90625,6.046875,5.859375,5.921875
648394200,5.921875,5.96875,5.78125,5.96875
648480600,5.96875,6.03125,5.859375,5.921875
648739800,5.890625,5.890625,5.625,5.765625
648826200,5.765625,5.828125,5.640625,5.75
648912600,5.75,5.78125,5.703125,5.71875
648999000,5.71875,5.765625,5.640625,5.75
649085400,5.75,5.765625,5.6875,5.703125
649344600,5.703125,5.734375,5.625,5.71875
649431000,5.71875,5.71875,5.625,5.671875
649517400,5.671875,5.703125,5.609375,5.671875
649603800,5.59375,5.59375,5.5,5.515625
649690200,5.515625,5.53125,5.1875,5.453125
649949400,5.3125,5.3125,5.09375,5.1875
650035800,5.21875,5.390625,5.21875,5.296875
650122200,5.3125,5.546875,5.3125,5.5
650208600,5.5,5.609375,5.453125,5.59375
650295000,5.59375,5.59375,5.4375,5.46875
650554200,5.46875,5.5625,5.40625,5.5625
650640600,5.5625,5.609375,5.5,5.5625
650727000,5.5625,5.625,5.5625,5.578125
650813400,5.578125,5.578125,5.390625,5.390625
650899800,5.34375,5.34375,5.203125,5.25
651159000,5.265625,5.34375,5.265625,5.28125
651245400,5.28125,5.296875,5.03125,5.171875
651331800,5.171875,5.234375,4.90625,4.9375
651418200,4.921875,4.921875,4.65625,4.703125
651504600,4.703125,4.921875,4.703125,4.875
651763800,5.140625,5.234375,5.140625,5.203125
651850200,5.203125,5.296875,5.1875,5.21875
651936600,5.21875,5.421875,5.21875,5.34375
652023000,5.34375,5.375,5.140625,5.15625
652109400,5.15625,5.28125,5.09375,5.28125
652455000,5.28125,5.34375,5.15625,5.34375
652541400,5.34375,5.34375,5.25,5.3125
652627800,5.28125,5.28125,5.140625,5.140625
652714200,5.140625,5.328125,5.109375,5.265625
652973400,5.265625,5.375,5.265625,5.28125
653059800,5.28125,5.296875,5.203125,5.25
653146200,5.25,5.3125,5.203125,5.265625
653232600,5.265625,5.28125,5.125,5.15625
653319000,5.109375,5.109375,5.03125,5.09375
653578200,5.09375,5.140625,5.03125,5.0625
653664600,5.0625,5.171875,4.96875,5.15625
653751000,5.15625,5.1875,4.96875,4.96875
653837400,4.953125,4.953125,4.828125,4.84375
653923800,4.84375,4.921875,4.71875,4.890625
654183000,4.875,4.875,4.703125,4.796875
654269400,4.796875,4.90625,4.734375,4.890625
654355800,4.890625,4.9375,4.765625,4.84375
654442200,4.84375,4.953125,4.671875,4.859375
654528600,4.859375,4.9375,4.6875,4.9375
654787800,4.984375,5.21875,4.984375,5.203125
654874200,5.203125,5.328125,5.15625,5.15625
654960600,5.15625,5.28125,5.125,5.140625
655047000,5.140625,5.234375,5.03125,5.21875
655133400,5.21875,5.375,5.078125,5.28125
655392600,5.3125,5.375,5.3125,5.34375
655479000,5.328125,5.328125,5.125,5.125
655565400,5.125,5.234375,4.984375,5.03125
655651800,5.03125,5.125,4.96875,5.046875
655738200,5.078125,5.25,5.078125,5.203125
655997400,5.203125,5.328125,5.03125,5.28125
656083800,5.28125,5.375,5.203125,5.21875
656170200,5.21875,5.3125,5.09375,5.203125
656256600,5.265625,5.4375,5.265625,5.421875
656343000,5.515625,5.71875,5.515625,5.71875
656602200,5.703125,5.703125,5.578125,5.640625
656688600,5.640625,5.703125,5.578125,5.640625
656775000,5.640625,5.71875,5.59375,5.703125
656861400,5.703125,5.765625,5.59375,5.625
656947800,5.625,5.625,5.5,5.53125
657210600,5.53125,5.578125,5.40625,5.46875
657297000,5.46875,5.609375,5.453125,5.609375
657383400,5.609375,5.671875,5.515625,5.609375
657469800,5.609375,5.640625,5.53125,5.640625
657556200,5.640625,5.6875,5.609375,5.640625
657815400,5.640625,5.71875,5.578125,5.65625
657901800,5.65625,5.65625,5.5625,5.578125
657988200,5.5625,5.5625,5.5,5.515625
658074600,5.515625,5.59375,5.46875,5.484375
658161000,5.484375,5.609375,5.4375,5.609375
658420200,5.609375,5.671875,5.5625,5.671875
658506600,5.65625,5.65625,5.5625,5.625
658593000,5.625,5.734375,5.625,5.671875
658679400,5.671875,5.6875,5.609375,5.65625
658765800,5.65625,5.71875,5.65625,5.71875
659025000,5.75,5.875,5.75,5.828125
659111400,5.828125,5.875,5.78125,5.796875
659197800,5.796875,5.84375,5.671875,5.734375
659370600,5.734375,5.8125,5.65625,5.71875
659629800,5.640625,5.640625,5.59375,5.609375
659716200,5.609375,5.765625,5.53125,5.765625
659802600,5.765625,5.78125,5.671875,5.6875
659889000,5.6875,5.734375,5.546875,5.59375
659975400,5.59375,5.828125,5.5625,5.78125
660234600,5.78125,5.875,5.765625,5.84375
660321000,5.84375,5.875,5.703125,5.859375
660407400,5.859375,5.953125,5.8125,5.9375
660493800,5.9375,6.0625,5.859375,5.875
660580200,5.875,5.890625,5.78125,5.859375
660839400,5.859375,5.921875,5.8125,5.890625
660925800,5.890625,5.90625,5.828125,5.859375
661012200,5.859375,6.046875,5.84375,6.03125
661098600,6.03125,6.109375,5.984375,6.015625
661185000,6,6,5.90625,5.9375
661444200,5.9375,6.015625,5.859375,5.984375
661530600,6,6.125,6,6.09375
661617000,6.09375,6.125,5.953125,5.984375
661703400,5.984375,6.046875,5.859375,6.015625
661789800,6.03125,6.09375,6.03125,6.0625
662049000,6.0625,6.0625,5.921875,5.921875
662221800,5.921875,5.96875,5.90625,5.921875
662308200,5.921875,5.921875,5.8125,5.859375
662394600,5.859375,5.859375,5.796875,5.828125
662653800,5.828125,5.84375,5.765625,5.8125
662826600,5.796875,5.796875,5.65625,5.65625
662913000,5.65625,5.734375,5.484375,5.5
662999400,5.5,5.671875,5.484375,5.640625
663258600,5.640625,5.65625,5.546875,5.546875
663345000,5.546875,5.578125,5.46875,5.5
663431400,5.5,5.671875,5.328125,5.375
663517800,5.421875,5.5,5.421875,5.46875
663604200,5.46875,5.5625,5.46875,5.53125
663863400,5.53125,5.578125,5.421875,5.546875
663949800,5.546875,5.5625,5.5,5.546875
664036200,5.546875,5.625,5.515625,5.609375
664122600,5.796875,5.984375,5.796875,5.96875
664209000,5.96875,6.078125,5.921875,6.078125
664468200,6.03125,6.03125,5.96875,6
664554600,6,6.046875,5.9375,6
664641000,6,6.046875,5.953125,6.015625
664727400,6.03125,6.140625,6.03125,6.109375
664813800,6.109375,6.125,5.953125,5.96875
665073000,5.96875,6.03125,5.9375,5.953125
665159400,5.953125,5.96875,5.875,5.921875
665245800,5.921875,6.09375,5.890625,6.09375
665332200,6.09375,6.09375,6.03125,6.09375
665418600,6.078125,6.078125,5.875,5.90625
665677800,5.921875,6.0625,5.921875,6.03125
665764200,6.03125,6.265625,5.96875,6.234375
665850600,6.234375,6.484375,6.1875,6.4375
665937000,6.4375,6.453125,6.1875,6.1875
666023400,6.203125,6.328125,6.203125,6.3125
666282600,6.328125,6.484375,6.328125,6.484375
666369000,6.46875,6.46875,6.34375,6.359375
666455400,6.359375,6.5,6.359375,6.484375
666541800,6.484375,6.5625,6.390625,6.4375
666628200,6.4375,6.625,6.4375,6.5625
666973800,6.5625,6.5625,6.453125,6.546875
667060200,6.5,6.5,6.421875,6.46875
667146600,6.46875,6.59375,6.4375,6.578125
667233000,6.578125,6.796875,6.484375,6.65625
667492200,6.671875,6.78125,6.671875,6.6875
667578600,6.671875,6.671875,6.59375,6.640625
667665000,6.65625,6.75,6.65625,6.6875
667751400,6.6875,6.75,6.5,6.546875
667837800,6.546875,6.59375,6.390625,6.59375
668097000,6.59375,6.609375,6.46875,6.46875
668183400,6.46875,6.703125,6.4375,6.65625
668269800,6.65625,6.671875,6.515625,6.546875
668356200,6.546875,6.671875,6.53125,6.53125
668442600,6.53125,6.625,6.515625,6.53125
668701800,6.53125,6.5625,6.484375,6.5
668788200,6.5,6.515625,6.4375,6.453125
668874600,6.453125,6.65625,6.4375,6.640625
668961000,6.65625,6.828125,6.65625,6.703125
669047400,6.703125,6.71875,6.609375,6.703125
669306600,6.703125,6.796875,6.65625,6.75
669393000,6.75,6.796875,6.625,6.65625
669479400,6.734375,6.9375,6.734375,6.828125
669565800,6.828125,6.890625,6.71875,6.75
669652200,6.75,6.765625,6.640625,6.75
669911400,6.75,6.78125,6.625,6.640625
669997800,6.640625,6.78125,6.609375,6.75
670084200,6.75,6.859375,6.734375,6.78125
670170600,6.78125,6.875,6.765625,6.78125
670516200,6.78125,6.859375,6.765625,6.84375
670602600,6.859375,7.0625,6.859375,7.0625
670689000,7.0625,7.09375,6.953125,6.96875
670775400,6.96875,7.03125,6.890625,6.9375
670861800,6.921875,6.921875,6.75,6.765625
671117400,6.765625,6.796875,6.65625,6.71875
671203800,6.71875,6.71875,6.59375,6.609375
671290200,6.609375,6.640625,6.546875,6.609375
671376600,6.609375,6.671875,6.578125,6.59375
671463000,6.59375,6.703125,6.53125,6.703125
671722200,6.703125,6.828125,6.703125,6.765625
671808600,6.765625,6.953125,6.734375,6.9375
671895000,6.9375,7.078125,6.875,7
671981400,6.9375,6.9375,6.859375,6.875
672067800,6.859375,6.859375,6.75,6.78125
672327000,6.78125,6.796875,6.71875,6.78125
672413400,6.78125,6.796875,6.71875,6.75
672499800,6.75,6.78125,6.6875,6.71875
672586200,6.71875,6.71875,6.609375,6.65625
672672600,6.625,6.625,6.546875,6.625
672931800,6.625,6.640625,6.421875,6.421875
673018200,6.46875,6.625,6.46875,6.59375
673104600,6.59375,6.78125,6.578125,6.78125
673191000,6.78125,6.90625,6.78125,6.796875
673277400,6.796875,6.890625,6.78125,6.890625
673536600,6.890625,6.953125,6.828125,6.90625
673623000,6.90625,6.9375,6.78125,6.84375
673709400,6.84375,6.859375,6.765625,6.84375
673795800,6.84375,7.015625,6.828125,7
673882200,7,7,6.828125,6.84375
674141400,6.84375,6.859375,6.765625,6.796875
674227800,6.78125,6.78125,6.6875,6.734375
674314200,6.734375,6.8125,6.625,6.71875
674400600,6.734375,6.90625,6.734375,6.875
674487000,6.875,6.90625,6.78125,6.859375
674746200,6.859375,6.90625,6.84375,6.890625
674832600,6.890625,7.0625,6.890625,6.984375
674919000,6.984375,7.015625,6.953125,7
675005400,7,7.078125,6.84375,6.875
675091800,6.90625,7.046875,6.90625,6.984375
675437400,6.984375,7.0625,6.96875,7.0625
675523800,7.0625,7.0625,6.984375,7.0625
675610200,7.0625,7.25,7.0625,7.171875
675696600,7.171875,7.1875,7.046875,7.15625
675955800,7.140625,7.140625,7.03125,7.0625
676042200,7.0625,7.0625,7.015625,7.03125
676128600,7.015625,7.015625,6.890625,6.90625
676215000,6.90625,6.921875,6.828125,6.859375
676301400,6.859375,6.9375,6.84375,6.859375
676560600,6.859375,6.890625,6.84375,6.890625
676647000,6.890625,6.96875,6.875,6.9375
676733400,6.9375,6.9375,6.78125,6.828125
676819800,6.828125,6.921875,6.8125,6.921875
676906200,6.96875,7.0625,6.96875,7.015625
677165400,7.015625,7.046875,6.96875,7
677251800,7,7.03125,6.859375,6.890625
677338200,6.875,6.875,6.78125,6.875
677424600,6.890625,6.96875,6.890625,6.9375
677511000,6.9375,6.9375,6.859375,6.9375
677770200,6.9375,6.9375,6.890625,6.890625
677856600,6.890625,6.921875,6.78125,6.828125
677943000,6.828125,6.9375,6.765625,6.875
678029400,6.875,6.96875,6.828125,6.84375
678115800,6.84375,6.84375,6.703125,6.8125
678375000,6.8125,7,6.8125,7
678461400,7,7.015625,6.9375,6.984375
678547800,6.953125,6.953125,6.890625,6.953125
678720600,6.953125,6.984375,6.921875,6.984375
678979800,6.984375,7.0625,6.890625,7.0625
679066200,7.0625,7.078125,6.9375,6.96875
679152600,6.96875,7.078125,6.875,6.921875
679239000,6.921875,6.984375,6.875,6.984375
679325400,7.03125,7.25,7.03125,7.21875
679584600,7.21875,7.25,7.15625,7.203125
679671000,7.203125,7.265625,7.1875,7.21875
679757400,7.234375,7.359375,7.234375,7.28125
679843800,7.328125,7.484375,7.328125,7.484375
679930200,7.484375,7.5,7.390625,7.4375
680189400,7.4375,7.46875,7.3125,7.359375
680275800,7.359375,7.40625,7.28125,7.296875
680362200,7.296875,7.359375,7.28125,7.28125
680448600,7.28125,7.3125,7.234375,7.28125
680535000,7.28125,7.28125,7.203125,7.234375
680794200,7.234375,7.3125,7.21875,7.3125
680880600,7.3125,7.4375,7.3125,7.421875
680967000,7.421875,7.53125,7.40625,7.515625
681053400,7.515625,7.625,7.484375,7.609375
681139800,7.625,7.75,7.625,7.734375
681399000,7.734375,7.796875,7.640625,7.765625
681485400,7.765625,8,7.765625,7.9375
681571800,7.9375,8,7.90625,7.921875
681658200,7.921875,7.96875,7.828125,7.875
681744600,7.875,7.953125,7.828125,7.859375
682003800,7.859375,7.90625,7.828125,7.90625
682090200,7.90625,8.046875,7.90625,7.9375
682176600,7.953125,8.078125,7.953125,7.96875
682263000,7.96875,8.078125,7.953125,7.984375
682349400,7.984375,7.984375,7.8125,7.84375
682608600,7.796875,7.796875,7.578125,7.734375
682695000,7.796875,7.921875,7.796875,7.90625
682781400,8.015625,8.140625,8.015625,8.140625
682867800,8.140625,8.171875,8.09375,8.109375
682954200,8.109375,8.203125,8.078125,8.125
683213400,8.125,8.140625,8.078125,8.109375
683299800,8.109375,8.125,8.03125,8.078125
683386200,8.078125,8.3125,8.046875,8.296875
683472600,8.28125,8.28125,8.203125,8.25
683559000,8.234375,8.234375,8.1875,8.21875
683904600,8.21875,8.3125,8.125,8.125
683991000,8.125,8.15625,7.984375,8.03125
684077400,8.03125,8.09375,8,8.03125
684163800,8.03125,8.171875,8,8.140625
684423000,8.125,8.125,8.046875,8.0625
684509400,8.0625,8.0625,7.9375,7.953125
684595800,7.953125,8.03125,7.953125,8.015625
684682200,8.015625,8.09375,8.015625,8.09375
684768600,8.078125,8.078125,7.9375,8.0625
685027800,8.0625,8.171875,8.046875,8.171875
685114200,8.171875,8.21875,8.140625,8.140625
685200600,8.140625,8.1875,8.109375,8.1875
685287000,8.1875,8.203125,8.125,8.125
685373400,8.125,8.15625,8.078125,8.09375
685632600,8.09375,8.109375,8.015625,8.015625
685719000,8.015625,8.09375,8.015625,8.046875
685805400,8.046875,8.09375,8.03125,8.046875
685891800,8.046875,8.09375,8.015625,8.03125
685978200,8.03125,8.109375,8.015625,8.03125
686237400,8.03125,8.125,8.015625,8.0625
686323800,8.109375,8.171875,8.109375,8.125
686410200,8.125,8.234375,8.09375,8.109375
686496600,8.09375,8.09375,8,8
686583000,8,8.09375,7.96875,7.984375
686842200,7.984375,7.984375,7.921875,7.953125
686928600,7.953125,8.078125,7.9375,8.03125
687015000,8.03125,8.09375,7.984375,7.984375
687101400,7.984375,8.015625,7.9375,7.96875
687187800,7.96875,7.96875,7.84375,7.875
687447000,7.875,8.015625,7.875,8
687533400,7.984375,7.984375,7.90625,7.90625
687619800,7.890625,7.890625,7.796875,7.859375
687706200,7.859375,7.890625,7.796875,7.859375
687792600,7.859375,7.953125,7.859375,7.921875
688051800,7.921875,7.921875,7.828125,7.890625
688138200,7.890625,7.921875,7.8125,7.84375
688224600,7.84375,7.953125,7.8125,7.875
688311000,7.875,7.890625,7.8125,7.84375
688397400,7.84375,7.9375,7.84375,7.921875
688660200,7.921875,8.109375,7.921875,8.109375
688746600,8.109375,8.203125,8,8.203125
688833000,8.203125,8.390625,8.1875,8.359375
688919400,8.34375,8.34375,8.234375,8.328125
689005800,8.328125,8.453125,8.234375,8.265625
689265000,8.265625,8.265625,8.1875,8.234375
689351400,8.234375,8.328125,8.15625,8.171875
689437800,8.171875,8.21875,8.109375,8.203125
689524200,8.203125,8.21875,8.15625,8.203125
689610600,8.203125,8.265625,8.203125,8.203125
689869800,8.21875,8.3125,8.21875,8.296875
689956200,8.34375,8.390625,8.34375,8.375
690042600,8.375,8.484375,8.296875,8.484375
690129000,8.484375,8.546875,8.453125,8.546875
690215400,8.546875,8.6875,8.09375,8.09375
690474600,8.109375,8.390625,8.109375,8.390625
690561000,8.359375,8.359375,8.171875,8.296875
690647400,8.296875,8.34375,8.140625,8.3125
690733800,8.359375,8.59375,8.359375,8.59375
690820200,8.59375,8.703125,8.46875,8.65625
691079400,8.609375,8.609375,8.453125,8.5625
691165800,8.5625,8.84375,8.390625,8.8125
691252200,8.8125,8.84375,8.703125,8.734375
691425000,8.734375,8.734375,8.671875,8.671875
691684200,8.59375,9,8.53125,8.984375
691770600,8.96875,9.03125,8.90625,8.9375
691857000,8.890625,8.96875,8.875,8.953125
691943400,8.90625,9.109375,8.875,9.046875
692029800,8.96875,9.078125,8.921875,8.9375
692289000,9.0625,9.125,9,9.046875
692375400,9.046875,9.109375,8.9375,8.953125
692461800,9.015625,9.03125,8.890625,9.015625
692548200,9.140625,9.140625,8.953125,8.96875
692634600,9.046875,9.109375,9,9
692893800,9.015625,9.203125,8.96875,9.171875
692980200,9.21875,9.34375,9.21875,9.34375
693066600,9.1875,9.375,9.1875,9.359375
693153000,9.34375,9.390625,9.296875,9.375
693239400,9.46875,9.53125,9.359375,9.484375
693498600,9.46875,9.875,9.46875,9.84375
693585000,9.859375,10.046875,9.84375,9.96875
693757800,10,10.125,10,10.078125
693844200,10.125,10.15625,10.015625,10.03125
694103400,10.015625,10.21875,9.96875,10.15625
694189800,10.15625,10.171875,9.9375,10.03125
694362600,9.921875,10.03125,9.78125,10.03125
694449000,10.03125,10.421875,10.03125,10.40625
694708200,10.328125,10.40625,10.28125,10.375
694794600,10.296875,10.328125,10.21875,10.28125
694881000,10.1875,10.234375,10.078125,10.09375
694967400,10.046875,10.125,9.984375,10
695053800,9.9375,10,9.765625,9.90625
695313000,9.875,9.890625,9.8125,9.859375
695399400,9.84375,10.03125,9.8125,9.96875
695485800,9.984375,10.03125,9.609375,9.625
695572200,9.515625,9.5625,9.21875,9.25
695658600,9.28125,9.375,9.21875,9.265625
695917800,9.15625,9.171875,9.046875,9.078125
696004200,9.15625,9.234375,9.0625,9.171875
696090600,9.234375,9.359375,9.1875,9.359375
696177000,9.390625,9.421875,9.296875,9.3125
696263400,9.3125,9.390625,9.296875,9.359375
696522600,9.375,9.40625,9.21875,9.234375
696609000,9.234375,9.296875,9.0625,9.171875
696695400,9.171875,9.265625,8.890625,8.9375
696781800,9.125,9.671875,9.09375,9.640625
696868200,9.78125,9.859375,9.65625,9.6875
697127400,9.75,9.875,9.734375,9.859375
697213800,9.828125,9.9375,9.796875,9.875
697300200,9.875,9.921875,9.734375,9.765625
697386600,9.78125,9.84375,9.765625,9.828125
697473000,9.875,9.90625,9.734375,9.765625
697732200,9.78125,9.859375,9.78125,9.84375
697818600,9.8125,9.828125,9.6875,9.71875
697905000,9.734375,9.84375,9.71875,9.8125
697991400,9.78125,9.796875,9.625,9.6875
698077800,9.625,9.734375,9.625,9.625
698423400,9.5625,9.625,9.421875,9.484375
698509800,9.421875,9.640625,9.421875,9.625
698596200,9.640625,9.921875,9.546875,9.890625
698682600,9.875,9.90625,9.8125,9.890625
698941800,9.890625,9.9375,9.84375,9.9375
699028200,9.921875,9.953125,9.859375,9.953125
699114600,10,10.25,9.984375,10.25
699201000,10.21875,10.3125,10.140625,10.203125
699287400,10.25,10.34375,10.1875,10.21875
699546600,10.1875,10.28125,10.125,10.171875
699633000,10.171875,10.28125,10.140625,10.1875
699719400,10.1875,10.1875,10.015625,10.0625
699805800,10.03125,10.046875,9.9375,10.046875
699892200,10.03125,10.109375,9.84375,9.859375
700151400,9.75,10.03125,9.75,10.015625
700237800,9.984375,10.25,9.984375,10.15625
700324200,10.15625,10.265625,10.0625,10.109375
700410600,10.078125,10.15625,9.984375,10.140625
700497000,10.1875,10.25,10.125,10.171875
700756200,10.125,10.21875,10.09375,10.21875
700842600,10.25,10.3125,10.234375,10.296875
700929000,10.265625,10.296875,10.15625,10.171875
701015400,10.25,10.25,10,10.078125
701101800,10.0625,10.140625,10,10.125
701361000,10.109375,10.234375,10.078125,10.21875
701447400,10.25,10.28125,10.109375,10.1875
701533800,10.21875,10.296875,10.203125,10.28125
701620200,10.3125,10.34375,10.234375,10.3125
701706600,10.328125,10.421875,10.296875,10.34375
701965800,10.359375,10.40625,10.234375,10.265625
702052200,10.265625,10.328125,10.1875,10.21875
702138600,10.140625,10.28125,10.09375,10.25
702225000,10.28125,10.296875,10.03125,10.109375
702311400,10.09375,10.390625,10.078125,10.375
702567000,10.40625,10.546875,10.390625,10.421875
702653400,10.40625,10.40625,10.109375,10.109375
702739800,10.03125,10.046875,9.921875,10
702826200,10.03125,10.171875,9.890625,10.15625
702912600,10.3125,10.3125,10.234375,10.296875
703171800,10.3125,10.375,10.203125,10.234375
703258200,10.265625,10.328125,10.1875,10.25
703344600,10.375,10.4375,10.125,10.421875
703431000,10.421875,10.4375,10.28125,10.390625
703776600,10.3125,10.328125,10.078125,10.171875
703863000,10.21875,10.25,10.109375,10.15625
703949400,10.15625,10.21875,10.0625,10.15625
704035800,10.171875,10.296875,10.0625,10.296875
704122200,10.296875,10.34375,10.109375,10.125
704381400,10.0625,10.1875,10.046875,10.046875
704467800,10.015625,10.0625,9.953125,10.046875
704554200,10.0625,10.265625,10.015625,10.203125
704640600,10.21875,10.375,10.203125,10.375
704727000,10.34375,10.40625,10.234375,10.359375
704986200,10.5,10.5,10.390625,10.4375
705072600,10.46875,10.484375,10.328125,10.34375
705159000,10.28125,10.46875,10.28125,10.328125
705245400,10.3125,10.453125,10.3125,10.421875
705331800,10.46875,10.578125,10.375,10.5625
705591000,10.5625,10.6875,10.5625,10.671875
705677400,10.75,10.78125,10.625,10.71875
705763800,10.78125,11.0625,10.75,10.9375
705850200,11,11,10.71875,10.78125
705936600,10.8125,10.90625,10.75,10.84375
706195800,10.90625,11.125,10.875,11.0625
706282200,11.125,11.28125,11.09375,11.28125
706368600,11.28125,11.28125,11.09375,11.125
706455000,11.0625,11.09375,10.96875,11.09375
706541400,11.125,11.1875,11.0625,11.0625
706887000,11.03125,11.0625,10.71875,10.84375
706973400,10.9375,11.125,10.90625,11.03125
707059800,11.03125,11.125,10.90625,11.125
707146200,11.1875,11.1875,11,11
707405400,10.9375,11.21875,10.875,11.1875
707491800,11.1875,11.21875,11.0625,11.0625
707578200,11.09375,11.25,11,11
707664600,11.03125,11.0625,10.65625,10.6875
707751000,10.71875,10.96875,10.65625,10.96875
708010200,10.9375,11.03125,10.84375,10.90625
708096600,10.90625,10.9375,10.75,10.78125
708183000,10.78125,10.8125,10.625,10.65625
708269400,10.6875,10.71875,10.5625,10.6875
708355800,10.8125,10.84375,10.5,10.5625
708615000,10.4375,10.59375,10.40625,10.5
708701400,10.5625,10.59375,10.1875,10.1875
708787800,10.125,10.15625,9.78125,9.84375
708874200,9.84375,9.96875,9.71875,9.90625
708960600,9.90625,10.125,9.875,10.09375
709219800,10.03125,10.0625,9.90625,10.0625
709306200,10.09375,10.1875,10,10.03125
709392600,10,10.0625,9.9375,9.96875
709479000,10.0625,10.125,10,10.09375
709565400,10.03125,10.125,9.90625,9.9375
709824600,10,10.09375,9.96875,10.09375
709911000,10.09375,10.125,9.9375,10
709997400,9.9375,10.34375,9.9375,10.3125
710083800,10.375,10.53125,10.15625,10.46875
710429400,10.5,10.65625,10.5,10.625
710515800,10.625,10.6875,10.4375,10.5
710602200,10.46875,10.625,10.40625,10.625
710688600,10.625,10.8125,10.5625,10.78125
710775000,10.84375,10.84375,10.625,10.65625
711034200,10.65625,10.71875,10.46875,10.53125
711120600,10.46875,10.5,10.21875,10.375
711207000,10.375,10.40625,10,10.125
711293400,10.0625,10.1875,10,10.125
711379800,10.09375,10.25,10.03125,10.21875
711639000,10.15625,10.34375,10.15625,10.25
711725400,10.4375,10.4375,10.3125,10.34375
711811800,10.25,10.28125,10.125,10.15625
711898200,10.15625,10.1875,10.03125,10.15625
711984600,10.0625,10.1875,10.0625,10.125
712243800,10.125,10.15625,10.03125,10.09375
712330200,10.125,10.34375,10.125,10.25
712416600,10.34375,10.46875,10.3125,10.46875
712503000,10.4375,10.5,10.3125,10.375
712589400,10.40625,10.59375,10.375,10.46875
712848600,10.46875,10.75,10.4375,10.75
712935000,10.75,10.75,10.53125,10.65625
713021400,10.59375,10.65625,10.5625,10.625
713107800,10.625,10.71875,10.5,10.625
713194200,10.65625,10.90625,10.625,10.65625
713453400,10.59375,10.8125,10.59375,10.78125
713539800,10.8125,10.8125,10.59375,10.71875
713626200,10.6875,10.75,10.625,10.75
713712600,10.78125,10.875,10.6875,10.8125
713799000,10.8125,10.84375,10.6875,10.84375
714058200,10.8125,10.96875,10.8125,10.84375
714144600,10.875,10.9375,10.84375,10.875
714231000,10.90625,10.9375,10.78125,10.78125
714317400,10.84375,10.9375,10.8125,10.90625
714403800,10.96875,10.96875,10.625,10.6875
714663000,10.5,10.65625,10.46875,10.65625
714749400,10.6875,10.71875,10.5625,10.65625
714835800,10.65625,10.71875,10.5625,10.6875
714922200,10.78125,10.8125,10.6875,10.71875
715008600,10.71875,10.84375,10.65625,10.84375
715267800,10.84375,10.9375,10.6875,10.75
715354200,10.71875,10.9375,10.71875,10.9375
715440600,10.9375,10.96875,10.84375,10.90625
715527000,10.90625,11,10.84375,10.90625
715613400,10.875,11,10.84375,10.90625
715959000,10.9375,10.9375,10.84375,10.90625
716045400,10.90625,11.03125,10.90625,11.03125
716131800,11.03125,11.09375,10.96875,11.03125
716218200,11.0625,11.09375,10.9375,11.0625
716477400,11.125,11.15625,10.96875,11.09375
716563800,11.0625,11.1875,11.03125,11.0625
716650200,11.03125,11.3125,11,11.1875
716736600,11.15625,11.28125,11.125,11.15625
716823000,11.21875,11.34375,11.15625,11.25
717082200,11.21875,11.21875,11.15625,11.1875
717168600,11.125,11.15625,10.5625,10.5625
717255000,10.375,10.40625,10.0625,10.1875
717341400,10.28125,10.34375,10.1875,10.34375
717427800,10.375,10.375,10.21875,10.28125
717687000,10.25,10.3125,10.125,10.3125
717773400,10.28125,10.28125,10.15625,10.1875
717859800,10.125,10.21875,10.125,10.125
717946200,10.125,10.15625,9.9375,10
718032600,9.96875,10.03125,9.75,9.8125
718291800,9.71875,9.84375,9.375,9.84375
718378200,9.84375,9.875,9.65625,9.6875
718464600,9.65625,9.65625,9.25,9.375
718551000,9.40625,9.5,9.28125,9.40625
718637400,9.375,9.40625,9.21875,9.25
718896600,9.28125,9.34375,9.125,9.21875
718983000,9.25,9.53125,9.21875,9.46875
719069400,9.6875,9.78125,9.5,9.625
719155800,9.59375,9.90625,9.59375,9.8125
719242200,9.96875,10.09375,9.84375,10.09375
719501400,10.0625,10.28125,10.0625,10.28125
719587800,10.28125,10.34375,10.15625,10.1875
719674200,10.21875,10.25,10.125,10.125
719760600,10.15625,10.21875,10.0625,10.125
719847000,10.09375,10.1875,9.96875,10
720109800,9.96875,10.1875,9.9375,10.1875
720196200,10.21875,10.34375,10.0625,10.34375
720282600,10.25,10.40625,10.25,10.34375
720369000,10.3125,10.375,10.25,10.375
720455400,10.375,10.375,10.15625,10.15625
720714600,10.15625,10.375,10.125,10.375
720801000,10.40625,10.40625,10.125,10.1875
720887400,10.125,10.21875,10.0625,10.0625
720973800,10.0625,10.25,10.0625,10.21875
721060200,10.1875,10.28125,10.09375,10.21875
721319400,10.21875,10.34375,10.15625,10.28125
721405800,10.25,10.28125,10.15625,10.21875
721492200,10.25,10.5,10.25,10.46875
721578600,10.46875,10.46875,10.21875,10.25
721665000,10.25,10.375,10.125,10.375
721924200,10.25,10.28125,10.1875,10.21875
722010600,10.21875,10.21875,10.125,10.1875
722097000,10.1875,10.28125,10.125,10.1875
722183400,10.15625,10.1875,10.09375,10.1875
722269800,10.21875,10.21875,10.09375,10.21875
722529000,10.21875,10.25,10.15625,10.1875
722615400,10.15625,10.34375,10.125,10.125
722701800,10.09375,10.1875,10.09375,10.15625
722874600,10.15625,10.21875,10.09375,10.09375
723133800,10.03125,10.0625,9.6875,9.9375
723220200,9.90625,9.9375,9.71875,9.90625
723306600,9.90625,10,9.8125,9.875
723393000,9.875,9.9375,9.78125,9.875
723479400,9.90625,9.90625,9.8125,9.90625
723738600,9.90625,10.03125,9.75,10
723825000,10,10.03125,9.96875,10.03125
723911400,9.96875,10,9.90625,9.96875
723997800,9.9375,9.96875,9.84375,9.9375
724084200,9.90625,10,9.90625,9.96875
724343400,9.96875,10.03125,9.875,9.875
724429800,9.78125,10.25,9.78125,10.15625
724516200,10.21875,10.34375,10.09375,10.15625
724602600,10.25,10.375,10.15625,10.375
724689000,10.53125,10.9375,10.46875,10.9375
724948200,10.875,11.03125,10.84375,10.875
725034600,10.90625,10.9375,10.8125,10.90625
725121000,10.84375,10.9375,10.8125,10.90625
725207400,10.90625,10.96875,10.84375,10.875
725553000,10.90625,10.9375,10.84375,10.875
725639400,10.90625,11.125,10.75,10.75
725725800,10.8125,10.84375,10.65625,10.6875
725812200,10.71875,10.75,10.46875,10.46875
726157800,10.5,10.59375,10.4375,10.5
726244200,10.5,10.53125,10.25,10.28125
726330600,10.28125,10.375,10.28125,10.34375
726417000,10.375,10.46875,10.0625,10.15625
726503400,10.09375,10.1875,10.03125,10.0625
726762600,10,10.21875,10,10.1875
726849000,10.28125,10.3125,10.09375,10.25
726935400,10.25,10.375,10.15625,10.34375
727021800,10.5625,10.8125,10.53125,10.8125
727108200,10.84375,11.03125,10.78125,10.8125
727367400,10.75,10.8125,10.65625,10.78125
727453800,10.6875,10.71875,10.5,10.5
727540200,10.5,10.5625,10.4375,10.4375
727626600,10.46875,10.46875,10.375,10.46875
727713000,10.46875,10.53125,10.25,10.25
727972200,10.28125,10.46875,10.25,10.4375
728058600,10.4375,10.5625,10.4375,10.53125
728145000,10.53125,10.625,10.375,10.375
728231400,10.375,10.375,10.25,10.3125
728317800,10.40625,10.65625,10.375,10.59375
728577000,10.65625,10.75,10.625,10.75
728663400,10.65625,10.6875,10.53125,10.53125
728749800,10.5625,10.625,10.4375,10.46875
728836200,10.59375,10.59375,10.375,10.4375
728922600,10.4375,10.4375,10.21875,10.3125
729181800,10.3125,10.375,10.25,10.28125
729268200,10.25,10.28125,10.15625,10.1875
729354600,10.21875,10.25,10.09375,10.125
729441000,10.1875,10.34375,10.15625,10.15625
729527400,10.15625,10.21875,10.0625,10.125
729873000,10.0625,10.28125,10,10.15625
729959400,10.15625,10.3125,10.125,10.21875
730045800,10.375,10.40625,10.1875,10.3125
730132200,10.4375,10.46875,10.3125,10.4375
730391400,10.46875,10.59375,10.28125,10.3125
730477800,10.28125,10.40625,10.1875,10.34375
730564200,10.3125,10.53125,10.28125,10.5
730650600,10.53125,10.625,10.4375,10.5625
730737000,10.625,10.65625,10.46875,10.59375
730996200,10.6875,10.6875,10.53125,10.53125
731082600,10.5625,10.78125,10.46875,10.78125
731169000,10.84375,10.84375,10.6875,10.6875
731255400,10.6875,10.84375,10.59375,10.78125
731341800,10.75,10.90625,10.65625,10.71875
731601000,10.78125,10.96875,10.71875,10.9375
731687400,10.90625,10.9375,10.78125,10.78125
731773800,10.71875,10.75,10.59375,10.71875
731860200,10.6875,10.8125,10.65625,10.6875
731946600,10.59375,10.65625,10.53125,10.5625
732205800,10.5625,10.75,10.5625,10.75
732292200,10.75,10.84375,10.6875,10.78125
732378600,10.78125,10.78125,10.65625,10.65625
732465000,10.6875,10.8125,10.6875,10.71875
732551400,10.75,10.75,10.53125,10.59375
732810600,10.53125,10.5625,10.5,10.5
732897000,10.53125,10.53125,10.375,10.375
732983400,10.34375,10.5,10.34375,10.46875
733069800,10.46875,10.6875,10.46875,10.65625
733156200,10.6875,10.71875,10.34375,10.40625
733415400,10.4375,10.53125,10.40625,10.46875
733501800,10.46875,10.75,10.46875,10.75
733588200,10.78125,10.8125,10.625,10.65625
733674600,10.71875,10.78125,10.625,10.71875
733761000,10.625,10.65625,10.46875,10.5
734016600,10.5,10.53125,10.25,10.25
734103000,10.15625,10.1875,9.78125,10
734189400,9.78125,9.90625,9.71875,9.875
734275800,9.875,9.9375,9.375,9.9375
734621400,10,10.125,9.8125,9.84375
734707800,9.84375,10,9.71875,9.78125
734794200,9.8125,9.96875,9.6875,9.96875
734880600,9.96875,10.03125,9.90625,9.90625
734967000,9.96875,10,9.4375,9.5
735226200,9.53125,9.59375,9.4375,9.53125
735312600,9.5,9.65625,9.4375,9.625
735399000,9.65625,9.9375,9.5,9.75
735485400,9.84375,9.9375,9.625,9.71875
735571800,9.65625,9.78125,9.65625,9.71875
735831000,9.75,9.90625,9.71875,9.90625
735917400,9.84375,9.9375,9.6875,9.90625
736003800,9.84375,9.96875,9.78125,9.84375
736090200,9.78125,9.9375,9.71875,9.9375
736176600,9.9375,9.96875,9.78125,9.84375
736435800,9.84375,9.9375,9.78125,9.90625
736522200,9.875,9.875,9.78125,9.84375
736608600,9.8125,9.90625,9.78125,9.8125
736695000,9.75,9.8125,9.6875,9.71875
736781400,9.78125,9.78125,9.625,9.6875
737040600,9.6875,9.875,9.6875,9.78125
737127000,9.78125,10.0625,9.6875,10.03125
737213400,9.9375,10.0625,9.875,9.9375
737299800,9.875,9.90625,9.78125,9.8125
737386200,9.78125,9.96875,9.75,9.96875
737645400,9.96875,10.09375,9.9375,10.03125
737731800,10.125,10.1875,9.96875,10
737818200,10.0625,10.4375,10.03125,10.34375
737904600,10.375,10.53125,10.34375,10.53125
737991000,10.375,10.46875,10.21875,10.25
738250200,10.21875,10.34375,10.15625,10.25
738336600,10.3125,10.375,10.25,10.28125
738423000,10.34375,10.375,10.21875,10.375
738509400,10.375,10.375,10.28125,10.3125
738595800,10.25,10.375,10.21875,10.375
738941400,10.375,10.46875,10.3125,10.375
739027800,10.40625,10.46875,10.375,10.40625
739114200,10.34375,10.40625,10.28125,10.3125
739200600,10.25,10.3125,10.21875,10.28125
739459800,10.25,10.34375,10.25,10.25
739546200,10.1875,10.25,10.125,10.15625
739632600,10.09375,10.15625,9.96875,9.96875
739719000,10,10.3125,10,10.25
739805400,10.3125,10.4375,10.28125,10.4375
740064600,10.34375,10.46875,10.3125,10.46875
740151000,10.4375,10.5,10.3125,10.46875
740237400,10.46875,10.5625,10.375,10.5
740323800,10.5,10.59375,10.4375,10.5625
740410200,10.5,10.625,10.375,10.375
740669400,10.375,10.5,10.21875,10.3125
740755800,10.3125,10.375,10.25,10.28125
740842200,10.3125,10.53125,10.28125,10.4375
740928600,10.4375,10.6875,10.4375,10.65625
741015000,10.6875,10.6875,10.625,10.65625
741274200,10.6875,10.8125,10.6875,10.8125
741360600,10.78125,10.90625,10.71875,10.84375
741447000,10.8125,10.90625,10.71875,10.75
741533400,10.75,10.8125,10.6875,10.75
741619800,10.71875,10.8125,10.65625,10.6875
741965400,10.65625,10.6875,10.46875,10.46875
742051800,10.53125,10.75,10.53125,10.71875
742138200,10.6875,10.90625,10.65625,10.90625
742224600,10.84375,10.875,10.75,10.84375
742483800,10.84375,11.09375,10.8125,11.0625
742570200,11.0625,11.09375,10.9375,10.9375
742656600,11.03125,11.125,11,11.09375
742743000,10.96875,11.15625,10.9375,11.125
742829400,11.15625,11.1875,11,11.03125
743088600,11.03125,11.15625,11.03125,11.09375
743175000,11.09375,11.1875,11.03125,11.15625
743261400,11.15625,11.1875,11.0625,11.0625
743347800,11.0625,11.09375,10.90625,10.9375
743434200,10.96875,11.03125,10.90625,11
743693400,11,11,10.9375,10.9375
743779800,10.90625,10.9375,10.78125,10.875
743866200,10.8125,10.9375,10.78125,10.90625
743952600,10.9375,11.0625,10.90625,11
744039000,11,11.0625,10.75,10.8125
744298200,10.875,10.96875,10.84375,10.875
744384600,10.84375,10.875,10.75,10.84375
744471000,10.78125,10.8125,10.6875,10.6875
744557400,10.6875,10.78125,10.65625,10.78125
744643800,10.75,10.75,10.59375,10.65625
744903000,10.65625,10.84375,10.65625,10.78125
744989400,10.71875,10.75,10.625,10.6875
745075800,10.71875,10.9375,10.6875,10.9375
745162200,10.96875,10.96875,10.625,10.625
745248600,10.6875,10.75,10.625,10.6875
745507800,10.6875,10.6875,10.5,10.5
745594200,10.53125,10.6875,10.4375,10.625
745680600,10.65625,10.78125,10.5625,10.6875
745767000,10.71875,10.96875,10.65625,10.9375
745853400,10.96875,10.96875,10.8125,10.875
746112600,10.875,10.96875,10.8125,10.90625
746199000,10.90625,11.0625,10.84375,11.03125
746285400,11.03125,11.03125,10.71875,10.78125
746371800,10.78125,10.84375,10.6875,10.71875
746458200,10.65625,10.78125,10.65625,10.71875
746717400,10.65625,10.78125,10.65625,10.78125
746803800,10.78125,10.84375,10.71875,10.84375
746890200,10.78125,10.78125,10.65625,10.65625
746976600,10.65625,10.71875,10.59375,10.65625
747063000,10.59375,10.8125,10.59375,10.78125
747408600,10.78125,10.90625,10.71875,10.75
747495000,10.71875,10.84375,10.6875,10.78125
747581400,10.6875,10.8125,10.65625,10.78125
747667800,10.8125,11.0625,10.75,11
747927000,11.03125,11.15625,11,11.125
748013400,11.09375,11.15625,10.96875,11.03125
748099800,10.78125,11.0625,10.78125,10.96875
748186200,10.90625,10.9375,10.8125,10.8125
748272600,10.6875,10.90625,10.6875,10.875
748531800,10.84375,10.96875,10.65625,10.6875
748618200,10.625,10.75,10.5625,10.625
748704600,10.625,10.75,10.59375,10.6875
748791000,10.75,10.78125,10.6875,10.6875
748877400,10.65625,10.6875,10.59375,10.65625
749136600,10.75,10.8125,10.6875,10.75
749223000,10.78125,10.8125,10.65625,10.6875
749309400,10.65625,10.6875,10.5625,10.59375
749395800,10.5625,10.625,10.53125,10.5625
749482200,10.5,10.625,10.4375,10.5
749741400,10.5,10.53125,10.3125,10.53125
749827800,10.59375,10.625,10.40625,10.46875
749914200,10.40625,10.46875,10.34375,10.34375
750000600,10.375,10.375,10.25,10.28125
750087000,10.375,10.4375,10.25,10.3125
750346200,10.4375,10.59375,10.40625,10.5
750432600,10.5625,10.625,10.53125,10.53125
750519000,10.53125,10.65625,10.46875,10.53125
750605400,10.53125,11.0625,10.40625,11.03125
750691800,11.0625,11.0625,10.90625,11
750951000,10.96875,10.96875,10.875,10.90625
751037400,10.875,11,10.8125,10.90625
751123800,10.9375,11,10.8125,11
751210200,10.90625,11.03125,10.875,10.90625
751296600,10.9375,10.96875,10.6875,10.6875
751555800,10.6875,10.71875,10.5,10.71875
751642200,10.625,10.71875,10.5625,10.71875
751728600,10.65625,10.75,10.625,10.75
751815000,10.75,10.84375,10.71875,10.75
751901400,10.8125,10.875,10.78125,10.84375
752164200,10.8125,10.84375,10.75,10.78125
752250600,10.75,10.78125,10.59375,10.65625
752337000,10.625,10.625,10.46875,10.5
752423400,10.46875,10.53125,10.34375,10.375
752509800,10.3125,10.40625,10.25,10.375
752769000,10.40625,10.4375,10.375,10.375
752855400,10.4375,10.4375,10.25,10.28125
752941800,10.25,10.28125,10.09375,10.15625
753028200,10.15625,10.1875,10,10.03125
753114600,10.03125,10.1875,10.03125,10.1875
753373800,10.1875,10.34375,10.1875,10.34375
753460200,10.40625,10.59375,10.40625,10.53125
753546600,10.625,10.625,10.46875,10.59375
753633000,10.53125,10.5625,10.40625,10.5
753719400,10.5,10.65625,10.40625,10.65625
753978600,10.59375,10.65625,10.46875,10.53125
754065000,10.53125,10.625,10.46875,10.5625
754151400,10.5625,10.59375,10.4375,10.5
754324200,10.5625,10.59375,10.5,10.5625
754583400,10.5625,10.65625,10.53125,10.5625
754669800,10.53125,10.59375,10.5,10.5
754756200,10.6875,10.6875,10.5625,10.5625
754842600,10.625,10.6875,10.5625,10.625
754929000,10.65625,10.75,10.625,10.71875
755188200,10.78125,10.90625,10.75,10.875
755274600,10.875,11,10.84375,11
755361000,11,11.0625,10.9375,10.9375
755447400,11,11.0625,10.875,10.90625
755533800,10.9375,10.9375,10.84375,10.875
755793000,10.90625,10.9375,10.84375,10.9375
755879400,10.9375,10.96875,10.75,10.8125
755965800,10.8125,10.84375,10.65625,10.65625
756052200,10.71875,10.90625,10.6875,10.84375
756138600,10.875,10.9375,10.625,10.65625
756397800,10.625,10.71875,10.625,10.71875
756484200,10.71875,10.875,10.65625,10.875
756570600,10.90625,11.03125,10.875,11
756657000,11,11.03125,10.78125,10.875
757002600,10.9375,11.0625,10.90625,11.0625
757089000,11.03125,11.1875,10.96875,11.15625
757175400,11.1875,11.28125,11.1875,11.25
757261800,11.1875,11.25,11.15625,11.21875
757348200,11.21875,11.25,11.15625,11.15625
757607400,11.125,11.1875,11.09375,11.125
757693800,11.0625,11.125,11,11.03125
757780200,11,11.03125,10.71875,10.75
757866600,10.84375,10.875,10.5,10.53125
757953000,10.625,10.71875,10.53125,10.65625
758212200,10.6875,10.875,10.59375,10.84375
758298600,10.8125,10.84375,10.65625,10.6875
758385000,10.78125,10.84375,10.65625,10.8125
758471400,10.75,10.75,10.65625,10.65625
758557800,10.59375,10.6875,10.5625,10.625
758817000,10.53125,10.5625,10.40625,10.40625
758903400,10.34375,10.34375,10.0625,10.25
758989800,10.21875,10.4375,10.1875,10.375
759076200,10.375,10.4375,10.25,10.34375
759162600,10.375,10.375,10.21875,10.3125
759421800,10.28125,10.28125,10.09375,10.125
759508200,10.09375,10.25,10.03125,10.1875
759594600,10.25,10.40625,10.15625,10.25
759681000,10.34375,10.46875,10.28125,10.4375
759767400,10.40625,10.40625,10.1875,10.3125
760026600,10.25,10.28125,10.125,10.21875
760113000,10.21875,10.375,10.15625,10.375
760199400,10.375,10.46875,10.34375,10.375
760285800,10.375,10.5625,10.34375,10.4375
760372200,10.40625,10.4375,10.125,10.1875
760631400,10.125,10.1875,10.09375,10.1875
760717800,10.125,10.1875,10.0625,10.0625
760804200,10.09375,10.15625,10.0625,10.125
760890600,10.15625,10.28125,10.125,10.1875
760977000,10.21875,10.375,10.1875,10.375
761236200,10.3125,10.40625,10.09375,10.25
761322600,10.34375,10.4375,10.21875,10.21875
761409000,10.21875,10.40625,10.21875,10.34375
761495400,10.40625,10.4375,10.3125,10.4375
761581800,10.375,10.5,10.34375,10.375
761927400,10.375,10.625,10.375,10.625
762013800,10.6875,10.71875,10.5625,10.65625
762100200,10.59375,10.65625,10.5,10.5
762186600,10.53125,10.59375,10.46875,10.5
762445800,10.5625,10.8125,10.53125,10.65625
762532200,10.6875,10.71875,10.53125,10.59375
762618600,10.5,10.59375,10.46875,10.53125
762705000,10.5,10.53125,10.375,10.40625
762791400,10.40625,10.5,10.375,10.40625
763050600,10.46875,10.5,10.34375,10.40625
763137000,10.4375,10.4375,10.25,10.25
763223400,10.21875,10.25,10.125,10.21875
763309800,10.1875,10.21875,10.125,10.1875
763396200,10.1875,10.3125,10.09375,10.21875
763655400,10.28125,10.40625,10.21875,10.40625
763741800,10.34375,10.46875,10.21875,10.28125
763828200,10.25,10.3125,10.15625,10.28125
763914600,10.40625,10.4375,10.3125,10.375
764001000,10.375,10.5,10.3125,10.46875
764260200,10.4375,10.5,10.375,10.5
764346600,10.5,10.625,10.4375,10.53125
764433000,10.59375,10.625,10.4375,10.46875
764519400,10.46875,10.5625,10.375,10.46875
764605800,10.5,10.53125,10.40625,10.4375
764865000,10.40625,10.53125,10.28125,10.53125
764951400,10.53125,10.5625,10.4375,10.46875
765037800,10.46875,10.5,10.25,10.25
765124200,10.28125,10.3125,10.03125,10.15625
765466200,10,10.25,9.9375,10.0625
765552600,10.15625,10.21875,9.96875,10.125
765639000,10.125,10.28125,10.125,10.25
765725400,10.25,10.3125,10.15625,10.3125
765811800,10.25,10.28125,10.1875,10.28125
766071000,10.25,10.3125,10.0625,10.09375
766157400,10.09375,10.125,9.90625,9.9375
766243800,9.9375,10.125,9.90625,10.125
766330200,10.0625,10.0625,9.84375,9.84375
766416600,9.71875,9.875,9.71875,9.84375
766675800,9.9375,10.0625,9.78125,9.84375
766762200,9.84375,9.9375,9.78125,9.90625
766848600,9.96875,10,9.875,9.96875
766935000,10,10.25,9.96875,10.125
767021400,10.1875,10.1875,9.96875,10
767280600,10.03125,10.15625,10,10.15625
767367000,10.125,10.21875,10.0625,10.125
767539800,10.3125,10.34375,10.25,10.3125
767626200,10.3125,10.46875,10.28125,10.4375
767885400,10.375,10.53125,10.3125,10.46875
767971800,10.46875,10.5,10.28125,10.375
768058200,10.46875,10.46875,10.34375,10.375
768144600,10.40625,10.40625,10.25,10.28125
768231000,10.25,10.25,10.03125,10.0625
768490200,9.84375,9.96875,9.78125,9.875
768576600,9.96875,10,9.875,9.9375
768663000,10.0625,10.125,9.90625,10
768749400,10.125,10.125,10,10.0625
768835800,10.0625,10.09375,9.875,9.875
769095000,9.9375,10,9.875,9.9375
769181400,10,10.15625,9.9375,10.125
769267800,10.15625,10.1875,10.09375,10.15625
769354200,10.1875,10.375,10.15625,10.28125
769440600,10.21875,10.3125,10.15625,10.21875
769699800,10.15625,10.21875,10.0625,10.09375
769786200,10.09375,10.1875,10,10.03125
769872600,10.03125,10.125,10.03125,10.0625
769959000,10.0625,10.1875,10.03125,10.1875
770045400,10.125,10.28125,10.09375,10.15625
770391000,10.125,10.21875,10.0625,10.0625
770477400,10.125,10.3125,10.03125,10.25
770563800,10.25,10.46875,10.25,10.40625
770650200,10.4375,10.53125,10.375,10.5
770909400,10.46875,10.59375,10.40625,10.53125
770995800,10.5,10.59375,10.46875,10.5625
771082200,10.59375,10.59375,10.40625,10.46875
771168600,10.0625,10.28125,10.0625,10.15625
771255000,10.1875,10.199218,10.0625,10.0625
771514200,9.96875,10,9.8125,9.84375
771600600,9.875,9.96875,9.84375,9.96875
771687000,10,10.03125,9.90625,9.96875
771773400,9.9375,10.1875,9.9375,10.1875
771859800,10.125,10.15625,9.96875,10
772119000,9.96875,10.125,9.9375,10.0625
772205400,10.15625,10.15625,10,10.03125
772291800,10.03125,10.25,10.03125,10.1875
772378200,10.125,10.1875,10.0625,10.125
772464600,10.03125,10.09375,9.96875,10.03125
772723800,10.03125,10.15625,10,10.125
772810200,10.09375,10.15625,10,10.09375
772896600,10.15625,10.28125,10.125,10.21875
772983000,10.3125,10.34375,10.15625,10.15625
773069400,10.28125,10.46875,10.25,10.40625
773415000,10.40625,10.40625,10.28125,10.375
773501400,10.375,10.40625,10.25,10.375
773587800,10.375,10.4375,10.3125,10.40625
773674200,10.375,10.46875,10.34375,10.46875
773933400,10.46875,10.53125,10.375,10.5
774019800,10.5,10.53125,10.375,10.5
774106200,10.46875,10.5,10.375,10.46875
774192600,10.46875,10.625,10.4375,10.53125
774279000,10.5625,10.625,10.53125,10.59375
774538200,10.5625,10.625,10.46875,10.59375
774624600,10.59375,10.65625,10.5625,10.625
774711000,10.625,10.65625,10.53125,10.5625
774797400,10.59375,10.8125,10.53125,10.625
774883800,10.6875,10.71875,10.59375,10.65625
775143000,10.65625,10.875,10.65625,10.8125
775229400,10.78125,10.8125,10.71875,10.75
775315800,10.71875,10.84375,10.625,10.84375
775402200,10.8125,11.03125,10.78125,11.03125
775488600,11.03125,11.125,10.96875,11.09375
775747800,11.09375,11.15625,11.0625,11.09375
775834200,11.125,11.15625,11,11.03125
775920600,11,11.03125,10.90625,10.96875
776007000,10.96875,11.03125,10.90625,10.96875
776093400,10.875,10.96875,10.84375,10.96875
776352600,10.96875,11,10.90625,10.96875
776439000,10.90625,11,10.84375,10.96875
776525400,10.96875,11.09375,10.90625,11
776611800,11,11,10.875,10.90625
776698200,10.9375,11.125,10.90625,11.125
776957400,11.15625,11.28125,11.03125,11.0625
777043800,11.125,11.46875,11.09375,11.40625
777130200,11.40625,11.625,11.3125,11.53125
777216600,11.59375,11.90625,11.59375,11.90625
777303000,11.875,11.90625,11.65625,11.6875
777562200,11.625,11.6875,11.625,11.625
777648600,11.625,11.71875,11.59375,11.625
777735000,11.625,11.625,11.4375,11.5625
777821400,11.65625,11.71875,11.53125,11.5625
777907800,11.65625,11.71875,11.59375,11.65625
778167000,11.6875,11.6875,11.5,11.5625
778253400,11.53125,11.59375,11.5,11.53125
778339800,11.5625,11.625,11.5,11.5
778426200,11.5,11.53125,11.46875,11.5
778512600,11.5625,11.59375,11.46875,11.5625
778858200,11.59375,11.625,11.46875,11.46875
778944600,11.5,11.5625,11.40625,11.5625
779031000,11.53125,11.5625,11.46875,11.53125
779117400,11.4375,11.4375,11.3125,11.34375
779376600,11.34375,11.4375,11.34375,11.34375
779463000,11.46875,11.5,11.40625,11.5
779549400,11.53125,11.78125,11.40625,11.78125
779635800,11.8125,12.15625,11.8125,12.125
779722200,11.9375,12,11.875,11.9375
779981400,12.0625,12.34375,11.96875,12.25
780067800,12.21875,12.375,12.125,12.125
780154200,12.15625,12.1875,12,12.15625
780240600,12.125,12.21875,12.03125,12.1875
780327000,12.125,12.28125,12.125,12.1875
780586200,12.25,12.46875,12.21875,12.4375
780672600,12.40625,12.5,12.25,12.34375
780759000,12.34375,12.4375,12.21875,12.28125
780845400,12.21875,12.28125,12.15625,12.21875
780931800,12.21875,12.3125,12.15625,12.15625
781191000,12.21875,12.375,12.125,12.3125
781277400,12.34375,12.34375,12.0625,12.09375
781363800,12.03125,12.1875,12,12.15625
781450200,12.1875,12.25,12.125,12.1875
781536600,12.1875,12.21875,12.09375,12.15625
781795800,12.1875,12.25,12.15625,12.25
781882200,12.375,12.625,12.375,12.59375
781968600,12.59375,12.625,12.46875,12.46875
782055000,12.625,12.71875,12.5625,12.6875
782141400,12.65625,12.71875,12.5625,12.65625
782400600,12.5625,12.65625,12.53125,12.59375
782487000,12.65625,12.71875,12.5,12.6875
782573400,12.71875,12.78125,12.59375,12.65625
782659800,12.625,12.625,12.4375,12.5
782746200,12.5,12.625,12.4375,12.5625
783005400,12.53125,12.59375,12.3125,12.34375
783091800,12.34375,12.5625,12.34375,12.5625
783178200,12.5625,12.59375,12.4375,12.5
783264600,12.53125,12.65625,12.46875,12.65625
783351000,12.625,12.8125,12.625,12.625
783613800,12.6875,12.8125,12.5625,12.59375
783700200,12.53125,12.71875,12.53125,12.65625
783786600,12.6875,12.75,12.5625,12.5625
783873000,12.5625,12.65625,12.4375,12.46875
783959400,12.46875,12.65625,12.4375,12.5
784218600,12.5625,12.65625,12.5,12.5625
784305000,12.625,12.71875,12.625,12.65625
784391400,12.75,12.78125,12.59375,12.65625
784477800,12.71875,12.71875,12.625,12.625
784564200,12.625,12.65625,12.59375,12.625
784823400,12.65625,12.84375,12.65625,12.84375
784909800,12.84375,12.984375,12.8125,12.875
784996200,12.875,13.0625,12.875,13.0625
785082600,13,13.0625,12.875,13
785169000,13,13.15625,12.96875,13.125
785428200,13.21875,13.375,13.21875,13.28125
785514600,13.28125,13.375,13.03125,13.0625
785601000,13,13.0625,12.8125,12.9375
785773800,12.9375,13,12.90625,12.96875
786033000,12.9375,13.0625,12.84375,13.03125
786119400,13,13,12.84375,13
786205800,13,13.03125,12.75,12.78125
786292200,12.75,12.8125,12.625,12.625
786378600,12.625,12.90625,12.625,12.875
786637800,12.9375,12.9375,12.78125,12.875
786724200,12.8125,12.875,12.65625,12.78125
786810600,12.71875,12.8125,12.65625,12.71875
786897000,12.65625,12.75,12.625,12.65625
786983400,12.625,12.65625,12.4375,12.5
787242600,12.46875,12.53125,12.4375,12.46875
787329000,12.46875,12.625,12.4375,12.53125
787415400,12.59375,12.75,12.5625,12.71875
787501800,12.65625,12.84375,12.65625,12.75
787588200,12.84375,12.90625,12.75,12.90625
787847400,12.84375,12.90625,12.8125,12.84375
787933800,12.90625,13.0625,12.90625,13.03125
788020200,13.0625,13.21875,13.0625,13.1875
788106600,13.03125,13.125,12.78125,12.78125
788193000,12.875,12.96875,12.8125,12.90625
788538600,12.96875,13.0625,12.9375,13.0625
788625000,13.09375,13.125,13,13.0625
788711400,13,13.09375,13,13.09375
788797800,13.09375,13.125,12.875,12.875
789143400,12.84375,12.96875,12.8125,12.9375
789229800,12.875,12.9375,12.59375,12.65625
789316200,12.65625,12.6875,12.46875,12.59375
789402600,12.59375,12.65625,12.5,12.59375
789661800,12.53125,12.5625,12.375,12.40625
789748200,12.46875,12.46875,12.25,12.28125
789834600,12.3125,12.375,12.25,12.3125
789921000,12.25,12.46875,12.1875,12.4375
790007400,12.53125,12.625,12.40625,12.4375
790266600,12.53125,12.71875,12.53125,12.65625
790353000,12.6875,12.8125,12.65625,12.71875
790439400,12.59375,12.6875,12.5625,12.625
790525800,12.5,12.78125,12.5,12.71875
790612200,12.6875,12.75,12.65625,12.71875
790871400,12.65625,12.8125,12.65625,12.71875
790957800,12.65625,12.71875,12.5625,12.59375
791044200,12.625,12.75,12.5625,12.65625
791130600,12.65625,12.9375,12.65625,12.9375
791217000,13,13.1875,12.9375,13.09375
791476200,13.125,13.1875,13,13.15625
791562600,13.15625,13.1875,13.09375,13.125
791649000,13.1875,13.21875,13.0625,13.0625
791735400,13,13.09375,12.90625,13.09375
791821800,13.21875,13.28125,13.15625,13.28125
792081000,13.25,13.40625,13.21875,13.3125
792167400,13.3125,13.46875,13.28125,13.40625
792253800,13.40625,13.53125,13.3125,13.3125
792340200,13.34375,13.34375,13.09375,13.125
792426600,13.0625,13.3125,13,13.28125
792685800,13.21875,13.3125,13.0625,13.09375
792772200,13.125,13.15625,12.96875,13.03125
792858600,13.125,13.28125,13.03125,13.21875
792945000,13.21875,13.5,13.1875,13.5
793031400,13.4375,13.5,13.34375,13.34375
793377000,13.40625,13.46875,13.28125,13.40625
793463400,13.40625,13.46875,13.3125,13.4375
793549800,13.5,13.625,13.4375,13.5
793636200,13.5,13.71875,13.5,13.6875
793895400,13.6875,13.78125,13.625,13.625
793981800,13.625,13.75,13.53125,13.75
794068200,13.71875,13.8125,13.65625,13.8125
794154600,13.875,13.875,13.6875,13.71875
794241000,13.71875,13.875,13.65625,13.78125
794500200,13.75,14,13.65625,13.96875
794586600,13.90625,13.96875,13.78125,13.84375
794673000,13.90625,13.9375,13.84375,13.875
794759400,13.875,13.90625,13.6875,13.75
794845800,13.78125,14.21875,13.75,14.1875
795105000,14.1875,14.28125,14.125,14.21875
795191400,14.25,14.3125,14.1875,14.21875
795277800,14.21875,14.3125,14.1875,14.28125
795364200,14.28125,14.6875,14.25,14.625
795450600,14.625,14.65625,14.53125,14.5625
795709800,14.5625,14.5625,14.40625,14.4375
795796200,14.4375,14.84375,14.4375,14.625
795882600,14.6875,14.84375,14.65625,14.75
795969000,14.578125,14.597655,14.34375,14.5
796055400,14.46875,14.5625,14.40625,14.4375
796314600,14.40625,14.40625,14.1875,14.34375
796401000,14.34375,14.375,14.25,14.25
796487400,14.21875,14.5625,14.15625,14.40625
796573800,14.4375,14.4375,14.15625,14.1875
796660200,14.15625,14.28125,14.0625,14.09375
796915800,14.0625,14.46875,14.03125,14.4375
797002200,14.5,14.59375,14.46875,14.59375
797088600,14.53125,14.59375,14.46875,14.5625
797175000,14.5625,14.625,14.46875,14.625
797261400,14.59375,14.71875,14.46875,14.6875
797520600,14.71875,14.71875,14.59375,14.625
797607000,14.65625,14.6875,14.4375,14.46875
797693400,14.46875,14.59375,14.4375,14.59375
797779800,14.59375,14.71875,14.53125,14.53125
798125400,14.59375,14.59375,14.28125,14.28125
798211800,14.375,14.625,14.28125,14.59375
798298200,14.625,14.625,14.28125,14.46875
798384600,14.4375,14.46875,14.3125,14.3125
798471000,14.40625,14.53125,14.3125,14.53125
798730200,14.5,14.625,14.4375,14.59375
798816600,14.53125,14.625,14.46875,14.5625
798903000,14.53125,14.65625,14.5,14.53125
798989400,14.5,14.59375,14.5,14.5
799075800,14.53125,14.5625,14.40625,14.53125
799335000,14.5,14.5,14.40625,14.40625
799421400,14.46875,14.5625,14.375,14.5
799507800,14.53125,14.65625,14.53125,14.65625
799594200,14.65625,14.84375,14.625,14.75
799680600,14.78125,14.96875,14.75,14.875
799939800,14.90625,15.21875,14.875,15.1875
800026200,15.1875,15.3125,15.125,15.25
800112600,15.3125,15.4375,15.25,15.34375
800199000,15.375,15.375,15.1875,15.21875
800285400,15.09375,15.15625,14.71875,14.75
800544600,14.75,14.8125,14.40625,14.46875
800631000,14.46875,14.46875,14.21875,14.34375
800717400,14.375,14.5625,14.34375,14.5
800803800,14.4375,14.59375,14.3125,14.3125
800890200,14.25,14.59375,14.25,14.59375
801149400,14.625,14.6875,14.5625,14.6875
801235800,14.71875,14.96875,14.6875,14.96875
801322200,14.96875,15,14.78125,14.90625
801408600,14.9375,15.09375,14.875,15
801495000,15,15.03125,14.84375,14.90625
801840600,14.90625,15.03125,14.90625,15.03125
801927000,15.03125,15.46875,15,15.40625
802013400,15.40625,15.46875,15.125,15.25
802099800,15.25,15.4375,15.125,15.21875
802359000,15.21875,15.21875,14.96875,15.09375
802445400,15.09375,15.21875,15.03125,15.0625
802531800,15,15.1875,14.96875,15.125
802618200,15.09375,15.25,15.09375,15.1875
802704600,15.125,15.1875,14.96875,15
802963800,15,15.125,14.96875,15.0625
803050200,15.15625,15.15625,15.0625,15.125
803136600,15.09375,15.3125,15.0625,15.21875
803223000,15.25,15.4375,15.21875,15.34375
803309400,15.375,15.625,15.34375,15.59375
803568600,15.53125,15.71875,15.53125,15.6875
803655000,15.65625,15.84375,15.625,15.8125
803741400,15.84375,16.0625,15.8125,16
803827800,16.09375,16.3125,16.09375,16.21875
803914200,16.25,16.46875,16.21875,16.34375
804173400,16.34375,16.5,16.34375,16.4375
804259800,16.4375,16.4375,16.09375,16.1875
804346200,16.1875,16.25,16,16.125
804432600,16.15625,16.21875,15.90625,16
804519000,16.15625,16.25,15.9375,15.9375
804778200,15.9375,16.15625,15.9375,16.125
804951000,16.25,16.28125,15.9375,15.96875
805037400,15.96875,16.125,15.90625,16.125
805123800,16.09375,16.21875,15.78125,15.8125
805383000,15.875,16.0625,15.875,15.9375
805469400,15.90625,16,15.84375,16
805555800,15.96875,16.28125,15.9375,16.28125
805642200,16.25,16.3125,15.96875,16.15625
805728600,16,16.1875,15.96875,15.96875
805987800,16,16.0625,15.875,16
806074200,15.96875,16.15625,15.9375,16.125
806160600,16.0625,16.34375,16.0625,16.28125
806247000,16.3125,16.34375,15.9375,16.0625
806333400,16.09375,16.28125,15.96875,16.28125
806592600,16.28125,16.40625,16.21875,16.3125
806679000,16.3125,16.40625,16.25,16.40625
806765400,16.40625,16.71875,16.375,16.625
806851800,16.625,16.71875,16.5625,16.625
806938200,16.6875,16.6875,16.46875,16.5
807197400,16.4375,16.5,16.28125,16.40625
807283800,16.46875,16.6875,16.34375,16.625
807370200,16.6875,16.78125,16.40625,16.46875
807456600,16.4375,16.59375,16.375,16.4375
807543000,16.46875,16.5625,16.4375,16.53125
807802200,16.5625,16.5625,16.3125,16.4375
807888600,16.40625,16.5,16.375,16.5
807975000,16.4375,16.71875,16.4375,16.6875
808061400,16.65625,16.78125,16.5625,16.6875
808147800,16.625,16.65625,16.40625,16.5
808407000,16.46875,16.625,16.375,16.59375
808493400,16.4375,16.5,16.28125,16.375
808579800,16.1875,16.25,16.0625,16.125
808666200,16.09375,16.125,15.875,16.09375
808752600,16,16,15.65625,15.75
809011800,15.8125,15.9375,15.71875,15.78125
809098200,15.84375,15.875,15.6875,15.8125
809184600,15.8125,15.875,15.71875,15.71875
809271000,15.75,15.9375,15.75,15.9375
809357400,16,16.1875,16,16.125
809616600,16.15625,16.21875,16.0625,16.1875
809703000,16.1875,16.21875,16.0625,16.15625
809789400,16.125,16.1875,16.0625,16.0625
809875800,16.09375,16.1875,16,16.0625
809962200,16,16.15625,16,16.03125
810307800,16,16,15.84375,15.9375
810394200,15.96875,16.15625,15.9375,16.125
810480600,16.09375,16.125,15.9375,15.96875
810567000,16.03125,16.03125,15.875,15.90625
810826200,15.96875,16.03125,15.9375,15.9375
810912600,16.03125,16.15625,15.96875,16.15625
810999000,16.0625,16.46875,16.03125,16.46875
811085400,16.53125,16.625,16.34375,16.59375
811171800,16.65625,16.75,16.53125,16.65625
811431000,16.65625,16.75,16.5625,16.71875
811517400,16.71875,16.875,16.6875,16.875
811603800,16.875,17.375,16.875,17.28125
811690200,17.375,17.46875,17.15625,17.375
811776600,17.4375,17.65625,17.15625,17.65625
812035800,17.625,17.625,17.40625,17.53125
812122200,17.34375,17.46875,17.21875,17.4375
812208600,17.34375,17.5625,17.25,17.53125
812295000,17.5,17.5625,17.125,17.1875
812381400,17.1875,17.34375,16.96875,17.25
812640600,17.1875,17.375,17.09375,17.21875
812727000,17.3125,17.75,17.3125,17.71875
812813400,17.625,17.90625,17.59375,17.90625
812899800,17.875,17.96875,17.5625,17.65625
812986200,17.625,17.78125,17.59375,17.6875
813245400,17.625,18.0625,17.59375,17.90625
813331800,17.875,17.9375,17.625,17.84375
813418200,17.6875,17.90625,17.65625,17.78125
813504600,17.8125,17.875,17.6875,17.6875
813591000,17.78125,17.96875,17.71875,17.71875
813850200,17.78125,18,17.71875,17.90625
813936600,17.90625,17.90625,17.625,17.71875
814023000,17.65625,17.96875,17.65625,17.9375
814109400,17.8125,18.375,17.6875,18.375
814195800,18.34375,18.46875,18.0625,18.09375
814455000,18.03125,18.09375,17.9375,18
814541400,18.1875,18.1875,17.96875,18.125
814627800,17.8125,17.9375,17.8125,17.9375
814714200,17.9375,18.09375,17.6875,17.75
814800600,17.65625,17.921875,17.65625,17.90625
815063400,17.9375,18.0625,17.90625,18
815149800,18.03125,18.1875,17.96875,17.96875
815236200,17.96875,18.0625,17.875,17.9375
815322600,17.9375,18,17.8125,17.90625
815409000,17.96875,18.03125,17.78125,17.78125
815668200,17.78125,17.84375,17.59375,17.59375
815754600,17.625,17.8125,17.59375,17.8125
815841000,17.875,18.1875,17.84375,18.1875
815927400,18.25,18.25,17.9375,17.9375
816013800,17.90625,18.1875,17.90625,18.1875
816273000,18.1875,18.5,18.125,18.46875
816359400,18.40625,18.5625,18.34375,18.5
816445800,18.46875,18.59375,18.3125,18.5625
816532200,18.625,18.78125,18.5625,18.6875
816618600,18.71875,18.78125,18.625,18.75
816877800,18.78125,18.8125,18.65625,18.8125
816964200,18.78125,19.21875,18.78125,19.1875
817050600,19.125,19.15625,18.75,18.75
817223400,18.875,18.875,18.75,18.8125
817482600,18.8125,18.84375,18.59375,18.65625
817569000,18.625,18.90625,18.625,18.84375
817655400,18.78125,18.875,18.71875,18.875
817741800,18.875,19.03125,18.84375,18.9375
817828200,18.90625,19.09375,18.875,18.945253
818087400,18.9375,19.0625,18.78125,19.0625
818173800,19.03125,19.4375,18.96875,19.34375
818260200,19.40625,19.84375,19.34375,19.84375
818346600,19.78125,19.8125,19.5,19.59375
818433000,19.59375,19.78125,19.53125,19.625
818692200,19.59375,20.03125,19.59375,19.84375
818778600,19.84375,20.0625,19.8125,20.03125
818865000,20.03125,20.09375,19.96875,20
818951400,20,20,19.6875,19.6875
819037800,19.78125,19.84375,19.625,19.65625
819297000,19.40625,19.5625,19.375,19.40625
819383400,19.34375,19.46875,18.90625,19.3125
819469800,19.3125,19.3125,18.5625,18.5625
819556200,18.65625,19,17.90625,18.1875
819642600,18.21875,18.25,17.65625,18
819988200,18,18.71875,18,18.65625
820074600,18.6875,18.84375,18.65625,18.65625
820161000,18.71875,18.78125,18.5625,18.71875
820247400,18.75,18.78125,18.40625,18.5625
820593000,18.46875,18.8125,18.46875,18.75
820679400,18.8125,18.96875,18.78125,18.90625
820765800,18.90625,19,18.625,18.75
820852200,18.71875,18.875,18.53125,18.65625
821111400,18.65625,18.8125,18.65625,18.78125
821197800,18.84375,18.875,18.5,18.53125
821284200,18.4375,18.46875,18.1875,18.21875
821370600,18.3125,18.40625,18.03125,18.40625
821457000,18.5,18.53125,18.09375,18.1875
821716200,18.21875,18.4375,18.1875,18.40625
821802600,18.5,18.71875,18.28125,18.71875
821889000,18.75,18.84375,18.25,18.28125
821975400,18.34375,18.375,18.03125,18.34375
822061800,18.34375,18.46875,18.1875,18.34375
822321000,18.34375,18.34375,18.0625,18.1875
822407400,18.15625,18.4375,18.0625,18.375
822493800,18.53125,18.78125,18.46875,18.78125
822580200,18.8125,18.8125,18.28125,18.40625
822666600,18.34375,18.625,18.3125,18.625
822925800,18.625,18.6875,18.53125,18.5625
823012200,18.625,18.875,18.625,18.8125
823098600,18.90625,18.9375,18.65625,18.84375
823185000,18.78125,18.90625,18.75,18.875
823271400,18.90625,19,18.71875,18.78125
823530600,18.71875,19.0625,18.71875,19.0625
823617000,19.0625,19.1875,18.90625,19.15625
823703400,19.1875,19.53125,19.1875,19.5
823789800,19.5625,20.1875,19.40625,20.0625
823876200,20,20.0625,19.75,19.90625
824135400,19.96875,20,19.75,19.90625
824221800,19.96875,20.5,19.9375,20.1875
824308200,20.125,20.34375,19.96875,20.25
824394600,20.1875,20.5625,20.1875,20.3125
824481000,20.1875,20.21875,20.03125,20.125
824826600,20,20.4375,19.96875,20.15625
824913000,20.21875,20.46875,20.1875,20.46875
824999400,20.65625,21.0625,20.625,21
825085800,21.03125,21.09375,20.53125,20.78125
825345000,20.65625,20.71875,20.375,20.4375
825431400,20.375,20.53125,20.125,20.53125
825517800,20.59375,20.84375,20.28125,20.34375
825604200,20.1875,20.5625,20.03125,20.1875
825690600,20.375,20.5625,20.25,20.53125
825949800,20.59375,21.09375,20.46875,21
826036200,20.96875,21.0625,20.875,21.0625
826122600,21.0625,21.09375,20.71875,20.78125
826209000,20.6875,21,20.65625,20.875
826295400,20.5625,20.71875,19.96875,20.0625
826554600,20.0625,20.40625,20.03125,20.28125
826641000,20.21875,20.3125,19.96875,20.3125
826727400,20.375,20.4375,20.1875,20.28125
826813800,20.375,20.5625,20.25,20.375
826900200,20.375,20.40625,20.1875,20.21875
827159400,20.4375,20.65625,20.375,20.625
827245800,20.625,20.71875,20.53125,20.625
827332200,20.71875,21.09375,20.71875,21.0625
827418600,21.09375,21.125,20.8125,20.90625
827505000,21.03125,21.0625,20.84375,20.96875
827764200,21.125,21.1875,21.0625,21.125
827850600,21,21.28125,21,21.21875
827937000,21.25,21.34375,20.96875,20.96875
828023400,20.90625,21.03125,20.875,20.96875
828109800,21,21,20.65625,20.6875
828369000,20.8125,21.09375,20.78125,21.0625
828455400,21.09375,21.125,20.90625,21
828541800,20.90625,21.03125,20.84375,21
828628200,21.03125,21.03125,20.875,20.9375
828970200,20.59375,20.65625,20.375,20.625
829056600,20.875,20.875,20.40625,20.4375
829143000,20.375,20.5,19.71875,19.71875
829229400,19.875,20,19.65625,19.96875
829315800,20.15625,20.34375,20.03125,20.1875
829575000,20.21875,20.25,20.03125,20.25
829661400,20.28125,20.4375,20.1875,20.34375
829747800,20.25,20.28125,19.84375,20.03125
829834200,20.125,20.15625,19.84375,19.875
829920600,19.875,20.0625,19.5625,19.6875
830179800,19.9375,20.1875,19.875,20.15625
830266200,20.125,20.28125,20.0625,20.25
830352600,20.375,20.375,19.96875,20.09375
830439000,20.0625,20.40625,19.90625,20.3125
830525400,20.3125,20.5,20.21875,20.3125
830784600,20.125,20.34375,20.125,20.28125
830871000,20.25,20.4375,20.25,20.375
830957400,20.34375,20.5,20.3125,20.4375
831043800,20.25,20.34375,20.0625,20.09375
831130200,20.15625,20.15625,19.90625,19.9375
831389400,19.9375,20.21875,19.75,20.21875
831475800,20.25,20.40625,20.15625,20.34375
831562200,20.125,20.6875,20.0625,20.6875
831648600,20.65625,20.75,20.59375,20.6875
831735000,20.9375,20.96875,20.71875,20.96875
831994200,21,21.5,20.875,21.5
832080600,21.8125,22.3125,21.6875,22.1875
832167000,22.4375,22.6875,22.1875,22.25
832253400,22.25,22.875,22.25,22.75
832339800,22.9375,23.375,22.8125,23.0625
832599000,23.3125,23.375,23.0625,23.25
832685400,23.25,23.9375,23.1875,23.25
832771800,23,23.6875,22.875,23.5625
832858200,23.5625,23.6875,23.1875,23.3125
832944600,23.375,23.875,23.3125,23.75
833290200,23.625,23.625,23,23
833376600,23.125,23.4375,22.875,23
833463000,22.9375,23.5625,22.875,23.375
833549400,23.3125,23.4375,22.9375,23
833808600,22.9375,23.25,22.875,23.125
833895000,23.3125,23.3125,22.96875,23.25
833981400,23.3125,23.875,23.1875,23.875
834067800,23.875,23.9375,23.375,23.375
834154200,23,23.5,22.875,23.4375
834413400,23.5,23.5625,23.25,23.375
834499800,23.4375,23.75,23.3125,23.5
834586200,23.5,23.625,23.125,23.125
834672600,23.1875,23.3125,23.0625,23.1875
834759000,23.25,23.25,22.875,22.875
835018200,23,23.1875,22.9375,23.0625
835104600,23,23.1875,22.9375,23.125
835191000,23.1875,23.4375,23.125,23.25
835277400,23.5,23.75,23.3125,23.375
835363800,23.5,23.8125,23.4375,23.8125
835623000,24,24.4375,23.875,24.375
835709400,24.4375,24.5,24.0625,24.25
835795800,24.5,24.75,24.4375,24.5625
835882200,24.5,24.5625,24.0625,24.4375
835968600,24.5625,24.625,24.375,24.5
836227800,24.5,24.75,24.375,24.6875
836314200,24.6875,24.8125,24.5625,24.75
836400600,24.625,24.6875,24.25,24.5
836573400,24.0625,24.25,23.625,23.75
836832600,23.75,23.9375,23.5625,23.6875
836919000,23.875,24,23.6875,23.75
837005400,23.8125,24,23.4375,24
837091800,23.9375,24,23.5,23.8125
837178200,23.625,23.875,23.5,23.5625
837437400,23.4375,23.5625,22.6875,22.75
837523800,22.8125,23.375,22.125,23.0625
837610200,23.4375,23.5625,23,23
837696600,23.3125,23.75,23.1875,23.6875
837783000,23.6875,23.75,23.375,23.5625
838042200,23.4375,23.8125,23.3125,23.6875
838128600,23.5625,23.75,23.3125,23.375
838215000,23.0625,23.25,22.625,22.9375
838301400,23.0625,23.375,23,23.0625
838387800,23.125,23.625,23.0625,23.5625
838647000,23.5,23.5,23.0625,23.125
838733400,23.1875,23.25,22.625,23.1875
838819800,23.125,23.6875,23.0625,23.4375
838906200,23.4375,24.0625,23.375,24.0625
838992600,24.25,24.75,23.375,24.625
839251800,24.625,24.75,24.5,24.5625
839338200,24.5625,24.6875,24.375,24.6875
839424600,24.75,24.875,24.3125,24.625
839511000,24.6875,24.6875,24.375,24.5
839597400,24.5625,24.6875,24.25,24.375
839856600,24.375,24.875,24.375,24.875
839943000,24.875,25.375,24.75,25.125
840029400,25.25,25.4375,25,25.3125
840115800,25.375,25.75,25.3125,25.5625
840202200,25.6875,26.0625,25.625,25.875
840461400,25.9375,26.25,25.75,25.8125
840547800,25.6875,25.875,25.4375,25.625
840634200,25.5,26,25.3125,25.4375
840720600,25.3125,26,25.3125,26
840807000,26,26.0625,25.5625,25.6875
841066200,25.75,25.75,25.4375,25.5625
841152600,25.5625,25.8125,25.5,25.8125
841239000,25.875,26,25.5,25.625
841325400,25.5,25.5625,25.0625,25.1875
841411800,25.1875,25.1875,24.8125,25
841757400,24.8125,25.5625,24.75,25.375
841843800,25.5625,25.625,25.0625,25.3125
841930200,25.25,25.375,25,25
842016600,25.125,26,25.125,25.65625
842275800,25.875,25.9375,25.625,25.875
842362200,25.875,26.1875,25.8125,26.1875
842448600,26,26.125,25.875,25.9375
842535000,26.0625,26.375,25.9375,25.9375
842621400,26.375,26.5625,26.25,26.5
842880600,26.625,26.9375,26.5,26.5625
842967000,26.5,26.5625,26.0625,26.0625
843053400,26.1875,26.1875,25.75,25.9375
843139800,25.8125,26.25,25.8125,26
843226200,25.75,25.875,25.375,25.5625
843485400,25.375,25.8125,25.3125,25.5625
843571800,25.5625,26.0625,25.4375,25.75
843658200,25.9375,25.9375,25.5625,25.625
843744600,25.625,26,25.5,25.75
843831000,25.9375,25.9375,25.3125,25.375
844090200,25.75,25.8125,25.3125,25.4375
844176600,25.4375,25.4375,24.5,25.0625
844263000,25.0625,25.0625,24.625,24.875
844349400,24.9375,25,24.375,24.4375
844435800,24.5,25.0625,24.4375,25
844695000,25.0625,25.3125,25,25.125
844781400,25.0625,25.3125,24.9375,25
844867800,25,25.0625,24.5,24.875
844954200,24.75,24.8125,24.4375,24.5
845040600,24.6875,25.0625,24.5625,24.875
845299800,25,25.0625,24.5625,24.6875
845386200,24.625,24.625,23.8125,24.375
845472600,24.3125,24.375,24.0625,24.25
845559000,24.4375,24.875,24,24.625
845645400,24.8125,25.0625,24.6875,25
845904600,24.9375,25,24.625,24.875
845991000,24.875,25.0625,24.8125,25.0625
846077400,25,25.1875,24.875,25.125
846163800,25,25.4375,25,25.125
846250200,25,25.1875,24.9375,24.9375
846513000,24.9375,25.0625,24.6875,24.8125
846599400,24.9375,25.1875,24.75,24.875
846685800,25,25.3125,24.875,25.1875
846772200,25.1875,25.3125,25.0625,25.25
846858600,25.375,25.375,24.8125,25.125
847117800,25.125,25.4375,24.875,25.375
847204200,25.5,25.75,25.5,25.75
847290600,25.6875,26,25.5625,26
847377000,25.9375,26.1875,25.8125,26.1875
847463400,26.1875,26.3125,26.0625,26.3125
847722600,26.25,26.3125,25.9375,26
847809000,26,26,25.5625,25.6875
847895400,25.75,26.125,25.75,26
847981800,26,26.3125,25.9375,26.0625
848068200,26.375,26.5,26.25,26.375
848327400,26.5,26.5,26.0625,26.125
848413800,26.0625,26.1875,25.75,25.875
848500200,25.9375,26,25.8125,25.8125
848586600,25.5625,26,25.0625,25.3125
848673000,25.4375,25.4375,25,25.375
848932200,25.5625,25.71875,25.3125,25.6875
849018600,25.6875,25.8125,25.5625,25.625
849105000,25.625,25.75,25.5625,25.625
849277800,25.6875,25.6875,25.5625,25.5625
849537000,25.5625,25.625,25.1875,25.4375
849623400,25.3125,25.4375,24.875,24.875
849709800,24.625,24.8125,24.375,24.8125
849796200,24.75,24.9375,24.1875,24.625
849882600,23.875,24.625,23.8125,24.5
850141800,24.8125,25.125,24.5625,25.125
850228200,25,25,24.8125,24.8125
850314600,24.5,24.75,24.3125,24.625
850401000,24.6875,24.6875,23.875,23.9375
850487400,23.75,24.125,23.4375,23.9375
850746600,24.1875,24.375,24,24.0625
850833000,24.0625,24.5,23.9375,24.3125
850919400,24.375,24.5625,24,24.1875
851005800,24.4375,25.625,23.9375,25.5625
851092200,26.375,26.625,26.125,26.4375
851351400,26.5,26.5625,25.9375,26.1875
851437800,26.125,26.625,26.0625,26.5625
851610600,26.5625,26.8125,26.5,26.625
851697000,26.875,27.0625,26.75,27
851956200,27.0625,27.125,26.5625,26.5625
852042600,26.6875,26.75,26.25,26.3125
852215400,26.0625,26.25,25.5625,25.9375
852301800,26.25,26.6875,26.125,26.5625
852561000,26.625,26.8125,26.125,26.3125
852647400,26.0625,27.1875,25.9375,27.1875
852733800,27.1875,27.25,26.5625,26.6875
852820200,26.9375,27.1875,26.8125,26.9375
852906600,26.375,27.0625,26.3125,27.0625
853165800,27.1875,27.25,26.8125,27
853252200,27.25,27.875,27.25,27.75
853338600,27.625,28.75,27.5,28.5
853425000,28.5,28.9375,28.3125,28.8125
853511400,28.875,29.5625,28.75,29.375
853770600,29.375,29.9375,29.375,29.375
853857000,29.125,30.125,29.125,29.8125
853943400,29.8125,29.875,29.4375,29.6875
854029800,29.6875,29.6875,28.6875,28.75
854116200,28.625,28.875,28.0625,28.5625
854375400,28.3125,28.4375,28,28.1875
854461800,28.5,28.5625,27.5,27.75
854548200,27.875,28.25,27.8125,28.25
854634600,28.4375,28.75,28.3125,28.6875
854721000,28.75,29.25,28.5625,28.9375
854980200,29.1875,29.75,28.875,29.75
855066600,29.75,29.8125,29.375,29.6875
855153000,29.8125,29.9375,28.9375,29.125
855239400,29.25,29.25,28.8125,28.875
855325800,29.1875,29.1875,28.5,29.125
855585000,29.375,29.8125,29.125,29.125
855671400,29.5625,29.625,29.125,29.625
855757800,29.6875,30.125,29.625,30.125
855844200,30.25,30.5,30,30.5
855930600,30.5,30.5,30.125,30.3125
856276200,30.4375,30.75,30.25,30.75
856362600,30.75,31.125,30.625,31
856449000,30.9375,30.9375,30.5625,30.625
856535400,30.6875,31.125,30.5625,31
856794600,30.75,31.5,30.75,31.4375
856881000,31.625,31.625,31.0625,31.3125
856967400,31.25,31.25,30.25,30.5
857053800,30.625,31.0625,30.625,30.8125
857140200,30.5625,30.875,30.3125,30.5
857399400,30.25,30.3125,30,30.1875
857485800,30.1875,30.4375,29.625,29.625
857572200,29.6875,30.1875,29.5,30.125
857658600,30.3125,30.6875,30.3125,30.4375
857745000,30.4375,30.5625,30.25,30.25
858004200,30.4375,30.625,30.1875,30.5625
858090600,30.6875,31.125,30.6875,31
858177000,30.875,30.9375,30.375,30.5
858263400,30.125,30.25,29.875,29.9375
858349800,30.0625,30.0625,29.625,29.75
858609000,29.625,30.125,29.375,30.125
858695400,30,30.3125,29.9375,30.1875
858781800,30.0625,30.25,29.5625,29.8125
858868200,29.8125,29.875,29.3125,29.5
858954600,29.75,30.125,29.625,30
859213800,30,30.0625,29.4375,29.875
859300200,29.875,30.1875,29.75,29.75
859386600,29.625,29.6875,29.0625,29.3125
859473000,29.125,29.5,28.3125,28.6875
859818600,28.4375,28.4375,27.625,27.875
859905000,27.625,28.3125,27.5625,28.0625
859991400,28,28.375,27.75,27.875
860077800,27.75,27.9375,27.5625,27.6875
860164200,27.5625,28.6875,27.5625,28.6875
860419800,28.8125,28.8125,28.1875,28.1875
860506200,28.0625,28.5,27.8125,28.375
860592600,28.5,28.8125,28.25,28.8125
860679000,28.8125,28.875,28.5,28.5
860765400,28.25,28.25,26.8125,26.875
861024600,27.125,27.9375,27.125,27.8125
861111000,28.375,29.125,28.25,29
861197400,28.9375,29.5,28.875,29.375
861283800,29.375,29.6875,29.1875,29.25
861370200,29.25,29.9375,29.25,29.8125
861629400,29.8125,30,29.25,29.3125
861715800,29.5,30.9375,29.5,30.9375
861802200,30.9375,30.9375,29.9375,30.125
861888600,30.25,30.5,29.875,30
861975000,29.9375,30.0625,29.5,29.5625
862234200,29.5,30.5625,29.4375,30.5625
862320600,31.125,31.375,30.75,31.3125
862407000,31.125,31.875,31.125,31.8125
862493400,31.5,31.5625,31.0625,31.0625
862579800,31.1875,32.125,31.1875,32
862839000,32.3125,33,32,33
862925400,32.875,33.5625,32.8125,33.25
863011800,33.25,33.25,32.625,32.6875
863098200,32.375,33.0625,32.3125,32.3125
863184600,32.5625,32.8125,32.125,32.6875
863443800,32.71875,33.375,32.6875,33.25
863530200,33.25,33.375,32.8125,33.25
863616600,33.5,33.75,33.375,33.5
863703000,33.375,34,33.25,33.9375
863789400,33.8125,34.1875,33.375,33.4375
864048600,33.6875,34.1875,33.625,34
864135000,33.8125,34.25,33.75,34.1875
864221400,34.375,34.375,33.5625,33.6875
864307800,33.75,33.8125,33.1875,33.25
864394200,33.5,34.1875,33.4375,34.0625
864739800,33.5,34.5,33.4375,34.25
864826200,34.0625,34.125,33.5,33.625
864912600,33.6875,33.75,33.4375,33.75
864999000,33.5625,34.3125,33.5,34.25
865258200,34.125,34.1875,33.75,33.8125
865344600,33.6875,34.1875,33.5625,33.9375
865431000,33.875,33.9375,33.3125,33.3125
865517400,33.375,33.5625,33.0625,33.25
865603800,33.3125,34,33.3125,33.875
865863000,34.1875,34.25,33.9375,34.25
865949400,34.3125,34.625,34.0625,34.1875
866035800,34.375,34.5,34.0625,34.1875
866122200,34.75,35,34.625,35
866208600,35.375,36.0625,35.1875,35.9375
866467800,36,36.3125,35.8125,35.8125
866554200,35.5625,35.9375,35.375,35.8125
866640600,35.75,36.125,35.625,35.6875
866727000,36,36,35.4375,35.75
866813400,35.8125,35.875,35.5625,35.6875
867072600,35.5,35.625,34.8125,34.875
867159000,35,35.25,34.625,35.15625
867245400,35.28125,35.46875,34.3125,34.71875
867331800,34.84375,35.125,34.65625,34.9375
867418200,35.125,35.59375,34.96875,35.5
867677400,35.5,35.53125,33.75,34
867763800,34.25,34.75,33.9375,34.3125
867850200,34.3125,35.21875,34.0625,35.21875
867936600,35.5,35.75,35.3125,35.375
868282200,35.5,35.71875,34.78125,34.9375
868368600,34.75,35.28125,34.625,35.28125
868455000,35.3125,35.375,34.53125,34.6875
868541400,35.0625,35.1875,34.46875,34.8125
868627800,34.875,35.03125,34.78125,34.90625
868887000,34.78125,35.0625,34.5625,34.875
868973400,35.0625,35.09375,34.625,35.0625
869059800,35.1875,35.75,35.03125,35.4375
869146200,35.53125,35.96875,34.53125,34.9375
869232600,34.90625,34.90625,34.53125,34.625
869491800,34.4375,34.4375,33.875,34.15625
869578200,34.8125,35.125,34.40625,35.0625
869664600,35.375,35.375,34.5,34.53125
869751000,34.53125,35.21875,34.21875,35.09375
869837400,35.21875,35.46875,34.9375,35.0625
870096600,35,35.21875,34.6875,34.84375
870183000,34.875,35,34.375,34.84375
870269400,34.78125,35.09375,34.65625,34.9375
870355800,34.65625,34.96875,34.4375,34.5625
870442200,34.4375,35,34.125,34.3125
870701400,34.21875,34.625,34.0625,34.46875
870787800,34.34375,34.40625,34,34
870874200,33.90625,34.3125,33.71875,34.0625
870960600,33.9375,33.96875,33.28125,33.28125
871047000,32.75,32.875,31.34375,31.34375
871306200,31.75,31.75,29.8125,30.875
871392600,31.09375,31.125,30.3125,30.46875
871479000,31.09375,31.09375,29.9375,30.21875
871565400,30.40625,30.53125,29.75,30.03125
871651800,29.5,29.96875,29.03125,29.375
871911000,29.6875,30.1875,29.03125,30.1875
871997400,30.4375,30.46875,30.1875,30.40625
872083800,30.40625,30.90625,30.25,30.75
872170200,30.8125,30.8125,29.96875,30.28125
872256600,29.78125,30.34375,29.4375,30.34375
872515800,30.25,30.625,29.71875,29.84375
872602200,29.6875,30,29.5,29.5
872688600,29.375,29.5,28.59375,29.3125
872775000,29.1875,29.40625,28.5625,29.125
872861400,28.75,29.125,28.625,28.65625
873207000,28.8125,29.96875,28.5,29.9375
873293400,30.0625,30.15625,29.5,29.5
873379800,29.1875,29.875,29.15625,29.8125
873466200,30.25,30.3125,29.8125,29.9375
873725400,30,30.3125,29.5625,29.5625
873811800,29.34375,29.65625,29.15625,29.375
873898200,29.28125,29.59375,28.78125,28.8125
873984600,28.65625,28.75,27.6875,28.0625
874071000,28.1875,28.625,27.53125,28.53125
874330200,28.59375,29.03125,28.53125,28.78125
874416600,29,30.0625,28.96875,29.625
874503000,29.96875,29.96875,29.40625,29.53125
874589400,29.5,29.65625,29.25,29.40625
874675800,29.4375,29.59375,29.0625,29.59375
874935000,29.84375,30.09375,29.8125,29.921875
875021400,30.09375,30.09375,29.6875,29.875
875107800,29.90625,30.5625,29.875,30.3125
875194200,30.25,31.03125,30.21875,30.625
875280600,30.78125,30.96875,30.71875,30.96875
875539800,31.25,31.5625,31.15625,31.28125
875626200,31.25,31.25,30.4375,30.5
875712600,30.625,30.96875,30.5,30.96875
875799000,30.96875,31.4375,30.875,31.4375
875885400,31.75,31.84375,30.5625,31.1875
876144600,31.5,31.65625,31.375,31.4375
876231000,31.625,32.125,31.5,31.90625
876317400,32.0625,32.0625,31.25,31.375
876403800,31,31.125,30.78125,30.90625
876490200,30.5625,30.9375,30.4375,30.84375
876749400,30.8125,30.8125,30.59375,30.65625
876835800,31.0625,31.09375,30.1875,30.375
876922200,30.15625,30.28125,29.8125,29.90625
877008600,30.09375,30.46875,29.28125,29.46875
877095000,29.3125,29.5625,28.53125,29.25
877354200,29.25,29.5625,28.75,29.40625
877440600,29.5,30.0625,29.34375,30
877527000,30,30.09375,29.4375,29.65625
877613400,29,29.1875,28.40625,28.84375
877699800,29.5,29.59375,27.5625,27.75
877962600,27.75,28.4375,26.5625,26.78125
878049000,26.34375,28.96875,25.969,28.875
878135400,29,29.46875,28.21875,28.5625
878221800,28.125,29.3125,28,28
878308200,28.75,28.8125,28.15625,28.3125
878567400,28.5625,29.21875,28.5,29.125
878653800,29,29.09375,28.59375,29.03125
878740200,29.09375,29.34375,28.75,28.8125
878826600,28.8125,29.15625,28.53125,28.9375
878913000,28.59375,28.71875,27.96875,28.5
879172200,28.625,28.71875,27.8125,27.875
879258600,28.0625,28.40625,28,28.28125
879345000,28.0625,28.8125,28.03125,28.21875
879431400,28.5625,28.8125,28.375,28.71875
879517800,28.75,28.90625,28.25,28.78125
879777000,29.21875,30.0625,29.125,29.8125
879863400,29.75,30.28125,29.625,29.875
879949800,29.8125,31.0625,29.75,31.0625
880036200,31.4375,31.90625,31.3125,31.75
880122600,31.8125,31.875,31.21875,31.875
880381800,31.59375,31.78125,31.28125,31.28125
880468200,31.40625,32.15625,31.34375,32.0625
880554600,32.03125,32.03125,31.1875,31.1875
880727400,31.34375,31.5,31.21875,31.25
880986600,31.4375,32.375,31.28125,32.28125
881073000,32.5,33.09375,32.46875,32.9375
881159400,33,33.0625,32.40625,32.90625
881245800,32.96875,33,32.25,32.40625
881332200,32.40625,33.25,32.375,33.03125
881591400,32.625,32.875,31.5,31.78125
881677800,31.71875,31.96875,31.4375,31.8125
881764200,31.65625,32.0625,31.46875,31.9375
881850600,31.59375,32.0625,31.59375,31.8125
881937000,32,32.65625,31.9375,32.46875
882196200,32.5,33.15625,32.5,32.9375
882282600,33,33.09375,32.53125,32.84375
882369000,33.09375,33.15625,32.6875,32.9375
882455400,32.90625,33.1875,32.09375,32.125
882541800,31.65625,32.90625,31.125,32.71875
882801000,32.78125,33.34375,32.5625,33.03125
882887400,33.03125,33.03125,32.40625,32.5
882973800,32.5,32.5625,32.1875,32.3125
883146600,32.3125,32.65625,32.1875,32.1875
883405800,32.6875,33.1875,32.65625,33.15625
883492200,33.375,33.59375,33.28125,33.53125
883578600,33.4375,33.46875,33.09375,33.34375
883751400,33.375,33.5,32.96875,33.46875
884010600,33.40625,33.4375,32.625,33.21875
884097000,32.9375,33.3125,32.90625,33.0625
884183400,32.90625,33.09375,32.5625,33.09375
884269800,32.90625,33.5,32.875,33.3125
884356200,33.21875,33.34375,32.03125,32.0625
884615400,31.25,33.09375,31.125,33.03125
884701800,33,33.09375,32.3125,32.6875
884788200,32.625,32.625,32.125,32.3125
884874600,32.21875,32.21875,31.78125,31.875
884961000,32.25,32.59375,32.15625,32.5
885306600,32.625,32.96875,32.53125,32.96875
885393000,32.75,32.96875,32.5,32.75
885479400,32.34375,33,32.34375,32.71875
885565800,32.65625,32.8125,31.8125,31.90625
885825000,32.15625,32.15625,31.21875,31.53125
885911400,31.53125,32.0625,31.40625,31.625
885997800,31.625,32.375,31.1875,32.0625
886084200,32.125,32.78125,32.09375,32.375
886170600,32.375,32.5,32.25,32.375
886429800,32.71875,33.5625,32.625,33.34375
886516200,33.34375,33.8125,33.25,33.75
886602600,33.40625,33.71875,33.375,33.53125
886689000,33.65625,33.8125,33.40625,33.78125
886775400,33.78125,34.03125,33.59375,33.59375
887034600,33.71875,33.71875,33.5,33.6875
887121000,33.71875,34.1875,33.6875,33.96875
887207400,34,34.4375,33.90625,34.4375
887293800,34.3125,34.78125,33.96875,34.625
887380200,34.53125,34.59375,34.125,34.28125
887725800,34.34375,34.625,34.09375,34.25
887812200,34.125,34.90625,34.0625,34.5625
887898600,34.5,34.5,34.21875,34.375
887985000,34.5,34.84375,34.25,34.78125
888244200,34.84375,34.875,34.3125,34.59375
888330600,34.34375,34.53125,34.03125,34.15625
888417000,34.25,34.53125,34.21875,34.3125
888503400,34.3125,34.625,34.1875,34.4375
888589800,34.34375,34.46875,34.15625,34.3125
888849000,34.1875,34.34375,33.96875,34
888935400,33.78125,34.125,33.78125,34.09375
889021800,34.0625,34.375,33.8125,34.375
889108200,34.21875,34.90625,34.1875,34.65625
889194600,34.78125,35.375,34.78125,35.25
889453800,35.28125,36.59375,35.25,36.28125
889540200,36.40625,36.46875,36.28125,36.3125
889626600,36.1875,36.25,35.9375,36.21875
889713000,36.1875,36.21875,35.8125,35.8125
889799400,35.96875,36,35.1875,35.28125
890058600,35.4375,36.09375,35.40625,35.875
890145000,35.9375,36.21875,35.6875,36.21875
890231400,36.15625,37.5,36.125,37.40625
890317800,37.34375,37.625,37.125,37.46875
890404200,37.71875,38.75,37.46875,38.75
890663400,38,38.3125,37.625,37.9375
890749800,38.0625,38.375,37.71875,38
890836200,38,38.1875,37.71875,38.09375
890922600,38.09375,38.46875,37.65625,38.21875
891009000,38.21875,38.25,37.4375,37.53125
891268200,38.25,39.65625,38.15625,39.1875
891354600,39.3125,39.34375,38.5625,38.71875
891441000,38.75,40.34375,38.71875,40.3125
891527400,40.25,40.6875,39.90625,40.5625
891613800,40.5625,40.5625,39.90625,40.21875
891869400,40.34375,40.65625,39.625,39.625
891955800,39.28125,39.5625,38.96875,39.5
892042200,39.375,39.65625,38.625,39.03125
892128600,39.15625,39.4375,38.90625,39.28125
892474200,39.125,39.15625,38.4375,38.875
892560600,38.84375,39,38.40625,38.90625
892647000,39,39,37.8125,38.34375
892733400,38.46875,38.46875,36.9375,37.40625
892819800,37.40625,38.5,36.84375,38.40625
893079000,38.28125,38.5625,37.5,37.65625
893165400,37.15625,37.875,37.09375,37.34375
893251800,37.25,38.25,37,37.875
893338200,37.3125,37.8125,37.21875,37.375
893424600,37.28125,37.46875,36.5,36.8125
893683800,36.4375,36.71875,35.9375,36.1875
893770200,36.5625,37.03125,36.21875,36.21875
893856600,36.6875,37.1875,36.3125,36.84375
893943000,37.125,38.03125,37.09375,37.9375
894029400,38.0625,38.15625,37.53125,38.09375
894288600,38.09375,38.40625,38.0625,38.125
894375000,38.125,38.125,37.40625,38.03125
894461400,38.03125,38.3125,37.8125,38
894547800,38.125,38.125,37.6875,37.84375
894634200,37.875,38.75,37.875,38.21875
894893400,38.5,38.96875,38.4375,38.71875
894979800,38.6875,38.9375,38.375,38.875
895066200,38.875,39.09375,38.5,38.625
895152600,38.53125,39.21875,38.4375,38.875
895239000,38.84375,39.125,38.375,38.4375
895498200,38.59375,38.875,38.4375,38.6875
895584600,38.90625,39.1875,38.8125,39.03125
895671000,38.90625,39.9375,38.90625,39.90625
895757400,39.9375,40.46875,39.625,39.71875
895843800,39.59375,39.875,39.15625,39.40625
896189400,39.46875,39.5,38.6875,38.6875
896275800,38.53125,39.125,38.25,39.125
896362200,39.125,39.59375,38.875,39.46875
896448600,39.625,39.84375,39.1875,39.1875
896707800,39.3125,39.875,39.21875,39.75
896794200,39.8125,40.09375,39.59375,39.8125
896880600,39.84375,39.96875,39.625,39.71875
896967000,39.71875,40.1875,39.3125,40.09375
897053400,40.1875,41.03125,40.03125,41.03125
897312600,41,41.375,40.40625,40.53125
897399000,40.5625,41.21875,40.375,40.8125
897485400,40.5,41.125,40.40625,40.625
897571800,40.5,40.65625,39.78125,39.84375
897658200,39.8125,40.5,39.625,40.34375
897917400,40.21875,40.59375,39.65625,39.65625
898003800,39.40625,39.5625,38.875,39.5
898090200,39.65625,40.84375,39.4375,40.15625
898176600,40.0625,40.8125,40.0625,40.6875
898263000,40.65625,40.84375,39.96875,40.1875
898522200,40.09375,40.9375,40.09375,40.5625
898608600,40.625,41.375,40.40625,41.28125
898695000,41.1875,42.1875,41,42.0625
898781400,42.125,43.25,41.90625,42.4375
898867800,42.4375,43.09375,42.375,42.90625
899127000,43.21875,43.40625,42.96875,43
899213400,42.78125,43.09375,42.53125,42.75
899299800,42.84375,42.90625,42.375,42.875
899386200,42.75,42.78125,42.53125,42.6875
899731800,42.6875,43.5625,42.5,43.375
899818200,43.375,43.8125,42.875,42.96875
899904600,42.90625,43.6875,42.84375,43.59375
899991000,43.3125,43.65625,42.75,43.34375
900077400,43.34375,43.96875,43.09375,43.59375
900336600,43.59375,43.875,43.15625,43.4375
900423000,43.4375,44.0625,43.34375,43.96875
900509400,44.125,44.46875,43.84375,43.90625
900595800,43.5625,43.75,43,43.59375
900682200,43.5,43.5,43.03125,43.0625
900941400,43.0625,43.0625,42.09375,42.28125
901027800,42.46875,42.5,42.0625,42.125
901114200,42.09375,42.21875,41.75,41.9375
901200600,41.53125,42.3125,41.5,41.5
901287000,41.625,42.125,41.40625,41.71875
901546200,41.59375,42.875,41.25,42.46875
901632600,41.96875,42.1875,41.03125,41.6875
901719000,41.5625,41.8125,40.53125,40.9375
901805400,41.0625,42,41.0625,41.375
901891800,41.46875,41.59375,39.6875,40.25
902151000,40.3125,41.8125,40.25,41.0625
902237400,41,41.03125,39.3125,39.3125
902323800,39.5625,40.625,38.8125,40.1875
902410200,40.1875,41.09375,39.9375,40.8125
902496600,40.8125,40.96875,39.625,40.21875
902755800,40.0625,40.8125,39.8125,40.0625
902842200,39.5,39.8125,39.125,39.75
902928600,39.78125,39.96875,39.21875,39.84375
903015000,39.84375,39.90625,38.9375,39.375
903101400,39.4375,39.59375,37.78125,38.40625
903360600,37.90625,39.6875,37.875,39.53125
903447000,39.53125,39.71875,39.0625,39.53125
903533400,39.53125,39.53125,39.03125,39.34375
903619800,39.34375,40.0625,39.09375,39.71875
903706200,39.25,39.8125,38.40625,39.65625
903965400,39.6875,40.15625,39.6875,39.8125
904051800,39.875,40.71875,39.5625,40.0625
904138200,39.3125,40.09375,39.15625,39.59375
904224600,38.3125,38.34375,37.3125,37.375
904311000,37.5,37.59375,36.03125,36.375
904570200,36.40625,36.625,32.53125,32.5625
904656600,33.375,34.9375,32.875,34.125
904743000,34.21875,34.3125,32.0625,32.125
904829400,31.5625,31.5625,30.40625,30.96875
904915800,31.3125,31.8125,29.9375,31.0625
905261400,32.5,32.5,30.96875,31.75
905347800,32.4375,32.4375,31.3125,31.3125
905434200,30.75,30.75,30.09375,30.4375
905520600,30.1875,31.5,30.03125,31.21875
905779800,32.125,32.34375,31.53125,31.65625
905866200,31.4375,31.4375,30.3125,30.59375
905952600,30.71875,31.25,30.25,31.21875
906039000,30.5,30.875,30.09375,30.40625
906125400,30.625,30.84375,30.0625,30.6875
906384600,30.0625,30.46875,29.53125,29.59375
906471000,29.625,30,28,28.1875
906557400,28.59375,29.84375,28.3125,29
906643800,28.46875,29.125,27.8125,28.34375
906730200,27.5,28.3125,26.8125,28.09375
906989400,28.75,28.75,27.875,28.625
907075800,28.84375,29.6875,28.71875,29.34375
907162200,29.1875,29.375,28.65625,28.8125
907248600,28.125,28.5625,27.6875,28.125
907335000,27.875,29.75,27.78125,29.46875
907594200,29.96875,31.125,29.28125,30.71875
907680600,31.375,32.03125,30.625,31.40625
907767000,31.8125,32.40625,31.125,31.65625
907853400,31.6875,32.8125,31.3125,32.25
907939800,32.59375,32.6875,31.375,31.90625
908199000,32.4375,32.4375,31.28125,31.34375
908285400,31.46875,32.28125,31.25,32
908371800,32,32.875,31.65625,32.1875
908458200,32,34.0625,31.8125,33.75
908544600,34.1875,34.71875,33.78125,34.59375
908803800,34.46875,34.65625,34.15625,34.1875
908890200,34.375,35.03125,33.46875,33.53125
908976600,33.65625,33.84375,33.25,33.5
909063000,33.4375,34.8125,33.125,34.5625
909149400,34.46875,35.125,34.40625,35.125
909412200,35.09375,35.3125,34.59375,34.9375
909498600,35.25,35.28125,33.8125,34
909585000,33.96875,34.3125,33.75,33.78125
909671400,33.3125,33.96875,32.9375,33.90625
909757800,34.25,34.25,33.34375,33.78125
910017000,34.125,35.75,34.03125,35.5
910103400,35.5625,36.875,35.1875,36.46875
910189800,36.6875,36.71875,35.625,36.0625
910276200,35.9375,36.375,35.1875,36.34375
910362600,36.1875,36.4375,35.84375,36.3125
910621800,36.21875,36.28125,35.3125,35.78125
910708200,35.53125,36.28125,35.375,36.0625
910794600,35.8125,35.8125,35,35.6875
910881000,35.4375,35.46875,35.09375,35.28125
910967400,35.40625,35.4375,34.65625,34.875
911226600,35.0625,35.21875,34.3125,35
911313000,35.125,35.96875,35.03125,35.09375
911399400,35.15625,35.5,34.8125,35.46875
911485800,35.5,36.15625,35.4375,35.6875
911572200,35.96875,36.4375,35.8125,36.40625
911831400,36.53125,37.71875,36.4375,37.71875
911917800,37.5,37.65625,36.59375,36.75
912004200,36.71875,37.0625,36.4375,36.65625
912177000,36.4375,36.4375,35.78125,35.84375
912436200,35.5,35.625,34.875,35.03125
912522600,34.90625,35.25,34.5625,34.9375
912609000,34.6875,34.875,34.25,34.78125
912695400,34.28125,34.625,34.0625,34.0625
912781800,34.4375,34.90625,34.1875,34.5
913041000,34.5,34.53125,33.875,34.3125
913127400,33.75,34.3125,33.53125,34.3125
913213800,33.8125,33.8125,32.8125,33.5625
913300200,33.1875,33.4375,32.65625,33.03125
913386600,31.5,32.125,30.96875,31.4375
913645800,31.3125,32.09375,31.15625,31.71875
913732200,32.1875,32.96875,31.9375,32.96875
913818600,33.25,33.40625,32.28125,32.4375
913905000,32.5625,32.9375,32.21875,32.375
913991400,32.375,32.8125,32.34375,32.78125
914250600,32.8125,33.53125,32.78125,32.875
914337000,32.625,34.09375,32.5,33.71875
914423400,33.9375,35.15625,33.8125,34.96875
914509800,34.9375,35.0625,34.71875,34.71875
914855400,34.9375,34.96875,33.875,34.4375
914941800,34.46875,34.9375,34.28125,34.65625
915028200,34.71875,34.84375,33.90625,33.90625
915114600,33.90625,33.90625,33.03125,33.5
915460200,33.375,34.4375,33.0625,33.59375
915546600,33.375,34.4375,33.375,34.28125
915633000,34.5,35.1875,34,35.125
915719400,34.5625,35,34.125,34.71875
915805800,34.59375,34.6875,33.40625,34
916065000,33.3125,33.5625,32.625,33.03125
916151400,32.6875,33.28125,32.625,32.71875
916237800,32.3125,32.78125,31.8125,32.59375
916324200,32.5,32.53125,31.375,31.75
916410600,32.125,32.5,31.78125,32.40625
916756200,32.5,32.53125,31.375,32.0625
916842600,32.03125,32.09375,31.5,31.71875
916929000,31.59375,31.59375,30.46875,30.78125
917015400,30.71875,30.71875,29.78125,30.4375
917274600,30.4375,31.5,30.03125,31.46875
917361000,30.75,31.625,30.03125,31.28125
917447400,31.375,32.375,30.78125,31.96875
917533800,31.96875,32.84375,31.78125,32.5625
917620200,32.6875,32.9375,32.25,32.65625
917879400,32.65625,32.90625,32,32
917965800,31.9375,32.625,31.59375,32.625
918052200,32.5,32.9375,32.0625,32.25
918138600,31.875,32.09375,31.3125,31.78125
918225000,31.8125,31.96875,30.90625,31.03125
918484200,31.21875,31.3125,30.65625,30.75
918570600,30.75,31.6875,30.65625,30.96875
918657000,31.21875,31.8125,31,31.8125
918743400,31.6875,32.4375,31.4375,32.1875
918829800,32.125,32.46875,31.34375,31.9375
919175400,32.25,32.5,32.03125,32.4375
919261800,32.21875,32.625,31.75,32.15625
919348200,32.125,32.65625,31.96875,32.3125
919434600,32.25,32.9375,32.03125,32.875
919693800,32.5,32.6875,32.1875,32.21875
919780200,32.03125,32.1875,31.03125,31.375
919866600,31.46875,32.34375,31.375,31.40625
919953000,31.46875,32.25,31.28125,32.125
920039400,32.4375,32.4375,31.34375,31.9375
920298600,31.625,31.96875,31.3125,31.84375
920385000,31.71875,31.75,30.625,31.0625
920471400,31,31.0625,30.40625,30.8125
920557800,31.125,31.65625,30.8125,31.46875
920644200,31.8125,32.15625,31.53125,31.96875
920903400,31.875,32,31.53125,32
920989800,31.84375,32.0625,31.40625,31.5
921076200,31.53125,31.6875,31.09375,31.4375
921162600,31.9375,33.3125,31.875,33.1875
921249000,33.6875,34.96875,33.53125,34.71875
921508200,34.65625,34.71875,34.125,34.34375
921594600,34.1875,34.75,34.0625,34.34375
921681000,34.46875,34.46875,33.3125,33.40625
921767400,33.4375,34.28125,33.40625,34.125
921853800,34.3125,34.4375,33.75,33.75
922113000,33.78125,34.1875,33.625,33.84375
922199400,33.125,33.25,32.40625,32.9375
922285800,32.96875,33.09375,32.34375,32.6875
922372200,32.5625,33.09375,32.46875,32.9375
922458600,32.53125,32.65625,31.90625,32.65625
922717800,32.71875,33.9375,32.3125,32.40625
922804200,31.25,31.71875,30.6875,31.625
922890600,31.53125,31.5625,30.40625,30.6875
922977000,30.6875,31.96875,30.03125,30.46875
923319000,30.5625,30.59375,30.0625,30.25
923405400,30.15625,30.375,29.8125,29.90625
923491800,29.8125,29.84375,28.8125,29.46875
923578200,29.65625,30.625,29.46875,30.4375
923664600,30.375,30.71875,29.90625,30.375
923923800,30.15625,31,29.90625,30.9375
924010200,32.15625,32.375,31.5,31.65625
924096600,31.65625,31.875,31.25,31.71875
924183000,31.84375,32.25,31.71875,32.125
924269400,32.125,32.875,31.75,32.84375
924528600,32.96875,33.53125,32.03125,32.46875
924615000,32.5625,32.75,31.8125,32.625
924701400,32.84375,34.0625,32.75,33.78125
924787800,33.9375,33.9375,33.125,33.25
924874200,33,33.875,33,33.25
925133400,33.03125,33.6875,32.65625,33.5625
925219800,33.96875,34.71875,33.65625,34.71875
925306200,34.1875,34.53125,33.875,33.96875
925392600,34,34.3125,33.6875,33.90625
925479000,33.75,34.40625,33.4375,34.03125
925738200,33.625,34.59375,33.625,34.5
925824600,34.5,34.5,33.8125,34.34375
925911000,34.25,35.375,34.0625,35.25
925997400,35,35.4375,34.25,34.5625
926083800,34.53125,34.53125,33.78125,33.875
926343000,33.6875,34.09375,33.25,33.53125
926429400,33.75,33.75,32.8125,33.46875
926515800,33.21875,33.4375,32.375,33.21875
926602200,33.1875,33.1875,32.71875,32.875
926688600,32.15625,32.9375,32.15625,32.625
926947800,32.625,33.625,32.5625,33.5625
927034200,34,34.53125,33.90625,34.375
927120600,34.375,34.375,33.75,34.21875
927207000,33.96875,34.21875,33.78125,33.96875
927293400,33.84375,34.625,33.8125,34
927552600,34.0625,34.21875,33.25,33.40625
927639000,33.40625,34.40625,33.34375,33.5
927725400,33.625,34.59375,33.53125,34.25
927811800,34.1875,34.34375,33.6875,34.0625
927898200,34,34.71875,34,34.25
928243800,34.125,34.71875,33.84375,34.5625
928330200,34.21875,34.4375,34.0625,34.3125
928416600,34.25,34.46875,34.15625,34.40625
928503000,34.21875,34.9375,34.21875,34.875
928762200,34.53125,34.71875,33.8125,33.875
928848600,33.875,34.21875,33.40625,33.875
928935000,33.59375,33.75,33.3125,33.5
929021400,33.15625,33.21875,32.6875,33.0625
929107800,32.9375,33.125,32,32.21875
929367000,32.09375,32.78125,31.90625,32.40625
929453400,32.03125,32.125,31.59375,31.875
929539800,31.625,32.40625,31.5,31.9375
929626200,31.9375,32.5625,31.90625,32.28125
929712600,32.09375,32.21875,31.5625,31.71875
929971800,31.625,31.65625,30.6875,30.78125
930058200,30.78125,32.375,30.65625,31.3125
930144600,31.6875,31.75,30.8125,30.875
930231000,30.90625,31.46875,30.625,31.3125
930317400,31.5625,31.65625,30.6875,30.9375
930576600,30.8125,30.9375,30.34375,30.53125
930663000,30.4375,30.59375,30.1875,30.59375
930749400,30.5,31.3125,30.375,31
930835800,31.3125,32.5625,31.0625,32.4375
930922200,32.5,32.75,32.09375,32.40625
931267800,32.25,32.25,31.59375,31.8125
931354200,31.375,31.78125,31.25,31.5
931440600,31.375,32.09375,31.1875,31.5625
931527000,31.9375,32.28125,31.65625,31.8125
931786200,32,32,31.25,31.53125
931872600,31.40625,31.4375,31,31.21875
931959000,30.9375,31.09375,30.78125,30.9375
932045400,31.3125,32.125,31.3125,32
932131800,32.03125,32.5,31.84375,32.5
932391000,32.4375,32.46875,31.375,31.59375
932477400,31.375,31.9375,31.28125,31.46875
932563800,31.5,32.0625,31.28125,31.3125
932650200,31.8125,31.84375,31.03125,31.5625
932736600,31.4375,31.46875,30.78125,31.125
932995800,30.84375,31.8125,30.78125,31.53125
933082200,31.53125,31.59375,31.0625,31.25
933168600,30.9375,31.125,30.5625,30.6875
933255000,30.59375,30.9375,30.375,30.75
933341400,30.84375,30.84375,30.125,30.28125
933600600,30.0625,30.59375,30,30.03125
933687000,30.0625,30.5625,30.0625,30.40625
933773400,30.375,30.9375,30.0625,30.0625
933859800,30.15625,30.8125,29.875,30.4375
933946200,30.1875,30.625,29.25,29.625
934205400,29.625,30.125,29.53125,29.875
934291800,29.8125,30.1875,29.75,29.90625
934378200,29.875,30,29.25,29.71875
934464600,29.78125,30.40625,29.71875,30.0625
934551000,30.1875,30.34375,29.65625,29.90625
934810200,29.78125,29.84375,29.375,29.6875
934896600,29.75,30.125,29.5625,30.0625
934983000,29.71875,29.8125,29.21875,29.25
935069400,29.03125,29.3125,28.84375,29.03125
935155800,29.3125,29.53125,28.78125,29.40625
935415000,29.375,29.90625,29.15625,29.40625
935501400,29.21875,29.8125,29.21875,29.625
935587800,29.71875,30.875,29.65625,30.65625
935674200,30.6875,31.21875,30.625,30.78125
935760600,30.78125,31.03125,30.5,31.03125
936019800,31.125,31.1875,30.1875,30.4375
936106200,30.34375,30.625,29.875,29.90625
936192600,29.90625,30.25,29.59375,30
936279000,29.78125,29.875,29.34375,29.75
936365400,28.875,29.03125,28.3125,28.6875
936711000,28.75,28.75,26.875,27.3125
936797400,27.5,27.9375,27.28125,27.625
936883800,27.71875,28,27.25,27.5
936970200,27.65625,27.65625,27.3125,27.5625
937229400,27.75,27.875,27.40625,27.6875
937315800,27.3125,27.5,27.1875,27.375
937402200,27.625,27.78125,27.03125,27.03125
937488600,27.15625,27.34375,26.8125,27.03125
937575000,27.34375,27.375,26.78125,27
937834200,27.1875,27.4375,27,27.125
937920600,27,27.3125,26.71875,26.875
938007000,26.84375,26.84375,26.15625,26.21875
938093400,26.4375,26.59375,25.40625,25.46875
938179800,25.59375,26,25.46875,25.5625
938439000,25.75,26.03125,25.4375,25.5
938525400,25.46875,25.65625,24.78125,25.375
938611800,25.375,25.375,24.375,24.4375
938698200,24.625,24.71875,23.96875,24.125
938784600,24.125,24.59375,23.875,24.53125
939043800,24.875,24.90625,23.78125,23.78125
939130200,24.125,24.125,23.65625,23.96875
939216600,24.125,25.96875,24.03125,25.96875
939303000,26.125,26.4375,25.90625,26
939389400,26.03125,26.96875,26.03125,26.53125
939648600,26.75,26.75,26.03125,26.1875
939735000,26,26,25.0625,25.28125
939821400,25.03125,25.3125,24.75,24.84375
939907800,24.90625,25.71875,24.875,25.28125
939994200,24.875,25.5,24.8125,24.96875
940253400,25,25.5,24.875,25.5
940339800,25.96875,26.4375,25.75,26.40625
940426200,26.625,26.8125,26.28125,26.375
940512600,26.3125,27.21875,26.1875,27.15625
940599000,27.40625,27.96875,27.28125,27.625
940858200,27.6875,28.28125,27.5,28.15625
940944600,28.15625,28.5,27.75,27.75
941031000,27.90625,28.59375,27.75,28.46875
941117400,28.9375,29.40625,28.78125,29.40625
941203800,29.5,29.6875,29.125,29.5
941466600,29.125,29.6875,28.9375,29.5
941553000,29.3125,29.46875,28.65625,28.6875
941639400,28.59375,28.875,28.03125,28.4375
941725800,28.75,28.75,28.03125,28.34375
941812200,28.96875,29.21875,28.8125,29.0625
942071400,28.96875,29.46875,28.84375,29.40625
942157800,29.40625,29.40625,28.625,28.9375
942244200,28.53125,29.125,28.5,28.9375
942330600,28.90625,28.96875,28.25,28.375
942417000,28.5,28.75,28.28125,28.75
942676200,28.75,29.15625,28.75,29.125
942762600,29.15625,29.625,28.875,29.625
942849000,29.34375,30,29.25,29.96875
942935400,30,30.40625,29.625,30.21875
943021800,30.25,30.34375,29.84375,30.25
943281000,30.75,33.03125,30.75,32.6875
943367400,33,33.46875,32.90625,33.3125
943453800,33.21875,34.21875,33.09375,33.96875
943626600,33.5625,33.9375,33.28125,33.28125
943885800,32.9375,33.59375,32.875,33.5
943972200,33.3125,33.96875,33.25,33.59375
944058600,33.34375,34.5,33.34375,34.09375
944145000,33.5,33.96875,33.5,33.84375
944231400,34.125,34.5,33.90625,34.15625
944490600,34.09375,34.09375,31.3125,31.96875
944577000,31.25,31.375,29.375,30
944663400,30.0625,30.4375,29.6875,30
944749800,30.5,31.09375,30.03125,31.0625
944836200,31.25,31.6875,31.0625,31.625
945095400,31.5,31.5,30.6875,30.75
945181800,30.78125,30.96875,30.53125,30.625
945268200,30.5,30.59375,29.6875,29.9375
945354600,30.1875,30.1875,28.9375,29.25
945441000,28.75,29.9375,28.6875,29.875
945700200,29.875,30.1875,29.25,30.125
945786600,29.84375,30,29.0625,29.21875
945873000,30.125,30.375,29.25,29.25
945959400,29.75,30.125,29.40625,29.625
946305000,29.625,29.96875,29.28125,29.75
946391400,29.6875,29.8125,29.34375,29.78125
946477800,29.9375,29.9375,29.3125,29.46875
946564200,29.59375,29.71875,29.21875,29.21875
946650600,29.4375,29.4375,29.03125,29.125
946909800,28.65625,29,27.625,28.1875
946996200,27.875,28.40625,27.8125,27.9375
947082600,28.21875,28.71875,28.03125,28.46875
947169000,28.53125,28.84375,28.28125,28.5
947255400,29.25,30.375,28.9375,30.375
947514600,30.25,30.46875,29.375,29.40625
947601000,30.46875,30.625,30.0625,30.40625
947687400,30.40625,30.90625,30.21875,30.75
947773800,30.71875,30.71875,30.21875,30.28125
947860200,30.96875,30.96875,30.34375,30.53125
948205800,30.65625,32.5,30.53125,32.5
948292200,32.5,32.625,31.875,32.625
948378600,32.65625,32.96875,32.5625,32.9375
948465000,33.375,33.4375,32.875,33.4375
948724200,33,33.375,31.78125,32.4375
948810600,32,33.03125,31.4375,32.9375
948897000,32.125,32.75,31.375,31.53125
948983400,31.3125,31.34375,29.21875,29.75
949069800,29.71875,29.78125,28.46875,28.46875
949329000,28.53125,29.375,28.28125,28.71875
949415400,28.875,29.1875,28.15625,29.0625
949501800,28.78125,28.9375,28.03125,28.1875
949588200,28.25,28.375,27.53125,27.625
949674600,27.625,28.875,27.53125,28.125
949933800,28.03125,28.8125,27.78125,28.4375
950020200,28.71875,28.9375,28.375,28.59375
950106600,28.5,28.875,28.375,28.5
950193000,28.625,28.6875,28.125,28.34375
950279400,27.875,27.96875,27.4375,27.78125
950538600,27.53125,27.625,26.90625,27.125
950625000,26.6875,27.875,26.625,27.84375
950711400,27.53125,27.71875,26.625,26.875
950797800,26.75,26.78125,25.59375,26.15625
950884200,25.75,26.15625,25.375,25.6875
951229800,25.40625,26.3125,25.25,25.875
951316200,25.6875,25.71875,25,25.625
951402600,25.1875,25.25,24.15625,24.90625
951489000,24.875,25.34375,24.03125,24.34375
951748200,24.03125,24.84375,23.78125,24.65625
951834600,24.0625,24.40625,23.8125,24.3125
951921000,24.59375,25.6875,24.59375,25.5
952007400,25.59375,25.90625,24.6875,24.8125
952093800,25.0625,25.1875,24.53125,25.0625
952353000,24.59375,24.75,24.15625,24.5
952439400,24.1875,24.5,22.40625,23.78125
952525800,23.3125,24.03125,22.9375,23.75
952612200,23.78125,23.78125,22.9375,23.3125
952698600,23.03125,23.3125,22.03125,22.75
952957800,21.625,22.15625,21.5625,21.875
953044200,22.15625,22.15625,21.4375,21.6875
953130600,21.84375,23.90625,21.75,23.78125
953217000,24.65625,24.9375,24.28125,24.875
953303400,24.6875,24.96875,24.375,24.5625
953562600,24.5,24.5,24.03125,24.28125
953649000,23.6875,24.84375,23.6875,24.71875
953735400,24.5,24.5,23.09375,23.53125
953821800,23.5,24.1875,23.21875,23.5
953908200,23.375,23.59375,23.1875,23.5
954167400,23.40625,23.5625,22.625,22.625
954253800,22.875,23.25,22.4375,22.4375
954340200,22.6875,23.53125,22.65625,23.4375
954426600,23.5625,24.96875,23.5625,24.28125
954513000,24.34375,24.34375,23.46875,23.46875
954768600,23.71875,24.96875,23.625,24.65625
954855000,24.75,26.1875,24.09375,26.1875
954941400,25.125,25.46875,23.6875,23.8125
955027800,23.9375,23.96875,22.375,22.875
955114200,22.875,23.21875,22.375,23.09375
955373400,23.25,23.59375,22.4375,22.5
955459800,23.21875,23.875,22.84375,23.875
955546200,24,24.96875,23.84375,24.25
955632600,23.75,24.3125,23.5625,23.625
955719000,23.125,23.78125,23.03125,23.5
955978200,23.375,24.3125,23.125,24.25
956064600,24.15625,24.5625,23.1875,23.84375
956151000,24.3125,24.84375,23.96875,24.59375
956237400,24.25,24.71875,24,24.71875
956583000,24.71875,25.21875,24.5,24.8125
956669400,24.65625,25.25,24.09375,25.25
956755800,24.5,25.0625,24.4375,24.71875
956842200,24.25,24.5625,23.71875,24.125
956928600,24.0625,24.1875,23.375,23.625
957187800,23.3125,23.5,23.125,23.125
957274200,23.28125,23.78125,22.96875,23.125
957360600,23.0625,24.40625,23.0625,24.25
957447000,24.375,24.59375,23.65625,24.25
957533400,23.78125,24,23.375,23.53125
957792600,23.84375,24.25,23.8125,24.25
957879000,25,25.625,24.96875,25.25
957965400,25.28125,26.5,25.25,26.40625
958051800,26.90625,26.90625,26.5,26.78125
958138200,26.5,26.5,25.75,26.125
958397400,26,26.375,25.875,25.9375
958483800,25.375,25.375,24.3125,24.46875
958570200,24.3125,24.59375,24,24.125
958656600,24.125,24.9375,24.09375,24.71875
958743000,24.53125,25.15625,24.53125,25.03125
959002200,25.03125,25.34375,24.71875,25.34375
959088600,25,25.09375,24.84375,25
959175000,25.125,26.53125,25.09375,26.34375
959261400,26.28125,26.46875,26,26.34375
959347800,26.625,27.5,26.625,27.28125
959693400,27.46875,27.5,26.53125,26.9375
959779800,26.78125,26.9375,26.375,26.6875
959866200,26.59375,27.3125,26.53125,26.625
959952600,26.625,26.625,26.0625,26.28125
960211800,26.15625,26.4375,25.875,26
960298200,25.5625,25.96875,25.53125,25.8125
960384600,26,26.625,25.9375,26.5
960471000,26.0625,26.5,25.9375,26.40625
960557400,26.40625,26.6875,26.0625,26.15625
960816600,26.15625,26.71875,26.125,26.3125
960903000,26.5,27,26.40625,26.75
960989400,26.78125,27.0625,26.1875,26.5
961075800,26.9375,28.0625,26.90625,27.9375
961162200,28.0625,28.09375,27.5625,27.75
961421400,27,27.4375,27,27.1875
961507800,26.65625,26.8125,26.34375,26.46875
961594200,26.96875,27.15625,26.5,26.75
961680600,26.625,28.25,26.5,28.03125
961767000,28,29.15625,27.8125,28.9375
962026200,28.96875,29.625,28.75,29.625
962112600,29.375,29.4375,28.75,28.90625
962199000,29.25,30.4375,29.1875,30
962285400,29.9375,30.09375,29.375,29.40625
962371800,29.0625,29.40625,28.125,28.71875
962631000,29.0625,29.25,28.90625,29.1875
962803800,29.5625,29.59375,29.125,29.375
962890200,29.15625,29.46875,28.90625,29.46875
962976600,29.34375,29.625,29.1875,29.375
963235800,29.3125,29.34375,28.625,28.78125
963322200,28.4375,28.75,27.90625,28.09375
963408600,27.65625,28.25,27.625,28.15625
963495000,28.25,29.0625,28.21875,28.96875
963581400,28.9375,29.21875,28.84375,28.90625
963840600,28.78125,28.8125,28.28125,28.6875
963927000,28.65625,29.375,28.3125,29.09375
964013400,29.46875,30.3125,29.375,30.25
964099800,30.25,30.34375,29.9375,30.21875
964186200,30.28125,30.625,30.179685,30.34375
964445400,30,30,29.53125,29.59375
964531800,29.59375,29.65625,29.40625,29.625
964618200,29.6875,30,29.40625,29.40625
964704600,29.90625,30.59375,29.84375,30.21875
964791000,30.15625,31.5,30.03125,31.34375
965050200,31.03125,31.1875,30.625,30.65625
965136600,30.90625,32,30.65625,31.5625
965223000,31.5,31.53125,31.125,31.46875
965309400,31.03125,31.875,31.03125,31.34375
965395800,31.3125,31.3125,30.5625,31.125
965655000,30.78125,30.875,30.5625,30.65625
965741400,31.1875,31.1875,30.25,30.46875
965827800,30.15625,30.21875,29.84375,29.90625
965914200,30.1875,30.875,30.03125,30.5
966000600,30.53125,31.375,30.5,31.125
966259800,31.125,31.625,31.125,31.53125
966346200,31.15625,31.28125,30.8125,30.9375
966432600,30.6875,30.6875,29.75,30.34375
966519000,30.09375,30.3125,29.78125,29.84375
966605400,29.75,30.0625,29.75,29.96875
966864600,29.875,29.96875,29.5625,29.90625
966951000,29.90625,29.96875,29.21875,29.4375
967037400,29.46875,29.59375,28.96875,29.4375
967123800,29.15625,29.5,28.9375,28.96875
967210200,28.6875,28.71875,27.5,28
967469400,28.625,28.875,28,28.5
967555800,28.375,28.4375,28.03125,28.15625
967642200,27.75,28,26.90625,27.09375
967728600,27.09375,27.09375,25.75,26.3125
967815000,27,27.25,26.6875,27.125
968160600,27,28.53125,26.75,27.96875
968247000,27.4375,27.46875,27.03125,27.15625
968333400,27.1875,27.28125,26.625,27
968419800,27.125,27.59375,26.90625,27.28125
968679000,27.125,27.34375,26.15625,26.5
968765400,26.375,26.9375,26.09375,26.84375
968851800,26.75,26.84375,26.03125,26.375
968938200,25.90625,25.9375,24.96875,25.5
969024600,25.5,26.0625,25.25,25.34375
969283800,25.5,26.75,25.375,26.5625
969370200,26.65625,26.75,26.03125,26.34375
969456600,26.3125,26.34375,24.71875,24.9375
969543000,24.875,25.40625,24.59375,24.75
969629400,25.5,26.46875,25.4375,26.375
969888600,26.3125,27.125,26.3125,26.96875
969975000,26.8125,27.5625,26.625,27.5
970061400,27.46875,27.9375,27,27.8125
970147800,27.25,27.8125,27.0625,27.71875
970234200,27.78125,28.3125,27.5,27.5625
970493400,27.75,28.5,27.625,28.5
970579800,28.5625,28.6875,28.0625,28.15625
970666200,28.28125,28.625,28,28.625
970752600,28.65625,29.6875,28.65625,29.5625
970839000,29.46875,29.59375,28.875,29.21875
971098200,29.09375,29.40625,28.90625,28.90625
971184600,28.90625,29.65625,28.53125,29.09375
971271000,29.21875,29.78125,28.875,29.28125
971357400,29.28125,29.375,28.1875,28.625
971443800,28.375,28.84375,28.1875,28.59375
971703000,28.53125,29.625,28.5,29.3125
971789400,28.875,29.46875,28.5,28.96875
971875800,28.875,29.4375,28.40625,29.09375
971962200,28.25,28.71875,28.0625,28.5625
972048600,27.75,27.875,26.875,27.40625
972307800,27.4375,27.96875,26.9375,27.65625
972394200,27.5,28.09375,27.21875,28.0625
972480600,27.96875,29.21875,27.8125,28.96875
972567000,28.40625,29.65625,28.21875,29.34375
972653400,28.8125,29.65625,28.8125,29.46875
972916200,29.4375,30.25,29.4375,29.9375
973002600,29.8125,30.46875,29.34375,30.1875
973089000,30.40625,30.71875,30.15625,30.4375
973175400,30.46875,30.71875,30.03125,30.375
973261800,30.25,30.25,29.5625,29.65625
973521000,29.5625,30.5,29.40625,30.25
973607400,30.03125,30.4375,29.90625,30.03125
973693800,29.90625,30.3125,29.53125,30.09375
973780200,29.96875,31.34375,29.9375,31.15625
973866600,31.40625,31.53125,30.9375,30.9375
974125800,30.65625,30.8125,30.1875,30.53125
974212200,30.28125,30.65625,29.8125,30.28125
974298600,30.34375,30.75,30.125,30.65625
974385000,30.625,31.15625,30.53125,30.96875
974471400,31.21875,31.40625,30.5625,30.71875
974730600,29.375,29.4375,27.96875,28.28125
974817000,28.28125,28.75,27.625,27.625
974903400,29.25,30.15625,29.125,29.78125
975076200,29.46875,29.75,29.3125,29.5
975335400,29.28125,30.03125,29.03125,29.78125
975421800,30.125,30.375,29.9375,30.21875
975508200,29.875,31.25,29.875,31.0625
975594600,31.1875,31.3125,30.71875,31.3125
975681000,31.03125,31.1875,30.65625,31.09375
975940200,31,31.6875,30.9375,31.375
976026600,31.15625,31.40625,30.34375,30.71875
976113000,30.53125,30.90625,30.1875,30.4375
976199400,30.28125,31.53125,30.28125,31.1875
976285800,30.5,30.992185,30.3125,30.4375
976545000,30,30.09375,29.09375,29.15625
976631400,28.84375,29.34375,28.8125,29
976717800,28.875,29.15625,28.625,28.90625
976804200,28,28.71875,27.875,28.5
976890600,27.5,28.34375,26.75,26.75
977149800,27,27.78125,26.8125,27.4375
977236200,27.34375,28.96875,27.34375,28.375
977322600,27.875,29,27.78125,28.125
977409000,28.125,29.8125,28.0625,29.6875
977495400,29.40625,29.5,28.75,29.4375
977841000,29.3125,30,29.3125,30
977927400,30,30.6875,30,30.28125
978013800,30.96875,30.96875,30.28125,30.53125
978100200,30.46875,30.5625,30.09375,30.46875
978445800,30.15625,30.96875,30.125,30.40625
978532200,30.4375,31.09375,29.53125,29.625
978618600,29.28125,29.4375,28.375,28.78125
978705000,28.8125,29.375,28.75,28.84375
978964200,28.9375,29.84375,28.90625,29.3125
979050600,29.125,29.96875,28.8125,29.6875
979137000,29.1875,29.625,28.9375,29.5625
979223400,29.375,29.4375,28.5625,28.6875
979309800,28.71875,28.71875,28.125,28.3125
979655400,28.53125,28.65625,28.09375,28.5
979741800,28.875,29.34375,28.53125,28.96875
979828200,28.65625,29.34375,28.46875,28.5625
979914600,28.28125,28.5625,27.65625,27.90625
980173800,27.78125,28.03125,27.59375,27.84375
980260200,28.03125,28.59375,27.71875,28.4375
980346600,28.46875,29.03125,28.0625,29.03125
980433000,29.03125,29.5,28.90625,29.3125
980519400,29.40625,29.59375,28.75,28.96875
980778600,28.519995,28.85,28.265,28.56
980865000,28.685,29.135,28.629995,28.955
980951400,28.5,29.1,28.285005,29
981037800,28.625,28.75,28.305,28.72
981124200,28.985,28.99,28.595,28.870005
981383400,28.85,29.805,28.81,29.6
981469800,29.324995,29.885,29.17,29.71
981556200,29.65,30.269995,29.635,30
981642600,29.875,30.495005,29.78,30.305
981729000,30.305,30.47,29.975,30.07
981988200,29.855005,30.435,29.75,30.410005
982074600,29.975,30.04,29.725,29.980005
982161000,29.765,29.925005,29.565,29.75
982247400,29.25,29.475,28.495005,29.185
982333800,29.300005,29.74,29.205,29.68
982679400,29.925005,30.49,29.199995,29.235
982765800,28.125,28.15,27.06,27.46
982852200,27.46,27.46,25.705,26.495005
982938600,26.300005,26.4,25.754995,26
983197800,26,26.29,25.725,26.235
983284200,26.24,26.415,25.769995,26
983370600,26.11,26.574995,25.955,26.515
983457000,26.74,26.949995,26.175005,26.35
983543400,26.519995,26.525,26.004995,26.275
983802600,25.625,25.65,24.765,25.1
983889000,25.1,25.1,24.695,24.9
983975400,24.949995,25.4,24.9,25.214995
984061800,25.625,25.735,25.11,25.699995
984148200,25.699995,25.94,25.485,25.75
984407400,25.300005,25.65,25.015,25.050005
984493800,24.5,24.504995,24.15,24.375
984580200,23.75,24.155,23.129995,23.835
984666600,23.835,23.875,23.1,23.824995
984753000,23.6,24.870005,23.555,24.324995
985012200,24.025,24.550005,24.019995,24.199995
985098600,24.15,24.39,23.525,23.714995
985185000,23.714995,24,22.625,22.625
985271400,22.9,23.1,22.245005,22.86
985357800,22.25,22.75,22,22.75
985617000,23,23.050005,22.25,22.449995
985703400,22.75,23.47,22.285005,23.305
985789800,23.305,23.625,22.425005,22.975
985876200,22.6,22.6,21.879995,22.26
985962600,22.5,22.75,22.199995,22.58
986218200,22.699995,23.46,22.43,22.925005
986304600,22.800005,22.85,22.089995,22.33
986391000,22.26,23.025,22.085,22.625
986477400,23.125,23.300005,22.31,22.65
986563800,22.214995,22.675005,21.925005,22.5
986823000,22.5,22.795,21.949995,21.949995
986909400,21.955,22.15,21.605005,21.824995
986995800,21.5,22.375,21.185,22.065
987082200,21.75,22.449995,21.324995,22.285005
987427800,22.285005,22.75,22.074995,22.705
987514200,22.5,22.85,22.405,22.85
987600600,23.15,23.54,22.855005,23.375
987687000,23.025,23.885,23.019995,23.75
987773400,23.525,23.625,23.14,23.5
988032600,23.75,23.949995,23.515,23.725
988119000,23.725,24.225,23.585,23.695
988205400,23.75,24.199995,23.699995,24.1
988291800,23.800005,23.99,23.449995,23.449995
988378200,23.75,23.75,23,23.5
988637400,23.375,23.375,22.925005,23.095
988723800,23.15,24.1,23.065,23.815
988810200,23.949995,23.949995,23.574995,23.785005
988896600,23.78,23.78,23.199995,23.375
988983000,23.025,23.485,22.910005,23.415
989242200,23.42,23.449995,23.205,23.410005
989328600,23.26,23.35,23.004995,23.285005
989415000,23.285005,23.285005,22.699995,22.879995
989501400,22.975,23.125,22.76,22.805
989587800,22.805,22.949995,22.300005,22.644995
989847000,22.85,23.055,22.675005,23.004995
989933400,23.004995,23.055,22.605005,22.949995
990019800,23,24.205,22.765,24.115
990106200,24.25,24.35,23.824995,24.065
990192600,24.125,24.15,23.85,24.050005
990451800,24.125,24.175005,23.655,24.144995
990538200,24.019995,24.074995,23.775,23.9
990624600,23.65,24.35,23.65,24.35
990711000,24.35,24.675005,24.25,24.545
990797400,24.324995,24.550005,23.945,24.085
991143000,24.125,24.394995,24.074995,24.17
991229400,24.199995,24.324995,23.885,23.94
991315800,23.725,23.769995,23.475,23.699995
991402200,23.725,23.949995,23.5,23.905
991661400,23.75,23.800005,23.449995,23.785005
991747800,23.53,23.835,23.24,23.81
991834200,23.625,23.745005,23.18,23.375
991920600,23.475,23.595,22.93,23.06
992007000,23.1,23.115,22.824995,23
992266200,22.76,23.06,22.754995,22.964995
992352600,22.949995,23.065,22.754995,22.955
992439000,22.945,22.949995,22.699995,22.925005
992525400,22.68,22.845,22.42,22.51
992611800,22.055,22.595,22.055,22.129995
992871000,22.129995,22.225,21.735,21.885
992957400,21.885,22.045,21.769995,21.875
993043800,21.730005,22.120005,21.725,21.964995
993130200,22.125,22.24,21.775,21.795
993216600,21.824995,21.855005,21.295,21.425005
993475800,22,22.1,21.629995,21.795
993562200,21.795,22.15,21.515,21.975
993648600,22.050005,22.175005,21.875,22.089995
993735000,22.15,22.705,22.11,22.675005
993821400,22.75,22.83,22.43,22.5
994080600,22.394995,23.025,22.335,22.800005
994167000,22.995005,22.995005,22.805,22.97
994339800,22.845,22.94,22.51,22.620005
994426200,22.745005,22.745005,22.285005,22.300005
994685400,22.475,22.839995,22.28,22.61
994771800,22.485,22.644995,22.225,22.335
994858200,22.335,22.875,22.144995,22.754995
994944600,22.629995,22.75,22.449995,22.745005
995031000,22.555,23.07,22.555,23.004995
995290200,23.050005,23.49,23.025,23.49
995376600,23.35,23.6,22.955,23.565
995463000,23.455,23.475,22.805,23.11
995549400,23.15,23.445,22.9,23.35
995635800,23.225,23.385,22.894995,23.055
995895000,23,23.025,22.120005,22.24
995981400,22.269995,22.300005,21.824995,22.1
996067800,22.050005,22.515,22.004995,22.49
996154200,22.410005,22.504995,22.199995,22.5
996240600,22.5,22.545,22.1,22.394995
996499800,22.269995,22.394995,22.004995,22.129995
996586200,22.129995,22.370005,21.9,22.300005
996672600,22.35,22.375,21.879995,22.04
996759000,22.175005,22.22,21.75,21.955
996845400,22.1,22.39,22.050005,22.35
997104600,22.39,22.49,22.15,22.305
997191000,22.345,22.44,22.205,22.44
997277400,22.4,22.915,22.28,22.75
997363800,22.660005,22.85,22.5,22.805
997450200,22.644995,22.99,22.225,22.835
997709400,22.75,22.975,22.675005,22.9
997795800,22.949995,23.050005,22.85,23.019995
997882200,23.1,23.85,23.074995,23.79
997968600,23.79,23.879995,23.46,23.855005
998055000,23.855005,23.945,23.504995,23.769995
998314200,23.949995,24.269995,23.855005,24.269995
998400600,24.25,24.39,24.03,24.155
998487000,24.155,24.175005,23.905,24.125
998573400,24.24,24.800005,24.105005,24.725
998659800,24.699995,24.925005,24.405,24.605005
998919000,24.5,24.615,24.199995,24.254995
999005400,24.254995,24.254995,23.800005,23.935
999091800,23.975,24.050005,23.655,23.85
999178200,24.050005,24.875,24.03,24.394995
999264600,24.160005,24.54,24.15,24.335
999610200,24.46,25.195,24.230005,24.75
999696600,24.4,25.35,24.4,25.225
999783000,25.18,25.18,24.714995,24.754995
999869400,24.629995,24.99,24.574995,24.865
1000128600,24.870005,25.089995,24.75,24.975
1000733400,24.75,25.1,24.355005,25.1
1000819800,25.15,25.155,24.475,24.735
1000906200,24.86,24.97,24.165,24.75
1000992600,24.405,24.705,24.15,24.175005
1001079000,23,23.915,22.625,23.4
1001338200,23.405,24.35,23.405,24.015
1001424600,23.925005,24.629995,23.905,24
1001511000,23.949995,24,23.379995,23.445
1001597400,23.49,23.535005,23.25,23.475
1001683800,23.525,23.625,23.355005,23.425005
1001943000,23.25,23.365,22.925005,23.045
1002029400,23.125,23.235,22.754995,23.085
1002115800,22.975,23,22.68,22.9
1002202200,22.5,22.64,22.410005,22.58
1002288600,22.5,22.949995,22.144995,22.75
1002547800,22.735,23.245005,22.68,23.074995
1002634200,22.875,23.120005,22.74,23.089995
1002720600,23.074995,23.175005,22.855005,23.074995
1002807000,23,23.25,22.800005,23.025
1002893400,22.574995,22.6745,22.004995,22.4
1003152600,22.1,22.4,22.025,22.25
1003239000,22.25,22.4,22.15,22.269995
1003325400,22.394995,22.445,22.125,22.14
1003411800,22.175005,23.1,22.175005,23.06
1003498200,23.6,24.44,23.504995,24.295
1003757400,24.055,24.495005,23.875,24.49
1003843800,24.49,24.49,24.15,24.435
1003930200,24.33,24.495005,24.269995,24.385
1004016600,24.129995,24.745005,24.125,24.72
1004103000,24.5,24.745005,24.44,24.57
1004365800,24.5,24.574995,24.25,24.305
1004452200,24.050005,24.4,23.785005,24.08
1004538600,24.08,24.155,23.870005,23.94
1004625000,23.699995,24.339995,23.68,24.295
1004711400,24.01,24.475,23.949995,24.44
1004970600,24.15,24.800005,24.15,24.65
1005057000,24.525,24.925005,24.43,24.925005
1005143400,24.699995,24.949995,24.555,24.699995
1005229800,24.625,24.800005,24.4,24.535005
1005316200,24.379995,24.675005,24.275,24.61
1005575400,24.480005,24.75,24.365,24.660005
1005661800,24.699995,24.86,24.57,24.824995
1005748200,24.875,25.035005,24.800005,25
1005834600,25.050005,25.225,24.875,25
1005921000,25.214995,25.214995,24.89,24.964995
1006180200,25.050005,25.1,24.555,24.735
1006266600,24.449995,24.625,24.35,24.5
1006353000,24.300005,24.5,24.265,24.379995
1006525800,24.254995,24.574995,24.254995,24.574995
1006785000,24.475,24.545,24.050005,24.155
1006871400,24.155,24.19,23.754995,23.995005
1006957800,23.605005,23.69,23.285005,23.375
1007044200,23.475,23.64,23.230005,23.54
1007130600,23.5,23.625,23.379995,23.480005
1007389800,23.175005,23.375,23.055,23.265
1007476200,23.47,23.525,23.144995,23.275
1007562600,23.64,23.699995,23.480005,23.56
1007649000,23.35,23.445,23.08,23.214995
1007735400,23.089995,23.449995,23.050005,23.300005
1007994600,23.08,23.435,22.754995,22.815
1008081000,22.875,23.105005,22.775,22.824995
1008167400,22.824995,23.065,22.725,22.99
1008253800,22.925005,23.25,22.879995,23.115
1008340200,23.1,23.36,23.04,23.125
1008599400,23.324995,23.324995,22.9,23.074995
1008685800,23.225,23.275,22.94,23.25
1008772200,23.125,23.975,23.125,23.745005
1008858600,23.625,24.050005,23.620005,23.879995
1008945000,24.074995,24.39,23.885,24.39
1009204200,24.39,24.4,24.055,24.185
1009377000,24.025,24.39,23.9,24.26
1009463400,23.75,23.97,23.735,23.97
1009549800,23.655,23.72,23.495005,23.585
1009809000,23.625,23.85,23.475,23.574995
1009981800,23.4,23.82,23.129995,23.735
1010068200,23.824995,23.824995,23.25,23.425005
1010154600,23.300005,23.32,23.01,23.214995
1010413800,22.949995,23.5,22.4,22.61
1010500200,22.735,22.735,22.315,22.324995
1010586600,22.25,22.545,22.235,22.28
1010673000,22.305,22.475,22.245005,22.39
1010759400,22.475,22.800005,22.335,22.65
1011018600,22.5,22.585,22.15,22.25
1011105000,22.375,22.405,22.019995,22.175005
1011191400,22.28,22.4,21.964995,22.074995
1011277800,22.199995,22.6,22.155,22.525
1011364200,22.550005,22.725,22.504995,22.72
1011709800,22.72,22.97,22.6,22.949995
1011796200,22.875,22.879995,22,22.39
1011882600,22.5,22.550005,21.885,22.11
1011969000,22.050005,22.695,22.01,22.574995
1012228200,22.425005,22.625,22.254995,22.605005
1012314600,22.5,22.574995,22,22
1012401000,22.125,22.144995,21.805,21.925005
1012487400,22.050005,22.1,21.75,21.875
1012573800,21.875,22.35,21.85,22.339995
1012833000,22.339995,22.495005,22.18,22.339995
1012919400,22.445,23.045,22.300005,22.875
1013005800,22.9,23.26,22.605005,23.25
1013092200,22.949995,23.205,22.875,22.94
1013178600,22.705,22.935,22.515,22.925005
1013437800,22.65,23.120005,22.65,23.07
1013524200,22.800005,23.065,22.75,23.055
1013610600,22.875,23.19,22.754995,23.19
1013697000,23.074995,23.5,23,23.495005
1013783400,23.5,23.525,23.324995,23.475
1014129000,23.175005,23.435,23.019995,23.144995
1014215400,23,23.5,22.71,23.44
1014301800,23.375,23.615,22.94,23
1014388200,23,23.75,22.949995,23.65
1014647400,23.65,23.839995,23.5,23.685
1014733800,23.69,23.824995,23.305,23.495005
1014820200,23.475,23.99,23.4,23.74
1014906600,23.949995,24,23.675005,23.695
1014993000,23.480005,24.225,23.480005,24.205
1015252200,24.055,24.199995,23.6,23.885
1015338600,23.76,23.96,23.625,23.800005
1015425000,23.574995,24,23.56,23.769995
1015511400,23.550005,23.595,23.175005,23.475
1015597800,23.745005,24.085,23.699995,23.925005
1015857000,24.050005,24.050005,23.699995,23.79
1015943400,23.699995,24.050005,23.504995,24.045
1016029800,23.85,24.050005,23.800005,23.975
1016116200,24.025,24.17,23.89,23.945
1016202600,24.175005,24.525,24.105005,24.32
1016461800,24.4,24.56,24.089995,24.335
1016548200,24.449995,24.714995,24.425005,24.6
1016634600,24.6,24.885,24.56,24.705
1016721000,24.99,25.385,24.935,25.199995
1016807400,25.205,25.74,25.125,25.625
1017066600,25.725,26.045,25.675005,25.875
1017153000,25.875,26.339995,25.870005,26.300005
1017239400,25.980005,26.17,25.925005,26.144995
1017325800,26.144995,26.225,25.97,26.129995
1017671400,26,26.175005,25.78,26.15
1017757800,26.1,26.144995,25.85,26.14
1017844200,25.980005,26.08,25.75,25.870005
1017930600,25.870005,26.205,25.78,26.01
1018017000,25.949995,26.14,25.805,26.089995
1018272600,25.800005,26.550005,25.769995,26.5
1018359000,26.5,26.775,26.375,26.675005
1018445400,26.550005,27.225,26.51,27.11
1018531800,27.055,27.06,26.51,26.57
1018618200,26.375,26.75,26.245005,26.68
1018877400,26.425005,26.504995,26.105005,26.195
1018963800,26.195,26.949995,25.9,26.94
1019050200,26.824995,27.03,26.629995,26.96
1019136600,26.975,27.1,26.605005,26.855005
1019223000,26.86,27.49,26.800005,27.455
1019482200,27.495005,27.925005,27.385,27.65
1019568600,27.525,27.574995,27.129995,27.26
1019655000,27.370005,27.53,27.25,27.49
1019741400,27.475,27.5,27.074995,27.49
1019827800,27.455,27.545,27.225,27.225
1020087000,27.225,27.54,27.035005,27.32
1020173400,27.445,28.019995,27.365,27.754995
1020259800,27.879995,28.955,27.85,28.81
1020346200,28.699995,28.894995,28.545,28.82
1020432600,28.5,28.585,28.125,28.43
1020691800,28.4,28.550005,28.25,28.295
1020778200,28.49,28.49,28.125,28.324995
1020864600,28.300005,28.485,27.92,28.25
1020951000,28.300005,28.445,28.205,28.25
1021037400,28.199995,28.449995,28.1,28.18
1021296600,28,28.449995,27.975,28.445
1021383000,28.425005,28.449995,28.165,28.324995
1021469400,28.199995,28.415,28.1,28.345
1021555800,28.475,28.6,28.199995,28.525
1021642200,28.475,28.625,28.28,28.5
1021901400,28.375,28.5,27.949995,28.1
1021987800,28.1,28.175005,27.625,27.730005
1022074200,27.775,28.15,27.754995,28.1
1022160600,28.1,28.345,27.885,28.345
1022247000,28.370005,28.74,27.879995,28.1
1022592600,27.975,28.074995,27.275,27.32
1022679000,27.25,27.25,26.905,27.074995
1022765400,26.949995,27.300005,26.9,27.195
1022851800,27.449995,27.845,27.339995,27.78
1023111000,27.449995,27.699995,26.995005,27.015
1023197400,26.699995,27,26.475,27
1023283800,27,27.725,26.805,27.699995
1023370200,27.725,27.725,26.980005,27.074995
1023456600,27,27.225,26.875,27.025
1023715800,26.975,27.1,26.81,26.865
1023802200,26.9,27.475,26.865,27
1023888600,27,27.475,26.905,27.24
1023975000,27.245005,27.495005,27.025,27.25
1024061400,27.1,27.445,26.85,27.425005
1024320600,27.4,27.695,27.345,27.625
1024407000,27.5,27.72,27.449995,27.65
1024493400,27.65,28.035005,27.405,27.54
1024579800,27.574995,28.175005,27.555,27.86
1024666200,27.455,28.025,27.455,28
1024925400,28,28.595,27.949995,28.475
1025011800,28.475,28.57,27.415,27.725
1025098200,27.25,27.9,27.17,27.769995
1025184600,27.894995,28.225,27.415,28.045
1025271000,28.17,28.725,27.89,28
1025530200,28.125,28.550005,28.125,28.175005
1025616600,28.475,28.6,28.074995,28.339995
1025703000,28.214995,28.449995,28.015,28.305
1025875800,27.9,28.25,27.78,28.235
1026135000,28.35,28.75,28.28,28.64
1026221400,28.550005,28.615,28.06,28.22
1026307800,28.22,28.475,27.175005,27.35
1026394200,27,27.199995,26.08,26.555
1026480600,26.5,26.5,25.35,25.525
1026739800,25.375,26.125,24.695,26
1026826200,25.525,25.85,25.045,25.185
1026912600,25.6,25.975,24.875,25
1026999000,25.025,25.18,23.64,23.964995
1027085400,23.464995,23.6,22.370005,22.545
1027344600,22.589995,23.65,22.449995,22.945
1027431000,22.35,22.99,22.1,22.29
1027517400,21.800005,23.550005,21.800005,23.425005
1027603800,23.35,24.125,22.949995,23.78
1027690200,23.800005,24.004995,23.425005,23.725
1027949400,24,24.800005,23.935,24.714995
1028035800,24.6,24.6,23.805,24.074995
1028122200,24.074995,24.995005,24.074995,24.97
1028208600,24.925005,25.375,24.725,24.964995
1028295000,25,25.42,24.65,25.050005
1028554200,25.050005,25.050005,24.050005,24.18
1028640600,24.49,24.875,23.775,23.935
1028727000,24.144995,24.504995,23.800005,24.504995
1028813400,24.525,25.410005,24.42,25.410005
1028899800,25.370005,25.72,25.144995,25.550005
1029159000,25.1,25.525,25.03,25.405
1029245400,25,25.725,24.980005,25.129995
1029331800,25.129995,26.050005,24.79,25.975
1029418200,26,26.285005,25.504995,25.705
1029504600,25.705,26.35,25.625,26.095
1029763800,26.22,26.22,25.635,25.85
1029850200,25.6,25.975,25.46,25.815
1029936600,26.050005,26.405,25.675005,26.370005
1030023000,26.370005,26.495005,25.885,26.199995
1030109400,26.199995,26.699995,26.1,26.35
1030368600,26.35,26.620005,26.055,26.504995
1030455000,26.515,26.6,26,26.26
1030541400,26.1,26.120005,25.4,25.64
1030627800,25.324995,25.64,25,25.199995
1030714200,25.1,26.050005,25.074995,25.5
1031059800,25.199995,25.345,24.74,24.96
1031146200,25,25.425005,25,25.25
1031232600,25.025,25.089995,24.54,24.675005
1031319000,24.875,25.15,24.56,24.945
1031578200,24.78,25.535005,24.754995,25.175005
1031664600,25.25,25.574995,25.03,25.485
1031751000,25.79,25.795,25.47,25.550005
1031837400,25.175005,25.265,24.68,24.775
1031923800,24.65,24.949995,24.555,24.824995
1032183000,24.925005,25.449995,24.775,25.339995
1032269400,25.6,25.699995,24.47,24.475
1032355800,24.35,24.964995,24.275,24.65
1032442200,24,24.15,23.519995,23.835
1032528600,23.9,24.25,23.585,23.76
1032787800,23.56,23.845,23.2055,23.5
1032874200,23.449995,23.949995,23.35,23.6
1032960600,23.9,24.574995,23.6,24.245005
1033047000,24.245005,24.339995,23.754995,24.214995
1033133400,24.214995,24.65,24.1,24.245005
1033392600,23.9,24.25,23.725,23.980005
1033479000,24.199995,25.050005,24.125,25.03
1033565400,25.074995,25.5,24.9,24.949995
1033651800,25.15,25.699995,25.050005,25.31
1033738200,25.6,25.845,25.35,25.449995
1033997400,25.415,25.945,25.004995,25.065
1034083800,25.5,26.410005,25.379995,26.06
1034170200,25.75,26.25,25.504995,25.815
1034256600,25.699995,26,25.21,25.730005
1034343000,25.699995,26,25.36,25.725
1034602200,25.6,26.339995,25.58,26.275
1034688600,26.275,26.550005,25.625,26.24
1034775000,25,25,23.44,23.6
1034861400,23.85,23.925005,22.285005,22.949995
1034947800,22.75,23.324995,22.56,23.195
1035207000,23.550005,24.050005,23.449995,24
1035293400,24,24.370005,23.665,23.94
1035379800,23.945,24.089995,23.615,23.97
1035466200,24.050005,24.089995,23.26,23.445
1035552600,23.464995,23.574995,23.1855,23.485
1035815400,23.49,23.49,22.835,22.964995
1035901800,22.875,23.195,22.51,23.19
1035988200,23.1,23.54,23.055,23.425005
1036074600,23.36,23.58,22.949995,23.24
1036161000,23.24,23.53,22.824995,23.415
1036420200,23,23.449995,22.75,22.85
1036506600,22.925005,23.225,22.92,23.18
1036593000,23.155,23.160005,22.449995,22.699995
1036679400,22.6,22.695,22.300005,22.410005
1036765800,22.324995,22.6,22.24,22.26
1037025000,22.254995,22.495005,22.129995,22.28
1037111400,22.550005,22.705,22.105005,22.155
1037197800,22.25,22.925005,22.199995,22.615
1037284200,22.875,22.96,22.565,22.57
1037370600,22.57,23,22.504995,22.985
1037629800,23.1,23.144995,22.795,22.96
1037716200,22.96,23.58,22.925005,23.195
1037802600,23.345,23.345,22.706495,23.04
1037889000,23.25,23.25,22.46,22.879995
1037975400,23,23.089995,22.375,22.705
1038234600,22.525,22.699995,22.385,22.555
1038321000,22.31,22.595,22.29,22.4
1038407400,22.5,23.195,22.4,23.115
1038580200,23.074995,23.074995,22.76,22.82
1038839400,23.089995,23.095,22.525,22.6
1038925800,22.75,22.94,22.394995,22.449995
1039012200,22.35,23.1,22.315,22.82
1039098600,22.824995,22.894995,22.4,22.515
1039185000,22.4,22.8145,22.4,22.699995
1039444200,22.6,22.845,22.43,22.550005
1039530600,22.555,23.25,22.550005,23.25
1039617000,23.225,23.455,23.01,23.375
1039703400,23.15,23.155,22.675005,22.935
1039789800,22.375,23.21,22.25,22.925005
1040049000,22.925005,22.995005,22.65,22.865
1040135400,22.925005,22.980005,22.425005,22.46
1040221800,22.449995,22.47,22.185,22.269995
1040308200,22.175005,22.25,21.785005,22.06
1040394600,22.125,22.17,21.945,22.04
1040653800,22.050005,22.300005,21.94,22.195
1040740200,21.925005,22.18,21.925005,22.115
1040913000,22.1,22.35,22.050005,22.074995
1040999400,22,22.135,21.615,21.735
1041258600,21.785005,21.885,21.449995,21.754995
1041345000,21.730005,22.050005,21.629995,21.92
1041517800,22.074995,22.495005,22.025,22.425005
1041604200,22.43,22.46,22.11,22.370005
1041863400,22.300005,22.574995,22.17,22.46
1041949800,22.25,22.375,22.1,22.18
1042036200,22.300005,22.375,21.949995,22.035005
1042122600,21.949995,22.339995,21.85,22.265
1042209000,22.175005,22.69,22.155,22.6
1042468200,22.65,22.975,22.550005,22.879995
1042554600,22.75,22.875,22.51,22.865
1042641000,22.865,22.875,22.42,22.449995
1042727400,22.54,22.870005,22.504995,22.835
1042813800,22.75,23.004995,22.519995,22.550005
1043159400,22.6,22.795,22.254995,22.36
1043245800,22.365,22.79,22.205,22.275
1043332200,22.28,22.405,21.935,21.949995
1043418600,22,22.01,21.375,21.415
1043677800,21.175005,21.379995,20.76,20.894995
1043764200,21,21,20.5,20.550005
1043850600,20.550005,20.550005,19.905,20.275
1043937000,20.375,20.385,19.6,19.6
1044023400,19.65,20.275,19.574995,20.230005
1044282600,20.275,20.31,20.047995,20.074995
1044369000,20.004995,20.285005,19.851,20.165
1044455400,20.275,20.375,19.93,20.025
1044541800,20.025,20.15,19.824995,19.955
1044628200,20.050005,20.120005,19.75,19.765
1044887400,19.85,20.144995,19.675005,20.03
1044973800,19.949995,20.055,19.425005,19.5
1045060200,19.69,20.125,19.655,19.870005
1045146600,19.89,20.144995,19.65,19.99
1045233000,20.074995,20.5,19.949995,20.4
1045578600,20.475,20.76,20.324995,20.550005
1045665000,20.595,20.599505,20.15,20.335
1045751400,20.24,20.4,20.015,20.025
1045837800,20.15,20.339995,20,20.32
1046097000,20.315,20.315,19.910005,19.910005
1046183400,19.85,20.22,19.75,20.19
1046269800,20.15,20.160005,19.76,19.86
1046356200,19.925005,20.315,19.855005,20.129995
1046442600,20.129995,20.32,19.975,20.11
1046701800,20.08,20.22,19.605005,19.605005
1046788200,19.615,19.615,19.155,19.185
1046874600,18.725,19.185,18.504995,18.775
1046961000,18.775,18.879995,18.6,18.775
1047047400,18.574995,18.92,18.574995,18.85
1047306600,18.699995,18.800005,18.504995,18.535005
1047393000,18.550005,19.1,18.550005,18.83
1047479400,18.75,19.125,18.74,19.025
1047565800,19.29,19.725,19.25,19.725
1047652200,19.824995,20.004995,19.730005,19.949995
1047911400,19.949995,20.495005,19.85,20.495005
1047997800,20.51,20.51,20.15,20.485
1048084200,20.485,20.925005,20.379995,20.905
1048170600,20.905,20.925005,20.475,20.765
1048257000,20.975,21.15,20.65,21.125
1048516200,20.9,20.995005,20.385,20.455
1048602600,20.449995,20.595,20.285005,20.5
1048689000,20.525,20.53,20.33,20.365
1048775400,20.24,20.625,20.07,20.43
1048861800,20.43,20.54,20.214995,20.365
1049121000,20.160005,20.339995,19.855005,20.24
1049207400,20.25,20.29,19.94,20.195
1049293800,20.574995,20.865,20.5,20.725
1049380200,20.725,20.769995,20.475,20.6
1049466600,21.055,21.300005,20.574995,20.949995
1049722200,21.275,21.33,20.800005,20.85
1049808600,20.975,21.029,20.805,20.925005
1049895000,20.99,21.33,20.714995,20.835
1049981400,20.925005,20.94,20.65,20.72
1050067800,20.875,20.975,20.65,20.714995
1050327000,20.714995,21.245005,20.714995,21.205
1050413400,21.25,21.425005,20.995005,21.265
1050499800,20.324995,20.85,19.754995,19.949995
1050586200,19.9,20.315,19.5,20.199995
1050931800,20.275,20.4,19.96,20.055
1051018200,19.949995,20.22,19.839995,20.205
1051104600,20.14,20.25,19.85,20
1051191000,19.975,20.050005,19.625,19.955
1051277400,20.025,20.07,19.625,19.71
1051536600,19.92,20.275,19.875,20.165
1051623000,20.165,20.5,20.165,20.415
1051709400,20.31,20.425005,20.065,20.199995
1051795800,20.199995,20.295,19.72,20.22
1051882200,20.1,20.545,20.089995,20.5
1052141400,20.5,20.552,20.15,20.265
1052227800,20.425005,20.65,20.31,20.51
1052314200,21.254995,21.735,21.129995,21.635
1052400600,21.525,21.68,21.36,21.44
1052487000,21.800005,22.089995,21.71,21.995005
1052746200,21.995005,22.36,21.935,22.15
1052832600,22.15,22.230005,21.819505,22.125
1052919000,22.300005,22.31,21.949995,22.125
1053005400,22.25,22.49,22.225,22.32
1053091800,22.375,22.49,21.975,21.975
1053351000,21.85,22.185,21.81,22.055
1053437400,22.1,22.285005,21.985,22.26
1053523800,22.125,22.181505,21.905,22.07
1053610200,22.07,22.435,22.045,22.265
1053696600,22.15,22.355005,22.025,22.095
1054042200,21.99,22.425005,21.925005,22.33
1054128600,22.265,22.305,22.06,22.08
1054215000,22.175005,22.65,22.175005,22.31
1054301400,22.54,22.9755,22.495005,22.785005
1054560600,22.97,23.11,22.67,22.9
1054647000,23.025,23.19,22.875,23.055
1054733400,22.949995,23.335,22.9,23.295
1054819800,23.295,23.425005,23.155,23.39
1054906200,23.43,23.625505,23.35,23.445
1055165400,23.199995,23.495005,23.199995,23.435
1055251800,23.435,23.435,23.14,23.300005
1055338200,23.19,23.4,22.795,23.4
1055424600,23.254995,23.725,23.235,23.725
1055511000,23.699995,23.79,23.504995,23.675005
1055770200,23.725,24.1005,23.65,24.1
1055856600,24.050005,24.169,23.39,23.6
1055943000,23.355005,23.625,23.33,23.5
1056029400,23.4,23.449995,22.97,23.06
1056115800,23.17,23.335,23.050005,23.235
1056375000,23.14,23.4,22.89,23.375
1056461400,23.324995,23.65,23.285005,23.585
1056547800,23.589995,23.735,23.305,23.32
1056634200,23.25,23.47,23.144995,23.44
1056720600,23.425005,23.620005,23.214995,23.254995
1056979800,23.175005,23.304495,22.945,23.205
1057066200,23.125,23.32,22.949995,23.245005
1057152600,23.225,23.26,23.019995,23.19
1057239000,23.074995,23.225,22.949995,23.115
1057584600,23.115,23.175005,22.475,22.475
1057671000,22.475,22.475,22.050005,22.11
1057757400,22.050005,22.25,21.839995,21.94
1057843800,21.99,22.175005,21.905,22.004995
1057930200,21.675005,22.055,21.675005,21.955
1058189400,22.074995,22.365,22.01,22.14
1058275800,22.15,22.214995,21.85,21.995005
1058362200,21.725,22.074995,21.14,21.455
1058448600,22.14,22.385,22.06,22.379995
1058535000,22.46,22.49,22.21,22.449995
1058794200,22.5,22.57,22.32,22.5
1058880600,22.6,22.67,22.370005,22.545
1058967000,22.625,22.65,22.335,22.585
1059053400,22.595,22.879995,22.26,22.26
1059139800,22.254995,22.535005,21.9,22.519995
1059399000,22.46,22.47,22.225,22.315
1059485400,22.375,22.64,22.175005,22.43
1059571800,22.6,22.775,22.46,22.69
1059658200,22.735,23.115,22.485,22.485
1059744600,22.25,22.620005,22.199995,22.375
1060003800,22.25,22.54,22.125,22.445
1060090200,22.425005,22.445,22.135,22.18
1060176600,22.074995,22.24,21.945,22.050005
1060263000,22.15,22.480005,22.089995,22.39
1060349400,22.449995,22.485,22.31,22.425005
1060608600,22.4,22.425005,22.165,22.31
1060695000,22.410005,22.410005,22.1,22.324995
1060781400,22.370005,22.370005,22.1,22.254995
1060867800,22.35,22.585,22.235,22.53
1060954200,22.56,22.56,22.405,22.504995
1061213400,22.504995,22.550005,22.379995,22.43
1061299800,22.355005,22.436995,21.97,22.15
1061386200,22,22.015,21.83,21.945
1061472600,21.964995,22.095,21.735,21.805
1061559000,21.875,22.035005,21.6,21.64
1061818200,21.725,22.035005,21.64,22.035005
1061904600,21.925005,22.25,21.82,22.115
1061991000,22.115,22.115,21.875,21.980005
1062077400,21.86,21.980005,21.79,21.915
1062163800,21.85,21.92,21.71,21.76
1062509400,21.714995,21.925005,21.54,21.89
1062595800,21.89,22.045,21.754995,21.855005
1062682200,21.955,22.295,21.905,22.25
1062768600,22.25,22.4,21.985,22.074995
1063027800,22.199995,22.235,22.050005,22.135
1063114200,22.01,22.4,22.004995,22.175005
1063200600,22.254995,22.625,22.24,22.475
1063287000,22.574995,22.589995,22.199995,22.24
1063373400,22.06,22.105005,21.845,21.995005
1063632600,21.995005,21.995005,21.735,21.75
1063719000,21.535005,21.565,21.265,21.46
1063805400,21.46,21.675005,21.36,21.504995
1063891800,21.699995,21.995005,21.660005,21.800005
1063978200,21.800005,21.81,21.555,21.589995
1064237400,21.589995,21.795,21.35,21.620005
1064323800,21.745005,21.82,21.57,21.71
1064410200,21.775,21.800005,21.394995,21.495005
1064496600,21.49,21.699995,21.445,21.525
1064583000,21.5,21.64,21.435,21.515
1064842200,21.504995,21.75,21.43,21.535005
1064928600,21.475,21.694505,21.300005,21.480005
1065015000,21.5,21.945,21.5,21.945
1065101400,21.975,22.17,21.85,22.125
1065187800,22.565,22.72,21.915,22.019995
1065447000,22.1,22.269995,22.045,22.205
1065533400,22.129995,22.3805,22.08,22.33
1065619800,22.199995,22.25,21.985,22.120005
1065706200,22.245005,22.25,21.879995,21.964995
1065792600,21.894995,22.045,21.855005,21.915
1066051800,22.025,22.125,21.910005,22.07
1066138200,22,22.370005,21.925005,22.275
1066224600,22.574995,22.76,22.5,22.550005
1066311000,22.254995,22.504995,22.25,22.5
1066397400,22.595,22.629995,22.355005,22.525
1066656600,22.6,22.824995,22.480005,22.805
1066743000,22.94,22.985,22.800005,22.894995
1066829400,22.695,22.910005,22.574995,22.660005
1066915800,22.61,22.7945,22.504995,22.76
1067002200,22.525,22.699995,22.42,22.699995
1067265000,22.699995,22.769995,22.555,22.595
1067351400,22.824995,22.824995,22.379995,22.69
1067437800,22.69,23.115,22.69,22.925005
1067524200,22.925005,23.07,22.769995,23
1067610600,23.004995,23.199995,22.875,23.199995
1067869800,23.199995,23.394995,23.1,23.339995
1067956200,23.25,23.5,23.25,23.449995
1068042600,23.385,23.495005,23.265,23.49
1068129000,23.449995,23.519995,23.35,23.51
1068215400,23.375,23.504995,23.199995,23.315
1068474600,23.225,23.4,23.225,23.31
1068561000,23.315,23.42,23.18,23.26
1068647400,23.18,23.585,23.144995,23.54
1068733800,23.324995,23.519995,23.27875,23.464995
1068820200,23.385,23.495005,23.245005,23.345
1069079400,23.230005,23.405,23.135,23.339995
1069165800,23.26,23.39,23.155,23.25
1069252200,23.300005,23.449995,23.25,23.43
1069338600,23.375,23.46,23.06,23.225
1069425000,23.185,23.26,23.1,23.21
1069684200,23.195,23.44,23.115,23.21
1069770600,23.15,23.39,23.095,23.285005
1069857000,23.165,23.375,23.089995,23.345
1070029800,23.125,23.35,23.1085,23.25
1070289000,23.324995,23.525,23.195,23.51
1070375400,23.455,23.535005,23.269995,23.504995
1070461800,23.5,23.845,23.5,23.699995
1070548200,23.625,23.695,23.455,23.58
1070634600,23.425005,23.5,23.25,23.445
1070893800,23.375,23.97,23.305,23.875
1070980200,23.730005,23.995005,23.730005,23.879995
1071066600,23.83,24.199995,23.83,24.095
1071153000,24.07,24.31,23.94,24.195
1071239400,24.25,24.765,24.125,24.685
1071498600,24.905,24.93,24.775,24.894995
1071585000,24.985,25.449995,24.9,25.339995
1071671400,25.275,25.365,24.96,25.085
1071757800,24.985,25.095,24.705,24.97
1071844200,25.015,25.1,24.879995,25.050005
1072103400,25.025,25.085,24.875,25.08
1072189800,25.074995,25.175005,24.955,25.085
1072276200,25.004995,25.0595,24.915,24.949995
1072449000,24.975,25.04,24.935,24.980005
1072708200,24.945,25.08,24.885,25.08
1072794600,25,25.415,24.980005,25.26
1072881000,25.26,25.405,25.199995,25.375
1073053800,25.4,25.495005,25.004995,25.175005
1073313000,25.175005,25.295,25.03,25.205
1073399400,25.11,25.185,25.06,25.1
1073485800,25.1,25.120005,24.86,24.94
1073572200,24.905,25.08,24.83,25.06
1073658600,25.06,25.405,24.79,24.795
1073917800,24.75,25.03,24.725,25.004995
1074004200,24.879995,25.1,24.795,24.855005
1074090600,24.86,24.925005,24.800005,24.9
1074177000,24.699995,24.894995,24.589995,24.865
1074263400,24.865,25.015,24.795,24.94
1074609000,24.85,25.03,24.824995,24.964995
1074695400,24.910005,24.995005,24.83,24.89
1074781800,24.765,24.85,24.515,24.665
1074868200,24.699995,25.074995,24.675005,25.019995
1075127400,24.949995,25.199995,24.915,25.095
1075213800,25.019995,25.29,24.99,24.995005
1075300200,24.9,25.144995,24.57,24.695
1075386600,24.625,25.074995,24.550005,24.795
1075473000,24.550005,24.699995,24.324995,24.620005
1075732200,24.5,24.985,24.46,24.805
1075818600,24.730005,25,24.660005,24.915
1075905000,24.714995,24.99,24.695,24.875
1075991400,24.800005,25.29,24.79,25.19
1076077800,25.125,25.5,25.115,25.495005
1076337000,25.550005,26.39,25.550005,26.199995
1076423400,26.175005,26.199995,25.955,26.085
1076509800,25.800005,25.97,25.554495,25.9
1076596200,25.660005,25.85,25.644995,25.769995
1076682600,25.99,25.99,25.525,25.57
1077028200,25.65,25.69,25.449995,25.57
1077114600,25.57,25.675005,25.455,25.620005
1077201000,25.574995,25.69,25.425005,25.5
1077287400,25.225,25.485,25.08,25.47
1077546600,25.275,25.550005,25.125,25.17
1077633000,25.11,25.225,24.769995,24.89
1077719400,24.800005,25.019995,24.785005,24.824995
1077805800,24.82,24.975,24.735,24.915
1077892200,24.56,25.17,24.31,24.980005
1078151400,24.865,24.915,24.65,24.81
1078237800,24.699995,24.855005,24.51,24.64
1078324200,24.5,24.655,24.5,24.57
1078410600,24.449995,24.525,24.275,24.415
1078497000,24.375,25.125,24.29,25.050005
1078756200,24.99,25.1,24.879995,24.93
1078842600,24.875,25.300005,24.81,25.089995
1078929000,25.089995,25.235,24.86,24.949995
1079015400,24.775,24.81,24.050005,24.089995
1079101800,24.17,24.225,23.839995,24.225
1079361000,24.324995,24.379995,23.79,23.855005
1079447400,24,24.225,23.925005,24.08
1079533800,24.19,24.504995,24.1,24.44
1079620200,24.435,24.75,24.435,24.519995
1079706600,24.525,24.61,24.31,24.39
1079965800,24.175005,24.39,23.975,24.125
1080052200,24.15,24.245005,24.035005,24.065
1080138600,24.15,24.300005,24.074995,24.245005
1080225000,24.324995,24.385,24.065,24.379995
1080311400,24.300005,24.58,24.175005,24.39
1080570600,24.69,24.910005,24.589995,24.699995
1080657000,24.775,25.18,24.730005,25.115
1080743400,25.03,25.24,24.915,25.15
1080829800,25.24,25.33,25.115,25.29
1080916200,25.525,25.53,25.315,25.464995
1081171800,25.375,25.425005,25.245005,25.29
1081258200,25.1,25.56,25.07,25.435
1081344600,25.35,25.625,25.29,25.54
1081431000,25.660005,25.785005,25.5,25.620005
1081776600,25.525,25.61,25.385,25.425005
1081863000,25.43,25.495005,25.275,25.445
1081949400,25.4,25.75,25.355005,25.595
1082035800,25.72,25.85,25.51,25.6
1082122200,25.725,26.025,25.629995,25.964995
1082381400,26.15,26.75,26.15,26.5
1082467800,26.525,26.54,26.105005,26.14
1082554200,25.800005,26.35,25.75,26.065
1082640600,25.35,25.800005,25.35,25.730005
1082727000,25.625,25.675005,25.375,25.525
1082986200,25.525,25.589995,25.26,25.345
1083072600,25.375,25.394995,25.254995,25.355005
1083159000,25.35,25.394995,25.074995,25.105005
1083245400,25.07,25.32,24.89,25.230005
1083331800,25.230005,25.615,25.125,25.285005
1083591000,25.324995,25.475,25.14,25.31
1083677400,25.26,25.275,24.949995,25.135
1083763800,25.4,25.61,25.175005,25.545
1083850200,25.375,25.714995,25.375,25.535005
1083936600,25.449995,25.79,25.33,25.370005
1084195800,25.25,25.300005,24.879995,24.964995
1084282200,24.699995,25.050005,24.65,25.025
1084368600,25,25,24.635,24.96
1084455000,24.835,24.945,24.625,24.805
1084541400,24.68,25.019995,24.644995,25
1084800600,24.815,25.06,24.754995,24.905
1084887000,24.85,25.24,24.765,25.050005
1084973400,25.015,25.08,24.655,24.68
1085059800,24.589995,24.975,24.585,24.815
1085146200,25.135,25.135,24.65,24.69
1085405400,24.800005,24.955,24.699995,24.915
1085491800,24.85,25.26,24.765,25.195
1085578200,25.21,25.355005,24.980005,25.11
1085664600,25.449995,25.705,25.415,25.660005
1085751000,25.69,25.75,25.595,25.675005
1086096600,25.6,25.775,25.36,25.535005
1086183000,25.800005,26.004995,25.745005,25.97
1086269400,25.975,26.085,25.85,25.885
1086355800,26.01,26.245005,25.9,26.135
1086615000,26.135,26.375,26.055,26.355005
1086701400,26.199995,26.324995,26.135,26.305
1086787800,25.949995,26,25.71,25.879995
1086874200,26,26,25.615,25.815
1087219800,25.615,25.745005,25.5,25.69
1087306200,25.925005,25.925005,25.475,25.615
1087392600,25.545,25.615,25.375,25.595
1087479000,25.595,25.61,25.480005,25.545
1087565400,25.425005,25.735,25.345,25.695
1087824600,25.65,25.839995,25.574995,25.585
1087911000,25.49,25.64,25.4,25.51
1087997400,25.53,25.69,25.35,25.65
1088083800,25.574995,25.695,25.475,25.519995
1088170200,25.56,25.67,25.050005,25.050005
1088429400,25.175005,25.379995,25.129995,25.195
1088515800,25.199995,25.425005,25.199995,25.269995
1088602200,25.225,25.32,25.120005,25.24
1088688600,25.254995,25.44,25.1,25.18
1088775000,25.300005,25.57,25.230005,25.265
1089120600,25.230005,25.525,25.21,25.33
1089207000,25.254995,25.35,25.089995,25.21
1089293400,25.265,25.565,25.205,25.28
1089379800,25.285005,25.51,25.175005,25.51
1089639000,25.51,25.695,25.265,25.415
1089725400,25.21,25.4,25.195,25.33
1089811800,25.254995,25.675005,25.25,25.58
1089898200,25.675005,25.68,25.385,25.42
1089984600,25.625,25.625,25.155,25.29
1090243800,25.324995,25.345,25.025,25.17
1090330200,25.045,25.165,24.910005,25.04
1090416600,24.975,25.17,24.6,24.6
1090503000,24.525,24.615,24.275,24.485
1090589400,23.43,23.43,22.055,22.585
1090848600,22.675005,22.735,22.06,22.15
1090935000,22.175005,22.28,21.725,21.875
1091021400,21.875,22.08,21.769995,21.839995
1091107800,21.839995,21.839995,21.4,21.53
1091194200,21.535005,21.99,21.53,21.93
1091453400,21.894995,22.300005,21.835,22.105005
1091539800,22.144995,22.185,21.949995,22.055
1091626200,21.93,22.26,21.910005,22.1
1091712600,22.1,22.24,21.875,21.925005
1091799000,21.870005,21.945,21.615,21.75
1092058200,21.75,21.83,21.574995,21.61
1092144600,21.625,21.735,21.53,21.730005
1092231000,21.730005,22.31,21.625,22.225
1092317400,22.22,22.32,21.9,21.92
1092403800,21.92,22.199995,21.855005,22.185
1092663000,22.25,22.324995,22.065,22.26
1092749400,22.26,22.410005,22.120005,22.165
1092835800,22.199995,22.305,22.074995,22.285005
1092922200,22.175005,22.275,21.824995,22.01
1093008600,21.949995,22.105005,21.78,22.105005
1093267800,22.120005,22.36,22,22.17
1093354200,22.25,22.25,21.996,22.01
1093440600,21.99,22.225,21.855005,22.17
1093527000,22.17,22.324995,22.089995,22.230005
1093613400,22.275,22.445,22.25,22.36
1093872600,22.25,22.335,22.17,22.175005
1093959000,22.19,22.36,22.01,22.355005
1094045400,22.4,22.43,22.15,22.32
1094131800,22.32,22.735,22.275,22.675005
1094218200,22.72,22.94,22.705,22.745005
1094563800,22.85,22.9,22.574995,22.824995
1094650200,22.675005,22.675005,21.699995,21.725
1094736600,21.65,21.815,21.51,21.754995
1094823000,21.525,21.595,21.335,21.480005
1095082200,21.4,21.485,21.25,21.4
1095168600,21.275,21.595,21.275,21.435
1095255000,20.410005,20.620005,20.19,20.58
1095341400,20.605005,20.675005,19.975,20.019995
1095427800,19.975,20.29,19.975,20.15
1095687000,20.199995,20.245005,20.055,20.22
1095773400,20.324995,20.495005,20.185,20.365
1095859800,20.385,20.475,20.199995,20.21
1095946200,20.214995,20.324995,20.01,20.01
1096032600,20.004995,20.050005,19.865,19.995005
1096291800,19.615,19.995005,19.615,19.815
1096378200,19.9,20.03,19.85,19.995005
1096464600,19.9,20.050005,19.82,20.004995
1096551000,20.08,20.195,19.955,20.025
1096637400,20.24,20.385,20.14,20.155
1096896600,20.175005,20.449995,20.175005,20.375
1096983000,20.375,20.57,20.295,20.32
1097069400,20.295,20.449995,20.22,20.449995
1097155800,20.475,20.480005,20.055,20.06
1097242200,20.03,20.144995,19.955,20
1097501400,20.06,20.08,19.905,20.004995
1097587800,19.83,19.925005,19.785005,19.89
1097674200,19.89,19.945,19.625,19.695
1097760600,19.75,19.885,19.574995,19.574995
1097847000,19.745005,19.745005,19.53,19.6
1098106200,19.550005,19.660005,19.504995,19.620005
1098192600,19.875,19.875,19.6,19.69
1098279000,19.64,19.75,19.629995,19.725
1098365400,19.65,19.76,19.574995,19.74
1098451800,20,20.125,19.375,19.449995
1098711000,19.51,19.515,19.205,19.324995
1098797400,19.375,19.75,19.15,19.65
1098883800,19.565,20.214995,19.464995,20.214995
1098970200,20.165,20.375,19.995005,20.245005
1099056600,20.449995,20.449995,20.25,20.33
1099319400,20.35,20.39,20.155,20.265
1099405800,20,20.625,20,20.324995
1099492200,20.39,20.54,20.300005,20.425005
1099578600,20.495005,20.74,20.46,20.68
1099665000,20.835,20.870005,20.574995,20.699995
1099924200,20.775,20.800005,20.589995,20.64
1100010600,20.725,20.78,20.605005,20.620005
1100097000,20.74,20.745005,20.504995,20.585
1100183400,20.085,20.550005,19.68,20.480005
1100269800,20.355005,20.405,20.050005,20.394995
1100529000,20.35,20.405,20.21,20.29
1100615400,20.295,20.5,20.074995,20.125
1100701800,20.15,20.394995,19.955,20.14
1100788200,20.24,20.245005,20.03,20.14
1100874600,20.1,20.185,19.855005,19.865
1101133800,19.949995,19.949995,19.74,19.935
1101220200,19.9,19.925005,19.695,19.855005
1101306600,19.9,19.915,19.800005,19.9
1101479400,19.85,19.97,19.839995,19.93
1101738600,20,20,19.675005,19.855005
1101825000,19.765,19.855005,19.605005,19.655
1101911400,19.725,19.885,19.65,19.885
1101997800,19.885,20.25,19.85,20.21
1102084200,20.254995,20.625,20.25,20.355005
1102343400,20.385,20.410005,20.125,20.195
1102429800,20.195,20.25,20.065,20.08
1102516200,20.18,20.245005,20.085,20.195
1102602600,20.07,20.46,20.035005,20.405
1102689000,20.125,20.370005,20.125,20.265
1102948200,20.300005,20.455,20.120005,20.43
1103034600,20.43,20.705,20.394995,20.65
1103121000,20.725,20.78,20.504995,20.735
1103207400,20.745005,20.795,20.475,20.565
1103293800,20.495005,20.644995,20.475,20.475
1103553000,20.6,20.605005,20.4,20.475
1103639400,20.475,20.58,20.4,20.5
1103725800,20.504995,20.894995,20.5,20.79
1103812200,20.75,20.9,20.660005,20.754995
1104157800,20.730005,20.935,20.725,20.824995
1104244200,20.875,20.94,20.76,20.925005
1104330600,20.865,20.870005,20.65,20.78
1104417000,20.75,20.955,20.660005,20.824995
1104503400,20.839995,20.945,20.769995,20.82
1104762600,20.949995,20.985,20.705,20.769995
1104849000,20.769995,20.824995,20.449995,20.480005
1104935400,20.5,20.6,20.370005,20.385
1105021800,20.345,20.574995,20.275,20.555
1105108200,20.535005,20.730005,20.425005,20.58
1105367400,20.535005,20.765,20.504995,20.695
1105453800,20.629995,20.660005,20.504995,20.58
1105540200,20.585,20.625,20.425005,20.58
1105626600,20.58,20.595,20.305,20.370005
1105713000,20.375,20.555,20.375,20.485
1106058600,20.36,20.629995,20.300005,20.625
1106145000,20.545,20.72,20.54,20.550005
1106231400,20.51,20.769995,20.335,20.665
1106317800,20.620005,20.699995,20.405,20.455
1106577000,20.475,20.589995,20.375,20.480005
1106663400,20.574995,20.714995,20.54,20.620005
1106749800,20.574995,20.935,20.574995,20.839995
1106836200,20.839995,21,20.765,20.879995
1106922600,20.765,20.815,20.605005,20.745005
1107181800,20.885,20.915,20.695,20.745005
1107268200,20.75,20.75,20.565,20.71
1107354600,20.725,20.964995,20.68,20.96
1107441000,20.949995,20.96,20.800005,20.870005
1107527400,20.805,21.254995,20.78,21.235
1107786600,21.295,21.295,21.129995,21.245005
1107873000,21.33,21.44,21.22,21.324995
1107959400,21.405,21.555,21.199995,21.379995
1108045800,21.385,21.550005,21.129995,21.25
1108132200,21.165,21.54,21.165,21.379995
1108391400,21.480005,21.485,21.324995,21.43
1108477800,21.47,21.47,21.105005,21.324995
1108564200,21.949995,22.074995,21.574995,21.65
1108650600,21.67,21.675005,21.405,21.5
1108737000,21.535005,21.535005,21.379995,21.480005
1109082600,21.4,21.574995,21.230005,21.394995
1109169000,21.394995,21.46,21.199995,21.29
1109255400,21.315,21.410005,21.205,21.33
1109341800,21.35,21.525,21.185,21.51
1109601000,21.43,21.57,21.345,21.4
1109687400,21.4,21.699995,21.379995,21.635
1109773800,21.51,21.699995,21.43,21.519995
1109860200,21.595,21.714995,21.525,21.589995
1109946600,21.72,21.885,21.625,21.82
1110205800,21.769995,21.925005,21.754995,21.86
1110292200,21.785005,21.9,21.675005,21.71
1110378600,21.61,21.714995,21.4,21.605005
1110465000,21.625,21.695,21.485,21.535005
1110551400,21.449995,21.455,21.15,21.24
1110810600,21.300005,21.375,21.050005,21.17
1110897000,21.25,21.35,21.089995,21.120005
1110983400,21.125,21.25,20.92,20.97
1111069800,20.94,21.074995,20.875,21
1111156200,21.004995,21.055,20.699995,20.730005
1111415400,20.81,20.845,20.625,20.800005
1111501800,20.82,20.935,20.64,20.699995
1111588200,20.65,20.685,20.53,20.589995
1111674600,20.714995,20.714995,20.455,20.6
1112020200,20.705,20.795,20.545,20.56
1112106600,20.6,20.725,20.545,20.695
1112193000,20.725,21.004995,20.725,20.975
1112279400,20.955,20.955,20.754995,20.835
1112365800,20.915,20.975,20.644995,20.69
1112621400,20.800005,20.800005,20.625,20.735
1112707800,20.82,20.975,20.75,20.93
1112794200,20.995005,21.04,20.800005,20.855005
1112880600,20.910005,21.129995,20.910005,21.06
1112967000,21.11,21.199995,21.025,21.050005
1113226200,21.125,21.14,20.905,20.935
1113312600,20.885,21.205,20.845,21.165
1113399000,21.165,21.285005,21.004995,21.050005
1113485400,21.1,21.235,21.01,21.035005
1113571800,21.04,21.065,20.574995,20.644995
1113831000,20.56,20.665,20.370005,20.485
1113917400,21.324995,21.46,21.03,21.199995
1114003800,21.26,21.275,20.815,20.94
1114090200,21.15,21.15,20.870005,20.99
1114176600,20.975,21.28,20.945,21.065
1114435800,21.214995,21.365,21.055,21.339995
1114522200,21.339995,21.655,21.300005,21.480005
1114608600,21.445,21.475,21.24,21.410005
1114695000,21.315,21.46,21.31,21.345
1114781400,21.355005,21.75,21.300005,21.72
1115040600,21.745005,21.81,21.620005,21.785005
1115127000,21.785005,22.01,21.76,21.879995
1115213400,21.99,22.120005,21.845,21.964995
1115299800,21.89,22.120005,21.879995,22.074995
1115386200,22.11,22.265,22.050005,22.095
1115645400,22.1,22.300005,22.050005,22.285005
1115731800,22.06,22.205,22.01,22.115
1115818200,22.065,22.160005,21.894995,22.135
1115904600,22.375,22.375,21.875,22.085
1115991000,22.235,22.235,21.935,22.055
1116250200,22.105005,22.18,22.04,22.129995
1116336600,22.015,22.24,21.865,22.199995
1116423000,22.22,22.47,22.175005,22.46
1116509400,22.47,22.629995,22.44,22.625
1116595800,22.6,22.6,22.375,22.525
1116855000,22.485,22.585,22.415,22.485
1116941400,22.385,22.57,22.379995,22.51
1117027800,22.435,22.6,22.415,22.449995
1117114200,22.47,22.525,22.42,22.445
1117200600,22.445,22.519995,22.375,22.464995
1117546200,22.385,22.4,22.185,22.315
1117632600,22.269995,22.464995,22.214995,22.295
1117719000,22.230005,22.425005,22.15,22.39
1117805400,22.31,22.324995,21.925005,22.115
1118064600,22.004995,22.085,21.9,21.985
1118151000,22.015,22.235,21.985,22.055
1118237400,22.065,22.11,21.879995,21.949995
1118323800,21.85,21.955,21.725,21.824995
1118410200,21.865,21.980005,21.78,21.975
1118669400,21.800005,21.975,21.735,21.795
1118755800,21.795,22,21.795,21.865
1118842200,21.925005,21.925005,21.699995,21.82
1118928600,21.85,21.97,21.705,21.89
1119015000,22.074995,22.1,21.885,22.025
1119274200,21.9,22.025,21.879995,21.955
1119360600,21.9,21.975,21.78,21.839995
1119447000,21.839995,21.910005,21.629995,21.714995
1119533400,21.675005,21.75,21.5,21.535005
1119619800,21.464995,21.5,21.065,21.1
1119879000,21.125,21.235,21.04,21.165
1119965400,21.345,21.495005,21.235,21.435
1120051800,21.43,21.445,21.31,21.35
1120138200,21.28,21.315,20.835,20.875
1120224600,20.980005,21.25,20.925005,21.105005
1120570200,21.230005,21.315,21.1,21.199995
1120656600,21.120005,21.160005,20.96,20.975
1120743000,20.769995,21.025,20.695,20.879995
1120829400,20.975,21.425005,20.875,21.365
1121088600,21.35,21.504995,21.269995,21.385
1121175000,21.47,21.565,21.269995,21.410005
1121261400,21.324995,21.485,21.32,21.464995
1121347800,21.495005,21.665,21.475,21.589995
1121434200,21.51,21.574995,21.365,21.54
1121693400,21.54,21.699995,21.455,21.464995
1121779800,21.61,21.71,21.46,21.665
1121866200,21.665,21.775,21.480005,21.665
1121952600,22.165,22.285005,21.765,21.975
1122039000,21.85,22.08,21.574995,22.015
1122298200,22.04,22.095,21.72,21.824995
1122384600,21.824995,22.035005,21.785005,21.845
1122471000,21.949995,22.095,21.839995,22.004995
1122557400,22.115,22.305,22,22.195
1122643800,22.144995,22.21,21.879995,21.879995
1122903000,21.995005,22.035005,21.824995,21.935
1122989400,21.925005,22.175005,21.915,22.14
1123075800,21.995005,22.35,21.935,22.335
1123162200,22.199995,22.28,22.045,22.18
1123248600,22.050005,22.1,21.800005,22.03
1123507800,22.025,22.03,21.730005,21.835
1123594200,21.935,22.07,21.875,22.050005
1123680600,22.129995,22.214995,21.915,21.949995
1123767000,21.85,22.065,21.805,22.055
1123853400,21.935,22.045,21.699995,21.79
1124112600,21.75,21.855005,21.714995,21.769995
1124199000,21.800005,21.815,21.589995,21.65
1124285400,21.58,21.71,21.555,21.655
1124371800,21.68,21.839995,21.61,21.765
1124458200,22.175005,22.355005,22.129995,22.195
1124717400,22.28,22.375,21.980005,22.135
1124803800,22.15,22.165,21.981005,22.095
1124890200,22.120005,22.205,21.875,21.915
1124976600,21.86,21.964995,21.75,21.905
1125063000,21.82,21.955,21.707495,21.785005
1125322200,21.68,22.050005,21.67,22
1125408600,21.9,21.96,21.6,21.695
1125495000,21.68,22.03,21.56,22
1125581400,21.905,22.155,21.81,21.94
1125667800,22.035005,22.08,21.85,21.949995
1126013400,22.175005,22.345,22.175005,22.26
1126099800,22.295,22.355005,22.125,22.324995
1126186200,21.85,22.144995,21.839995,22.14
1126272600,22.14,22.17,21.955,22.025
1126531800,21.949995,22.199995,21.949995,22.125
1126618200,21.785005,21.935,21.775,21.83
1126704600,21.81,21.915,21.695,21.76
1126791000,21.800005,21.855005,21.67,21.815
1126877400,21.85,21.92,21.615,21.699995
1127136600,21.675005,21.775,21.58,21.68
1127223000,21.65,21.685,21.44,21.449995
1127309400,21.254995,21.300005,21.074995,21.125
1127395800,21.055,21.129995,20.925005,21.11
1127482200,21.125,21.305,21.120005,21.175005
1127741400,21.275,21.365,21,21.185
1127827800,21.15,21.405,21.15,21.165
1127914200,21.29,21.5,21.175005,21.435
1128000600,21.47,21.555,21.276495,21.550005
1128087000,21.595,21.695,21.480005,21.595
1128346200,21.605005,21.730005,21.56,21.605005
1128432600,21.685,21.800005,21.504995,21.519995
1128519000,21.480005,21.589995,21.31,21.31
1128605400,21.324995,21.44,21.22,21.355005
1128691800,21.32,21.335,21.019995,21.1
1128951000,21.07,21.144995,20.93,20.99
1129037400,20.925005,21,20.79,20.83
1129123800,20.765,21,20.754995,20.86
1129210200,20.75,20.96,20.75,20.86
1129296600,20.86,21.11,20.775045,21.035005
1129555800,20.975,21.165,20.96,21.045
1129642200,21.004995,21.11,20.875,20.875
1129728600,20.885,20.949995,20.64,20.9
1129815000,21.449995,21.47,21.04,21.050005
1129901400,21.195,21.32,20.905,20.964995
1130160600,21.089995,21.245005,21.03,21.199995
1130247000,21.125,21.300005,21.03,21.230005
1130333400,21.24,21.425005,21.155,21.17
1130419800,21.175005,21.25,21.06,21.074995
1130506200,21.199995,21.485,21.17,21.415
1130769000,21.300005,21.485,21.199995,21.39
1130855400,21.31,21.405,21.235,21.324995
1130941800,21.29,21.32,21.195,21.275
1131028200,21.315,21.394995,21.245005,21.29
1131114600,21.33,21.35,21.015,21.15
1131373800,21.175005,21.23375,21.055,21.205
1131460200,21.205,21.269995,21,21.07
1131546600,21.085,21.205,21.01,21.089995
1131633000,21.19,21.335,21.115,21.26
1131719400,21.225,21.379995,21.120005,21.379995
1131978600,21.36,21.394995,21.24,21.29
1132065000,21.235,21.335,21.125,21.230005
1132151400,21.22,21.25,21.06,21.07
1132237800,21.089995,21.155,20.935,20.935
1132324200,21.235,21.24,20.945,21.1
1132583400,21.160005,21.160005,21.019995,21.074995
1132669800,21.08,21.214995,21.035005,21.17
1132756200,21.225,21.405,21.18,21.324995
1132929000,21.425005,21.46,21.365,21.4
1133188200,21.475,21.64,21.375,21.39
1133274600,21.42,21.625,21.394995,21.525
1133361000,21.515,21.589995,21.335,21.345
1133447400,21.35,21.46,21.35,21.42
1133533800,21.315,21.464995,21.305,21.410005
1133793000,21.355005,21.515,21.300005,21.324995
1133879400,21.315,21.365,21.175005,21.269995
1133965800,21.205,21.339995,20.985,21.1
1134052200,21.045,21.07,20.855005,20.94
1134138600,20.915,20.995005,20.625,20.754995
1134397800,20.714995,20.86,20.550005,20.574995
1134484200,20.605005,20.615,20.385,20.480005
1134570600,20.56,20.699995,20.485,20.545
1134657000,20.5,20.615,20.425005,20.58
1134743400,20.665,20.754995,20.58,20.605005
1135002600,20.555,20.879995,20.555,20.71
1135089000,20.754995,20.775,20.57,20.61
1135175400,20.58,20.72,20.54,20.605005
1135261800,20.615,20.644995,20.504995,20.64
1135348200,20.605005,20.64,20.555,20.574995
1135693800,20.550005,20.675005,20.32,20.485
1135780200,20.49,20.574995,20.365,20.39
1135866600,20.335,20.449995,20.21,20.300005
1135953000,20.19,20.394995,20.155,20.155
1136298600,20.394995,20.495005,20.175005,20.449995
1136385000,20.495005,20.535005,20.33,20.410005
1136471400,20.36,20.565,20.29,20.51
1136557800,20.53,20.78,20.43,20.705
1136817000,20.745005,20.835,20.625,20.805
1136903400,20.589995,20.865,20.589995,20.824995
1136989800,20.83,20.905,20.735,20.835
1137076200,20.64,20.815,20.64,20.72
1137162600,20.69,20.775,20.525,20.655
1137508200,20.54,20.64,20.449995,20.515
1137594600,20.5,20.5,20.300005,20.410005
1137681000,20.47,20.57,20.300005,20.464995
1137767400,20.415,20.435,19.68,20.045
1138026600,20,20.33,20,20.25
1138113000,20.6,20.65,20.35,20.449995
1138199400,20.57,20.595,20.449995,20.57
1138285800,20.64,20.79,20.574995,20.74
1138372200,20.74,20.995005,20.61,20.985
1138631400,20.925005,20.980005,20.769995,20.875
1138717800,20.870005,20.870005,20.605005,20.69
1138804200,20.595,20.769995,20.515,20.75
1138890600,20.660005,20.754995,20.49,20.615
1138977000,20.51,20.615,20.26,20.44
1139236200,20.415,20.5,20.315,20.47
1139322600,20.699995,20.74,20.305,20.515
1139409000,20.629995,20.644995,20.335,20.615
1139495400,20.56,20.71,20.449995,20.5
1139581800,20.455,20.71,20.355005,20.58
1139841000,20.69,20.69,20.315,20.370005
1139927400,20.495005,20.72,20.47,20.67
1140013800,20.695,20.72,20.555,20.67
1140100200,20.64,20.81,20.58,20.795
1140186600,20.82,20.949995,20.615,20.894995
1140532200,20.894995,21.019995,20.800005,20.925005
1140618600,21.025,21.085,20.96,21.04
1140705000,21.089995,21.155,20.97,21.015
1140791400,21.004995,21.17,20.92,21.115
1141050600,21.14,21.265,21.089995,21.265
1141137000,21.26,21.29,20.96,20.985
1141223400,20.949995,21.19,20.925005,21.155
1141309800,21.035005,21.074995,20.85,20.955
1141396200,20.815,21.025,20.785005,20.9
1141655400,20.885,21.095,20.85,20.975
1141741800,20.975,21.019995,20.85,20.9
1141828200,20.86,21.254995,20.85,21.115
1141914600,21.06,21.295,21.06,21.199995
1142001000,21.31,21.464995,21.265,21.385
1142260200,21.295,21.4,21.2025,21.245005
1142346600,21.235,21.435,21.22,21.394995
1142433000,21.345,21.410005,21.275,21.365
1142519400,21.355005,21.379995,21.254995,21.345
1142605800,21.345,21.42,21.29,21.394995
1142865000,21.410005,21.495005,21.345,21.445
1142951400,21.4,21.43,21.254995,21.375
1143037800,21.410005,21.475,21.345,21.385
1143124200,21.375,21.42,21.1,21.205
1143210600,21.175005,21.379995,21.165,21.33
1143469800,21.28,21.324995,21.165,21.195
1143556200,21.155,21.245005,21.055,21.08
1143642600,21.050005,21.175005,21.01,21.08
1143729000,20.99,21.129995,20.949995,21.06
1143815400,21.06,21.095,20.905,20.935
1144071000,21.050005,21.115,20.9,20.935
1144157400,20.910005,21.065,20.839995,21.04
1144243800,21.025,21.04,20.875,20.975
1144330200,21,21,20.79,20.845
1144416600,20.894995,20.94,20.655,20.675005
1144675800,20.675005,20.75,20.61,20.74
1144762200,21.004995,21.004995,20.535005,20.644995
1144848600,20.629995,20.67,20.449995,20.574995
1144935000,20.585,20.714995,20.54,20.629995
1145280600,20.65,20.699995,20.43,20.519995
1145367000,20.525,20.745005,20.525,20.65
1145453400,20.74,21.06,20.699995,20.845
1145539800,20.870005,21.120005,20.775,20.905
1145626200,21.004995,21.01,20.845,20.925005
1145885400,20.875,20.949995,20.75995,20.78
1145971800,20.775,20.81,20.625,20.675005
1146058200,20.675005,20.89,20.675005,20.86
1146144600,20.815,21.07,20.805,21.025
1146231000,21.004995,21.045,20.915,20.980005
1146490200,21.045,21.095,20.955,20.985
1146576600,21.050005,21.15,20.995005,21.120005
1146663000,21.074995,21.115,20.915,20.96
1146749400,20.975,21.065,20.9,21.04
1146835800,21.135,21.445,21.019995,21.355005
1147095000,21.425005,21.870005,21.410005,21.685
1147181400,21.589995,21.835,21.589995,21.835
1147267800,21.835,21.879995,21.735,21.79
1147354200,21.769995,21.795,21.635,21.69
1147440600,21.64,21.695,21.555,21.589995
1147699800,21.595,22,21.525,21.97
1147786200,22.07,22.1,21.82,21.92
1147872600,21.879995,21.985,21.6,21.775
1147959000,21.79,21.96,21.68,21.775
1148045400,21.870005,21.875,21.635,21.824995
1148304600,21.775,21.865,21.69,21.800005
1148391000,21.865,21.885,21.76,21.79
1148477400,21.76,22.085,21.725,22.015
1148563800,22.095,22.185,21.925005,22.185
1148650200,22.245005,22.379995,22.11,22.245005
1148995800,22.105005,22.160005,21.815,21.835
1149082200,21.85,22.045,21.78,22.015
1149168600,21.99,22.025,21.835,21.96
1149255000,21.875,22.065,21.800005,21.945
1149514200,21.894995,21.94,21.695,21.714995
1149600600,21.800005,21.855005,21.6,21.75
1149687000,21.81,21.9,21.675005,21.69
1149773400,21.735,21.76,21.525,21.695
1149859800,21.9,21.92,21.714995,21.775
1150119000,21.835,21.839995,21.635,21.655
1150205400,21.589995,21.625,21.379995,21.455
1150291800,21.415,21.56,21.245005,21.405
1150378200,21.475,21.56,21.26,21.519995
1150464600,21.464995,21.685,21.464995,21.605005
1150723800,21.605005,21.665,21.365,21.464995
1150810200,21.449995,21.56,21.35,21.4
1150896600,21.339995,21.57,21.339995,21.504995
1150983000,21.51,21.525,21.31,21.435
1151069400,21.370005,21.51,21.35,21.375
1151328600,21.365,21.435,21.245005,21.415
1151415000,21.345,21.39,21.135,21.254995
1151501400,21.214995,21.28,21.18,21.21
1151587800,21.275,21.574995,21.21,21.53
1151674200,21.620005,21.745005,21.51,21.51
1151933400,21.6,21.725,21.555,21.685
1152106200,21.6,21.685,21.42,21.51
1152192600,21.589995,21.795,21.519995,21.665
1152279000,21.615,21.745005,21.56,21.589995
1152538200,21.65,21.875,21.620005,21.815
1152624600,21.85,22.04,21.81,21.905
1152711000,21.915,21.935,21.72,21.785005
1152797400,21.75,21.824995,21.425005,21.550005
1152883800,21.5,21.589995,21.185,21.324995
1153143000,21.28,21.415,21.269995,21.35
1153229400,21.675005,21.86,21.535005,21.775
1153315800,21.945,21.955,21.775,21.910005
1153402200,21.905,21.985,21.824995,21.92
1153488600,22.160005,22.160005,21.885,21.949995
1153747800,21.935,22.08,21.935,22
1153834200,21.935,22.195,21.86,22.125
1153920600,22.050005,22.32,22.019995,22.225
1154007000,22.275,22.32,22.11,22.155
1154093400,22.245005,22.335,22.155,22.26
1154352600,22.26,22.394995,22.214995,22.25
1154439000,22.25,22.32,22.120005,22.155
1154525400,22.144995,22.245005,22.095,22.155
1154611800,22.1,22.175005,21.945,22.01
1154698200,22.095,22.098295,21.875,21.925005
1154957400,21.925005,21.980005,21.74,21.805
1155043800,21.905,22,21.85,21.905
1155130200,21.975,22.050005,21.855005,21.875
1155216600,21.885,22.089995,21.855005,21.949995
1155303000,21.86,21.94,21.805,21.879995
1155562200,21.995005,22.074995,21.94,21.995005
1155648600,22.120005,22.175005,22.055,22.160005
1155735000,22.195,22.230005,22.105005,22.165
1155821400,22.08,22.160005,21.975,22.089995
1155907800,21.879995,22.21,21.879995,22.155
1156167000,22.175005,22.269995,22.04,22.095
1156253400,22.14,22.26,22.06,22.205
1156339800,22.165,22.22,22.065,22.160005
1156426200,22.15,22.300005,22.089995,22.254995
1156512600,22.225,22.31,22.175005,22.26
1156771800,22.26,22.49,22.175005,22.355005
1156858200,22.339995,22.58,22.324995,22.57
1156944600,22.61,22.699995,22.464995,22.480005
1157031000,22.56,22.57,22.4,22.405
1157117400,22.49,22.565,22.435,22.535005
1157463000,22.504995,22.535005,22.405,22.49
1157549400,22.305,22.43,22.254995,22.35
1157635800,22.324995,22.35,22.185,22.245005
1157722200,22.214995,22.335,22.160005,22.300005
1157981400,22.15,22.435,22.15,22.275
1158067800,22.235,22.485,22.235,22.39
1158154200,22.39,22.39,22.225,22.305
1158240600,22.21,22.375,22.21,22.29
1158327000,22.35,22.415,22.235,22.300005
1158586200,22.26,22.394995,22.14,22.22
1158672600,22.269995,22.28,22.11,22.19
1158759000,22.214995,22.300005,22.144995,22.225
1158845400,22.225,22.275,22.035005,22.1
1158931800,22.050005,22.1,21.97,21.995005
1159191000,22.085,22.305,22.004995,22.199995
1159277400,22.235,22.365,22.155,22.32
1159363800,22.275,22.449995,22.17,22.355005
1159450200,22.405,22.495005,22.335,22.475
1159536600,22.394995,22.475,22.315,22.339995
1159795800,22.449995,22.464995,22.25,22.25
1159882200,22.25,22.410005,22.25,22.28
1159968600,21.894995,22.410005,21.894995,22.4
1160055000,22.36,22.475,22.339995,22.415
1160141400,22.410005,22.445,22.33,22.379995
1160400600,22.275,22.33,22.085,22.21
1160487000,22.235,22.245005,21.975,22.03
1160573400,21.995005,22.074995,21.949995,22.06
1160659800,22.1,22.125,21.980005,22.025
1160746200,22.06,22.1,21.93,22.01
1161005400,22.074995,22.24,22,22.125
1161091800,22.050005,22.115,21.875,21.894995
1161178200,21.96,22.074995,21.86,21.980005
1161264600,22.35,22.57,22.300005,22.455
1161351000,22.605005,23.56,22.550005,23.375
1161610200,23.375,23.75,23.35,23.64
1161696600,23.525,23.61875,23.445,23.515
1161783000,23.574995,23.64,23.5,23.595
1161869400,23.58,23.6,23.445,23.57
1161955800,23.480005,23.51,23.379995,23.435
1162218600,23.485,23.595,23.33,23.379995
1162305000,23.410005,23.47,23.254995,23.36
1162391400,23.370005,23.449995,23.25,23.32
1162477800,23.254995,23.415,23.205,23.355005
1162564200,23.4,23.415,23.199995,23.25
1162823400,23.35,23.449995,23.165,23.405
1162909800,23.335,23.504995,23.285005,23.46
1162996200,23.33,23.5,23.26445,23.44
1163082600,23.35,23.504995,23.265,23.324995
1163169000,23.324995,23.375,23.14,23.235
1163428200,23.205,23.300005,23.095,23.205
1163514600,23.165,23.305,23.08,23.275
1163601000,23.235,23.375,23.185,23.324995
1163687400,23.4,23.595,23.375,23.57
1163773800,23.565,23.685,23.525,23.629995
1164033000,23.555,23.68,23.480005,23.519995
1164119400,23.435,23.58,23.410005,23.495005
1164205800,23.5,23.589995,23.44,23.550005
1164378600,23.449995,23.595,23.425005,23.46
1164637800,23.43,23.480005,23.195,23.275
1164724200,23.185,23.475,23.175005,23.339995
1164810600,23.300005,23.405,23.18,23.32
1164897000,23.225,23.504995,23.205,23.415
1164983400,23.324995,23.36,23.115,23.285005
1165242600,23.365,23.629995,23.269995,23.415
1165329000,23.495005,24,23.425005,24
1165415400,24.025,24.269995,23.964995,24.19
1165501800,24.29,24.49,24.245005,24.36
1165588200,24.39,24.49,24.324995,24.455
1165847400,24.425005,24.58,24.29,24.405
1165933800,24.379995,24.58,24.35,24.449995
1166020200,24.57,24.57,24.33,24.42
1166106600,24.445,24.585,24.365,24.5
1166193000,24.5,24.675005,24.19,24.464995
1166452200,24.425005,24.550005,24.410005,24.449995
1166538600,24.335,24.43,24.199995,24.385
1166625000,24.365,24.410005,24.32,24.375
1166711400,24.375,24.435,24.315,24.33
1166797800,24.365,24.4,24.125,24.19
1167143400,24.205,24.300005,24.155,24.275
1167229800,24.345,24.39,24.144995,24.345
1167316200,24.324995,24.405,24.25,24.269995
1167402600,24.214995,24.324995,24.095,24.125
1167834600,24.18,24.44,24.14,24.29
1167921000,24.21,24.35,24.125,24.300005
1168007400,24.25,24.285005,24.085,24.129995
1168266600,24.004995,24.335,24.004995,24.285005
1168353000,24.269995,24.415,24.230005,24.305
1168439400,24.245005,24.394995,24.185,24.339995
1168525800,24.375,24.435,24.300005,24.370005
1168612200,24.300005,24.335,24.125,24.275
1168957800,24.24,24.345,24.17,24.25
1169044200,24.265,24.43,24.24,24.300005
1169130600,24.21,24.5,24.1,24.175005
1169217000,24.205,24.214995,24.035005,24.129995
1169476200,24.055,24.175005,23.995005,24.015
1169562600,24.074995,24.115,23.97,24.06
1169649000,24.095,24.1,23.97,24.065
1169735400,24.035005,24.11,23.949995,23.97
1169821800,24,24.050005,23.9,23.915
1170081000,23.879995,23.96,23.78,23.855005
1170167400,23.915,23.975,23.82,23.905
1170253800,23.9,23.985,23.745005,23.94
1170340200,23.995005,24.135,23.925005,24.050005
1170426600,24.050005,24.205,24.019995,24.120005
1170685800,24.055,24.120005,23.92,23.949995
1170772200,24,24.08,23.93,24.025
1170858600,24.015,24.065,23.93,24.015
1170945000,23.975,24.025,23.824995,23.93
1171031400,23.86,23.995005,23.82,23.879995
1171290600,23.925005,24.185,23.9,23.96
1171377000,24.050005,24.21,24.045,24.105005
1171463400,24.25,24.275,23.865,23.94
1171549800,23.995005,24.050005,23.79,23.925005
1171636200,24,24.050005,23.879995,23.935
1171981800,23.76,23.94,23.75,23.89
1172068200,23.775,23.89,23.76,23.785005
1172154600,23.845,23.870005,23.61,23.65
1172241000,23.835,23.964995,23.589995,23.629995
1172500200,23.85,23.949995,23.79,23.86
1172586600,23.735,23.92,22.78,23.195
1172673000,23.375,23.449995,23.160005,23.339995
1172759400,23.21,23.464995,23.135,23.26
1172845800,23.225,23.464995,22.905,22.945
1173105000,22.949995,23.355005,22.885,23.144995
1173191400,23.345,23.53,23.275,23.464995
1173277800,23.379995,23.5,23.33,23.375
1173364200,23.449995,23.68,23.445,23.574995
1173450600,23.615,23.835,23.574995,23.785005
1173706200,23.785005,23.995005,23.735,23.975
1173792600,23.675005,23.935,23.480005,23.53
1173879000,23.625,23.67,23.295,23.519995
1173965400,23.475,23.565,23.339995,23.54
1174051800,23.625,23.655,23.410005,23.605005
1174311000,23.67,23.75,23.519995,23.665
1174397400,23.71,23.875,23.620005,23.81
1174483800,23.85,24.175005,23.685,24.129995
1174570200,23.955,24.22,23.955,24.125
1174656600,24.065,24.135,23.985,24.025
1174915800,23.975,24.095,23.839995,24.074995
1175002200,24,24.085,23.925005,24.01
1175088600,23.894995,24.15,23.795,23.955
1175175000,23.805,24.199995,23.425005,24.055
1175261400,24.129995,24.25,23.800005,24
1175520600,24.1,24.33,24.025,24.26
1175607000,24.265,24.574995,24.265,24.495005
1175693400,24.504995,24.82,24.47,24.730005
1175779800,24.67,24.885,24.65,24.76
1176125400,24.800005,24.975,24.714995,24.815
1176211800,24.89,25.155,24.824995,25.04
1176298200,25.04,25.1,24.800005,24.82
1176384600,24.824995,24.975,24.324995,24.835
1176471000,25.144995,25.144995,24.745005,24.94
1176730200,25.004995,25.22,24.964995,25.135
1176816600,25.525,26.089995,25.379995,25.785005
1176903000,25.795,25.870005,25.675005,25.83
1176989400,25.68,25.949995,25.655,25.875
1177075800,26.025,26.074995,25.81,26.045
1177335000,26.045,26.1,25.795,25.824995
1177421400,25.99,25.99,25.685,25.855005
1177507800,25.995005,26.03,25.745005,25.870005
1177594200,25.995005,26.115,25.925005,26.04
1177680600,25.925005,26.06,25.875,26.03
1177939800,25.96,26.175005,25.925005,26.095
1178026200,26.095,26.32,26.065,26.315
1178112600,26.300005,26.464995,26.25,26.355005
1178199000,26.4,26.5,26.295,26.455
1178285400,26.5,26.660005,26.475,26.605005
1178544600,26.605005,26.824995,26.574995,26.805
1178631000,26.68,26.76,26.46,26.535005
1178717400,26.545,26.699995,26.425005,26.555
1178803800,26.475,26.519995,26.214995,26.24
1178890200,26.225,26.365,26.085,26.345
1179149400,26.269995,26.480005,26.25,26.300005
1179235800,26.15,26.394995,26.08,26.230005
1179322200,26.25,26.394995,26.065,26.370005
1179408600,26.49,26.495005,26.050005,26.1
1179495000,26.18,26.324995,26.045,26.315
1179754200,26.315,26.410005,25.875,25.955
1179840600,25.975,25.985,25.71,25.74
1179927000,25.82,25.885,25.620005,25.665
1180013400,25.635,25.875,25.574995,25.620005
1180099800,25.78,26.089995,25.745005,25.945
1180445400,26.015,26.175005,25.955,26.089995
1180531800,26.185,26.525,25.96,26.525
1180618200,26.480005,26.730005,26.44,26.495005
1180704600,26.504995,26.565,26.214995,26.4
1180963800,26.379995,26.4,26.105005,26.335
1181050200,26.235,26.324995,26.050005,26.160005
1181136600,26.125,26.160005,25.92,26
1181223000,25.995005,26.04,25.629995,25.69
1181309400,25.625,25.86,25.515,25.835
1181568600,25.835,25.925005,25.660005,25.815
1181655000,25.67,25.885,25.53,25.57
1181741400,25.585,25.75,25.53,25.68
1181827800,25.68,25.845,25.535005,25.655
1181914200,25.795,26.07,25.68,25.79
1182173400,25.79,26.004995,25.765,25.879995
1182259800,25.79,25.839995,25.555,25.695
1182346200,25.769995,26.04,25.660005,25.745005
1182432600,25.699995,26.074995,25.68,26.045
1182519000,26.025,26.129995,25.72,25.81
1182778200,25.835,26.019995,25.75,25.885
1182864600,25.949995,26.17,25.81,25.975
1182951000,25.875,26.26,25.875,26.22
1183037400,26.160005,26.46,26.11,26.315
1183123800,26.42,26.475,25.975,26.155
1183383000,26.324995,26.495005,26.160005,26.28
1183469400,26.405,26.49,26.25,26.449995
1183642200,26.449995,26.5,26.237505,26.335
1183728600,26.275,26.324995,26.15,26.300005
1183987800,26.365,26.5,26.285005,26.35
1184074200,26.47,26.47,26.035005,26.050005
1184160600,26.004995,26.135,25.9,26.045
1184247000,26.074995,26.324995,26.025,26.315
1184333400,26.315,26.629995,26.245005,26.555
1184592600,26.699995,27.245005,26.68,26.925005
1184679000,27.165,27.19,26.405,26.585
1184765400,26.655,26.79,26.535005,26.714995
1184851800,26.949995,26.97,26.714995,26.85
1184938200,26.870005,26.949995,26.545,26.605005
1185197400,26.665,26.875,26.574995,26.82
1185283800,26.485,26.9,26.480005,26.61
1185370200,26.735,27.1,26.589995,27.025
1185456600,26.574995,27.11,26.28,26.49
1185543000,26.46,26.545,26.11,26.14
1185802200,26.53,26.925005,25.894995,26.195
1185888600,26.370005,26.435,26.019995,26.055
1185975000,26.18,26.74,26.089995,26.635
1186061400,26.58,26.9,26.58,26.83
1186147800,26.910005,27.125,26.620005,26.64
1186407000,26.574995,27.125,26.574995,27.115
1186493400,26.975,27.394995,26.855005,27.230005
1186579800,27.195,27.94,27.19,27.93
1186666200,27.405,28.355005,27.405,27.925005
1186752600,27.699995,28.065,27.050005,27.49
1187011800,27.495005,27.550005,27.105005,27.26
1187098200,27.39,27.425005,26.9,27.07
1187184600,27.08,27.335,26.805,26.915
1187271000,26.75,27.144995,26.415,26.79
1187357400,27.464995,28.425005,26.58,27.225
1187616600,27.19,27.44,27.074995,27.26
1187703000,27.199995,27.425005,26.99,27.015
1187789400,27.185,27.25,26.89,26.975
1187875800,26.94,27.085,26.81,26.99
1187962200,26.824995,27.365,26.824995,27
1188221400,26.99,27.074995,26.85,27.004995
1188307800,27,27,26.589995,26.629995
1188394200,26.74,26.85,26.54,26.754995
1188480600,26.61,26.82,26.565,26.699995
1188567000,26.885,26.99,26.695,26.89
1188912600,26.835,27.22,26.835,27.185
1188999000,27.065,27.1755,26.68,26.845
1189085400,26.775,27.519995,26.6,27.33
1189171800,27.295,27.5,27.055,27.295
1189431000,27.300005,27.51,27.144995,27.285005
1189517400,27.355005,27.97,27.35,27.83
1189603800,27.800005,28.18,27.64,27.92
1189690200,27.975,28.1,27.81,27.935
1189776600,27.86,28.28,27.83,28.199995
1190035800,28,28.050005,27.519995,27.64
1190122200,27.705,28.214995,27.705,28.202905
1190208600,28.25,28.379995,27.94,28.31
1190295000,28.28,28.324995,28.08,28.155
1190381400,28.19,28.43,28.155,28.275
1190640600,28.254995,28.69,28.254995,28.35
1190727000,28.345,28.635,28.269995,28.51
1190813400,28.585,28.839995,28.455,28.675005
1190899800,28.655,28.795,28.565,28.665
1190986200,28.65,28.89,28.515,28.735
1191245400,28.805,29.165,28.78,28.949995
1191331800,29,29.08,28.82,28.96
1191418200,28.875,29.015,28.685,28.785005
1191504600,28.824995,29.065,28.785005,28.935
1191591000,28.985,29.14,28.915,29.035005
1191850200,28.980005,29.065,28.845,28.9
1191936600,28.800005,28.94,28.65,28.94
1192023000,28.995005,29.1,28.89,28.935
1192109400,29,29.089995,28.46,28.595
1192195800,28.6,28.964995,28.574995,28.9
1192455000,29.045,29.115,28.58,28.82
1192541400,28.835,29.050005,28.714995,28.879995
1192627800,29.175005,29.714995,29.03,29.545
1192714200,29.519995,29.824995,29.385,29.68
1192800600,29.765,29.875,29.345,29.379995
1193059800,29.269995,29.699995,29.195,29.625
1193146200,29.655,29.89,29.625,29.875
1193232600,29.75,30.1,29.68,30.089995
1193319000,30.115,30.730005,30.045,30.65
1193405400,30.67,30.795,30.44,30.785005
1193664600,30.75,31.015,30.644995,30.92
1193751000,30.915,31.074995,30.675005,30.865
1193837400,30.995005,31.03,30.565,30.879995
1193923800,30.815,31,30.410005,30.449995
1194010200,30.57,30.574995,30.004995,30.254995
1194273000,30.25,30.365,29.96,30.17
1194359400,30.195,30.545,30.125,30.504995
1194445800,30.449995,30.5,29.964995,29.980005
1194532200,30.36,30.82,29.949995,30.735
1194618600,30.75,30.875,30.315,30.415
1194877800,30.32,30.43,29.9,29.93
1194964200,30.120005,30.6,29.824995,30.519995
1195050600,30.65,30.875,30.375,30.68
1195137000,30.495005,31.205,30.495005,30.975
1195223400,31.120005,31.36,30.85,31.31
1195482600,31.25,31.28,31.004995,31.15
1195569000,31.26,31.550005,31.050005,31.394995
1195655400,31.394995,31.722505,31.07,31.125
1195828200,31.269995,31.375,30.96,31.15
1196087400,31.175005,31.43,30.800005,30.865
1196173800,30.975,31.655,30.839995,31.49
1196260200,31.61,31.61,31.245005,31.495005
1196346600,31.455,31.585,31.311095,31.394995
1196433000,31.550005,31.550005,30.86,31.050005
1196692200,31.050005,31.5,30.980005,31.1
1196778600,30.975,31.47,30.754995,31.375
1196865000,31.42,31.525,31.225,31.525
1196951400,31.455,31.585,31.19,31.535005
1197037800,31.53,31.875,31.53,31.574995
1197297000,31.54,31.75,31.44,31.635
1197383400,31.620005,31.945,31.47,31.485
1197469800,31.615,32.025,31.475,31.885
1197556200,31.79,32.07,31.69,32.045
1197642600,31.879995,32.160005,31.870005,31.905
1197901800,32,32.074995,31.14,31.235
1197988200,31.4,31.405,30.94,31.11
1198074600,31.1,31.5,31.050005,31.425005
1198161000,31.375,31.478895,30.949995,31.14
1198247400,31.25,31.735,31.15,31.535005
1198506600,31.519995,31.725,31.4,31.605005
1198679400,31.725,31.725,31.379995,31.504995
1198765800,31.449995,31.6,31.105005,31.15
1198852200,31.160005,31.379995,31,31.135
1199111400,31.03,31.1,30.61,30.685
1199284200,30.725,30.79,30.365,30.545
1199370600,30.585,31.050005,30.535005,30.865
1199457000,30.839995,31.355005,30.835,30.925005
1199716200,31.050005,31.72,30.949995,31.655
1199802600,31.795,32.199995,31.655,31.785005
1199889000,31.81,32.655,31.800005,32.635
1199975400,32.5,32.795,32.355005,32.78
1200061800,32.69,32.69,31.730005,31.885
1200321000,31.875,32.26,31.875,32.15
1200407400,31.815,32.1,31.78,31.805
1200493800,31.64,31.925005,31.24,31.324995
1200580200,31.625,31.655,30.949995,31.019995
1200666600,31.17,31.225,30.08,30.370005
1201012200,29.365,29.699995,28.5,29.394995
1201098600,28.765,29.47,28.245005,29.435
1201185000,29.58,30.01,29.47,29.94
1201271400,30.17,30.17,29.115,29.205
1201530600,29.185,29.71,29.025,29.705
1201617000,29.83,29.83,29.14,29.275
1201703400,29.25,29.42,28.78,28.885
1201789800,28.65,29.68,28.620005,29.5
1201876200,29.644995,29.985,29.254995,29.629995
1202135400,29.71,29.725,29.235,29.315
1202221800,29.24,29.25,28.655,28.699995
1202308200,28.949995,29.095,28.785005,28.855005
1202394600,28.92,29.339995,28.92,29.225
1202481000,29.545,29.89,29.495005,29.625
1202740200,29.675005,29.85,29.4,29.75
1202826600,29.9,30.25,29.824995,29.96
1202913000,30.225,30.225,29.504995,29.695
1202999400,29.76,29.845,29.199995,29.275
1203085800,29.22,29.410005,29.004995,29.379995
1203431400,29.5,29.525,28.985,29.050005
1203517800,29.04,29.14,28.775,29.115
1203604200,29.160005,29.28,28.865,28.995005
1203690600,29,29.165,28.695,29.129995
1203949800,29.1,29.535005,29.1,29.385
1204036200,29.300005,29.795,29.160005,29.76
1204122600,29.64,30.205,29.64,30.025
1204209000,30,30.06,29.574995,29.730005
1204295400,29.550005,29.665,29.089995,29.230005
1204554600,29.175005,29.574995,29.175005,29.51
1204641000,29.295,29.79,29.26,29.685
1204727400,29.620005,30,29.515,29.839995
1204813800,29.754995,29.925005,29.51,29.550005
1204900200,29.375,29.699995,29.25,29.425005
1205155800,29.425005,29.67,29.324995,29.33
1205242200,29.504995,29.839995,29.435,29.735
1205328600,29.574995,29.745005,29.480005,29.595
1205415000,29.339995,29.550005,29.155,29.464995
1205501400,29.464995,29.464995,28.565,28.765
1205760600,28.449995,29.01,28.375,28.845
1205847000,29.1,29.705,28.97,29.705
1205933400,29.685,30.415,29.685,29.980005
1206019800,30.08,30.57,29.980005,30.519995
1206365400,30.625,30.75,30.269995,30.589995
1206451800,30.589995,30.910005,30.535005,30.705
1206538200,30.705,30.85,30.5,30.574995
1206624600,30.68,30.949995,30.605005,30.655
1206711000,30.79,30.800005,30.44,30.47
1206970200,30.4,30.6,30.32,30.435
1207056600,30.504995,30.75,30.4475,30.72
1207143000,30.685,30.685,30.105005,30.230005
1207229400,30.144995,30.450895,30.125,30.28
1207315800,30.265,30.464995,30.1,30.125
1207575000,30.135,30.305,30.135,30.185
1207661400,30.135,30.285005,29.935,30.254995
1207747800,30.25,30.415,30.155,30.39
1207834200,30.44,30.74,30.235,30.665
1207920600,30.51,30.75,30.045,30.144995
1208179800,30.195,30.675005,30.074995,30.5
1208266200,30.515,30.61,30.21,30.47
1208352600,30.875,30.92,30.269995,30.574995
1208439000,30.495005,30.69,30.269995,30.339995
1208525400,30.379995,30.54,29.824995,30.055
1208784600,29.96,30.22,29.824995,30.175005
1208871000,30.11,30.199995,29.85,29.945
1208957400,29.879995,30.195,29.879995,30.160005
1209043800,30.14,30.5,29.894995,30.125
1209130200,30.125,30.25,29.480005,29.665
1209389400,29.665,29.949995,29.43,29.49
1209475800,29.4,29.5,29.185,29.36
1209562200,29.36,29.885,29.345,29.435
1209648600,29.305,29.58,29.199995,29.545
1209735000,29.545,29.75,29.300005,29.385
1209994200,29.385,29.49,29.07,29.19
1210080600,29.125,29.19,28.94,29.135
1210167000,29.135,29.14,28.495005,28.515
1210253400,28.675005,28.785005,28.025,28.144995
1210339800,28.144995,28.17,27.915,28.074995
1210599000,28.089995,28.230005,28,28.199995
1210685400,28.144995,28.379995,28.135,28.25
1210771800,28.32,28.5,28.095,28.269995
1210858200,28.25,28.585,28.129995,28.504995
1210944600,28.53,28.699995,28.39,28.535005
1211203800,28.550005,28.92,28.47,28.76
1211290200,28.75,28.824995,28.480005,28.545
1211376600,28.455,28.65,28.225,28.324995
1211463000,28.339995,29.21,28.265,29.135
1211549400,29.055,29.519995,29.004995,29.315
1211895000,29.275,29.35,29.055,29.295
1211981400,29.42,29.42,28.67,28.72
1212067800,28.765,29.065,28.57,28.935
1212154200,28.845,28.995005,28.51,28.629995
1212413400,28.525,28.685,28.225,28.5
1212499800,28.43,28.625,28.144995,28.199995
1212586200,28.125,28.485,28.125,28.35
1212672600,28.375,28.629995,28.230005,28.595
1212759000,28.504995,28.555,27.870005,27.9
1213018200,27.75,28.125,27.75,27.93
1213104600,28.065,29.300005,28,29.004995
1213191000,28.86,28.915,28.504995,28.57
1213277400,28.655,28.795,28.375,28.57
1213363800,28.515,28.550005,26.96,27.71
1213623000,27.71,27.76,27.019995,27.089995
1213709400,27.275,27.35,26.980005,26.980005
1213795800,26.89,27,26.555,26.58
1213882200,26.699995,26.800005,26.5,26.68
1213968600,26.535005,26.945,26.464995,26.83
1214227800,26.925005,26.925005,26.51,26.629995
1214314200,26.5,26.76,26.315,26.685
1214400600,26.730005,27.29,26.699995,27.050005
1214487000,26.96,27.31,26.565,26.61
1214573400,26.585,26.620005,25.915,25.92
1214832600,25.93,26.449995,25.72,25.99
1214919000,25.96,25.96,25.46,25.5
1215005400,25.504995,25.78,25.435,25.685
1215091800,25.685,25.875,25.595,25.74
1215437400,25.835,25.89,25.5,25.644995
1215523800,25.54,25.839995,25.5,25.735
1215610200,25.815,25.82,25.43,25.445
1215696600,25.475,25.475,24.85,25.019995
1215783000,24.83,25.25,24.76,25.135
1216042200,25.269995,25.629995,25.269995,25.480005
1216128600,25.324995,26,25.295,25.894995
1216215000,25.94,26.300005,25.625,26.17
1216301400,25.6,25.68,24.85,25.17
1216387800,25.24,25.24,24.824995,25.015
1216647000,25.050005,25.050005,24.72,24.800005
1216733400,25.06,26.06,25.03,25.675005
1216819800,25.76,26.275,25.51,26.25
1216906200,26.214995,26.445,25.765,25.93
1216992600,26.125,26.125,25.765,26.03
1217251800,26,26.029955,25.555,25.574995
1217338200,25.605005,25.905,25.56,25.785005
1217424600,25.925005,26,25.5,25.655
1217511000,25.75,25.925005,25.61,25.75
1217597400,25.97,26.61,25.870005,26.57
1217856600,26.56,27.04,26.449995,26.949995
1217943000,27.050005,27.5,27.025,27.455
1218029400,27.435,27.74,27.300005,27.68
1218115800,27.58,27.58,26.92,27.004995
1218202200,27,27.765,26.855005,27.705
1218461400,27.57,27.915,27.425005,27.675005
1218547800,27.595,27.910005,27.06,27.394995
1218634200,27.28,27.72,27.199995,27.605005
1218720600,27.525,27.92,27.375,27.51
1218807000,27.61,27.81,27.375,27.53
1219066200,27.535005,27.68,26.97,27.165
1219152600,27.115,27.2945,26.99,27.165
1219239000,27.275,27.370005,26.949995,27.175005
1219325400,27.095,27.120005,26.61,26.754995
1219411800,26.81,27.254995,26.705,27.185
1219671000,27.07,27.295,26.685,26.785005
1219757400,26.785005,26.945,26.574995,26.76
1219843800,26.795,27.004995,26.61,26.894995
1219930200,26.625,26.785005,26.449995,26.56
1220016600,26.545,26.545,26.019995,26.035005
1220362200,26.11,26.480005,25.955,25.980005
1220448600,25.83,26.019995,25.635,25.83
1220535000,25.870005,26.14,25.6,25.855005
1220621400,25.845,26.055,25.74,25.964995
1220880600,26.36,26.765,26.15,26.69
1220967000,26.585,27.26,26.585,26.94
1221053400,27.035005,27.050005,26.655,26.905
1221139800,26.595,27.29,26.525,27.074995
1221226200,26.925005,27.275,26.775,27.25
1221485400,26.879995,27.885,26.769995,27.375
1221571800,27.015,27.515,26.85,27.425005
1221658200,27.28,27.445,26.324995,26.33
1221744600,26.61,27.019995,26.050005,26.695
1221831000,27.375,27.375,25.06,26.36
1222090200,26.254995,26.33,25.655,25.69
1222176600,25.714995,26.17,25.285005,25.339995
1222263000,25.5,25.550005,24.935,25.095
1222349400,25.199995,26.115,25.18,25.730005
1222435800,25.47,26.33,25.42,26.24
1222695000,26.04,26.480005,25.205,25.515
1222781400,25.905,26.449995,25.504995,26.44
1222867800,26.31,27.14,26.26,27.08
1222954200,26.525,27.135,26.449995,26.800005
1223040600,26.89,27.5,26.195,26.285005
1223299800,25.67,26.144995,24.36,25.46
1223386200,25.65,25.775,24.54,24.65
1223472600,24.324995,24.800005,23.225,23.705
1223559000,23.785005,23.815,21.65,21.65
1223645400,21.025,22.525,20.144995,20.75
1223904600,21.714995,23.765,21.605005,23.629995
1223991000,23.550005,23.550005,21.324995,21.865
1224077400,23.415,23.665,21.955,22.105005
1224163800,22.4,22.955,21.065,22.89
1224250200,22.480005,23.085,21.455,22.1
1224509400,22.545,23.435,22.265,23.230005
1224595800,23.18,23.565,23,23.015
1224682200,22.800005,23.11,22.11,22.69
1224768600,22.800005,22.800005,20.75,21.53
1224855000,20.5,21.5,20.5,20.805
1225114200,20.574995,21.61,20.5,20.504995
1225200600,20.78,22.660005,20.56,22.625
1225287000,22.300005,22.9,21.75,21.925005
1225373400,22.47,22.75,21.935,22.33
1225459800,22.57,23,21.75,22.03
1225722600,22.254995,22.824995,22.08,22.725
1225809000,23.35,23.495005,22.805,23.015
1225895400,22.86,23.22,22.300005,22.365
1225981800,22.375,22.730005,21.93,22.245005
1226068200,22.42,23.46,22.245005,23.125
1226327400,23.435,23.644995,22.555,22.949995
1226413800,22.795,22.89,21.964995,22.22
1226500200,21.845,22.285005,21.405,21.915
1226586600,21.925005,23.185,21.660005,23.14
1226673000,22.795,23.589995,22.49,22.51
1226932200,22.31,22.464995,21.6,21.985
1227018600,21.660005,21.875,21.01475,21.745005
1227105000,21.824995,22.300005,21.105005,21.135
1227191400,21,21.879995,20.5,20.535005
1227277800,20.82,22.144995,20.25,22
1227537000,22.245005,23.055,21.85,22.615
1227623400,22.915,23.254995,22.129995,22.535005
1227709800,22.129995,22.725,21.875,22.69
1227882600,22.6,23.455,22.6,23.435
1228141800,23.095,23.254995,22.15,22.165
1228228200,22.51,22.51,21.47,21.964995
1228314600,21.835,23.199995,21.75,23.07
1228401000,22.785005,23.285005,22.105005,22.375
1228487400,22.165,23.045,21.71,22.99
1228746600,23.245005,23.53,22.72,22.99
1228833000,22.765,23.275,22.19,22.415
1228919400,22.235,22.94,22.235,22.655
1229005800,22.589995,22.82,21.949995,22.11
1229092200,21.875,22.32,21.5,22.285005
1229351400,22.44,22.635,21.92,22.485
1229437800,22.635,23.394995,22.365,23.230005
1229524200,23.04,23.225,22.504995,22.74
1229610600,23.035005,23.225,22.385,22.589995
1229697000,22.725,23.004995,22.089995,22.214995
1229956200,22.365,22.405,22,22.33
1230042600,22.365,22.565,21.93,21.985
1230129000,22.025,22.175005,22,22.050005
1230301800,22.205,22.464995,22.135,22.29
1230561000,22.43,22.43,21.861,22.205
1230647400,22.31,22.57,22.269995,22.464995
1230733800,22.585,22.75,22.53,22.635
1230906600,22.699995,23,22.5225,22.949995
1231165800,22.785005,22.945,22.589995,22.72
1231252200,22.85,22.985,22.230005,22.355005
1231338600,22.11,22.589995,22.11,22.464995
1231425000,22.42,22.64,22.28,22.620005
1231511400,22.615,22.629995,22.125,22.300005
1231770600,22.230005,22.335,21.754995,21.865
1231857000,21.9,22.160005,21.81,22.01
1231943400,21.75,21.765,21.135,21.31
1232029800,21.285005,21.695,21.199995,21.68
1232116200,21.949995,22.24,21.735,21.92
1232461800,21.89,22.25,21.44,21.44
1232548200,21.699995,21.725,21.08,21.644995
1232634600,21.32,21.615,21.15,21.56
1232721000,21.324995,21.3295,20.78,21.1
1232980200,21.15,21.69,21.06,21.515
1233066600,21.64,21.964995,21.5,21.665
1233153000,22,22,21.625,21.93
1233239400,21.85,22.245005,21.67,21.775
1233325800,21.72,21.839995,21.265,21.36
1233585000,21.105005,21.25,20.765,21.120005
1233671400,21.25,21.75,20.99,21.660005
1233757800,21.675005,21.775,21.14,21.199995
1233844200,21.11,21.445,20.955,21.345
1233930600,21.365,21.845,21.33,21.775
1234189800,21.660005,21.68,21,21.155
1234276200,21.004995,21.155,20.14,20.335
1234362600,20.480005,20.795,20.480005,20.635
1234449000,21.324995,22.225,21.074995,22.195
1234535400,22.1,22.19,21.845,21.925005
1234881000,21.5,21.595,21.22,21.300005
1234967400,21.39,21.519995,21.125,21.339995
1235053800,21.555,21.86,21.339995,21.65
1235140200,21.485,21.735,21.19,21.42
1235399400,21.51,21.595,20.96,21.045
1235485800,21.36,21.6,21.095,21.53
1235572200,21.47,21.64,21.08,21.185
1235658600,21.385,21.385,20.504995,20.535005
1235745000,20.480005,20.6475,20.225,20.425005
1236004200,20.225,20.36,19.81,19.845
1236090600,19.905,20.15,19.379995,19.415
1236177000,19.625,20.160005,19.42,19.865
1236263400,19.58,19.72,18.72,18.925005
1236349800,19.074995,19.605005,19.050005,19.550005
1236605400,19.74,19.935,19.365,19.375
1236691800,19.815,19.835,19.324995,19.58
1236778200,19.58,19.975,19.525,19.785005
1236864600,19.79,20.430495,19.675005,20.42
1236951000,20.54,20.725,20.214995,20.61
1237210200,20.730005,21.004995,20.56,20.635
1237296600,20.67,20.835,20.410005,20.725
1237383000,20.65,21.125,20.5,20.824995
1237469400,20.925005,21.125,20.9,21.089995
1237555800,21.160005,21.57,21.155,21.32
1237815000,21.58,22.07,21.5,22.07
1237901400,21.800005,22.17,21.705,22.01
1237987800,22.199995,22.445,22.015,22.375
1238074200,22.475,22.5,21.910005,22.425005
1238160600,22.214995,22.6,22.214995,22.550005
1238419800,22.25,22.33,21.714995,21.96
1238506200,22.135,22.36,21.93,21.975
1238592600,21.879995,22.495005,21.75,22.43
1238679000,22.65,22.9125,22.324995,22.67
1238765400,22.685,22.879995,22.24,22.485
1239024600,22.35,22.615,22.269995,22.495005
1239111000,22.42,22.585,22.230005,22.31
1239197400,22.345,22.57,22.26,22.495005
1239283800,22.855005,22.865,22.410005,22.495005
1239629400,22.475,22.485,22.199995,22.365
1239715800,22.300005,22.300005,21.905,22.105005
1239802200,22.1,22.56,22.050005,22.515
1239888600,22.685,22.754995,22.17,22.550005
1239975000,22.625,22.72,22.33,22.51
1240234200,22.425005,22.5,21.905,22.165
1240320600,22.08,22.475,21.31,21.545
1240407000,21.6,21.61,21.300005,21.464995
1240493400,21.535005,21.574995,21.3425,21.46
1240579800,21.475,21.545,21.285005,21.394995
1240839000,21.21,21.485,21.04,21.120005
1240925400,21.055,21.275,21,21.14
1241011800,21.185,21.545,21.18,21.355005
1241098200,21.565,22.035005,21.4,21.525
1241184600,21.57,21.605005,21.089995,21.235
1241443800,21.300005,21.620005,21.115,21.585
1241530200,21.660005,21.875,21.51,21.57
1241616600,21.75,21.795,21.375,21.47
1241703000,21.660005,21.660005,21.285005,21.4
1241789400,21.475,21.585,21.254995,21.46
1242048600,21.365,21.595,21.269995,21.375
1242135000,21.480005,22.345,21.43,22.199995
1242221400,22.015,22.195,21.72,21.815
1242307800,21.96,22.585,21.955,22.449995
1242394200,22.415,22.54,22.31665,22.480005
1242653400,22.57,23.06,22.339995,23.035005
1242739800,23.07,23.464995,22.910005,23.32
1242826200,23.405,23.644995,23.269995,23.5
1242912600,23.32,23.410005,23.199995,23.339995
1242999000,23.335,23.855005,23.32,23.65
1243344600,23.5,23.74,23.44,23.605005
1243431000,23.565,23.595,23.269995,23.315
1243517400,23.324995,23.6,23.18,23.449995
1243603800,23.504995,24.58,23.475,24.58
1243863000,24.625,24.725,24.36,24.51
1243949400,24.504995,24.964995,24.44,24.83
1244035800,24.67,24.75,24.385,24.545
1244122200,24.57,24.894995,24.355005,24.879995
1244208600,24.955,24.97,24.615,24.72
1244467800,24.615,24.815,24.405,24.69
1244554200,24.754995,24.800005,24.4275,24.545
1244640600,24.65,24.68,24.025,24.205
1244727000,24.06,24.605005,24.04,24.29
1244813400,24.339995,24.519995,24.24,24.445
1245072600,24.305,24.33,24.050005,24.055
1245159000,24.095,24.165,23.910005,23.915
1245245400,23.94,24.32,23.92,23.964995
1245331800,23.995005,24.82,23.980005,24.775
1245418200,24.865,24.945,24.355005,24.405
1245677400,24.26,24.405,23.995005,23.995005
1245763800,24.095,24.265,23.875,23.9
1245850200,24.06,24.245005,23.68,23.75
1245936600,23.71,24.015,23.589995,23.925005
1246023000,23.86,24.144995,23.815,24.065
1246282200,24.07,24.25,24.06,24.144995
1246368600,24.105005,24.125,23.905,23.995005
1246455000,24.24,24.7975,24.205,24.589995
1246541400,24.385,24.714995,24.385,24.44
1246887000,24.339995,24.525,24.19,24.5
1246973400,24.365,24.585,24.275,24.32
1247059800,24.275,24.44,24.085,24.254995
1247146200,24.36,24.425005,24.254995,24.355005
1247232600,24.25,24.435,24.01,24.155
1247491800,24.19,24.589995,24.050005,24.525
1247578200,24.51,24.675005,24.370005,24.644995
1247664600,24.735,25.29,24.695,25.265
1247751000,25.175005,25.44,25.08,25.394995
1247837400,25.155,25.275,25.015,25.160005
1248096600,25.305,25.515,25.035005,25.515
1248183000,25.415,25.415,24.9,25.175005
1248269400,25.160005,25.17,24.425005,24.565
1248355800,24.565,25.01,24.44,24.589995
1248442200,24.705,24.82,24.42,24.68
1248701400,24.68,24.795,24.574995,24.76
1248787800,24.714995,24.875,24.5,24.695
1248874200,24.71,24.97,24.545,24.64
1248960600,24.910005,25.25,24.775,24.835
1249047000,24.82,25.1,24.75,24.92
1249306200,25.015,25.050005,24.65,24.800005
1249392600,24.78,25.074995,24.675005,24.75
1249479000,24.754995,24.795,24.5,24.585
1249565400,24.705,24.775,24.6,24.695
1249651800,24.83,24.875,24.585,24.67
1249911000,24.629995,24.74,24.49,24.72
1249997400,24.71,24.74,24.475,24.519995
1250083800,24.480005,24.545,24.214995,24.230005
1250170200,24.214995,24.324995,23.71,24.06
1250256600,24.025,24.235,24,24.235
1250515800,24.22,24.394995,24.06,24.35
1250602200,24.375,24.475,24.24,24.305
1250688600,24.160005,24.74,24.160005,24.68
1250775000,24.695,24.79,24.56,24.71
1250861400,24.800005,24.99,24.625,24.955
1251120600,24.9,24.9,24.405,24.53
1251207000,24.56,24.574995,24.345,24.370005
1251293400,24.410005,24.660005,24.35,24.589995
1251379800,24.589995,24.82,24.379995,24.72
1251466200,24.81,24.82,24.46,24.53
1251725400,24.42,24.685,24.25,24.385
1251811800,24.36,24.625,24.19,24.265
1251898200,24.275,25.15,24.275,24.9
1251984600,24.815,24.925005,24.615,24.79
1252071000,24.65,25.04,24.525,24.975
1252416600,24.97,25.394995,24.86,25.205
1252503000,25.195,25.402495,25.120005,25.315
1252589400,25.265,25.4,25.08,25.29
1252675800,25.065,25.870005,25,25.754995
1252935000,25.54,26.235,25.455,26.08
1253021400,26.04,26.29,25.824995,26.225
1253107800,26.22,26.410005,25.949995,26.335
1253194200,26.25,26.725,26.21,26.71
1253280600,26.839995,27.06,26.65,26.879995
1253539800,26.74,26.879995,26.39,26.5
1253626200,26.655,26.655,26.365,26.425005
1253712600,26.47,26.574995,26.085,26.29
1253799000,26.29,26.57,26.115,26.17
1253885400,26.165,26.64,26.135,26.485
1254144600,26.515,26.815,26.449995,26.565
1254231000,26.699995,26.769995,26.595,26.655
1254317400,26.660005,26.975,26.300005,26.85
1254403800,26.699995,26.85,26.519995,26.56
1254490200,26.53,27.04,26.455,26.935
1254749400,26.905,27,26.65,26.9
1254835800,26.905,27.324995,26.83,27.160005
1254922200,27.43,27.64,27.160005,27.405
1255008600,27.504995,27.504995,27.160005,27.295
1255095000,27.335,27.449995,27.125845,27.324995
1255354200,27.415,27.625,27.265,27.394995
1255440600,27.385,27.480005,27.275,27.4
1255527000,27.46,27.515,27.295,27.42
1255613400,27.365,27.605005,27.175005,27.46
1255699800,27.46,27.6,27.345,27.504995
1255959000,27.57,27.75,27.335,27.394995
1256045400,26.795,27.074995,26.589995,27.035005
1256131800,26.910005,27.345,26.85,27.035005
1256218200,26.79,27.135,26.705,27.074995
1256304600,26.955,27.074995,26.557505,26.620005
1256563800,26.54,27.15,26.355005,26.615
1256650200,26.620005,26.96,26.545,26.730005
1256736600,26.625,27,26.615,26.754995
1256823000,26.76,27.056,26.574995,27.045
1256909400,27.03,27.135,26.555,26.655
1257172200,26.754995,26.96,26.58,26.86
1257258600,26.824995,26.839995,26.385,26.56
1257345000,26.71,27,26.515,26.745005
1257431400,26.754995,27.24,26.725,27.199995
1257517800,26.985,27.25,26.905,27.245005
1257777000,27.295,27.75,27.085,27.74
1257863400,27.675005,28.095,27.625,27.905
1257949800,28.03,28.135,27.870005,28.065
1258036200,28.055,28.19,27.925005,27.97
1258122600,28.03,28.35,27.949995,28.230005
1258381800,28.324995,28.545,28.214995,28.370005
1258468200,28.32,28.46,28.225,28.435
1258554600,28.464995,28.5,28.144995,28.29
1258641000,28.120005,28.49,28.019995,28.44
1258727400,28.345,28.845,28.345,28.74
1258986600,28.855005,29.175005,28.855005,29.120005
1259073000,29.214995,29.214995,28.93,29.095
1259159400,29.185,29.185,28.995005,29.055
1259332200,28.49,28.765,28.199995,28.589995
1259591400,28.644995,28.660005,28.4,28.6
1259677800,28.795,29.1275,28.69,29.04
1259764200,28.915,29.1,28.839995,28.980005
1259850600,29.045,29.045,28.58,28.635
1259937000,28.800005,29.015,28.405,28.745005
1260196200,28.480005,29.0475,28.35,28.935
1260282600,28.765,28.870005,28.535005,28.839995
1260369000,28.725,28.925005,28.515,28.915
1260455400,28.99,29.46,28.96,29.29
1260541800,29.300005,29.699995,29.300005,29.555
1260801000,29.555,29.725,29.46,29.519995
1260887400,29.574995,29.595,29.425005,29.53
1260973800,29.475,29.6,29.19,29.21
1261060200,29.129995,29.135,28.47,28.49
1261146600,28.629995,28.629995,28.155,28.46
1261405800,28.51,28.805,28.449995,28.589995
1261492200,28.574995,28.79,28.545,28.635
1261578600,28.6,28.75,28.495005,28.644995
1261665000,28.745005,28.754995,28.525,28.72
1262010600,28.705,28.79,28.64,28.72
1262097000,28.725,28.985,28.725,28.870005
1262183400,28.870005,28.949995,28.74,28.839995
1262269800,28.79,28.875,28.464995,28.5
1262615400,28.58,28.61,28.449995,28.519995
1262701800,28.425005,28.495005,28.07,28.175005
1262788200,28.175005,28.22,27.99,28.165
1262874600,28.165,28.185,27.875,28.095
1262961000,27.730005,27.82,27.375,27.574995
1263220200,27.574995,28.22365,27.4,28.135
1263306600,28.045,28.5,28.03,28.44
1263393000,28.43,28.71505,28.345,28.515
1263479400,28.519995,28.625,28.385,28.565
1263565800,28.475,28.675005,28.019995,28.144995
1263911400,28.11,28.245005,27.96,28.21
1263997800,28.08,28.195,27.644995,27.75
1264084200,27.775,27.79,27.095,27.185
1264170600,27.175005,27.43,26.99,27.120005
1264429800,27.245005,27.269995,26.94,27.175005
1264516200,27.035005,27.25,26.935,27.07
1264602600,27,27.33,26.85,27.254995
1264689000,27.355005,27.42,27.0625,27.089995
1264775400,27.22,27.47,26.949995,27.125
1265034600,27.254995,27.28,27,27.19
1265121000,27.265,27.605005,27.074995,27.525
1265207400,27.46,27.480005,27.265,27.435
1265293800,27.275,27.339995,26.699995,26.714995
1265380200,26.620005,26.714995,26.265,26.545
1265639400,26.635,26.635,26.285005,26.324995
1265725800,26.845,27.49,26.685,27.004995
1265812200,27.300005,27.300005,26.582495,26.894995
1265898600,26.800005,27.165,26.635,27.11
1265985000,26.96,27.199995,26.81135,26.99
1266330600,27.254995,27.410005,26.964995,27.410005
1266417000,27.405,27.775,27.379995,27.665
1266503400,27.574995,27.96,27.574995,27.955
1266589800,27.9,27.949995,27.589995,27.86
1266849000,27.9,27.93,27.635,27.69
1266935400,27.705,27.800005,27.394995,27.415
1267021800,27.5,27.589995,27.345,27.58
1267108200,26.57,26.79,26.305,26.56
1267194600,26.545,26.545,26.115,26.36
1267453800,26.61,26.685,26.394995,26.635
1267540200,26.69,26.845,26.574995,26.65
1267626600,26.65,27.06005,26.589995,26.964995
1267713000,27.35,27.519995,27.160005,27.235
1267799400,27.345,27.475,27.18,27.35
1268058600,27.36,27.435,27.160005,27.230005
1268145000,27.17,27.295,26.975,27.089995
1268231400,27.129995,27.185,27.019995,27.1
1268317800,26.89,26.89,26.5,26.800005
1268404200,26.845,26.8825,26.629995,26.675005
1268659800,26.865,26.92,26.685,26.824995
1268746200,26.9,26.935,26.785005,26.85
1268832600,26.910005,26.995005,26.800005,26.92
1268919000,26.949995,27.019995,26.8725,26.975
1269005400,27.07,27.53,26.800005,27.375
1269264600,27.245005,27.425005,27.199995,27.269995
1269351000,27.355005,27.67,27.205,27.65
1269437400,27.61,27.68,27.305,27.31
1269523800,27.455,27.589895,27.324995,27.4
1269610200,27.394995,27.485,27.25,27.324995
1269869400,27.4,27.48005,27.335,27.385
1269955800,27.449995,27.525,27.305,27.435
1270042200,27.394995,27.644995,27.25,27.5
1270128600,27.68,27.714995,27.5625,27.65
1270474200,27.78,27.78,27.324995,27.43
1270560600,27.42,27.42,27.11,27.144995
1270647000,27.15,27.15,26.78,26.910005
1270733400,26.89,26.89,26.72,26.879995
1270819800,26.955,27.305,26.925005,27.295
1271079000,27.324995,27.43,27.254995,27.379995
1271165400,27.339995,27.54,27.324995,27.51
1271251800,27.515,27.53,27.324995,27.475
1271338200,27.379995,27.385,27.065,27.129995
1271424600,27.115,27.57,27.085,27.485
1271683800,27.49,27.660005,27.46,27.660005
1271770200,27.61,27.644995,27.160005,27.235
1271856600,27.285005,27.29,27,27.095
1271943000,27.07,27.254995,27,27.155
1272029400,27.230005,27.230005,26.870005,26.94
1272288600,27,27.175005,26.865,26.865
1272375000,26.83,26.93,26.42,26.435
1272461400,26.504995,26.785005,26.28,26.68
1272547800,26.81,27.095,26.78,26.870005
1272634200,26.81,26.980005,26.699995,26.725
1272893400,26.855005,26.975,26.6325,26.879995
1272979800,26.695,26.9,26.525,26.589995
1273066200,26.714995,26.949995,26.6,26.83
1273152600,26.835,27.1,25.605005,26.15
1273239000,26.095,26.42,25.769995,26.335
1273498200,26.925005,27.045,26.625,27.019995
1273584600,26.81,27.035005,26.75,26.805
1273671000,26.9,27.050005,26.71,27.01
1273757400,26.975,27,26.725,26.745005
1273843800,26.68,26.824995,26.43,26.67
1274103000,26.74,26.775,26.425005,26.705
1274189400,26.85,26.86,26.54,26.550005
1274275800,26.5,26.675005,26.230005,26.56
1274362200,26.25,26.25,25.765,25.769995
1274448600,25.42,25.86,25.15,25.795
1274707800,25.605005,25.934,25.51,25.730005
1274794200,25.185,25.365,24.97,25.31
1274880600,25.415,25.44,24.97,25.04
1274967000,25.305,25.625,25.129995,25.615
1275053400,25.589995,25.9747,25.5,25.699995
1275399000,25.56,26.055,25.365,25.644995
1275485400,25.769995,26.205,25.585,26.205
1275571800,26.335,26.5,26.225,26.375
1275658200,26.07,26.07,25.51,25.635
1275917400,25.615,25.75,25.385,25.4
1276003800,25.394995,25.910005,25.26,25.78
1276090200,25.78,25.925005,25.585,25.675005
1276176600,25.93,26.25,25.93,26.225
1276263000,25.855005,25.865,25.565,25.824995
1276522200,25.97,25.985,25.730005,25.754995
1276608600,25.915,26.1,25.78,26.089995
1276695000,25.915,26.22,25.8825,26.199995
1276781400,26.25,26.35,26.0175,26.18
1276867800,26.195,26.365,26.129995,26.155
1277127000,26.410005,26.49,26.135,26.24
1277213400,26.230005,26.54,26.214995,26.230005
1277299800,26.28,26.324995,26.004995,26.120005
1277386200,26.055,26.24,25.835,25.9
1277472600,25.894995,25.964995,25.129995,25.129995
1277731800,25.365,25.69,25.305,25.54
1277818200,25.29,25.475,25.050005,25.165
1277904600,25.19,25.29,25.004995,25.06
1277991000,25.15,25.15,24.735,25.015
1278077400,25.11,25.230005,24.925005,25.025
1278423000,25.295,25.339995,25.01,25.214995
1278509400,25.269995,25.795,25.15,25.735
1278595800,25.839995,26.22,25.78,26.21
1278682200,26.18,26.245005,26.035005,26.199995
1278941400,26.08,26.235,25.975,26.225
1279027800,26.370005,26.475,26.300005,26.36
1279114200,26.28,26.46,26.21,26.410005
1279200600,26.36,26.475,26.160005,26.425005
1279287000,26.385,26.54,26.105005,26.185
1279546200,26.269995,26.285005,26.025,26.135
1279632600,25.985,26.68,25.96,26.620005
1279719000,26.75,27.3925,26.64,27.04
1279805400,27.004995,27.339995,26.987505,27.129995
1279891800,27.1,27.415,26.980005,27.375
1280151000,27.415,27.49,27.35,27.47
1280237400,27.455,27.625,27.410005,27.525
1280323800,27.525,27.6,27.385,27.44
1280410200,27.54,27.652495,27.33,27.495005
1280496600,27.355005,27.644995,27.214995,27.555
1280755800,27.910005,28.245005,27.824995,28.205
1280842200,28.135,28.265,28.03,28.19
1280928600,28.26,28.35,28.105005,28.275
1281015000,28.205,28.21,27.9,28.185
1281101400,28.050005,28.394995,27.824995,28.375
1281360600,28.185,28.699995,28.18,28.555
1281447000,28.32,28.699995,28.26,28.49
1281533400,28.120005,28.375,27.99,28.019995
1281619800,27.765,27.935,27.675005,27.845
1281706200,27.82,27.99,27.685,27.865
1281965400,27.754995,27.964995,27.56,27.94
1282051800,28.01,28.21,27.75,28.06
1282138200,28.055,28.06,27.805,27.92
1282224600,27.865,27.865,27.485,27.64
1282311000,27.46,27.72,27.46,27.65
1282570200,27.754995,27.935,27.705,27.800005
1282656600,27.574995,27.97,27.574995,27.83
1282743000,27.71,27.855005,27.53,27.695
1282829400,27.714995,27.75995,27.485,27.58
1282915800,27.72,28.1,27.515,28.08
1283175000,28.1,28.120005,27.754995,27.775
1283261400,27.6,28.019995,27.5,27.941255
1283347800,28.19,28.660005,28.135,28.655
1283434200,28.71,28.71,28.43,28.69
1283520600,28.68,28.800005,28.545,28.78
1283866200,28.76,28.905,28.699995,28.815
1283952600,28.865,29.105005,28.85,28.915
1284039000,29.115,29.245005,28.905,29.144995
1284125400,29.14,29.32,29,29.26
1284384600,29.24,29.25,28.875,29.015
1284471000,28.925005,29.06,28.775,28.795
1284557400,28.685,28.800005,28.61,28.71
1284643800,28.699995,28.839995,28.625,28.754995
1284730200,28.824995,28.99,28.70545,28.78
1284989400,28.81,29,28.775,28.985
1285075800,28.905,29.1,28.824995,29.055
1285162200,29.074995,29.26,29.050005,29.115
1285248600,29.01,29.144995,28.86,28.935
1285335000,29.160005,29.4,29.115,29.31
1285594200,29.375,29.43,29.275,29.300005
1285680600,29.295,29.615,29.18,29.550005
1285767000,29.5,29.5,29.207495,29.379995
1285853400,29.43,29.5794,29.125,29.26
1285939800,29.519995,29.620005,29.26,29.56
1286199000,29.464995,29.519995,29.275,29.44
1286285400,29.574995,29.86,29.504995,29.83
1286371800,29.815,29.905,29.68,29.9
1286458200,29.835,29.839995,29.6,29.72
1286544600,29.74,29.85,29.53,29.705
1286803800,29.78,29.81,29.665,29.78
1286890200,29.67,29.9,29.67,29.800005
1286976600,29.86,29.985,29.83,29.97
1287063000,29.97,29.99,29.839995,29.955
1287149400,29.980005,29.99,29.870005,29.97
1287408600,29.905,30,29.9,30
1287495000,29.980005,30.235,29.915,30.17
1287581400,30.185,30.839995,30.185,30.574995
1287667800,30.504995,30.875,30.504995,30.735
1287754200,30.745005,30.870005,30.714995,30.805
1288013400,30.644995,30.875,30.495005,30.504995
1288099800,30.394995,30.685,30.385,30.620005
1288186200,30.51,30.6,30.15,30.595
1288272600,30.64,30.7798,30.44,30.605005
1288359000,30.574995,30.75,30.515,30.660005
1288618200,30.685,30.975,30.605005,30.855005
1288704600,30.9,30.97,30.89,30.93
1288791000,30.915,30.975,30.64,30.975
1288877400,30.97,31.324995,30.94,31.225
1288963800,31.21,31.324995,31,31.29
1289226600,31.25,31.285005,31.15,31.230005
1289313000,31.245005,31.355005,31.175005,31.32
1289399400,31.28,31.32,31.15,31.275
1289485800,31.245005,31.4,31.18,31.4
1289572200,31.36,31.480005,31.195,31.46
1289831400,31.445,31.6625,31.410005,31.480005
1289917800,31.455,31.49,30.910005,31.04
1290004200,31.07,31.36,31.0475,31.26
1290090600,31.44,31.975,31.425005,31.92
1290177000,31.800005,32.165,31.775,32.160005
1290436200,32.03,32.155,31.79,32.135
1290522600,31.964995,32,31.64,31.81
1290609000,31.92,32.315,31.910005,32.305
1290781800,32.06,32.185,32,32.095
1291041000,31.775,31.824995,31.435,31.695
1291127400,31.475,31.79,31.46,31.585
1291213800,31.97,32.4,31.915,32.35
1291300200,32.324995,32.4825,32.254995,32.449995
1291386600,32.4,32.47,32.24,32.25
1291645800,32.185,32.245005,31.995005,31.995005
1291732200,32.195,32.2825,32.06,32.07
1291818600,32.035005,32.22,32.035005,32.195
1291905000,32.305,32.455,32.28,32.415
1291991400,32.435,32.449995,32.14,32.324995
1292250600,32.195,32.485,32.15,32.425005
1292337000,32.415,32.44,31.85,31.949995
1292423400,31.949995,32.475,31.875,32.370005
1292509800,32.425005,32.714995,32.345,32.67
1292596200,32.51,32.875,32.425005,32.85
1292855400,32.730005,32.870005,32.595,32.655
1292941800,32.675005,32.800005,32.58,32.745005
1293028200,32.705,32.795,32.515,32.795
1293114600,32.76,32.94,32.735,32.79
1293460200,32.775,32.775,32.53,32.535005
1293546600,32.56,32.714995,32.53,32.68
1293633000,32.695,32.83,32.675005,32.725
1293719400,32.714995,32.800005,32.682505,32.75
1293805800,32.68,32.9,32.68,32.885
1294065000,32.94,32.94,32.555,32.61
1294151400,32.51,32.595,31.905,31.935
1294237800,31.894995,31.975,31.43,31.745005
1294324200,31.81,31.83,31.415,31.515
1294410600,31.39,31.5,31.28,31.46
1294669800,31.35,31.6,31.28,31.53
1294756200,31.67,31.71,31.335,31.345
1294842600,31.605005,31.68,31.35,31.519995
1294929000,31.625,31.93,31.565,31.699995
1295015400,31.685,31.685,31.49,31.565
1295361000,31.605005,31.870005,31.585,31.74
1295447400,31.839995,31.96,31.595,31.71
1295533800,31.81,31.94,31.375,31.464995
1295620200,31.589995,31.6,31.36,31.385
1295879400,31.435,31.635,31.339995,31.625
1295965800,31.61,31.655,31.2725,31.480005
1296052200,31.585,31.644995,31.43,31.480005
1296138600,31.595,31.605005,31.32,31.35
1296225000,31.42495,31.64,31.07,31.105005
1296484200,31.160005,31.425005,30.945,31.425005
1296570600,31.44,31.660005,31.425005,31.525
1296657000,31.574995,31.74,31.28,31.43
1296743400,31.35,31.49,31.065,31.285005
1296829800,31.324995,31.43,31.18,31.28
1297089000,31.335,31.335,31.160005,31.26
1297175400,31.214995,31.46,31.17,31.435
1297261800,32.050005,32.375,31.435,31.574995
1297348200,31.58,31.769995,31.410005,31.769995
1297434600,31.615,31.83,31.56,31.785005
1297693800,31.835,31.875,31.5,31.57
1297780200,31.455,31.61,31.275,31.595
1297866600,31.54,31.745005,31.44,31.699995
1297953000,31.69,32.36,31.635,32.275
1298039400,32.300005,32.324995,32.06,32.275
1298385000,31.68,32.135,31.665,31.879995
1298471400,31.89,32.17,31.85,31.955
1298557800,32.1,32.185,31.855005,31.94
1298644200,31.885,32.199995,31.855005,32.155
1298903400,32.085,32.24,31.93,31.96
1298989800,32.14,32.625,32.1,32.455
1299076200,32.295,32.4075,32.065,32.214995
1299162600,32.394995,32.9375,32.39,32.785005
1299249000,32.695,32.775,32.385,32.605005
1299508200,32.660005,32.870005,32.24,32.61
1299594600,32.699995,32.92,32.61,32.82
1299681000,32.765,32.839995,32.629995,32.81
1299767400,32.625,32.769995,32.485,32.644995
1299853800,32.46,32.555,32.235,32.405
1300109400,32.17,32.305,31.765,31.97
1300195800,31.475,31.635,31.175005,31.515
1300282200,31.345,31.435,30.644995,30.800005
1300368600,31.214995,31.394995,30.955,31.14
1300455000,31.485,31.65,31.225,31.35
1300714200,31.565,31.93,31.525,31.785005
1300800600,31.839995,31.885,31.625,31.754995
1300887000,31.644995,32.265,31.625,32.135
1300973400,32.29,32.535005,32.28,32.345
1301059800,32.435,32.695,32.410005,32.61
1301319000,32.6,32.745005,32.515,32.515
1301405400,32.6,32.865,32.54,32.86
1301491800,32.86,33.245005,32.805,33.019995
1301578200,32.980005,33.425005,32.980005,33.17
1301664600,33.445,33.74,33.300005,33.61
1301923800,33.61,33.894995,33.58,33.83
1302010200,33.75,33.885,33.655,33.735
1302096600,33.775,33.910005,33.605005,33.815
1302183000,33.714995,33.875,33.47,33.72
1302269400,33.695,33.82,33.43,33.635
1302528600,33.62995,33.92,33.4,33.699995
1302615000,33.49,33.5625,33.205,33.449995
1302701400,33.615995,33.735,33.485,33.64
1302787800,33.67,34.235,33.545,34.155
1302874200,34.165,34.175005,33.935,34.004995
1303133400,33.785005,33.824995,33.3225,33.655
1303219800,33.605005,33.75,33.475,33.54495
1303306200,33.945,34.025,33.805,33.925005
1303392600,33.945,34.085,33.735,33.94
1303738200,33.975,33.99,33.65995,33.870005
1303824600,33.32,33.515,32.905,33.464995
1303911000,33.685,33.71,33.28,33.5
1303997400,33.47,33.725,33.33,33.705
1304083800,33.78,33.885,33.635,33.730005
1304343000,33.879995,33.93,33.785005,33.86
1304429400,33.86,33.949995,33.785005,33.94
1304515800,33.93,33.964995,33.6,33.730005
1304602200,33.85,33.870005,33.199995,33.35
1304688600,33.72,33.79,33.365,33.449995
1304947800,33.43,33.64,33.415,33.475
1305034200,33.5,33.7297,33.49,33.67
1305120600,33.644995,33.835,33.449995,33.660005
1305207000,33.68,34.214995,33.585,34.155
1305293400,34.135,34.385,34.01,34.089995
1305552600,34.050005,34.115,33.86,33.915
1305639000,33.865,34.089995,33.75,33.995005
1305725400,34,34.175005,33.824995,34.15
1305811800,34.205,34.35,34.004995,34.230005
1305898200,34.160005,34.26,33.945,34.15
1306157400,33.795,33.949995,33.589995,33.745005
1306243800,33.83,33.89,33.605005,33.735
1306330200,33.64,33.75,33.410005,33.455
1306416600,33.370005,33.455,33.15,33.35
1306503000,33.435,33.574995,33.24,33.254995
1306848600,33.47,33.620005,33.32,33.405
1306935000,33.300005,33.589995,33.300005,33.379995
1307021400,33.324995,33.379995,32.81,33.019995
1307107800,32.635,32.915,32.606455,32.765
1307367000,32.754995,32.885,32.68,32.71
1307453400,32.76,32.8575,32.589995,32.6
1307539800,32.615,32.765,32.535005,32.699995
1307626200,32.72,33.160005,32.635,32.945
1307712600,32.839995,32.9085,32.620005,32.695
1307971800,32.550005,32.625,32.394995,32.56
1308058200,32.699995,32.92,32.65,32.805
1308144600,32.705,32.75,32.32,32.485
1308231000,32.485,32.879995,32.4,32.745005
1308317400,32.94,33.115,32.81,32.81
1308576600,32.685,33.07,32.685,32.915
1308663000,33.055,33.144995,32.885,33.129995
1308749400,33.144995,33.410005,33.055,33.199995
1308835800,32.964995,32.985,32.214995,32.49
1308922200,32.535005,32.69,32.36,32.464995
1309181400,32.425005,32.730005,32.425005,32.605005
1309267800,32.76,33.050005,32.675005,33.015
1309354200,33.095,33.415,33.089995,33.355005
1309440600,33.49,33.745005,33.410005,33.644995
1309527000,33.51,34.045,33.5075,34.045
1309872600,34.04,34.394995,34.04,34.15
1309959000,34.155,34.375,34.144995,34.265
1310045400,34.410005,34.445,34.29,34.375
1310131800,34.175005,34.339995,34.06,34.339995
1310391000,33.875,34.14,33.855005,34.050005
1310477400,33.985,34.22,33.865,33.925005
1310563800,34.085,34.214995,33.885,34.03
1310650200,33.985,34.1654,33.685,33.835
1310736600,33.925005,33.935,33.64,33.765
1310995800,33.629995,33.714995,33.295,33.56
1311082200,33.85,34.89,33.765,34.660005
1311168600,34.625,34.67,34.4,34.435
1311255000,34.410005,34.81,34.25,34.67
1311341400,34.775,34.910005,34.74,34.865
1311600600,34.56,34.78,34.504995,34.629995
1311687000,34.675005,34.730005,34.545,34.595
1311773400,34.385,34.625,34.269995,34.345
1311859800,34.324995,34.64,34.31,34.405
1311946200,34.18,34.425005,33.949995,34.004995
1312205400,34.25,34.254995,33.56,33.865
1312291800,33.699995,33.805,33.535005,33.535005
1312378200,33.5,34.28,33.475,34.199995
1312464600,33.885,34.065,32.870005,32.910005
1312551000,33.135,33.629995,32.519995,33.385
1312810200,33.089995,33.605005,32.475,32.56
1312896600,32.910005,33.435,31.795,33.339995
1312983000,33.120005,33.25,31.85,31.980005
1313069400,32,33.655,31.955,33.235
1313155800,33.379995,33.875,33.199995,33.57
1313415000,33.735,34.21,33.629995,34.1
1313501400,33.845,34.24,33.78505,34.085
1313587800,34.230005,34.675005,34.08,34.64
1313674200,34.125,34.47,33.53,33.879995
1313760600,33.765,34.14,33.43,33.550005
1314019800,34.004995,34.03,33.585,33.635
1314106200,33.735,34.53,33.660005,34.53
1314192600,34.415,34.855005,34.275,34.839995
1314279000,34.800005,34.800005,33.879995,33.985
1314365400,33.964995,34.385,33.35,34.25
1314624600,34.480005,34.925005,34.435,34.865
1314711000,34.89,35.14,34.76,34.93
1314797400,34.935,35.385,34.8304,35.225
1314883800,35.045,35.550005,34.89,35.225
1314970200,34.860045,34.995005,34.75,34.870005
1315315800,33.714995,34.769995,33.695,34.714995
1315402200,35.004995,35.425005,34.955,35.4
1315488600,35.33,35.885,35.275,35.585
1315575000,35.305,35.324995,34.365,34.685
1315834200,34.225,34.769995,34.1,34.69
1315920600,34.480005,34.66435,34.29,34.550005
1316007000,34.67,35.25,34.2725,34.885
1316093400,34.955,35.51,34.925005,35.51
1316179800,35.69,35.839995,35.51,35.615
1316439000,35.035005,35.345,34.975,35.245005
1316525400,35.394995,35.74,35.26,35.324995
1316611800,35.425005,35.535005,34.635,34.64
1316698200,33.685,34.074995,33.31,33.910005
1316784600,33.68,33.855005,33.435,33.71
1317043800,34.004995,34.445,33.83,34.379995
1317130200,35.06,35.205,34.64,34.785005
1317216600,34.910005,35.08,33.945,34.03
1317303000,34.455,34.82,34.09375,34.525
1317389400,34.225,34.550005,33.78,33.78
1317648600,33.295,33.46,32.56,32.71
1317735000,32.42,32.714995,31.67,32.615
1317821400,32.735,32.800005,32.275,32.765
1317907800,32.985,33,32.225,32.695
1317994200,33.254995,33.254995,32.695,32.949995
1318253400,33.28,33.464995,33.004995,33.449995
1318339800,33.365,33.6,33.295,33.4
1318426200,33.625,33.985,33.394995,33.74
1318512600,33.655,33.79,33.445,33.699995
1318599000,34.1,34.1,33.675005,33.925005
1318858200,33.910005,33.925005,33.410005,33.5
1318944600,33.620005,33.745005,33.199995,33.370005
1319031000,33.495005,33.910005,33.435,33.515
1319117400,33.745005,33.79,33.2875,33.56
1319203800,33.97,34.160005,33.730005,34.095
1319463000,34.199995,34.324995,33.805,33.935
1319549400,33.955,33.964995,33.4,33.475
1319635800,33.644995,33.769995,33.205,33.735
1319722200,34.464995,34.545,34.050005,34.285005
1319808600,34.26,34.49,34.195,34.464995
1320067800,34.324995,34.525,34.144995,34.160005
1320154200,33.565,33.75,33.39,33.519995
1320240600,33.71,34.03,33.675005,33.885
1320327000,34.050005,34.410005,34.004995,34.324995
1320413400,33.980005,34.074995,33.644995,33.89
1320676200,33.83,34.135,33.64,34.105005
1320762600,34.144995,34.36,33.9,34.324995
1320849000,33.925005,33.995005,33.43,33.515
1320935400,33.805,33.875,33.455,33.695
1321021800,33.985,34.305,33.975,34.06
1321281000,33.894995,33.985,33.71,33.894995
1321367400,33.89,34.225,33.74,34
1321453800,33.835,33.9,33.455,33.504995
1321540200,33.47,33.695,33.050005,33.31
1321626600,33.605005,33.855005,33.449995,33.695
1321885800,33.345,33.44,32.695,32.975
1321972200,32.805,33.18,32.7675,32.985
1322058600,32.730005,32.75,32.4,32.435
1322231400,32.574995,32.68,32.370005,32.370005
1322490600,32.629995,32.875,32.375,32.585
1322577000,32.585,33.25,32.504995,33.095
1322663400,33.67,33.980005,33.36,33.615
1322749800,33.5,33.79,33.339995,33.415
1322836200,33.730005,33.775,33.085,33.19
1323095400,33.47,33.595,32.94,33.155
1323181800,33.245005,33.51,33.07,33.339995
1323268200,33.275,33.535005,33.1,33.39
1323354600,33.35,33.620005,33.28,33.365
1323441000,33.555,33.875,33.46,33.785005
1323700200,33.629995,33.75,33.160005,33.445
1323786600,33.545,33.635,33.144995,33.24
1323873000,33.125,33.455,33.032995,33.129995
1323959400,33.455,33.695,33.394995,33.445
1324045800,33.735,33.86,33.629995,33.72
1324305000,33.730005,33.935,33.61,33.685
1324391400,33.94,34.32,33.915,34.199995
1324477800,34.26,34.9,34.160005,34.785005
1324564200,34.67,34.800005,34.445,34.595
1324650600,34.615,34.985,34.605005,34.97
1324996200,34.905,35.1,34.905,34.94
1325082600,34.910005,35.025,34.699995,34.754995
1325169000,34.800005,35.095,34.754995,35.08
1325255400,35,35.144995,34.985,34.985
1325601000,35.074995,35.355005,35.050005,35.07
1325687400,34.955,35.035005,34.75,34.85
1325773800,34.879995,34.9338,34.675005,34.685
1325860200,34.735,34.8125,34.31,34.464995
1326119400,34.5,34.585,34.4,34.464995
1326205800,34.735,34.76,34.555,34.67
1326292200,34.185,34.385,33.775255,34.03
1326378600,34.21,34.25,33.675005,33.785005
1326465000,33.67,33.714995,33.2825,33.495005
1326810600,33.870005,33.94,33.660005,33.675005
1326897000,33.730005,33.910005,33.589995,33.795
1326983400,33.824995,33.870005,33.629995,33.725
1327069800,33.769995,34.06,33.699995,34.045
1327329000,34,34.31,33.955,34.265
1327415400,34.08,34.25,33.855005,33.949995
1327501800,33.955,34.25,33.769995,34.214995
1327588200,34.31,34.31,33.879995,34.004995
1327674600,33.955,34.07,33.615,33.72
1327933800,33.644995,33.7845,33.515,33.730005
1328020200,33.99,33.99,33.589995,33.765
1328106600,33.94,34.17,33.9,33.925005
1328193000,34.035005,34.120005,33.875,33.915
1328279400,34.129995,34.245005,33.92,34.04
1328538600,33.92,34.115,33.85,34.015
1328625000,34.045,34.725,33.815,34.275
1328711400,34.42,34.425005,34.1,34.165
1328797800,34.18,34.195,33.8825,33.985
1328884200,33.765,33.97,33.71,33.97
1329143400,34.21,34.2975,34.042505,34.22
1329229800,34.235,34.464995,34.050005,34.449995
1329316200,34.615,34.625,34.115,34.199995
1329402600,34.305,34.495005,34.21,34.43
1329489000,34.535005,34.585,34.300005,34.525
1329834600,34.44,34.525,34.25,34.410005
1329921000,34.300005,34.67,34.300005,34.625
1330007400,34.545,34.65,34.46,34.589995
1330093800,34.675005,34.75,34.415,34.5
1330353000,34.345,34.5,34.26,34.415
1330439400,34.475,34.550005,34.4,34.425005
1330525800,34.449995,34.99,34.449995,34.93
1330612200,34.935,34.980005,34.695,34.800005
1330698600,34.705,34.800005,34.485,34.589995
1330957800,34.51,34.67,34.5,34.615
1331044200,34.410005,34.545,34.32,34.379995
1331130600,34.375,34.47,34.25,34.394995
1331217000,34.589995,34.75,34.550005,34.635
1331303400,34.714995,34.870005,34.655,34.754995
1331559000,34.74,35.17,34.67,35.074995
1331645400,34.754995,35.144995,34.754995,35.125
1331731800,35.129995,35.31,35.050005,35.11
1331818200,35.135,35.17,34.89,35.165
1331904600,35.19,35.230005,34.94,35.08
1332163800,35.105005,35.265,35,35.199995
1332250200,35.015,35.385,34.964995,35.295
1332336600,35.24,35.699995,35.175005,35.56
1332423000,35.504995,35.79,35.47,35.71
1332509400,35.699995,35.800005,35.644995,35.745005
1332768600,35.870005,35.949995,35.795,35.949995
1332855000,35.910005,35.99,35.824995,35.935
1332941400,35.980005,36.4125,35.949995,36.33
1333027800,36.175005,37.195,36.135,36.905
1333114200,36.81,37.07,36.655,37.004995
1333373400,36.915,37.1,36.82,37.07
1333459800,36.835,37.04,36.730005,36.879995
1333546200,36.644995,36.800005,36.606005,36.730005
1333632600,36.64,36.76,36.535005,36.735
1333978200,36.480005,36.555,36.370005,36.435
1334064600,36.29,36.31,35.975,36.01
1334151000,36.214995,36.235,35.92,36.06
1334237400,36.074995,36.129995,35.910005,36.11
1334323800,36.11,36.300005,35.97,35.97
1334583000,36.11,36.394995,36.07,36.22
1334669400,36.589995,37.24,36.589995,36.975
1334755800,36.910005,37.175005,36.865,37.085
1334842200,37.144995,37.167505,36.71,36.910005
1334928600,36.980005,37.175005,36.870005,37.065
1335187800,36.99,37.035005,36.665,36.845
1335274200,36.96,37.175005,36.855005,37.06
1335360600,37.269995,37.525,37.155,37.464995
1335447000,37.475,37.985,37.4075,37.855005
1335533400,37.980005,38.910005,37.96,38.315
1335792600,38.21,38.449995,37.964995,38.160005
1335879000,38.269995,38.5,38.14,38.464995
1335965400,38.370005,38.625,38.32,38.58
1336051800,38.68,38.82,38.6,38.72
1336138200,38.655,38.800005,38.480005,38.5
1336397400,38.485,38.725,38.425005,38.64
1336483800,38.504995,38.64,38.311095,38.57
1336570200,38.295,38.595,38.245005,38.39
1336656600,38.605005,38.85,38.6,38.705
1336743000,38.6,38.870005,38.6,38.735
1337002200,38.56,38.625,38.309,38.435
1337088600,38.28,38.574995,38.129995,38.285005
1337175000,38.33,38.42,37.96,38.165
1337261400,38.085,38.15,37.495005,37.56
1337347800,37.625,37.644995,36.735,37.025
1337607000,37.105005,37.300005,37.065,37.254995
1337693400,37.29,37.29,36.955,37.095
1337779800,37,37.285005,36.910005,37.275
1337866200,37.394995,37.925005,37.300005,37.78
1337952600,37.81,37.845,37.504995,37.615
1338298200,37.865,37.865,37.53,37.730005
1338384600,37.535005,37.625,37.4125,37.53
1338471000,37.480005,37.61,37.33,37.365
1338557400,36.995005,37.225,36.504995,36.545
1338816600,36.515,36.870005,36.28,36.82
1338903000,36.665,36.8225,36.525,36.620005
1338989400,36.695,37.305,36.65,37.305
1339075800,37.495005,37.53,37.1,37.14
1339162200,37.08,37.685,37.074995,37.620005
1339421400,37.86,37.89,37.31,37.33
1339507800,37.49,37.625,37.17,37.6
1339594200,37.305,37.565,37.235,37.345
1339680600,37.394995,38,37.34725,37.870005
1339767000,38.06,38.1,37.71,38.045
1340026200,37.980005,38.21,37.885,37.99
1340112600,38.125,38.125,37.83,37.870005
1340199000,37.845,37.870005,37.42,37.78
1340285400,37.894995,37.995005,37.31,37.335
1340371800,37.475,37.65,37.43,37.47
1340631000,37.230005,37.42,37.085,37.385
1340717400,37.495005,37.68,37.1,37.54
1340803800,37.620005,38.24,37.620005,38.17
1340890200,38.050005,38.335,37.845,38.285005
1340976600,38.565,39.095,38.54,39.095
1341235800,39.050005,39.5,39.004995,39.46
1341322200,39.445,39.68,39.355005,39.58
1341495000,39.51,39.57,39.1,39.225
1341581400,39.01,39.144995,38.92,39.074995
1341840600,39.03,39.1025,38.855005,38.99
1341927000,39.265,39.269995,38.90725,38.99
1342013400,38.949995,38.975,38.574995,38.730005
1342099800,38.515,38.635,38.26,38.32
1342186200,38.315,38.795,38.17,38.64
1342445400,38.550005,38.699995,38.1,38.24
1342531800,39.03,39.33,38.379995,38.845
1342618200,38.82,38.839995,38.410005,38.72
1342704600,38.76,38.800005,38.25,38.775
1342791000,38.635,38.675005,38.394995,38.515
1343050200,38.275,38.5,38.185,38.44
1343136600,38.449995,38.475,38.050005,38.33
1343223000,38.475,38.61,38.365,38.51
1343309400,38.85,39.455,38.85,39.425005
1343395800,39.525,40.120005,39.449995,40.004995
1343655000,39.885,40.585,39.785005,40.56
1343741400,40.35,40.665,40.195,40.4
1343827800,40.485,40.625,40.29495,40.504995
1343914200,40.365,40.5,39.76,39.875
1344000600,40.095,40.496,40.004995,40.415
1344259800,40.504995,40.625,40.31,40.32
1344346200,40.42,40.489,39.875,39.885
1344432600,39.855005,40,39.68,39.78
1344519000,39.735,39.89,39.415,39.620005
1344605400,39.58,39.605005,39.305,39.394995
1344864600,39.31,39.39,39.05,39.3
1344951000,39.60001,39.67,39.25,39.38
1345037400,39.42,39.55,39.23,39.35001
1345123800,39.39999,39.63,39.31,39.55
1345210200,39.66,39.73,39.27,39.53
1345469400,39.53999,39.59,39.25999,39.47
1345555800,39.41,39.69,39.23,39.25999
1345642200,39.14,39.25,38.69,38.77
1345728600,38.81,38.84,38.02,38.11
1345815000,38.07001,38.55,38.07001,38.47
1346074200,38.56,38.56,38.12,38.17
1346160600,38.14,38.32001,37.77,38
1346247000,38.05,38.05,37.38,37.46001
1346333400,37.38,37.63,37.13,37.14
1346419800,37.41,37.58,37.14999,37.39999
1346765400,37.52,37.59,37.215,37.28
1346851800,37.355,37.62,37.11,37.50999
1346938200,37.78,38.3,37.7,38.14999
1347024600,38.38,38.5,37.74001,37.89999
1347283800,37.96001,37.98,37.59,37.66
1347370200,37.63,37.83,37.56,37.77
1347456600,37.78999,37.83,37.50999,37.55
1347543000,37.73,38.489,37.61,38.35001
1347629400,38.55,38.55,38.00999,38.12
1347888600,38.16,38.38,38.03,38.35001
1347975000,38.38,39,38.3,38.62
1348061400,38.66,38.81,38.41,38.52
1348147800,38.39,38.87,38.38,38.64
1348234200,38.73,38.74001,37.88,38.03
1348493400,37.81,38.24001,37.81,38.12
1348579800,38.21001,38.27,37.66,37.67999
1348666200,37.78,38.1851,37.74001,37.75999
1348752600,38.06,38.35001,37.89999,38.31
1348839000,38.17,38.22,37.89999,37.92999
1349098200,38.16,38.60001,38.14999,38.38
1349184600,38.56,38.69,38.11,38.34
1349271000,38.32001,38.52,38.14,38.24001
1349357400,38.46001,38.55,38.19,38.33
1349443800,38.49001,38.60001,38.25,38.58
1349703000,38.53999,38.67999,38.44,38.58
1349789400,38.5,38.83,38.46001,38.56
1349875800,38.64999,38.73,38.05,38.09
1349962200,38.2,38.28,38.02,38.11
1350048600,38.25999,38.39,38.11,38.23
1350307800,38.09,38.25,38.00999,38.13
1350394200,38.17999,38.22,37.44,37.89999
1350480600,38.06,38.145,37.7,37.74001
1350567000,37.75999,38.07001,37.46001,37.84
1350653400,37.92999,37.94,37.39999,37.39999
1350912600,37.37,37.48,36.96001,37.23
1350999000,36.96001,36.98,36.53999,36.61
1351085400,36.60001,37.03999,36.60001,36.88
1351171800,37,37.19,36.85001,37.09
1351258200,37.12,37.25999,36.78,37.03999
1351690200,37.16,37.41,36.92,37.17999
1351776600,37.14999,37.56,37.14999,37.33
1351863000,37.58,37.64999,37,37.08
1352125800,36.95,36.99001,36.63,36.77
1352212200,36.92,37.48,36.86,37.42
1352298600,37.28,37.39,36.39999,36.72
1352385000,36.64999,37.108,36.36,36.36
1352471400,36.05,36.52,36.05,36.28999
1352730600,36.28999,36.28999,35.985,36.08
1352817000,36.03,36.56,35.98,36.16
1352903400,36.19,36.36,35.86501,36.00999
1352989800,35.89999,36.48,35.86,36.42999
1353076200,36.49001,36.64999,36.27,36.56
1353335400,36.85001,37.28999,36.81,37.24001
1353421800,37.23,37.2657,36.85001,37.25
1353508200,37.33,37.47,37.22,37.39
1353681000,37.55,37.95,37.49001,37.92999
1353940200,37.58,37.78,37.23,37.36
1354026600,37.44,37.78999,37.34,37.42
1354113000,37.06,37.57001,36.8,37.56
1354199400,37.67999,37.97,37.5,37.97
1354285800,37.94,37.98,37.66,37.92
1354545000,37.89999,37.9352,37.33,37.38
1354631400,37.31,37.495,37.14,37.14999
1354717800,37.2,37.5,37.08,37.31
1354804200,37.34,37.44,37.3,37.38
1354890600,37.44,37.74001,37.39,37.71001
1355149800,37.7,37.78,37.50999,37.64
1355236200,37.63,37.99001,37.58,37.86
1355322600,37.89,37.92999,37.5,37.64
1355409000,37.7,37.78999,37.53,37.60001
1355495400,37.52,37.77,37.5,37.66
1355754600,37.78999,37.82001,37.38,37.5
1355841000,37.53,37.7,37.13,37.28
1355927400,37.25,37.28999,36.77,36.78
1356013800,36.69,37.10001,36.64999,37.05
1356100200,37,37.19,36.53,36.89
1356359400,36.72,36.8,36.57001,36.73
1356532200,36.7,36.8,36.24001,36.42
1356618600,36.35001,36.55,36.2,36.42
1356705000,36.22,36.42,35.95,35.97
1356964200,35.88,36.28,35.58,36.25
1357137000,36.99001,37.60001,36.66,37.60001
1357223400,37.45,37.60001,37.11,37.60001
1357309800,37.64999,37.87,37.52,37.66
1357569000,37.52,37.52,37.10001,37.3
1357655400,37.19,37.28,36.91,37.03999
1357741800,37.2,37.2,36.83,37.03
1357828200,37.12,37.17,36.75999,36.96001
1357914600,36.84,36.94,36.52,36.91
1358173800,36.95,37.11,36.8,36.99001
1358260200,36.99001,37.42999,36.8,37.32001
1358346600,37.21001,37.41499,37.12,37.32001
1358433000,37.42999,37.66,37.33,37.50999
1358519400,37.49001,37.71001,37.30499,37.7
1358865000,37.74001,37.74001,37.05,37.13
1358951400,37.08,37.25999,37.03999,37.13
1359037800,37.2,37.25,37,37.11
1359124200,37.17999,37.25,36.91,37.05
1359383400,37.07001,37.11,36.86,37.00999
1359469800,36.88,37.57001,36.86,37.42
1359556200,37.39999,37.61,37.32001,37.5
1359642600,37.53,37.53,37.11,37.24001
1359729000,37.53999,37.71001,37.37,37.53999
1359988200,37.48,37.58,37.3,37.35001
1360074600,37.56,38.16,37.56,38.14
1360161000,38.13,38.42999,38,38.31
1360247400,38.42,39.06,38.35001,38.91
1360333800,38.85001,38.94,38.60001,38.77
1360593000,38.71001,38.83,38.41,38.61
1360679400,38.11,38.16,37.28,37.56
1360765800,37.67,37.94,37.00999,37.21001
1360852200,37.24001,37.50999,36.7,36.84
1360938600,36.94,37.42,36.53999,37.42
1361284200,37.50999,37.77,37.46001,37.67
1361370600,37.7,37.88499,37.41431,37.73
1361457000,37.62,37.7899,37.42999,37.71001
1361543400,37.75999,38.52,37.71001,38.52
1361802600,38.56,38.72,37.72,37.72
1361889000,37.95,38.19,37.77499,38.11
1361975400,38.03,38.53999,37.92,38.45
1362061800,38.47,38.97,38.42,38.72
1362148200,38.49001,38.78999,38.49001,38.7
1362407400,38.60001,38.82001,38.45,38.82001
1362493800,38.98,39,38.55499,38.67999
1362580200,38.8,39.03999,38.7,39.02
1362666600,39.03999,39.19,38.84,39.12
1362753000,39.17,39.41499,39.03,39.22
1363008600,39.2,39.38,39.17999,39.31
1363095000,39.28,39.31,38.8,38.96001
1363181400,38.82001,38.87,38.55,38.59
1363267800,38.82001,39.12,38.66,39.02
1363354200,38.82001,38.94,38.66,38.83
1363613400,38.61,38.94,38.57001,38.75999
1363699800,38.92,39.39999,38.82001,39.33
1363786200,39.39999,39.92,39.36,39.87
1363872600,39.85001,40.42999,39.75999,40.07001
1363959000,39.98,40.27499,39.89,40.03999
1364218200,40.11,40.25,39.96001,40.12
1364304600,40.13,40.7,40.13,40.69
1364391000,40.45,40.53999,40.062,40.22
1364477400,40.38,40.60001,40.02,40.44
1364823000,40.39,40.4899,40.17,40.45
1364909400,40.42999,40.89999,40.42,40.72
1364995800,40.78,40.82001,40.08,40.17
1365082200,40.27,40.59,40.2,40.53999
1365168600,40.21001,40.355,40.00999,40.08
1365427800,40.06,40.87,39.77,40.86
1365514200,40.81,41.13,40.50999,40.71001
1365600600,40.78,41.17,40.71001,41.07001
1365687000,41.13,41.41,41.06,41.17999
1365773400,40.91,41.11,40.67999,41.08
1366032600,40.85001,40.99429,40.05,40.09
1366119000,41.39999,42.48,41.25,42.37
1366205400,42.14,42.7,42.03,42.55
1366291800,42.48,42.64999,42.09,42.10001
1366378200,42.28,42.77,42.2,42.66
1366637400,42.52,42.85001,42.39999,42.72
1366723800,42.78,42.96001,42.255,42.7
1366810200,42.64,42.89999,42.10001,42.14999
1366896600,42.25999,42.53999,42.08,42.35001
1366983000,42.17999,42.42999,42.09,42.10001
1367242200,42.24001,42.28999,41.92,42.24001
1367328600,42.14999,42.39,41.88,42.33
1367415000,42.14999,42.56,42.1398,42.21001
1367501400,41.66,42.16,41.49001,41.96001
1367587800,42.17,42.42,41.96001,42.24001
1367847000,42.28999,42.28999,41.87,42.08
1367933400,42.21001,42.71001,42.14999,42.7
1368019800,42.53999,42.67999,42.16,42.46001
1368106200,42.50999,42.56,42,42.12
1368192600,42.11,42.24001,41.85001,42.14999
1368451800,42.14,42.44,42,42.19
1368538200,42.17999,42.67,42.00999,42.52
1368624600,42.5,43.10001,42.39,42.92
1368711000,42.91,43.42999,42.78999,43.09
1368797400,43.05,43.13,42.56,42.97
1369056600,42.95,42.95,42.3,42.38
1369143000,42.48,42.565,42.07001,42.34
1369229400,42.28,42.86,42.035,42.25
1369315800,41.92999,42.07001,41.56,41.92999
1369402200,41.53999,42.37,41.5,42.24001
1369747800,42.60001,43.05,42.39999,42.55
1369834200,42.34,42.4268,41.31,41.39999
1369920600,41.49001,41.60001,40.75,40.77
1370007000,40.64999,40.77,39.99001,39.99001
1370266200,39.95,40.84,39.63,40.81
1370352600,41.59,41.72,40.95,41.42
1370439000,41.39999,41.39999,40.60001,40.64999
1370525400,40.55,40.78999,40.31,40.78999
1370611800,41.2,41.7299,40.98,41.41
1370871000,41.5,41.52,41.03999,41.17999
1370957400,40.88,40.98,40.39999,40.78999
1371043800,40.78999,40.94,40.28,40.39
1371130200,40.31,40.48,39.67999,40.41
1371216600,40.38,40.78999,40.25999,40.34
1371475800,40.53999,40.91,40.39999,40.67999
1371562200,40.7,40.995,40.57001,40.92999
1371648600,41.00999,41.44,40.41,40.41
1371735000,40.27,40.35001,38.97,39.13
1371821400,39.63,39.97,39.3,39.75999
1372080600,39.45,40.00999,39.13,39.53
1372167000,39.82001,39.925,39.435,39.72
1372253400,40.08,40.48,40.06,40.33
1372339800,40.64999,40.88,40.24001,40.25999
1372426200,40.25,40.44,40.10001,40.11
1372685400,40.5,40.92,40.36,40.46001
1372771800,40.47,40.74001,40.175,40.37
1372858200,40.24001,40.56,40.03,40.49001
1373031000,40.72,40.8,40.14999,40.52
1373290200,40.64999,40.75999,40.42,40.53999
1373376600,40.86,41.07001,40.72,40.83
1373463000,40.92,40.96001,40.53,40.67999
1373549400,41,41.14999,40.74001,41.03
1373635800,41.03,41.13,40.73,41.03
1373895000,41.05,41.25,40.92999,41.00999
1373981400,39.78,40.5,39.5,40.23
1374067800,40.55,40.98,40.31,40.84
1374154200,40.86,41.07001,40.74001,40.81
1374240600,40.88,41.10001,40.78999,41.09
1374499800,41.08,41.14,40.755,40.84
1374586200,40.95,41.13,40.78999,40.96001
1374672600,41.12,41.13,40.75,40.86
1374759000,40.81,40.8783,40.48,40.84
1374845400,40.64999,40.64999,40.00999,40.64
1375104600,40.61,40.67999,40.25999,40.28
1375191000,40.42,40.73,40.25,40.32001
1375277400,40.41,40.58,40.06,40.08
1375363800,40.39999,40.75,40.39999,40.57001
1375450200,40.03,40.41,39.91499,40.22
1375709400,40.17999,40.47,40.17999,40.28999
1375795800,40.23,40.42999,40.06,40.37
1375882200,40.31,40.33,40.06,40.14999
1375968600,40.3,40.36,40.02,40.2
1376055000,40.25,40.32001,40.05,40.16
1376314200,40.03999,40.10001,39.71001,39.83
1376400600,39.92999,40.05,39.5,39.64999
1376487000,39.59,39.67999,39.35001,39.53
1376573400,39.3,39.39999,39.02,39.09
1376659800,39.03,39.17999,38.71001,39.05
1376919000,39.05,39.09,38.69,38.78
1377005400,38.85001,39.14,38.64999,38.64999
1377091800,38.63,38.7,38.25,38.28
1377178200,38.32001,38.52,38.10001,38.31
1377264600,38.61,38.61,38.37,38.52
1377523800,38.60001,38.60001,38.11,38.12
1377610200,37.98,38.24001,37.8,38.14999
1377696600,38.06,38.53,38.05,38.35001
1377783000,38.47,38.47,38.10001,38.10001
1377869400,38.16,38.28,38,38.17999
1378215000,38.27,38.39999,37.8,37.89999
1378301400,37.8799,38.73,37.81,38.53999
1378387800,38.63,38.69,38.06,38.24001
1378474200,38.38,38.62,38.10001,38.35001
1378733400,38.52,38.55499,38.27,38.52
1378819800,38.77,38.78,38.50999,38.63
1378906200,38.67999,38.78,38.53,38.78
1378992600,38.59,38.61,38.28,38.44
1379079000,38.56,38.74001,38.42,38.69
1379338200,39.03,39.2,38.74001,38.86
1379424600,38.81,39.095,38.78999,38.78999
1379511000,38.81,39.60001,38.58,39.59
1379597400,39.64,39.67,39.14999,39.31
1379683800,39.33,39.39999,38.78,39.39999
1379943000,39.16,39.19,38.44,38.63
1380029400,38.72,38.87,38.52,38.53
1380115800,38.64999,38.67999,38.3,38.33
1380202200,38.4899,38.74001,38.39,38.74001
1380288600,38.57001,38.58,38.145,38.39999
1380547800,38.19,38.29559,37.75,37.88
1380634200,38,38.09,37.62,37.95
1380720600,37.81,37.81,37.21001,37.42999
1380807000,37.46001,37.46001,37.13,37.16
1380893400,37.25,37.27,36.91,37.2
1381152600,37.08,37.38,36.83,37.05
1381239000,37.10001,37.41,36.89999,37.28
1381325400,37.38,37.42,37.00999,37.08
1381411800,37.77,37.86,37.44501,37.78
1381498200,37.92,37.92,37.52,37.77
1381757400,37.56,37.95,37.50999,37.91
1381843800,38.17999,38.37,37.60001,37.66
1381930200,38.00999,38.24001,37.78,38
1382016600,38.06,38.56,38.00999,38.55
1382103000,38.58,38.78,38.42,38.78
1382362200,38.95,38.95,38.60001,38.82001
1382448600,38.86,39.25,38.69,39.09
1382535000,39.08,39.25,38.8,39.09
1382621400,39.14999,39.37,38.75999,38.8
1382707800,38.84,39.13,38.63,39.03
1382967000,39.02,39.74,38.99,39.61
1383053400,39.57,39.96,39.35,39.8
1383139800,39.88,39.89,39.51,39.62
1383226200,39.51,39.86,39.51,39.57
1383312600,39.57,39.72,39.325,39.61
1383575400,39.71,39.81,39.3,39.51
1383661800,39.36,39.64,39.22,39.5
1383748200,39.62,40.215,39.42,40.05
1383834600,40.08,40.25,39.76,39.83
1383921000,39.74,40.05,39.49,40.05
1384180200,40.01,40.05,39.77,39.87
1384266600,39.91,39.99,39.615,39.88
1384353000,39.82,40.12,39.65,40.12
1384439400,40.09,40.44,40.03,40.21
1384525800,40.16,40.32,39.96,40.22
1384785000,40.24,40.24,40,40.17
1384871400,40.14,40.225,39.919,40.14
1384957800,40.05,40.45,39.94,40.06
1385044200,40.2,40.495,40.1,40.43
1385130600,40.34,40.46,40.09,40.43
1385389800,40.48,40.875,40.33,40.37
1385476200,40.49,40.6,40.24,40.25
1385562600,40.09,40.38,39.69,40.19
1385735400,40.27,40.48,40.11,40.19
1385994600,40.1,40.2,39.75,40.08
1386081000,40.05,40.39,40.01,40.35
1386167400,40.2,40.47,39.94,40.37
1386253800,40.28,40.4,39.8,39.83
1386340200,40.05,40.5,40.05,40.46
1386599400,40.4,40.5,40.2,40.4
1386685800,40.26,40.29,39.75,39.85
1386772200,39.95,40.34,39.89,40.13
1386858600,39.99,40.21,39.18,39.21
1386945000,39.47,39.64,39.21,39.23
1387204200,39.46,39.57,39.2,39.27
1387290600,39.12,39.25,38.87,39.1
1387377000,39.2601,40.08,39,40.02
1387463400,39.97,40.1,39.56,39.86
1387549800,39.92,40.19,39.8538,40.04
1387809000,40.1,40.245,39.87,40.16
1387895400,40.17,40.31,40.1,40.19
1388068200,40.22,40.54,40.14,40.49
1388154600,40.69,40.79,40.53,40.66
1388413800,40.77,41.14,40.76,41.09
1388500200,41.13,41.387,40.98,41.31
1388673000,41.12,41.225,40.51,40.66
1388759400,40.68,40.73,40.35,40.46
1389018600,40.48,40.5926,40.16,40.27
1389105000,40.48,40.7208,40.29,40.39
1389191400,40.44,40.44,39.83,39.94
1389277800,39.95,40,39.52,39.73
1389364200,39.96,40.29,39.9,40.13
1389623400,40,40.13,39.5,39.53
1389709800,39.64,39.92,39.58,39.69
1389796200,39.83,39.94,39.58,39.76
1389882600,39.7799,39.82,39.58,39.71
1389969000,39.72,39.75,39.28,39.28
1390314600,39.64,39.92,39.53,39.92
1390401000,39.99,40.09,39.753,39.9
1390487400,39.61,39.64,39.12,39.24
1390573800,39.08,39.25,38.82,38.84
1390833000,38.82,38.98,38.71,38.73
1390919400,38.77,39.075,38.62,38.87
1391005800,38.57,38.57,37.82,37.9
1391092200,38,38.41,38,38.17
1391178600,37.95,38.16,37.72,37.82
1391437800,38.02,38.02,37.1,37.2
1391524200,37.44,37.55,37.21,37.48
1391610600,37.49,37.715,37.38,37.61
1391697000,38.76,38.94,37.92,38.03
1391783400,38.17,38.35,37.87,37.95
1392042600,38.07,38.62,37.84,38.57
1392129000,38.67,38.785,38.51,38.64
1392215400,38.85,38.92,38.4,38.51
1392301800,38.13,38.7588,38.13,38.65
1392388200,38.6,39.02,38.27,38.93
1392733800,37.98,38.11,37.26,37.47
1392820200,37.5,37.6,37.05,37.1
1392906600,37.06,37.52,36.89,37.3
1392993000,37.59,37.62,37.14,37.18
1393252200,37.3,37.6,37.22,37.5
1393338600,37.63,37.94,37.5,37.77
1393425000,37.9,37.94,37.72,37.87
1393511400,37.84,38.11,37.8,38.07
1393597800,38.08,38.3851,38.04,38.2
1393857000,37.88,38.16,37.85,38.12
1393943400,38.34,38.389,38.23,38.31
1394029800,38.42,38.45,38.25,38.35
1394116200,38.4,38.5501,38.27,38.47
1394202600,38.56,38.61,38.36,38.55
1394458200,38.55,38.65,38.44,38.65
1394544600,38.84,38.84,38.54,38.8
1394631000,38.27,38.5,38.21,38.47
1394717400,38.45,38.49,37.921,37.97
1394803800,37.95,38.32,37.88,38.17
1395063000,38.17,38.37,38.05,38.27
1395149400,38.27,38.46,38.135,38.4
1395235800,38.36,38.585,38.1,38.14
1395322200,38.11,38.47,37.95,38.45
1395408600,38.78,38.83,38.28,38.44
1395667800,38.48,38.535,38.205,38.4
1395754200,38.49,38.8,38.46,38.62
1395840600,38.69,38.94,38.61,38.61
1395927000,38.51,39,38.48,38.82
1396013400,38.89,39.03,38.82,38.95
1396272600,38.99,39.03,38.46,38.66
1396359000,38.53,38.89,38.3149,38.41
1396445400,38.49,38.54,38.3,38.33
1396531800,38.39,38.49,38.04,38.07
1396618200,38.24,38.48,38.14,38.22
1396877400,38.27,38.89,38.26,38.62
1396963800,38.67,38.9,38.48,38.9
1397050200,38.84,38.99,38.7,38.99
1397136600,38.98,39.4,38.82,38.89
1397223000,38.83,39.22,38.57,38.63
1397482200,38.71,38.8,38.4,38.73
1397568600,39.83,40.47,39.5,40.18
1397655000,40.12,40.59,40.12,40.59
1397741400,40.43,40.72,40.25,40.72
1398087000,40.47,40.76,40.35,40.75
1398173400,40.58,40.76,40.42,40.71
1398259800,40.7,40.81,40.56,40.73
1398346200,40.7,40.89,40.46,40.7
1398432600,40.46,41.01,40.44,41.01
1398691800,40.82,41.28,40.74,41.03
1398778200,40.97,41.03,40.52,40.57
1398864600,40.69,40.88,40.59,40.79
1398951000,40.79,40.8,40.26,40.78
1399037400,40.79,40.96,40.63,40.95
1399296600,40.65,40.93,40.55,40.76
1399383000,40.52,40.66,40.45,40.49
1399469400,40.7,40.97,40.63,40.91
1399555800,40.85,40.96,40.65,40.73
1399642200,40.78,40.95,40.71,40.87
1399901400,40.88,40.97,40.69,40.82
1399987800,40.83,41.22,40.82,41.11
1400074200,41.02,41.175,40.83,40.89
1400160600,40.62,40.96,40.44,40.52
1400247000,40.52,40.91,40.45,40.89
1400506200,40.6,40.73,40.42,40.71
1400592600,40.8,40.93,40.57,40.58
1400679000,40.55,40.88,40.5,40.87
1400765400,40.77,40.84,40.53,40.58
1400851800,40.63,40.6999,40.53,40.58
1401197400,40.56,40.82,40.48,40.77
1401283800,40.7,40.885,40.53,40.58
1401370200,40.68,40.87,40.6,40.66
1401456600,40.54,40.925,40.49,40.91
1401715800,40.75,40.89,40.68,40.86
1401802200,40.72,41,40.71,40.88
1401888600,40.91,40.92,40.71,40.79
1401975000,40.73,41,40.63,40.89
1402061400,40.94,41.06,40.84,40.99
1402320600,40.85,41.09,40.85,40.91
1402407000,40.84,41.15,40.81,41.07
1402493400,40.98,41.055,40.79,40.86
1402579800,40.41,40.68,40.37,40.42
1402666200,40.39,40.535,40.25,40.37
1402925400,40.19,40.77,40.15,40.66
1403011800,41.18,41.2,40.61,40.92
1403098200,40.79,41.57,40.75,41.56
1403184600,41.54,41.87,41.53,41.79
1403271000,41.87,41.875,41.53,41.69
1403530200,41.46,41.74,41.33,41.73
1403616600,41.52,41.89,41.47,41.85
1403703000,41.6,41.98,41.46,41.96
1403789400,41.91,42.05,41.7799,42.03
1403875800,41.99,42.29,41.91,42.19
1404135000,41.98,42.49,41.82,42.36
1404221400,42.39,42.45,42.15,42.29
1404307800,42.31,42.41,42.15,42.29
1404394200,42.26,42.32,42.01,42.23
1404739800,41.96,42.2,41.93,42.14
1404826200,41.97,42.25,41.91,41.94
1404912600,41.93,42.16,41.79,41.95
1404999000,41.56,42.29,41.55,42.26
1405085400,42.12,42.25,41.881,41.97
1405344600,41.99,42.39,41.98,42.38
1405431000,42.41,42.43,41.95,42.1
1405517400,42.26,42.39,42.02,42.12
1405603800,41.93,42.15,41.83,42.02
1405690200,42.14,42.47,42.0201,42.43
1405949400,42.12,42.57,42.09,42.4
1406035800,41.1,41.33,40.61,41.19
1406122200,40.98,41.05,40.63,40.81
1406208600,40.97,41.1,40.66,40.97
1406295000,40.92,41.04,40.81,41
1406554200,40.99,41,40.61,40.68
1406640600,40.75,40.78,40.35,40.35
1406727000,40.45,40.5,39.61,39.62
1406813400,39.53,39.73,39.25,39.29
1406899800,39.13,39.49,39.06,39.29
1407159000,39.41,39.46,39.115,39.4
1407245400,39.34,39.53,39.1,39.18
1407331800,39.13,39.96,39.13,39.92
1407418200,39.96,40.01,39.33,39.35
1407504600,39.34,39.575,39.26,39.45
1407763800,39.52,39.87,39.52,39.57
1407850200,39.56,39.84,39.54,39.68
1407936600,39.7,40.1,39.7,39.94
1408023000,39.93,40.19,39.93,40.18
1408109400,40.85,41.15,40.66,40.88
1408368600,40.79,41.42,40.79,41.35
1408455000,41.35,41.48,41.16,41.26
1408541400,41.15,41.34,41.09,41.25
1408627800,41.29,41.69,41.22,41.41
1408714200,41.29,41.52,41.05,41.12
1408973400,41.32,41.445,41.12,41.41
1409059800,41.41,41.7,41.41,41.6
1409146200,41.53,41.71,41.44,41.6
1409232600,41.51,41.7,41.44,41.63
1409319000,41.6,41.75,41.47,41.72
1409664600,41.52,41.84,41.31,41.64
1409751000,41.69,41.85,41.66,41.78
1409837400,41.8,42.17,41.7325,41.87
1409923800,41.86,41.86,41.61,41.84
1410183000,41.67,41.94,41.63,41.78
1410269400,41.77,42.03,41.75,41.94
1410355800,41.9,42.19,41.83,42.17
1410442200,41.68,42.06,41.66,41.95
1410528600,41.9,41.92,41.36,41.46
1410787800,41.45,41.58,41.33,41.5
1410874200,41.29,41.795,41.18,41.64
1410960600,41.77,41.78,41.315,41.61
1411047000,41.75,41.88,41.55,41.79
1411133400,41.98,42.345,41.75,42.05
1411392600,41.85,42.25,41.73,42.22
1411479000,42,42.16,41.88,41.89
1411565400,41.85,42.34,41.85,42.27
1411651800,42.06,42.17,41.77,41.78
1411738200,42,42.25,41.71,42.2
1411997400,41.9,42.26,41.88,42.25
1412083800,42.1,42.81,42.08,42.66
1412170200,42.55,42.85,42.37,42.74
1412256600,42.6,42.779,42.42,42.66
1412343000,42.86,43.07,42.66,43
1412602200,43.03,43.68,42.97,43.6
1412688600,43.48,44.14,43.48,43.92
1412775000,43.58,44.56,43.51,44.55
1412861400,44.44,44.75,43.87,43.87
1412947800,43.88,44.87,43.85,44.47
1413207000,44.28,44.63,44.03,44.07
1413293400,44.04,44.12,43.47,43.64
1413379800,42.7,43.53,42.7,43.23
1413466200,42.65,42.94,42.38,42.56
1413552600,42.69,43.03,42.31,42.88
1413811800,42.75,43.4672,42.71,43.29
1413898200,40.8,41.19,40.26,40.68
1413984600,40.19,41.11,40.1,40.62
1414071000,40.94,41.38,40.74,40.86
1414157400,40.98,41.2699,40.92,41.03
1414416600,40.7,40.905,40.56,40.76
1414503000,40.76,40.86,40.51,40.56
1414589400,40.65,41.03,40.52,40.96
1414675800,40.999,41.59,40.83,41.4
1414762200,41.83,41.89,41.4,41.88
1415025000,41.79,42.28,41.59,41.81
1415111400,41.77,42.05,41.66,41.82
1415197800,42.3,42.54,41.99,42.31
1415284200,42.43,42.62,42.11,42.29
1415370600,42.45,42.46,42.14,42.32
1415629800,42.25,42.57,42.09,42.39
1415716200,42.38,42.71,42.36,42.51
1415802600,42.51,42.89,42.31,42.71
1415889000,42.65,43.08,42.6299,42.79
1415975400,42.7,42.97,42.5,42.73
1416234600,42.75,42.99,42.73,42.92
1416321000,42.95,43.86,42.75,43.53
1416407400,43.67,44.4297,43.56,44.22
1416493800,43.96,44.42,43.85,44.25
1416580200,44.58,44.74,44.28,44.5
1416839400,44.51,44.78,44.2,44.27
1416925800,44.27,44.59,44.12,44.43
1417012200,43.99,44.365,43.97,44.29
1417185000,44.15,45,44.15,44.83
1417444200,44.18,44.765,44.13,44.55
1417530600,44.37,44.67,44.23,44.54
1417617000,44.42,44.44,43.76,43.8
1417703400,43.62,43.84,43.37,43.5
1417789800,43.5,43.61,43.2,43.53
1418049000,43.51,43.63,43.09,43.14
1418135400,42.15,42.531,41.67,42.04
1418221800,42.04,42.24,41.56,41.6
1418308200,41.62,42.01,41.5,41.53
1418394600,41.39,41.61,40.87,40.91
1418653800,41.13,41.18,40.56,40.57
1418740200,40.2,41.31,39.8,40.39
1418826600,40.44,41.76,40.38,41.55
1418913000,41.86,42.39,41.75,42.39
1418999400,42.44,42.79,41.89,41.95
1419258600,42.14,42.44,42.09,42.35
1419345000,42.54,43.14,42.47,42.97
1419431400,43.1,43.23,42.92,42.94
1419604200,42.97,43.3,42.93,42.96
1419863400,42.8,43.06,42.49,42.86
1419949800,42.74,42.99,42.651,42.76
1420036200,42.92,42.94,42.22,42.22
1420209000,42.26,42.4,41.8,42.14
1420468200,42.69,42.97,42.08,42.14
1420554600,42.41,42.94,42.24,42.46
1420641000,42.8,43.11,42.58,42.99
1420727400,43.18,43.57,43.1,43.51
1420813800,43.47,43.56,42.95,43.03
1421073000,43.07,43.195,42.46,42.64
1421159400,42.83,43.24,42.452,42.63
1421245800,42.08,42.6,42.07,42.56
1421332200,42.83,42.86,42.17,42.38
1421418600,42.36,42.59,42.24,42.53
1421764200,42.7,43.325,42.61,43.16
1421850600,42.89,43.43,42.76,43.36
1421937000,43.37,43.83,43.0744,43.78
1422023400,43.6,43.75,43.18,43.31
1422282600,43.18,43.23,42.83,43
1422369000,42.54,42.64,42.15,42.39
1422455400,42.59,42.795,41.9,41.92
1422541800,41.77,42.15,41.47,42.1
1422628200,41.83,41.93,41.11,41.17
1422887400,41.21,41.63,40.9,41.59
1422973800,41.75,41.85,41.37,41.63
1423060200,41.77,42.09,41.62,41.68
1423146600,41.8,41.82,41.51,41.79
1423233000,41.63,41.76,41.32,41.45
1423492200,41.38,41.45,41.04,41.23
1423578600,42.91,43.03,42.2,42.4
1423665000,42.1,42.49,41.7,42.37
1423751400,42.4,42.66,42.07,42.17
1423837800,42.02,42.23,41.76,41.99
1424183400,41.81,41.88,41.64,41.81
1424269800,41.75,41.8,41.47,41.73
1424356200,41.68,42.24,41.53,42.11
1424442600,42.04,42.11,41.64,41.97
1424701800,41.71,42.17,41.69,41.85
1424788200,41.85,42.33,41.77,42.13
1424874600,42.17,42.24,41.74,42.05
1424961000,42.04,42.55,41.97,42.46
1425047400,42.52,43.66,42.47,43.3
1425306600,43.12,43.28,43.08,43.2
1425393000,43.11,43.16,42.84,42.95
1425479400,42.92,42.98,42.47,42.5
1425565800,42.56,42.605,42.25,42.4
1425652200,42.12,42.2,41.33,41.52
1425907800,41.53,41.55,41.32,41.39
1425994200,41.1,41.15,40.68,40.69
1426080600,40.73,40.73,40.08,40.1
1426167000,40.1,40.57,40.02,40.57
1426253400,40.44,40.57,39.61,39.91
1426512600,40,40.35,39.99,40.29
1426599000,40.67,40.73,40.32,40.51
1426685400,40.48,40.79,39.8,40.6
1426771800,40.48,40.52,39.96,40.02
1426858200,40.07,40.66,40.01,40.65
1427117400,40.64,40.94,40.5,40.62
1427203800,40.91,40.985,40.47,40.47
1427290200,40.59,40.7,40.24,40.45
1427376600,40.34,40.56,40.23,40.35
1427463000,40.48,40.48,39.97,40.08
1427722200,40.11,40.61,39.94,40.51
1427808600,40.51,40.9,40.35,40.55
1427895000,40.79,40.81,40.23,40.68
1427981400,40.73,40.87,40.48,40.68
1428327000,40.77,41.61,40.59,41.17
1428413400,41.05,41.37,40.97,41.01
1428499800,40.98,41.09,40.74,40.89
1428586200,40.8,41.08,40.63,41.05
1428672600,41.09,41.16,40.85,40.88
1428931800,40.97,40.97,40.7,40.7
1429018200,40.59,40.65,40.3199,40.51
1429104600,40.59,40.81,40.32,40.4
1429191000,40.41,40.86,40.3,40.6
1429277400,40.47,40.66,40.104,40.3
1429536600,40.42,40.9,40.41,40.66
1429623000,40.67,40.99,40.54,40.78
1429709400,41.56,41.57,41.07,41.31
1429795800,41.23,41.41,40.92,40.95
1429882200,41.04,41.12,40.81,40.89
1430141400,41,41.15,40.78,40.83
1430227800,40.95,40.97,40.6,40.77
1430314200,40.66,40.75,40.4,40.49
1430400600,40.4,40.58,40.28,40.56
1430487000,40.58,40.93,40.5,40.91
1430746200,40.88,41.1,40.77,40.96
1430832600,41.14,41.14,40.68,40.75
1430919000,41.04,41.09,40.39,40.66
1431005400,40.53,40.91,40.51,40.7
1431091800,41,41.17,40.85,40.98
1431351000,40.98,41.39,40.88,40.94
1431437400,40.77,40.96,40.52,40.69
1431523800,40.75,41.36,40.72,41.05
1431610200,41.3,41.595,41.2549,41.5
1431696600,41.45,41.69,41.43,41.52
1431955800,41.49,41.49,41.25,41.32
1432042200,41.23,41.39,41.13,41.31
1432128600,41.37,41.59,41.31,41.35
1432215000,41.26,41.32,41.07,41.23
1432301400,41.12,41.24,41.04,41.21
1432647000,41.12,41.18,40.74,40.99
1432733400,40.94,41.2,40.83,41.12
1432819800,41.2,41.3,40.8801,41.14
1432906200,41.18,41.18,40.765,40.96
1433165400,41.36,41.405,40.88,40.94
1433251800,40.84,41.155,40.68,40.99
1433338200,41.1,41.21,40.78,40.87
1433424600,40.71,40.98,40.53,40.59
1433511000,40.48,40.52,40.08,40.1
1433770200,40.1,40.26,40.02,40.16
1433856600,40.17,40.415,40.11,40.2
1433943000,40.32,40.54,40.281,40.33
1434029400,40.11,40.25,40.03,40.1
1434115800,40.04,40.12,39.84,39.96
1434375000,39.83,39.86,39.57,39.59
1434461400,39.63,40.155,39.6,40.08
1434547800,40.08,40.32,40.01,40.27
1434634200,40.16,40.74,40.16,40.65
1434720600,40.59,40.65,40.4,40.4
1434979800,40.51,40.81,40.46,40.48
1435066200,40.43,40.52,40.31,40.38
1435152600,40.37,40.45,40.19,40.19
1435239000,40.28,40.34,40.02,40.02
1435325400,40.1,40.35,40,40
1435584600,39.8,39.98,39.4,39.4
1435671000,39.61,39.61,39.12,39.23
1435757400,39.38,39.6,39.28,39.5
1435843800,39.63,39.81,39.35,39.49
1436189400,39.32,39.6,39.22,39.42
1436275800,39.49,40.375,39.395,40.25
1436362200,39.99,40.23,39.84,39.86
1436448600,40.46,40.58,39.9,39.92
1436535000,40.27,40.52,40.16,40.39
1436794200,40.56,40.77,40.49,40.66
1436880600,40.9,41.26,40.84,41.17
1436967000,41.15,41.36,41.104,41.13
1437053400,41.42,41.6,41.35,41.48
1437139800,41.31,41.32,41.05,41.25
1437399000,41.35,41.54,41.2201,41.38
1437485400,41.38,41.52,41.1,41.19
1437571800,40.81,41.59,40.59,40.9
1437658200,40.99,41.02,40.48,40.84
1437744600,40.76,40.83,40.41,40.44
1438003800,40.28,40.58,40.16,40.54
1438090200,40.65,40.73,40.44,40.55
1438176600,40.53,40.71,40.49,40.59
1438263000,40.55,40.75,40.39,40.56
1438349400,40.88,41.22,40.77,41.08
1438608600,40.85,41.55,40.84,41.54
1438695000,41.51,41.87,41.34,41.85
1438781400,41.92,42.22,41.82,42.12
1438867800,42,42.25,41.86,41.92
1438954200,41.81,41.97,41.53,41.77
1439213400,41.89,41.9928,41.58,41.68
1439299800,41.4,41.57,41.17,41.48
1439386200,41.13,41.26,40.85,41.26
1439472600,41.28,41.38,41.01,41.1
1439559000,41.01,41.25,40.96,41.25
1439818200,41.03,41.45,40.97,41.35
1439904600,41.28,41.53,41.19,41.3
1439991000,41.14,41.24,40.78,40.78
1440077400,40.52,40.82,40.42,40.55
1440163800,40.16,40.4728,39.51,39.53
1440423000,37.99,38.94,36.56,38.38
1440509400,39.13,39.275,37.93,37.99
1440595800,38.75,38.83,37.89,38.73
1440682200,39.06,39.38,38.6,39.27
1440768600,39.11,39.47,39.05,39.45
1441027800,39.15,39.45,39.0549,39.32
1441114200,38.67,39.03,38.54,38.75
1441200600,39.03,39.07,38.56,38.9
1441287000,38.9,39.34,38.84,39.16
1441373400,38.68,38.79,38.375,38.52
1441719000,38.87,39.03,38.6,38.9
1441805400,39.12,39.21,38.2,38.3
1441891800,38.31,38.65,38.25,38.42
1441978200,38.01,38.19,37.84,38.13
1442237400,38.22,38.22,37.85,38.1
1442323800,38.07,38.63,37.92,38.5
1442410200,38.67,39.19,38.47,39.15
1442496600,39.15,39.61,39.04,39.38
1442583000,38.86,39.3,38.71,38.98
1442842200,39.05,39.31,38.94,39.19
1442928600,38.68,38.99,38.58,38.79
1443015000,38.79,38.88,38.55,38.76
1443101400,38.52,39.1975,38.51,39.15
1443187800,39.43,40.08,39.33,39.62
1443447000,39.52,39.82,39.33,39.53
1443533400,39.52,39.71,39.33,39.66
1443619800,39.88,40.23,39.8,40.12
1443706200,40.22,40.47,39.6,39.8
1443792600,39.56,40.39,39.36,40.39
1444051800,40.45,41.05,40.43,41.01
1444138200,41.04,41.34,40.93,40.96
1444224600,41.14,41.61,41.1,41.52
1444311000,41.26,41.99,41.26,41.98
1444397400,41.82,42.12,41.78,42.02
1444656600,41.83,42.29,41.81,42
1444743000,41.8,41.91,41.54,41.65
1444829400,41.56,41.96,41.56,41.68
1444915800,41.87,42.0251,41.6,41.92
1445002200,42.16,42.21,41.88,42.02
1445261400,41.9,42.055,41.8,41.99
1445347800,42,42.4,42,42.29
1445434200,41.94,42.515,41.71,42.19
1445520600,42.44,43.85,42.41,43.24
1445607000,43.31,43.31,42.75,42.79
1445866200,42.76,42.89,42.46,42.59
1445952600,42.5,42.77,42.4801,42.61
1446039000,42.75,42.835,42.21,42.73
1446125400,42.66,42.9,42.335,42.79
1446211800,42.8,42.86,42.35,42.35
1446474600,42.32,42.36,41.9,42.24
1446561000,42.18,42.32,41.81,42.16
1446647400,42.27,42.39,41.89,41.97
1446733800,42,42.35,41.98,42.33
1446820200,41.97,42.215,41.61,41.96
1447079400,41.7,41.79,41.34,41.54
1447165800,41.44,41.81,41.43,41.77
1447252200,41.94,42.2,41.92,42.04
1447338600,42.01,42.05,41.57,41.58
1447425000,41.46,41.7801,41.36,41.38
1447684200,41.43,42,41.39,41.96
1447770600,41.85,42.15,41.505,41.67
1447857000,41.77,42.35,41.68,42.28
1447943400,42.32,43.3,42.32,43.11
1448029800,43.31,43.58,42.4,42.43
1448289000,42.55,43.18,42.53,42.96
1448375400,42.7,43.6,42.66,43.36
1448461800,43.32,43.5,43.24,43.36
1448634600,43.04,43.24,42.8,43.15
1448893800,43.12,43.15,42.605,42.62
1448980200,42.73,43.1,42.73,42.89
1449066600,42.83,42.93,42.59,42.77
1449153000,42.73,42.89,42.32,42.46
1449239400,42.58,43.481,42.58,43.29
1449498600,43.31,43.44,43,43.2
1449585000,43.05,43.25,42.795,43.01
1449671400,42.78,43.265,42.5,42.66
1449757800,42.73,43.07,42.525,42.76
1449844200,42.63,42.83,42.14,42.27
1450103400,42.31,42.76,41.97,42.45
1450189800,42.84,43.24,42.76,43.07
1450276200,43.25,43.91,43.25,43.84
1450362600,43.81,43.89,43.42,43.49
1450449000,43.36,43.42,42.5,42.5
1450708200,42.82,42.9362,42.46,42.78
1450794600,42.86,43.39,42.71,43.29
1450881000,43.39,43.725,43.35,43.67
1450967400,43.49,43.72,43.42,43.54
1451313000,43.44,43.52,43.31,43.49
1451399400,43.54,43.78,43.5,43.71
1451485800,43.75,43.77,43.45,43.57
1451572200,43.3,43.34,42.87,42.96
1451917800,42.34,42.5,41.965,42.4
1452004200,42.31,42.625,42.17,42.55
1452090600,42.2,42.51,42.04,42.32
1452177000,41.65,42.11,41.4496,41.62
1452263400,41.65,42.12,41.41,41.51
1452522600,41.58,41.8599,41.29,41.58
1452609000,42.3,42.45,41.87,42.12
1452695400,42.17,42.57,41.79,41.85
1452781800,41.99,42.17,41.64,41.88
1452868200,40.95,41.59,40.926,41.5
1453213800,41.77,42.12,41.65,41.92
1453300200,41.45,41.62,40.75,41.38
1453386600,41.45,41.51,41.0861,41.39
1453473000,41.64,42.2385,41.45,42.06
1453732200,42.24,42.5,41.93,42.16
1453818600,42.16,42.5,41.93,42.08
1453905000,42.18,42.46,41.81,42.09
1453991400,42.18,42.72,42.06,42.57
1454077800,42.86,43.26,42.65,42.92
1454337000,42.6,43.15,42.57,43
1454423400,42.7,42.79,42.405,42.44
1454509800,42.8,42.935,42.28,42.72
1454596200,42.52,42.89,42.4,42.53
1454682600,42.93,42.99,42.26,42.44
1454941800,42.17,42.7,41.9,42.65
1455028200,42.26,43.49,42.26,43.3
1455114600,43.34,43.39,42.51,42.55
1455201000,42.03,42.61,41.98,42.41
1455287400,42.72,43.135,42.56,43.11
1455633000,43.32,43.46,43.02,43.36
1455719400,43.42,43.62,43.28,43.49
1455805800,43.63,43.73,43.3,43.61
1455892200,43.58,43.77,43.28,43.77
1456151400,43.76,44.16,43.63,43.94
1456237800,43.74,44.05,43.66,43.69
1456324200,43.564,43.94,43.37,43.91
1456410600,43.96,44.18,43.865,44.16
1456497000,44.04,44.055,43.105,43.14
1456756200,43.17,43.6081,42.92,43.13
1456842600,43.38,43.69,43.17,43.69
1456929000,43.47,43.77,43.42,43.77
1457015400,43.61,43.98,43.54,43.96
1457101800,43.78,44.15,43.68,44.11
1457361000,43.91,44.14,43.86,44.01
1457447400,43.92,44.47,43.81,44.32
1457533800,44.39,44.83,44.29,44.81
1457620200,44.84,45.26,44.68,45.23
1457706600,45,45.25,44.93,45.2
1457962200,45.04,45.42,45.04,45.29
1458048600,45.08,45.56,45.07,45.24
1458135000,45.05,45.17,44.55,45.05
1458221400,45.05,45.91,44.965,45.77
1458307800,45.84,45.87,45.39,45.6
1458567000,45.42,45.87,45.36,45.67
1458653400,45.55,45.73,45.39,45.5
1458739800,45.4,45.71,45.35,45.46
1458826200,45.45,45.6,45.19,45.58
1459171800,45.56,45.93,45.51,45.8
1459258200,45.86,46.51,45.81,46.48
1459344600,46.63,46.73,46.33,46.58
1459431000,46.55,46.88,46.32,46.39
1459517400,46.14,46.87,46.11,46.83
1459776600,46.84,46.93,46.5001,46.89
1459863000,46.62,46.81,46.44,46.53
1459949400,46.57,46.73,46.38,46.71
1460035800,46.5,46.58,46.16,46.36
1460122200,46.44,46.98,46.44,46.87
1460381400,46.9,47.13,46.41,46.44
1460467800,46.41,46.76,46.35,46.65
1460554200,46.77,46.78,45.82,46.04
1460640600,46.06,46.22,45.745,45.83
1460727000,45.82,46.155,45.68,46.1
1460986200,46.13,46.28,45.82,46.22
1461072600,46.31,46.62,46.15,46.6
1461159000,45.34,45.38,44.06,44.37
1461245400,44.26,44.28,42.87,43.66
1461331800,43.79,44.66,43.79,44.54
1461591000,44.5,44.72,44.38,44.71
1461677400,44.92,44.96,44.43,44.53
1461763800,44.64,44.86,44.25,44.68
1461850200,44.5,44.9,44.46,44.63
1461936600,44.53,44.86,44.5,44.8
1462195800,44.57,45.19,44.57,44.98
1462282200,44.87,45.065,44.65,44.84
1462368600,44.72,45.11,44.505,44.98
1462455000,44.93,45.49,44.87,45.06
1462541400,45.06,45.41,44.915,45.32
1462800600,45.32,45.5,45.17,45.24
1462887000,45.44,45.84,45.42,45.75
1462973400,45.73,45.88,45.45,45.46
1463059800,45.55,45.895,45.485,45.83
1463146200,45.75,45.83,45.23,45.35
1463405400,45.16,45.73,45.14,45.62
1463491800,45.45,45.56,44.71,44.75
1463578200,44.56,44.8298,44.23,44.48
1463664600,44.25,44.39,44.04,44.32
1463751000,44.51,44.54,43.94,43.95
1464010200,44.07,44.1559,43.94,43.97
1464096600,44.1,44.42,44,44.37
1464183000,44.51,44.63,44.25,44.38
1464269400,44.53,44.765,44.44,44.69
1464355800,44.71,44.96,44.65,44.78
1464701400,44.98,44.98,44.26,44.6
1464787800,44.6,44.775,44.49,44.7
1464874200,44.7,44.72,44.5,44.72
1464960600,44.75,45.05,44.68,45.04
1465219800,45.09,45.4815,45.08,45.37
1465306200,45.35,45.48,45.2,45.32
1465392600,45.24,45.66,45.19,45.55
1465479000,45.33,45.7998,45.31,45.76
1465565400,45.62,46.01,45.56,45.99
1465824600,45.48,45.67,45.09,45.12
1465911000,44.85,45.13,44.44,45.04
1465997400,45.12,45.34,44.875,45.01
1466083800,44.87,45.34,44.7199,45.31
1466170200,45.17,45.22,44.38,44.79
1466429400,45.09,45.31,44.96,44.98
1466515800,45.16,45.28,45,45.13
1466602200,45.25,45.325,44.81,44.86
1466688600,45.03,45.17,44.84,45.08
1466775000,44.2,44.5561,43.82,43.93
1467034200,43.67,43.885,43.315,43.78
1467120600,44.06,44.19,43.67,44.18
1467207000,44.39,44.71,44.24,44.44
1467293400,44.52,45.33,44.49,45.33
1467379800,45.32,45.41,45.07,45.12
1467725400,45.16,45.67,45.15,45.43
1467811800,45.5,45.55,44.915,45.27
1467898200,45.42,45.52,44.97,45.09
1467984600,45.3,45.52,45.0689,45.38
1468243800,45.35,45.77,45.11,45.57
1468330200,45.64,45.71,45.18,45.58
1468416600,45.61,45.76,45.43,45.74
1468503000,45.73,45.94,45.58,45.69
1468589400,45.88,45.9,45.44,45.63
1468848600,45.69,45.7,45.48,45.63
1468935000,45.46,45.71,45.43,45.63
1469021400,45.75,45.77,45.39,45.51
1469107800,45.34,45.51,45.255,45.45
1469194200,45.5,45.8375,45.46,45.83
1469453400,45.81,45.83,45.47,45.57
1469539800,45.53,45.65,44.83,44.88
1469626200,43.9,44.06,43.1,43.4
1469712600,43.27,43.69,43.22,43.65
1469799000,43.72,43.75,43.48,43.63
1470058200,43.69,43.83,43.43,43.45
1470144600,43.35,43.58,43.31,43.53
1470231000,43.66,43.7,43.37,43.64
1470317400,43.56,43.795,43.4,43.51
1470403800,43.65,43.75,43.41,43.48
1470663000,43.43,43.5166,43.22,43.44
1470749400,43.5,43.64,43.3762,43.47
1470835800,43.64,43.69,43.5,43.61
1470922200,43.72,43.87,43.62,43.75
1471008600,43.91,44.19,43.79,44.03
1471267800,44.1,44.33,44.01,44.24
1471354200,44.25,44.25,43.83,43.83
1471440600,44.01,44.07,43.78,44.06
1471527000,44.01,44.26,44,44.1
1471613400,44.05,44.06,43.74,43.92
1471872600,43.94,43.945,43.725,43.74
1471959000,43.85,43.98,43.74,43.85
1472045400,43.82,43.94,43.6641,43.85
1472131800,43.85,43.94,43.63,43.67
1472218200,43.72,43.92,43.31,43.32
1472477400,43.34,43.61,43.33,43.54
1472563800,43.46,43.53,43.12,43.24
1472650200,43.43,43.46,43.08,43.43
1472736600,43.21,43.41,43.2,43.35
1472823000,43.52,43.83,43.47,43.66
1473168600,43.74,43.8,43.395,43.79
1473255000,43.72,43.8,43.53,43.64
1473341400,43.67,43.73,43.45,43.63
1473427800,43.43,43.43,42.27,42.27
1473687000,42.36,43.23,42.34,43.19
1473773400,42.77,42.77,42.21,42.28
1473859800,42.27,42.41,41.99,42.11
1473946200,42.01,42.39,41.88,42.36
1474032600,42.17,42.26,41.965,42.14
1474291800,42.16,42.37,42.08,42.1
1474378200,42.31,42.53,42.24,42.34
1474464600,42.28,42.61,42.1,42.53
1474551000,42.71,43.01,42.69,42.96
1474637400,42.81,42.94,42.65,42.74
1474896600,42.71,42.72,42.01,42.05
1474983000,42.19,42.63,42,42.59
1475069400,42.63,42.76,42.03,42.15
1475155800,42.02,42.39,41.85,42.03
1475242200,42.21,42.5,42.06,42.32
1475501400,42.31,42.31,41.885,42.03
1475587800,42.34,42.34,41.78,41.84
1475674200,41.93,42.07,41.67,41.81
1475760600,41.68,41.94,41.58,41.71
1475847000,41.83,41.94,41.565,41.73
1476106200,41.92,41.99,41.6,41.73
1476192600,41.66,41.7,41.4,41.54
1476279000,41.63,41.84,41.5,41.78
1476365400,41.65,41.89,41.51,41.76
1476451800,41.85,41.905,41.62,41.67
1476711000,41.73,41.86,41.57,41.6
1476797400,41.81,42,41.73,41.97
1476883800,41.93,42.115,41.81,42.05
1476970200,41.97,42.11,41.89,41.93
1477056600,41.85,42.17,41.68,42.13
1477315800,42.32,42.77,42.25,42.56
1477402200,42.64,42.88,42.43,42.54
1477488600,43,43.03,42.41,42.44
1477575000,42.63,42.645,41.9,42.12
1477661400,42.26,42.47,42.1,42.23
1477920600,42.12,42.41,42.12,42.4
1478007000,42.4,42.425,41.91,42.12
1478093400,42.1,42.34,42.01,42.05
1478179800,42.22,42.22,41.96,42.03
1478266200,41.85,42.04,41.69,41.69
1478529000,42.04,42.5,42.04,42.46
1478615400,42.37,42.98,42.37,42.88
1478701800,41.76,42.32,41.7,42.27
1478788200,41.86,42.26,40.855,40.94
1478874600,40.95,41.13,40.63,41.03
1479133800,41.13,41.42,40.85,41.17
1479220200,41.18,41.52,41.17,41.44
1479306600,41.4,41.65,41.155,41.26
1479393000,41.28,41.3,41,41.12
1479479400,41.03,41.2,40.9,40.91
1479738600,40.74,41.36,40.73,41.36
1479825000,41.45,41.7,41.24,41.37
1479911400,41.22,41.31,41.03,41.12
1480084200,41.39,41.58,41.24,41.53
1480343400,41.51,41.79,41.27,41.75
1480429800,41.52,41.52,41.14,41.15
1480516200,41,41.2,40.35,40.35
1480602600,40.31,40.39,39.88,40.17
1480689000,40.3,40.495,40.19,40.36
1480948200,40.34,40.69,40.31,40.62
1481034600,40.75,40.77,40.42,40.57
1481121000,40.54,41.29,40.51,41.29
1481207400,41.07,41.21,40.845,40.98
1481293800,41.5,42.22,41.29,42
1481553000,42,42.01,41.72,41.9
1481639400,41.72,41.96,41.54,41.76
1481725800,41.89,41.99,41.06,41.21
1481812200,41.095,41.81,41.095,41.55
1481898600,41.61,41.76,41.48,41.74
1482157800,41.69,41.8,41.58,41.67
1482244200,41.7,41.72,41.44,41.66
1482330600,41.6,41.8301,41.52,41.57
1482417000,41.57,41.62,41.08,41.55
1482503400,41.62,41.69,41.35,41.6
1482849000,41.56,41.76,41.54,41.61
1482935400,41.49,41.67,41.39,41.39
1483021800,41.38,41.69,41.38,41.6
1483108200,41.69,41.84,41.35,41.46
1483453800,41.5,41.81,41.28,41.8
1483540200,41.88,41.97,41.59,41.65
1483626600,41.66,41.86,41.525,41.75
1483713000,41.7,41.81,41.54,41.74
1483972200,41.23,41.58,41.21,41.32
1484058600,41.44,41.44,40.86,41.04
1484145000,40.85,41.12,40.83,41.05
1484231400,41.01,41.04,40.8,40.95
1484317800,41,41.04,40.69,40.88
1484663400,40.84,41.3,40.8,41.22
1484749800,41.25,41.379,41.14,41.29
1484836200,41.14,41.29,41.03,41.14
1484922600,41.27,41.44,41.13,41.32
1485181800,41.31,41.5,41.21,41.43
1485268200,41.47,41.97,41.47,41.9
1485354600,41.94,42.25,41.9,42.12
1485441000,42.03,42.11,41.79,41.81
1485527400,41.91,41.95,41.42,41.45
1485786600,41.3,41.48,41.205,41.38
1485873000,41.39,41.685,41.36,41.57
1485959400,41.52,41.66,41.25,41.26
1486045800,41.41,41.49,41.25,41.4
1486132200,41.58,41.79,41.455,41.54
1486391400,41.53,41.67,41.4,41.56
1486477800,41.7,41.98,41.67,41.9
1486564200,41.91,42.15,41.84,42.02
1486650600,41.52,41.68,40.72,41.25
1486737000,41.02,41.2,40.55,40.58
1486996200,40.77,40.83,40.5,40.62
1487082600,40.38,40.6,40.22,40.53
1487169000,40.42,40.63,40.395,40.44
1487255400,40.55,41.28,40.5,41.2
1487341800,41.13,41.36,41.05,41.23
1487687400,41.2,41.5,41.2,41.46
1487773800,41.51,41.68,41.4,41.6
1487860200,41.67,42,41.62,41.66
1487946600,41.7,41.91,41.6,41.78
1488205800,41.75,41.75,41.585,41.67
1488292200,41.68,42.07,41.64,41.96
1488378600,42.01,42.35,41.88,42.16
1488465000,42.08,42.56,42.07,42.47
1488551400,42.44,42.49,42.25,42.48
1488810600,42.34,42.43,42.12,42.18
1488897000,42,42.24,41.95,41.99
1488983400,42,42.025,41.74,41.99
1489069800,42.09,42.11,41.92,42.03
1489156200,42.23,42.4,42.15,42.29
1489411800,41.92,42.12,41.84,42.03
1489498200,41.98,42.1,41.83,41.97
1489584600,41.98,42.275,41.97,42.12
1489671000,42.03,42.39,41.9,42.25
1489757400,42.28,42.35,42.01,42.03
1490016600,42.1,42.34,42.0701,42.18
1490103000,42.31,42.63,42.21,42.5
1490189400,42.56,42.7,42.25,42.38
1490275800,42.21,42.39,42.06,42.17
1490362200,42.23,42.25,41.91,42.12
1490621400,42.11,42.34,42.05,42.32
1490707800,42.24,42.56,42.24,42.43
1490794200,42.51,42.525,42.29,42.42
1490880600,42.35,42.6155,42.26,42.6
1490967000,42.55,42.65,42.43,42.44
1491226200,42.58,42.625,42.27,42.41
1491312600,42.51,42.69,42.37,42.68
1491399000,42.65,42.855,42.53,42.57
1491485400,42.58,42.76,42.47,42.67
1491571800,42.64,42.74,42.51,42.61
1491831000,42.73,42.8,42.5566,42.69
1491917400,42.68,42.75,42.515,42.66
1492003800,42.54,42.99,42.51,42.94
1492090200,42.87,43.08,42.78,42.79
1492435800,42.79,43.07,42.78,43.07
1492522200,43.11,43.59,43.09,43.48
1492608600,43.74,43.79,43.19,43.23
1492695000,43.2,43.3,43.05,43.09
1492781400,42.98,43.1,42.89,43.07
1493040600,43.24,43.43,43.15,43.28
1493127000,42.85,43.43,42.82,43.11
1493213400,43.06,43.43,42.98,43.24
1493299800,43.17,43.28,42.92,43.01
1493386200,42.96,43.2,42.85,43.15
1493645400,43.15,43.5,43.1,43.22
1493731800,43.22,43.44,43.16,43.39
1493818200,43.33,43.485,43.15,43.32
1493904600,43.42,43.81,43.4,43.66
1493991000,43.79,43.84,43.56,43.69
1494250200,43.59,43.91,43.54,43.89
1494336600,43.89,43.89,43.38,43.51
1494423000,43.48,43.62,43.36,43.57
1494509400,43.49,43.68,43.43,43.67
1494595800,43.64,43.68,43.455,43.59
1494855000,43.46,43.76,43.46,43.73
1494941400,43.87,44.11,43.77,43.85
1495027800,43.81,44.165,43.71,43.93
1495114200,43.87,43.96,43.64,43.8
1495200600,43.85,44,43.76,43.9
1495459800,43.89,44.22,43.81,44.18
1495546200,44.25,44.6,44.21,44.39
1495632600,44.51,45.09,44.51,45.03
1495719000,45,45.48,44.97,45.41
1495805400,45.35,45.56,45.33,45.39
1496151000,45.16,45.46,45.11,45.43
1496237400,45.43,45.7,45.37,45.47
1496323800,45.45,45.79,45.2332,45.79
1496410200,45.83,45.89,45.605,45.89
1496669400,45.78,45.99,45.69,45.99
1496755800,45.9,46.06,45.78,45.98
1496842200,45.5,45.7,45.35,45.51
1496928600,45.39,45.51,45.03,45.13
1497015000,45.06,45.35,44.97,45.32
1497274200,45.35,45.48,45.15,45.33
1497360600,45,45.11,44.8,45.03
1497447000,45.18,45.47,45.16,45.3
1497533400,45.18,45.34,45.04,45.25
1497619800,45.31,45.35,45.01,45.31
1497879000,45.35,45.38,45.1,45.38
1497965400,45.35,45.865,45.32,45.61
1498051800,45.62,45.68,45.165,45.22
1498138200,45.17,45.28,45.03,45.07
1498224600,45.05,45.38,45.03,45.25
1498483800,45.32,45.51,45.3,45.43
1498570200,45.34,45.395,45,45.05
1498656600,45.25,45.5,45.23,45.32
1498743000,45.13,45.24,44.65,44.83
1498829400,44.89,45.12,44.85,44.85
1499088600,45.11,45.27,44.76,44.76
1499261400,44.79,44.99,44.73,44.82
1499347800,44.72,44.85,44.29,44.4
1499434200,44.47,44.52,44.24,44.39
1499693400,44.45,44.575,44.23,44.38
1499779800,44.32,44.48,44.15,44.33
1499866200,44.59,44.77,44.44,44.51
1499952600,44.49,44.525,44.37,44.43
1500039000,44.52,44.72,44.495,44.68
1500298200,44.66,44.785,44.61,44.73
1500384600,44.78,44.85,44.615,44.67
1500471000,44.67,44.84,44.545,44.83
1500557400,44.9,44.98,44.75,44.82
1500643800,44.78,45.07,44.67,45.03
1500903000,45.04,45.045,44.83,44.84
1500989400,45.02,45.29,44.935,45.24
1501075800,44.55,45.79,44.31,45.74
1501162200,45.8,46.425,45.7,46.12
1501248600,46,46.12,45.73,46.01
1501507800,46,46.0762,45.79,45.84
1501594200,45.97,46.06,45.645,45.7
1501680600,45.6,46,45.38,45.59
1501767000,45.65,45.95,45.63,45.67
1501853400,45.67,45.76,45.47,45.5
1502112600,45.52,45.76,45.5,45.64
1502199000,45.64,45.82,45.545,45.6
1502285400,45.56,45.6611,45.325,45.59
1502371800,45.56,45.84,45.46,45.74
1502458200,45.86,45.9,45.57,45.59
1502717400,45.67,45.94,45.62,45.8
1502803800,45.8,46.25,45.8,46.19
1502890200,46.15,46.34,46.12,46.2
1502976600,46.12,46.33,45.85,45.86
1503063000,45.8,45.9,45.63,45.67
1503322200,45.67,45.8,45.5601,45.68
1503408600,45.7,45.75,45.54,45.6
1503495000,45.63,45.66,45.44,45.54
1503581400,45.54,45.61,45.31,45.41
1503667800,45.6,45.76,45.56,45.57
1503927000,45.63,45.69,45.38,45.42
1504013400,45.4,45.57,45.25,45.45
1504099800,45.36,45.54,45.29,45.39
1504186200,45.4,45.65,45.34,45.55
1504272600,45.64,45.8,45.54,45.78
1504618200,45.75,45.93,45.65,45.92
1504704600,45.98,46.04,45.79,45.96
1504791000,46.01,46.32,45.96,46.28
1504877400,46.19,46.37,46.02,46.3
1505136600,46.35,46.59,46.22,46.52
1505223000,46.5,46.75,46.45,46.72
1505309400,46.68,46.98,46.65,46.87
1505395800,46.4,46.465,45.94,46.11
1505482200,46.3,46.36,46,46.18
1505741400,46.15,46.24,45.91,46.11
1505827800,46.14,46.19,45.89,45.98
1505914200,45.76,46.145,45.55,45.78
1506000600,45.71,45.79,45.36,45.4
1506087000,45.45,45.63,45.37,45.49
1506346200,45.5,45.76,45.35,45.69
1506432600,45.69,45.87,45.56,45.57
1506519000,45.47,45.5,44.38,44.64
1506605400,44.67,45,44.65,44.91
1506691800,44.86,45.11,44.79,45.01
1506951000,45.05,45.265,44.745,44.8
1507037400,44.86,45.26,44.76,45.19
1507123800,45.11,45.56,44.935,45.5
1507210200,45.51,45.745,45.5,45.52
1507296600,45.39,45.52,45.28,45.49
1507555800,45.55,45.65,45.34,45.41
1507642200,45.6,45.9,45.525,45.87
1507728600,45.88,46.2,45.87,46.1
1507815000,45.98,46.14,45.94,46.11
1507901400,46.25,46.38,46.15,46.18
1508160600,46.12,46.75,46.1003,46.62
1508247000,46.53,46.63,46.31,46.52
1508333400,46.41,46.535,46.24,46.4
1508419800,46.37,46.79,46.32,46.59
1508506200,46.58,46.59,46.28,46.38
1508765400,46.38,46.65,46.23,46.32
1508851800,46.26,46.29,45.95,46.18
1508938200,46.37,46.76,45.93,46.05
1509024600,46.32,46.75,46.22,46.23
1509111000,46.13,46.33,45.91,46.07
1509370200,46,46.07,45.82,45.86
1509456600,45.92,46.17,45.84,45.98
1509543000,45.75,46.09,45.63,45.8
1509629400,45.81,45.95,45.745,45.88
1509715800,45.97,46.155,45.9166,45.97
1509978600,45.91,45.92,45.42,45.47
1510065000,45.41,45.95,45.31,45.94
1510151400,45.98,46.19,45.87,46.18
1510237800,46.12,46.385,46.02,46.23
1510324200,46.2,46.64,46.135,46.54
1510583400,46.6,46.815,46.54,46.72
1510669800,46.71,47.48,46.62,47.43
1510756200,47.32,47.46,46.78,46.81
1510842600,46.95,46.98,46.51,46.55
1510929000,46.34,46.38,45.25,45.71
1511188200,45.65,45.88,45.42,45.46
1511274600,45.56,45.95,45.54,45.78
1511361000,45.89,45.93,45.54,45.84
1511533800,45.89,46.045,45.86,45.88
1511793000,45.88,45.99,45.81,45.9
1511879400,45.99,46.15,45.78,45.83
1511965800,45.77,45.82,45.21,45.5
1512052200,45.14,45.84,45.03,45.77
1512138600,45.8,46.02,45.21,45.97
1512397800,45.99,46.378,45.77,46.23
1512484200,46.25,46.44,46.06,46.26
1512570600,46.33,46.48,46.2612,46.45
1512657000,46.29,46.32,45.72,45.78
1512743400,45.7,45.73,45.05,45.31
1513002600,45.18,45.41,44.92,45.33
1513089000,45.25,45.52,45.06,45.29
1513175400,45.45,46.05,45.4,45.9
1513261800,45.81,46.17,45.8,46.03
1513348200,46.29,46.42,46.04,46.19
1513607400,46.2,46.38,45.91,45.93
1513693800,46.04,46.38,45.91,46.13
1513780200,46.21,46.3,45.955,46.08
1513866600,46.14,46.22,45.56,45.6
1513953000,45.69,45.73,45.55,45.59
1514298600,45.7,45.855,45.61,45.81
1514385000,45.9,45.94,45.715,45.93
1514471400,45.91,45.99,45.64,45.72
1514557800,45.7,46.18,45.6925,45.88
1514903400,45.91,45.94,45.505,45.54
1514989800,45.49,45.69,45.34,45.44
1515076200,45.56,46.215,45.45,46.08
1515162600,46.02,46.2,45.79,46.07
1515421800,45.95,46.1,45.88,46
1515508200,46,46.36,45.935,46.23
1515594600,46.23,46.26,45.93,46.07
1515681000,46.23,46.23,45.86,46.04
1515767400,46.28,46.39,46.03,46.15
1516113000,46.15,46.62,46.14,46.53
1516199400,46.58,47,46.55,46.82
1516285800,46.75,47.07,46.61,46.88
1516372200,46.99,47.25,46.87,47.16
1516631400,47.14,47.5,47.09,47.38
1516717800,47.21,47.7,47.13,47.45
1516804200,47.53,47.95,47.48,47.83
1516890600,47.7,48,47.7,47.84
1516977000,47.78,48.615,47.74,48.53
1517236200,48.21,48.46,47.575,47.7
1517322600,47.73,48.16,47.4,47.41
1517409000,47.45,47.9,47.37,47.59
1517495400,47.41,47.73,47.11,47.45
1517581800,47.35,47.41,46.63,46.73
1517841000,46.65,46.92,44.411,44.89
1517927400,43.87,44.74,43.44,44.67
1518013800,44.58,45.495,44.28,44.56
1518100200,44.62,44.62,43.07,43.1
1518186600,43.36,43.46,42.19,43.13
1518445800,43.56,44.23,43.3721,43.97
1518532200,43.92,44.41,43.69,44.19
1518618600,44.02,44.19,43.63,44.1
1518705000,44.25,44.83,44.12,44.78
1518791400,45.57,45.6401,44.72,44.98
1519137000,44.75,44.83,43.94,43.99
1519223400,44.11,44.26,43.33,43.34
1519309800,43.43,43.82,43.22,43.52
1519396200,43.58,44.06,43.42,44.04
1519655400,44.23,44.39,43.81,44.03
1519741800,44.15,44.311,43.62,43.62
1519828200,43.83,43.91,43.22,43.22
1519914600,43.1,43.64,42.82,43.43
1520001000,43.25,43.8,43.24,43.72
1520260200,43.57,43.935,43.5,43.89
1520346600,43.95,44.05,43.59,43.93
1520433000,43.59,43.92,43.47,43.82
1520519400,43.9,44.46,43.8,44.45
1520605800,44.57,44.82,44.39,44.82
1520861400,44.95,45.09,44.33,44.53
1520947800,44.67,44.825,44.4,44.57
1521034200,44.38,44.43,43.725,43.78
1521120600,43.88,44,43.55,43.67
1521207000,43.7,44.02,43.45,43.46
1521466200,43.46,43.71,43.175,43.26
1521552600,43.32,43.48,43.01,43.16
1521639000,43.13,43.45,42.79,43
1521725400,42.88,43.365,42.7,42.76
1521811800,42.82,43.1556,42.29,42.33
1522071000,42.61,42.8099,42.25,42.69
1522157400,42.7,43.31,42.525,42.89
1522243800,43,43.7,43,43.32
1522330200,43.54,43.92,43.29,43.43
1522675800,43.44,43.5,42.473,42.67
1522762200,42.98,43.535,42.84,43.38
1522848600,43.14,44.4,43.11,44.24
1522935000,44.28,44.61,43.94,44.4
1523021400,44.28,44.52,43.71,43.92
1523280600,44.03,44.31,43.78,43.83
1523367000,44.07,44.18,43.715,43.99
1523453400,43.81,44.14,43.76,43.99
1523539800,44.08,44.405,43.95,44.03
1523626200,44.19,44.69,44.14,44.51
1523885400,44.65,44.89,44.4,44.68
1523971800,44.95,45.03,44.65,44.88
1524058200,44.9,44.97,44.325,44.51
1524144600,44.34,44.47,44.015,44.31
1524231000,44.31,44.41,43.58,43.74
1524490200,43.74,43.99,43.56,43.98
1524576600,43.98,44.1,42.73,43.07
1524663000,42.74,42.89,41.905,42.43
1524749400,42.4,43.1,42.26,42.75
1524835800,42.73,43.34,42.71,43.31
1525095000,43.5,43.69,42.97,43.21
1525181400,42.96,42.99,42.18,42.59
1525267800,42.4,42.585,41.94,42.06
1525354200,42.22,42.4,41.52,41.89
1525440600,41.79,42.5,41.77,42.36
1525699800,42.34,42.49,41.9642,42.14
1525786200,41.97,42.09,41.69,41.81
1525872600,41.97,42.23,41.67,41.78
1525959000,41.99,42.36,41.94,42.18
1526045400,42.24,42.47,42.04,42.14
1526304600,42.25,42.315,41.9,42.04
1526391000,41.78,41.92,41.45,41.72
1526477400,41.74,41.94,41.54,41.55
1526563800,42.01,42.35,41.87,42.3
1526650200,42.3,42.38,42.08,42.18
1526909400,42.31,42.52,42.27,42.41
1526995800,42.5,42.6,42.205,42.25
1527082200,42.25,42.45,41.93,42.4
1527168600,42.4,42.47,42.185,42.32
1527255000,42.34,42.58,42.2,42.4
1527600600,42.12,42.85,42.1,42.68
1527687000,42.77,43.28,42.7,43.13
1527773400,43.2,43.21,42.68,43
1527859800,43.1,43.32,43.04,43.12
1528119000,43.36,43.59,43.29,43.49
1528205400,43.5,43.54,43.1,43.11
1528291800,43.06,43.46,43.04,43.46
1528378200,43.33,43.73,43.33,43.44
1528464600,43.57,44,43.56,43.95
1528723800,43.95,44.245,43.89,44.13
1528810200,44.13,44.42,44.075,44.41
1528896600,44.35,44.52,44.1515,44.18
1528983000,43.75,43.85,43.52,43.58
1529069400,43.56,44.15,43.45,44.12
1529328600,43.88,43.955,43.4,43.55
1529415000,43.3,43.75,43.2,43.6
1529501400,43.62,43.775,43.23,43.26
1529587800,43.27,43.3,42.96,43.09
1529674200,43.15,43.41,43.075,43.25
1529933400,43.16,43.75,43.16,43.58
1530019800,43.56,43.84,43.28,43.33
1530106200,43.33,43.61,42.99,43.07
1530192600,43.24,43.675,43.17,43.47
1530279000,43.57,44.1,43.31,43.86
1530538200,43.78,44.16,43.58,43.75
1530624600,44.06,44.33,43.99,43.99
1530797400,44.16,44.67,44.13,44.66
1530883800,44.67,44.94,44.575,44.64
1531143000,44.54,44.73,44.34,44.4
1531229400,44.51,45,44.5,44.97
1531315800,44.99,45,44.64,44.79
1531402200,44.83,44.96,44.49,44.67
1531488600,44.7,44.78,44.465,44.74
1531747800,44.73,44.8,44.53,44.73
1531834200,44.75,45.39,44.68,45.25
1531920600,45.19,45.285,44.84,45.12
1532007000,44.99,45.43,44.92,45.11
1532093400,45.02,45.28,44.9,45.28
1532352600,45.28,45.36,44.7742,44.95
1532439000,44.78,45.27,44.61,45.26
1532525400,46,46.58,45.75,46.09
1532611800,46.36,46.59,46.2,46.24
1532698200,46.32,46.495,46.06,46.21
1532957400,46.1,46.44,46.05,46.23
1533043800,46.4,46.67,46.31,46.63
1533130200,46.45,46.49,46.17,46.39
1533216600,46.48,46.63,46.18,46.18
1533303000,46.23,46.76,46.14,46.62
1533562200,46.6,46.87,46.55,46.65
1533648600,46.52,46.61,46.13,46.5
1533735000,46.49,46.56,46.1226,46.15
1533821400,46.25,46.42,46.075,46.35
1533907800,46.21,46.42,45.965,46.08
1534167000,46.05,46.13,45.7,45.83
1534253400,45.91,46.1,45.8732,45.89
1534339800,45.77,46.145,45.65,46.08
1534426200,46.11,46.38,45.97,46.22
1534512600,46.29,46.73,46.24,46.6
1534771800,46.68,46.865,46.59,46.73
1534858200,46.73,46.75,46.21,46.22
1534944600,46.34,46.38,45.92,45.93
1535031000,45.89,46.08,45.69,45.7
1535117400,45.65,45.8,45.58,45.63
1535376600,46.05,46.05,45.564,45.69
1535463000,45.65,45.73,45.28,45.37
1535549400,45.25,45.415,45.22,45.33
1535635800,45.28,45.32,44.885,44.95
1535722200,45,45.07,44.39,44.57
1536067800,44.6,44.9,44.51,44.76
1536154200,44.66,45.42,44.66,45.38
1536240600,45.4,46,45.3,45.77
1536327000,45.6,45.82,45.28,45.72
1536586200,45.91,46.31,45.795,46.06
1536672600,46.1,46.15,45.88,46.02
1536759000,46.16,46.3,46.02,46.24
1536845400,46.01,46.12,45.71,45.83
1536931800,45.92,46.0264,45.61,45.99
1537191000,46,46.33,45.91,46.32
1537277400,46.39,46.53,45.93,45.93
1537363800,46,46.105,45.865,45.96
1537450200,46.22,46.68,46.15,46.64
1537536600,46.64,46.69,46.375,46.58
1537795800,46.49,46.53,45.84,46.07
1537882200,46.06,46.1754,45.61,45.68
1537968600,45.77,46.07,45.565,45.85
1538055000,45.73,46.18,45.68,46.01
1538141400,46,46.19,45.97,46.19
1538400600,46.17,46.35,46.05,46.23
1538487000,46.28,46.555,46.06,46.51
1538573400,46.46,46.55,45.8,45.87
1538659800,45.66,45.895,45.425,45.85
1538746200,45.94,46.16,45.69,45.88
1539005400,45.99,46.58,45.97,46.48
1539091800,46.38,46.55,46.22,46.39
1539178200,46.3,46.7,45.67,45.68
1539264600,45.8,45.97,44.5,44.64
1539351000,44.48,44.8799,44.25,44.68
1539610200,44.64,45.265,44.59,44.91
1539696600,45.02,45.595,44.8626,45.49
1539783000,45.41,45.99,45.36,45.86
1539869400,45.9,46.08,45.455,45.61
1539955800,45.83,46.49,45.83,46.33
1540215000,46.37,46.455,45.81,45.97
1540301400,45.62,46.455,45.45,46.36
1540387800,46.33,47.39,46.24,46.73
1540474200,46.65,46.74,46.12,46.51
1540560600,46.37,46.48,45.43,45.92
1540819800,46.15,46.555,46.05,46.46
1540906200,46.62,47.74,46.0384,47.63
1540992600,47.5,48.08,47.22,47.88
1541079000,47.81,48.15,47.295,47.74
1541165400,47.82,48,47.435,48
1541428200,48,48.775,47.92,48.69
1541514600,48.65,49.13,48.6,49.11
1541601000,49.39,49.55,49.0301,49.37
1541687400,49.12,49.37,49.1,49.33
1541773800,49.39,49.89,49.36,49.68
1542033000,49.61,50.24,49.54,49.87
1542119400,49.81,50,49.58,49.86
1542205800,49.85,49.94,49.59,49.76
1542292200,49.66,49.75,49.27,49.74
1542378600,49.66,50.25,49.63,50.17
1542637800,50.31,50.76,50.25,50.51
1542724200,50.82,50.84,49.21,49.38
1542810600,49.23,49.44,48.59,48.73
1542983400,48.75,49.23,48.55,49.02
1543242600,49.01,49.23,48.67,48.87
1543329000,48.88,49.405,48.73,49.37
1543415400,49.21,49.72,49.21,49.71
1543501800,49.28,49.43,48.97,48.98
1543588200,49,50.485,48.99,50.4
1543847400,49.87,49.96,48.89,49.69
1543933800,49.97,50.51,49.5,49.58
1544106600,49.51,49.63,48.66,49.38
1544193000,49.57,49.68,48.88,49.09
1544452200,49.45,49.45,48.465,49.24
1544538600,49.59,50.01,49.18,49.54
1544625000,49.95,50.02,49.19,49.22
1544711400,48.72,49.6099,48.57,49.47
1544797800,49.23,49.52,49.02,49.34
1545057000,49.34,49.53,48.02,48.33
1545143400,48.61,48.83,47.85,48.32
1545229800,48.24,48.76,47.62,47.9
1545316200,47.81,48.1331,47.1,47.54
1545402600,47.26,48.75,47.23,47.57
1545661800,47.62,47.87,45.83,45.96
1545834600,45.88,46.96,45.66,46.94
1545921000,46.74,47.55,46.03,47.53
1546007400,47.89,48.01,47.025,47.2
1546266600,47.49,47.54,46.96,47.35
1546439400,46.94,47.215,46.555,46.93
1546525800,46.82,47.37,46.53,46.64
1546612200,46.75,47.57,46.64,47.57
1546871400,47.57,47.75,46.895,46.95
1546957800,47.25,47.57,47.035,47.48
1547044200,47.08,47.28,46.43,46.57
1547130600,46.66,47.09,46.34,47.07
1547217000,47.29,47.355,46.97,47.34
1547476200,47.25,47.3966,46.99,47.15
1547562600,46.89,47.6,46.81,47.57
1547649000,47.4,47.47,46.86,46.92
1547735400,46.92,47.1385,46.88,47.06
1547821800,47.25,47.69,47.12,47.61
1548167400,47.7,47.79,47.205,47.72
1548253800,47.82,48.29,47.65,48.27
1548340200,48.11,48.11,47.375,47.69
1548426600,47.88,48.025,47.24,47.37
1548685800,47.22,47.3,46.94,47.17
1548772200,47.2,47.63,47.13,47.4
1548858600,47.25,47.89,47.19,47.86
1548945000,47.85,48.78,47.47,48.13
1549031400,48.48,48.78,48.4,48.7
1549290600,48.7,49.45,48.54,49.25
1549377000,49.33,49.465,49.1,49.26
1549463400,49.21,49.36,49.02,49.26
1549549800,49.17,49.46,49.0025,49.42
1549636200,49.37,49.5,49.11,49.5
1549895400,49.57,49.88,49.475,49.61
1549981800,49.69,49.8,49.46,49.66
1550068200,49.61,49.94,49.56,49.79
1550154600,46.7,46.96,45.5,45.59
1550241000,45.9,46.255,45.2,45.24
1550586600,45.32,45.59,44.77,44.83
1550673000,44.91,45.2354,44.8,45.1
1550759400,45,45.91,44.96,45.86
1550845800,45.76,45.95,45.2,45.28
1551105000,45.44,45.57,44.84,44.94
1551191400,45.1,45.14,44.66,44.69
1551277800,44.6,45.02,44.42,44.94
1551364200,45.12,45.6084,45.11,45.34
1551450600,45.47,45.64,45.2,45.38
1551709800,45.53,45.67,45.3,45.65
1551796200,45.65,45.7,45.4,45.6
1551882600,45.67,45.785,45.44,45.45
1551969000,45.49,45.53,45.125,45.28
1552055400,45.15,45.25,44.61,44.84
1552311000,45.14,46.235,45.1,46.18
1552397400,45.95,46.25,45.9,46.05
1552483800,46.13,46.34,45.91,46.22
1552570200,45.84,46.11,45.63,45.7
1552656600,45.72,45.895,45.14,45.3
1552915800,45.43,45.68,45.36,45.41
1553002200,45.55,45.69,45.34,45.56
1553088600,45.4,45.895,45.18,45.53
1553175000,45.53,45.76,45.44,45.51
1553261400,45.46,46.105,45.46,45.93
1553520600,45.86,46.2,45.79,46.03
1553607000,46.17,46.79,46.17,46.64
1553693400,46.65,46.905,46.33,46.61
1553779800,46.68,46.92,46.48,46.58
1553866200,46.67,46.905,46.4801,46.86
1554125400,46.99,47.165,46.59,46.72
1554211800,46.75,46.93,46.57,46.57
1554298200,46.42,46.59,46.035,46.18
1554384600,46.34,46.54,46.11,46.48
1554471000,46.49,46.58,46.2,46.47
1554730200,46.54,46.57,46.265,46.55
1554816600,46.45,46.72,46.27,46.67
1554903000,46.84,47,46.56,46.64
1554989400,46.72,46.75,46.54,46.71
1555075800,46.67,46.9299,46.57,46.74
1555335000,46.88,47.04,46.7,47
1555421400,47.05,47.1,46.7,46.95
1555507800,47.2,47.545,47.15,47.28
1555594200,47.33,47.58,47.27,47.48
1555939800,47.4,47.61,47.015,47.4
1556026200,48.09,48.72,47.55,48.21
1556112600,48.03,48.225,47.915,47.98
1556199000,47.74,47.89,47.47,47.84
1556285400,47.99,48.45,47.98,48.26
1556544600,48.17,48.45,48.11,48.42
1556631000,48.53,49.18,48.39,49.06
1556717400,48.95,49.075,48.55,48.59
1556803800,48.53,48.7657,48.27,48.39
1556890200,48.6,48.96,48.52,48.72
1557149400,48.33,48.61,48.26,48.47
1557235800,48.23,48.29,47.77,48
1557322200,48.05,48.23,47.82,47.85
1557408600,47.8,47.98,47.07,47.4
1557495000,47.41,48.295,47.4,48.19
1557754200,47.91,48.13,47.73,48.05
1557840600,48.53,49.32,48.35,48.69
1557927000,48.67,49.38,48.6,49.18
1558013400,49.27,49.66,49.21,49.58
1558099800,49.27,49.55,49.174,49.2
1558359000,49.04,49.14,48.76,48.85
1558445400,49,49.03,48.445,48.6
1558531800,48.78,49.71,48.72,49.65
1558618200,49.5,49.9,49.4601,49.85
1558704600,49.82,49.89,49.53,49.61
1559050200,49.6,49.67,49.03,49.1
1559136600,48.74,49.03,48.41,48.61
1559223000,48.72,49.31,48.67,49.25
1559309400,49,49.31,48.78,49.13
1559568600,49.16,49.98,49.02,49.98
1559655000,50,50.28,49.615,50
1559741400,50.01,51.14,49.685,50.78
1559827800,50.91,51.54,50.59,51.4
1559914200,51.47,52.185,51.45,51.49
1560173400,51.54,51.54,51.09,51.38
1560259800,51.45,51.59,51.18,51.33
1560346200,51.5,52.135,51.47,51.64
1560432600,51.46,51.7,50.775,51.13
1560519000,51.05,51.53,51.05,51.31
1560778200,51.25,51.48,50.61,50.87
1560864600,51.25,51.3,50.53,50.64
1560951000,50.54,51.24,50.47,51.12
1561037400,51.5,51.785,51.35,51.66
1561123800,51.53,51.89,51.41,51.55
1561383000,51.74,52.2,51.7,51.92
1561469400,52,52.1,51.64,51.76
1561555800,51.52,51.64,51.085,51.12
1561642200,51.29,51.4,50.965,51.08
1561728600,51.27,51.4,50.52,50.92
1561987800,51.07,51.63,50.78,51.6
1562074200,51.78,52.05,51.55,51.98
1562160600,52,52.329,52,52.1
1562333400,51.89,52.12,51.48,52.11
1562592600,52.2,52.33,51.89,52
1562679000,51.72,51.97,51.43,51.59
1562765400,51.8,51.97,51.655,51.82
1562851800,51.99,52.06,51.66,52.04
1562938200,52.25,52.29,51.91,52.12
1563197400,52.28,52.29,51.865,52.13
1563283800,51.96,52.47,51.81,52.14
1563370200,52.22,52.26,52.01,52.18
1563456600,52.04,52.1651,51.67,52.03
1563543000,52.14,52.15,51.37,51.39
1563802200,51.52,51.52,51.13,51.22
1563888600,53.25,54.635,52.76,54.33
1563975000,54.12,54.82,53.62,53.78
1564061400,53.63,53.8,52.715,53.07
1564147800,53.34,54.31,53.19,54.17
1564407000,54.17,54.295,53.9001,53.99
1564493400,53.96,54.3,53.565,53.72
1564579800,53.51,53.51,52.04,52.63
1564666200,52.78,53.2,52.01,52.03
1564752600,51.91,52.73,51.91,52.33
1565011800,52.39,52.66,51.4,51.65
1565098200,51.87,52.759,51.61,52.27
1565184600,52.27,53.39,51.77,53.18
1565271000,53.21,53.7835,52.85,53.69
1565357400,53.79,53.9,53.08,53.42
1565616600,53.28,53.435,52.99,53.2
1565703000,52.9,53.61,52.87,53.5
1565789400,53.34,53.965,52.97,52.99
1565875800,53.43,54,53.23,53.87
1565962200,53.98,54.49,53.95,54.41
1566221400,54.44,54.78,54.31,54.69
1566307800,54.62,54.68,53.84,53.88
1566394200,54.25,54.41,53.85,54.1
1566480600,54.12,54.64,54.1,54.49
1566567000,54.42,54.71,53.39,53.74
1566826200,54,54.54,53.73,54.54
1566912600,54.7,54.945,54.41,54.72
1566999000,54.66,55.15,54.421,55.11
1567085400,55.26,55.34,54.6,55.05
1567171800,55.16,55.22,54.81,55.04
1567517400,54.98,55.33,54.87,55.3
1567603800,55.35,55.92,55.3,55.77
1567690200,55.75,55.77,55.03,55.12
1567776600,55.44,55.44,54.76,55.23
1568035800,55.03,55.08,54.36,54.52
1568122200,54.23,54.44,53.85,54.4
1568208600,54.29,54.8,53.9696,54.77
1568295000,55.1,55.31,54.98,55.11
1568381400,54.48,54.79,54.07,54.26
1568640600,54.1,54.34,53.63,53.96
1568727000,54.1,54.697,53.96,54.24
1568813400,54.2,54.285,53.82,54.23
1568899800,54.23,54.595,54.13,54.52
1568986200,54.69,54.69,53.9,53.91
1569245400,53.91,54.36,53.88,54.14
1569331800,54.25,54.61,54.04,54.3
1569418200,54.44,54.48,54,54.17
1569504600,54.47,54.575,54.13,54.39
1569591000,54.56,54.635,54,54.31
1569850200,54.15,54.68,54.15,54.44
1569936600,54.53,54.78,54.01,54.65
1570023000,54.21,54.435,52.9,53.08
1570109400,53.5,53.9773,52.8236,53.84
1570195800,54,54.54,53.89,54.54
1570455000,54.33,54.36,53.77,53.87
1570541400,53.88,54.07,53.45,53.58
1570627800,54.06,54.065,53.535,53.83
1570714200,53.55,53.88,53.36,53.66
1570800600,53.65,53.7,53.195,53.3
1571059800,53.49,53.68,53.22,53.3
1571146200,53.43,53.68,53.27,53.51
1571232600,53.46,53.57,53.1341,53.49
1571319000,53.69,54.12,53.58,53.79
1571405400,55,55.39,54.45,54.78
1571664600,54.45,54.56,53.68,54.23
1571751000,54.23,54.42,53.74,53.85
1571837400,54.06,54.66,54.01,54.64
1571923800,54.57,54.817,54.485,54.61
1572010200,54.55,54.56,53.67,53.75
1572269400,53.74,53.95,53.37,53.57
1572355800,53.39,53.66,53.26,53.41
1572442200,53.52,54.05,53.16,53.94
1572528600,53.96,54.47,53.85,54.43
1572615000,54.63,54.74,53.85,53.9
1572877800,53.96,54,52.97,53.14
1572964200,52.89,52.89,52.12,52.42
1573050600,52.53,52.8,52.41,52.8
1573137000,52.88,53,51.96,52.29
1573223400,52.46,52.6,52.09,52.21
1573482600,52.33,52.37,51.775,51.84
1573569000,51.91,51.91,51.5831,51.71
1573655400,52.18,52.45,51.9612,52.41
1573741800,52.53,52.67,52.35,52.63
1573828200,52.64,52.68,52.375,52.67
1574087400,52.68,53.44,52.67,53.03
1574173800,53.15,53.31,52.87,53.08
1574260200,53.1,53.4,53.01,53.22
1574346600,53.11,53.34,52.775,52.96
1574433000,52.96,53.1878,52.75,53.03
1574692200,53.28,53.39,52.77,53.22
1574778600,53.31,53.94,53.22,53.9
1574865000,53.93,54.1,53.6,53.95
1575037800,53.7,53.725,53.22,53.4
1575297000,53.32,53.75,52.85,53.75
1575383400,53.71,53.84,53.4,53.8
1575469800,53.8,54.31,53.72,54.29
1575556200,54.21,54.29,53.83,54.19
1575642600,54.31,54.5,54.17,54.42
1575901800,54.3,54.51,54.02,54.07
1575988200,54.04,54.07,53.73,53.77
1576074600,53.94,54.15,53.66,53.95
1576161000,54.01,54.45,53.94,54.14
1576247400,53.94,54.55,53.84,54.42
1576506600,54.69,54.83,54.37,54.42
1576593000,54.4,54.58,54.29,54.42
1576679400,54.53,54.75,53.885,53.91
1576765800,54.04,54.34,53.92,54.32
1576852200,54.94,55.2,54.47,54.97
1577111400,55,55.24,54.84,54.91
1577197800,54.8,55,54.64,54.71
1577370600,54.92,55.02,54.79,55.02
1577457000,55.01,55.445,55,55.35
1577716200,55.18,55.385,55.06,55.27
1577802600,55.2,55.38,54.98,55.35
1577975400,55.32,55.43,54.76,54.99
1578061800,54.32,54.99,54.09,54.69
1578321000,54.65,54.905,54.52,54.67
1578407400,54.45,54.6,54.15,54.25
1578493800,54.27,54.64,54.15,54.35
1578580200,55,55.395,54.839,55.34
1578666600,55.48,55.93,55.45,55.53
1578925800,55.53,56.23,55.42,56.13
1579012200,56.24,56.292,55.83,56
1579098600,56,56.98,56,56.7
1579185000,56.85,56.95,56.605,56.82
1579271400,56.87,57.15,56.8,56.94
1579617000,56.85,57.245,56.5745,57.17
1579703400,57.25,57.64,57.1799,57.61
1579789800,57.38,57.845,57.24,57.83
1579876200,57.85,57.87,57.46,57.68
1580135400,57.21,57.85,57.13,57.48
1580221800,57.45,57.75,56.97,57.01
1580308200,57,57.2571,56.66,57.01
1580394600,57.93,58.98,57.76,58.86
1580481000,58.97,59.075,58.145,58.4
1580740200,58.75,58.97,58.52,58.58
1580826600,58.75,59.45,58.62,58.84
1580913000,58.9,59.08,58.535,58.85
1580999400,58.98,59.34,58.84,58.99
1581085800,58.88,59.315,58.85,59.19
1581345000,59.32,59.84,59.285,59.75
1581431400,59.72,59.8,59.32,59.59
1581517800,59.48,59.765,59.315,59.41
1581604200,59.38,59.84,59.21,59.61
1581690600,59.63,60.07,59.62,59.95
1582036200,59.81,59.93,59.45,59.53
1582122600,59.51,60,59.47,59.77
1582209000,59.68,59.86,59.11,59.72
1582295400,59.51,60.13,59.43,60.13
1582554600,59.11,59.8,58.57,58.65
1582641000,58.7,59.2,57.62,57.82
1582727400,57.98,58.47,57.475,57.6
1582813800,57.15,57.89,54.88,54.93
1582900200,53.83,53.89,51.58,53.49
1583159400,53.93,55.96,53.7,55.92
1583245800,56.76,57.49,55.64,56.06
1583332200,56.41,59,56.41,58.92
1583418600,57.8,58.17,56.19,56.74
1583505000,54.94,55.91,53.98,55.26
1583760600,52.05,53.58,51.475,51.86
1583847000,53.22,53.795,51.17,53.66
1583933400,52.35,52.65,51.14,52.21
1584019800,48.54,49.93,46.69,47.16
1584106200,49.51,49.56,46.605,48.47
1584365400,42.24,47.88,41.17,45.26
1584451800,45.88,47.5,45.37,47.18
1584538200,44.74,45.15,41.59,44.85
1584624600,44.36,44.66,41.04,41.83
1584711000,41.95,42.07,37.51,38.3
1584970200,38.755,38.8862,36.27,37.56
1585056600,41.22,41.4,38.83,39.45
1585143000,40.63,43.45,39.91,41.61
1585229400,42.84,45.27,42.45,44.29
1585315800,43.66,44.03,42.4,42.81
1585575000,43.04,45.56,43.04,45
1585661400,45.07,45.51,44.06,44.25
1585747800,42.48,43.65,41.8,42.12
1585834200,42.22,44.19,41.8623,43.95
1585920600,43.58,44.335,43.31,43.83
1586179800,45.39,47.01,44.69,46.67
1586266200,48.5,48.6,46.48,46.51
1586352600,46.64,48.09,46.33,47.82
1586439000,48.44,49.73,48.35,49
1586784600,48.35,48.64,46.5,46.93
1586871000,47.94,49.25,46.93,48.92
1586957400,47.71,48.4,47.41,47.61
1587043800,47.4,47.85,46.76,47.1
1587130200,48.3,48.3,47.37,48.06
1587389400,47.79,48,46.31,46.53
1587475800,45.88,46.9014,44.26,45.38
1587562200,46.05,46.145,45.5,45.68
1587648600,45.95,46.1,44.97,45.07
1587735000,45.5,45.75,45.1201,45.43
1587994200,46,46.975,45.71,46.78
1588080600,47.9,48,46.57,46.74
1588167000,47.27,47.86,46.88,47.12
1588253400,47,47,45.7,45.89
1588339800,45.62,46.39,45.21,45.6
1588599000,45.32,45.48,44.6,45.14
1588685400,45.36,46.1,45.15,45.4
1588771800,45.4,45.63,44.72,44.75
1588858200,45.15,45.24,44.5,44.6
1588944600,45.08,46.22,44.88,46.11
1589203800,45.69,46.11,45.52,45.54
1589290200,45.6,45.85,44.8,44.82
1589376600,44.71,44.78,43.5217,43.94
1589463000,43.38,44.06,43.23,43.7
1589549400,43.96,44.69,43.2,43.26
1589808600,44.82,45.39,44.13,44.97
1589895000,45.01,45.33,44.25,44.54
1589981400,45.2,46.17,45.02,45.89
1590067800,46.08,46.09,45.03,45.17
1590154200,45.22,45.305,44.65,45.03
1590499800,46.92,46.93,45.93,46.09
1590586200,47,47.09,46.165,46.73
1590672600,47.3,47.46,46.82,47.09
1590759000,46.68,47.19,46.14,46.68
1591018200,46.66,47.23,46.59,46.99
1591104600,47.16,47.28,46.56,46.9
1591191000,47.27,48.115,47.12,47.9
1591277400,47.94,48.265,47.38,47.92
1591363800,48.54,49.49,48.46,49.09
1591623000,49.54,49.97,49.47,49.85
1591709400,49.59,49.59,48.68,49
1591795800,49.16,49.265,48.57,48.62
1591882200,47.81,47.92,45.46,45.54
1591968600,46.21,46.25,45.01,45.6
1592227800,44.57,46.45,44.47,46.3
1592314200,47.56,47.685,46.19,46.77
1592400600,46.78,47.06,46.44,46.58
1592487000,46.3,47.04,46.07,46.99
1592573400,47.77,47.79,46.02,46.02
1592832600,46.03,46.15,45.38,45.74
1592919000,46,46.29,45.58,45.64
1593005400,45.37,45.44,44.5,44.65
1593091800,44.47,44.98,44.03,44.93
1593178200,44.92,45.01,43.51,43.57
1593437400,44,44.57,43.55,44.36
1593523800,44.25,44.83,44.04,44.68
1593610200,44.93,45.53,44.71,44.82
1593696600,45.29,45.43,44.8,44.88
1594042200,45.14,45.27,44.605,45.23
1594128600,45,45.495,44.8,45.21
1594215000,45.14,45.18,44.47,45.07
1594301400,45.05,45.05,43.825,43.91
1594387800,43.88,45.25,43.86,45.15
1594647000,45.53,45.675,44.96,45.25
1594733400,44.91,45.94,44.6711,45.87
1594819800,46.3,47.19,46.2,46.4
1594906200,46.26,46.69,45.94,46.15
1594992600,46.47,46.91,46.125,46.82
1595251800,46.72,46.83,45.85,46.12
1595338200,47.52,47.99,46.931,47.2
1595424600,47.93,48.515,47.03,48.48
1595511000,48.47,48.5682,48.03,48.28
1595597400,48.4,48.8,48.07,48.49
1595856600,48.18,48.51,48.18,48.48
1595943000,48.34,49.28,48.1,48.18
1596029400,48.14,48.5,47.82,48.02
1596115800,47.67,48.23,47.2,47.69
1596202200,47.44,47.77,46.73,47.24
1596461400,47.14,47.36,46.23,46.3
1596547800,46.29,46.86,46.22,46.69
1596634200,46.9,47.265,46.81,47.22
1596720600,46.66,47.53,46.6,47.48
1596807000,47.47,48.08,47.21,47.8
1597066200,48.06,48.275,47.66,47.72
1597152600,48.46,48.6527,47.7,47.93
1597239000,48.3,48.69,48.12,48.43
1597325400,48.26,48.73,48.06,48.38
1597411800,48.34,48.69,48.03,48.45
1597671000,48.32,48.75,48.2,48.21
1597757400,48.2,48.5,47.96,48.42
1597843800,48.12,48.38,47.22,47.37
1597930200,47.27,47.6,47.0923,47.35
1598016600,47.34,47.495,46.97,47.28
1598275800,47.43,47.98,47.175,47.97
1598362200,48,48.05,47.65,47.91
1598448600,47.76,48.18,47.47,48.16
1598535000,48.25,48.82,48.2,48.23
1598621400,48.75,49.85,48.53,49.83
1598880600,49.8,50.07,49.35,49.53
1598967000,49.31,49.35,48.83,49.12
1599053400,49.36,51.36,49.36,51.19
1599139800,51.4,52.1378,50.1,50.48
1599226200,50.94,51.465,50.28,51.04
1599571800,50.93,51.04,49.36,49.81
1599658200,49.6,50.755,49.55,50.19
1599744600,50.35,50.675,49.95,50
1599831000,50.4,51.2,50.1,51.06
1600090200,50.97,51.23,50.57,50.71
1600176600,51,51.38,50.84,51.05
1600263000,50.95,51.4462,50.74,50.79
1600349400,50.22,50.63,49.94,50.55
1600435800,50.75,51.155,50.21,50.45
1600695000,49.75,50.02,48.605,49.09
1600781400,49.11,50.035,49.07,49.66
1600867800,49.73,49.92,48.17,48.21
1600954200,48.21,49.1,47.56,48.7
1601040600,48.2,48.76,47.98,48.72
1601299800,49.31,49.71,49.14,49.28
1601386200,49.39,49.555,48.91,48.92
1601472600,49.27,49.62,48.8916,49.37
1601559000,49.44,49.6577,48.59,49.18
1601645400,48.76,49.58,48.55,49.36
1601904600,49.43,49.55,49.12,49.38
1601991000,49.55,49.725,48.83,48.94
1602077400,49.02,49.76,48.95,49.56
1602163800,49.71,50.54,49.535,50.46
1602250200,50.67,51.23,50.6,50.81
1602509400,50.84,51.525,50.83,51.09
1602595800,50.99,50.99,49.9,50.22
1602682200,50.05,50.49,49.65,50.12
1602768600,49.4,50.13,49.3,49.99
1602855000,49.99,50.35,49.87,50.03
1603114200,50.03,50.48,49.46,49.62
1603200600,49.89,50.62,49.79,50.25
1603287000,49.96,50.43,49.77,49.99
1603373400,51.17,51.2,50.38,50.68
1603459800,51,51.18,50.465,50.52
1603719000,50.34,50.51,49.2,49.8
1603805400,49.81,50.285,49.5533,49.9
1603891800,49,49.15,47.78,47.96
1603978200,47.73,48.475,47.3,48.02
1604064600,47.81,48.1216,47.365,48.06
1604327400,48.75,48.95,48.24,48.62
1604413800,49.22,49.96,49,49.35
1604500200,49.43,50.21,49.08,49.17
1604586600,49.76,50.21,49.34,49.44
1604673000,49.65,49.99,49.25,49.45
1604932200,52.5,53.26,52.07,52.57
1605018600,52.57,54.28,52.45,53.98
1605105000,53.93,54.3,53.33,53.58
1605191400,53.05,53.21,52.605,53.01
1605277800,53.25,53.5,52.8901,53.45
1605537000,54.5,54.62,53.28,53.85
1605623400,53.66,53.75,53.025,53.68
1605709800,53.75,54.02,52.56,52.61
1605796200,52.49,53.23,51.95,53.13
1605882600,53.19,53.25,52.59,52.67
1606141800,52.95,53.17,52.2,52.68
1606228200,53.14,53.59,53.02,53.22
1606314600,53.07,53.28,52.79,52.93
1606487400,53.11,53.19,52.61,52.7
1606746600,52.09,52.19,51.08,51.6
1606833000,52.14,52.33,51.785,52.04
1606919400,51.9,52.13,51.635,52.11
1607005800,51.9,52.94,51.9,52.78
1607092200,52.78,53.87,52.76,53.85
1607351400,53.76,53.78,52.7,52.99
1607437800,52.94,53.48,52.785,53.18
1607524200,53.37,53.6,53,53.33
1607610600,53.4,53.51,52.98,53.05
1607697000,52.8,53.54,52.78,53.35
1607956200,53.65,53.84,53.18,53.27
1608042600,53.79,54.22,53.595,53.84
1608129000,53.6,53.8,52.94,53.06
1608215400,53.3,53.71,53.15,53.27
1608301800,53.08,53.84,52.62,53.74
1608561000,52.68,53,51.98,52.81
1608647400,52.81,53.18,52.39,52.76
1608733800,52.95,53.3861,52.94,53.08
1608820200,53.02,53.55,53.02,53.44
1609165800,53.85,54.435,53.73,54.16
1609252200,54.45,54.49,54.02,54.13
1609338600,54.05,54.63,54.03,54.44
1609425000,54.45,54.93,54.27,54.84
1609770600,54.27,54.63,52.03,52.76
1609857000,52.33,52.62,52.03,52.18
1609943400,51.97,52.02,50.1879,50.52
1610029800,50.09,50.255,49.52,49.96
1610116200,50.03,51.125,49.84,51.08
1610375400,50.62,50.86,49.95,50.2
1610461800,50.04,50.3684,49.76,50.11
1610548200,49.98,50.36,49.9533,50.16
1610634600,50.16,50.18,49.22,49.23
1610721000,49.155,49.1799,48.53,48.7
1611066600,48.74,49.04,48.24,48.51
1611153000,48.54,48.82,48.31,48.68
1611239400,48.78,49.09,48.46,48.95
1611325800,48.81,48.94,48.49,48.49
1611585000,48.42,48.84,48.24,48.78
1611671400,48.91,49.4,48.61,49.29
1611757800,48.89,49.32,48.23,48.53
1611844200,48.69,49.5,48.61,49.15
1611930600,49.03,49.12,48.11,48.15
1612189800,48.27,48.69,48.18,48.48
1612276200,48.8,49.35,48.63,48.96
1612362600,48.95,49.0883,48.67,48.77
1612449000,48.96,49.07,48.65,49.01
1612535400,49.5,49.78,49.27,49.65
1612794600,49.96,50.17,49.49,49.92
1612881000,49.85,50.02,49.63,49.7
1612967400,50.41,50.58,49.53,49.6
1613053800,49.81,50.59,49.8,50.3
1613140200,50.57,50.8481,50.39,50.69
1613485800,50.62,50.72,50.16,50.27
1613572200,50,50.485,49.885,50.13
1613658600,50.16,50.845,50.0316,50.77
1613745000,50.79,50.825,49.97,50.11
1614004200,49.85,50.88,49.67,50.63
1614090600,51,51.51,50.42,50.54
1614177000,50.39,50.9,50.13,50.71
1614263400,50.47,50.745,49.98,50.17
1614349800,50.2,50.21,48.97,48.99
1614609000,49.44,50.44,49.4,49.9
1614695400,49.84,50.56,49.7,50.1
1614781800,49.72,50.56,49.71,49.98
1614868200,50.31,51.09,49.62,49.94
1614954600,50.05,50.95,49.9,50.79
1615213800,51.47,52.49,51.16,51.64
1615300200,51.72,51.88,50.82,50.86
1615386600,51.18,51.63,50.715,51.44
1615473000,51.41,51.43,50.81,50.88
1615559400,50.59,50.679,50.2,50.36
1615815000,50.5,51.12,50.47,51.03
1615901400,51.2,51.52,51.04,51.22
1615987800,51.25,51.62,51.15,51.24
1616074200,51.06,51.19,50.485,50.57
1616160600,50.46,51.08,50.17,50.81
1616419800,50.32,51.08,50.32,51
1616506200,50.99,51.65,50.825,51.39
1616592600,51.17,51.89,51.15,51.52
1616679000,51.7,52.06,51.17,52.02
1616765400,52.14,53.11,51.76,53.04
1617024600,52.73,53.94,52.71,53.85
1617111000,53.75,53.79,52.925,53.15
1617197400,53.03,53.17,52.5,52.71
1617283800,52.96,53.15,52.455,52.51
1617629400,52.35,53.215,52.29,52.81
1617715800,53.04,53.65,52.9,53.19
1617802200,53.28,53.5,53.12,53.28
1617888600,53.17,53.38,52.97,53.12
1617975000,53.17,53.28,52.81,53.18
1618234200,53.33,53.55,53.095,53.35
1618320600,53.04,53.285,52.81,53.09
1618407000,52.98,53.19,52.645,53.08
1618493400,53.13,53.66,53.12,53.33
1618579800,53.74,53.8,53.375,53.68
1618839000,54,54.3582,53.3,54
1618925400,53.84,54.59,53.81,54.17
1619011800,54.24,54.74,54.24,54.61
1619098200,54.47,54.865,54.315,54.44
1619184600,54.4,54.59,54.17,54.47
1619443800,54.47,54.51,53.58,53.66
1619530200,53.56,53.7,53.32,53.58
1619616600,53.98,54.047,53.435,53.59
1619703000,53.54,54.36,53.43,54.26
1619789400,54.25,54.27,53.69,53.98
1620048600,54.27,54.795,54.16,54.48
1620135000,54.57,54.62,53.94,54.14
1620221400,54.14,54.14,53.745,54
1620307800,54.12,54.605,54.05,54.54
1620394200,54.44,54.77,54.16,54.51
1620653400,54.88,55.495,54.831,54.91
1620739800,55.03,55.14,54.045,54.32
1620826200,54.36,54.555,53.875,54.04
1620912600,53.97,54.775,53.83,54.51
1620999000,54.9,55.1,54.69,54.73
1621258200,54.84,55.02,54.5,54.64
1621344600,54.39,54.5599,54.1,54.34
1621431000,54.12,54.18,53.61,54.17
1621517400,54.12,54.8,54.12,54.65
1621603800,54.8,55.115,54.22,54.62
1621863000,54.63,54.93,54.49,54.8
1621949400,54.82,54.82,54.345,54.79
1622035800,54.98,55.05,54.59,55.03
1622122200,55.21,55.57,54.775,55.49
1622208600,55.35,55.71,55.2,55.29
1622554200,55.34,55.65,55.095,55.28
1622640600,55.5,55.56,55.26,55.5
1622727000,55.18,55.74,55.1,55.64
1622813400,55.9,56.48,55.78,56.24
1623072600,56.31,56.34,55.81,56.04
1623159000,56.25,56.25,55.545,55.65
1623245400,55.75,55.92,55.48,55.48
1623331800,55.91,56.12,55.76,55.91
1623418200,55.99,56.21,55.655,56.16
1623677400,55.69,55.71,55.2,55.55
1623763800,55.78,55.79,55.19,55.41
1623850200,55.44,55.46,54.64,54.67
1623936600,54.67,55.15,54.645,54.95
1624023000,54.51,54.62,53.72,53.77
1624282200,54.22,54.43,54,54.36
1624368600,54.34,54.85,54.255,54.56
1624455000,54.56,54.6,54.11,54.12
1624541400,54.26,54.415,54,54.39
1624627800,54.24,54.47,54.01,54.32
1624887000,54.25,54.37,54,54.26
1624973400,54.13,54.34,53.72,53.86
1625059800,53.8,54.18,53.75,54.11
1625146200,54.34,54.48,53.855,53.96
1625232600,54,54.45,54,54.18
1625578200,53.99,54.09,53.55,53.88
1625664600,53.72,54.375,53.72,54.32
1625751000,54.01,54.165,53.735,54.13
1625837400,54.25,54.52,54.18,54.46
1626096600,54.32,54.595,54.27,54.48
1626183000,54.95,55.295,54.75,55.02
1626269400,55.02,56.3499,54.96,56.26
1626355800,56.24,56.47,55.91,56.44
1626442200,56.46,56.68,56.26,56.4
1626701400,56.08,56.35,55.16,55.73
1626787800,55.73,56.3299,55.52,55.83
1626874200,57.33,57.56,56.425,56.55
1626960600,56.62,56.74,56.05,56.47
1627047000,56.59,57.33,56.45,57.01
1627306200,56.89,57.12,56.56,57.06
1627392600,57.11,57.54,56.92,57.26
1627479000,56.99,57.16,56.629,56.74
1627565400,57.07,57.25,56.86,57.05
1627651800,57.15,57.25,56.9,57.03
1627911000,57.2,57.24,56.705,56.88
1627997400,57,57,56.745,56.92
1628083800,56.75,56.95,56.0101,56.1
1628170200,56.44,56.59,56.29,56.5
1628256600,56.6,56.74,56.44,56.64
1628515800,56.795,56.88,56.4308,56.65
1628602200,56.84,57.17,56.655,56.8
1628688600,56.89,57.18,56.71,56.73
1628775000,56.73,56.98,56.73,56.84
1628861400,56.81,57.3,56.771,57.23
1629120600,57.2,57.49,57.03,57.48
1629207000,57.46,57.555,57.01,57.28
1629293400,57.19,57.23,56.42,56.5
1629379800,56.06,56.98,55.95,56.86
1629466200,56.84,57.0299,56.58,56.64
1629725400,56.67,56.75,56.38,56.44
1629811800,56.64,56.64,55.9,56.01
1629898200,56.06,56.17,55.73,56.07
1629984600,55.95,55.98,55.51,55.54
1630071000,55.66,55.785,55.45,55.65
1630330200,55.69,56.2,55.64,56.18
1630416600,56.16,56.515,56,56.31
1630503000,56.38,56.8,56.28,56.69
1630589400,56.77,57.03,56.41,56.77
1630675800,56.46,56.765,56.245,56.73
1631021400,56.6,56.69,55.51,55.67
1631107800,55.61,56.48,55.61,56.42
1631194200,56.18,56.42,55.8,55.86
1631280600,56.01,56.13,55.515,55.61
1631539800,55.74,56.395,55.74,56.07
1631626200,55.92,55.98,55.55,55.69
1631712600,55.68,56,55.42,55.88
1631799000,55.72,55.985,54.82,55.35
1631885400,55.02,55.194,54.37,54.44
1632144600,54.11,54.4,53.7273,54.06
1632231000,54.39,54.82,53.94,54.05
1632317400,54.505,54.56,54.0623,54.13
1632403800,54.26,54.6175,54,54.04
1632490200,54,54.24,53.86,53.89
1632749400,53.85,54.245,53.57,53.61
1632835800,53.46,53.46,52.43,52.64
1632922200,52.64,53.155,52.56,52.96
1633008600,53.17,53.325,52.43,52.47
1633095000,52.78,53.2,52.5707,53.02
1633354200,53.06,53.525,52.4,52.99
1633440600,53.02,53.47,52.93,53.08
1633527000,52.77,53.765,52.51,53.71
1633613400,53.99,54.28,53.81,53.88
1633699800,54,54.39,53.895,54.12
1633959000,54.21,54.39,54.01,54.23
1634045400,54.42,54.83,54.22,54.23
1634131800,54.17,54.43,53.79,54.24
1634218200,54.39,54.805,54.31,54.61
1634304600,54.64,54.88,54.285,54.48
1634563800,54.35,54.39,53.86,53.94
1634650200,54.04,54.2,53.77,54.15
1634736600,54.18,54.76,54.11,54.63
1634823000,54.6,54.67,54.21,54.35
1634909400,54.39,54.53,54.07,54.45
1635168600,54.38,54.47,54.015,54.23
1635255000,54.32,54.58,54.2345,54.47
1635341400,55.97,56.08,55.265,55.52
1635427800,55.75,56.11,55.62,56.04
1635514200,55.87,56.465,55.78,56.37
1635773400,56.39,56.4,55.9,56.17
1635859800,56.47,56.5,55.965,56.1
1635946200,56,56.33,55.775,56.29
1636032600,56.11,56.63,56.03,56.6
1636119000,56.84,57.16,56.59,56.84
1636381800,56.75,56.89,56.13,56.33
1636468200,56.41,56.52,56.09,56.49
1636554600,56.54,56.92,56.29,56.72
1636641000,56.825,56.88,56.57,56.74
1636727400,56.75,56.985,56.545,56.61
1636986600,56.53,56.68,56.27,56.62
1637073000,56.62,56.94,56.185,56.22
1637159400,56.04,56.05,55.65,55.91
1637245800,55.83,55.93,55.14,55.41
1637332200,55.44,55.485,54.9047,55.13
1637591400,55.1,56.02,55.08,55.47
1637677800,55.66,56.1064,55.5,55.88
1637764200,55.71,55.835,55.03,55.43
1637937000,54.59,54.75,53.58,53.73
1638196200,54.045,54.73,53.93,54.58
1638282600,53.6,53.625,52.44,52.45
1638369000,52.98,53.52,52.28,52.3
1638455400,52.6,53.34,52.505,53.07
1638541800,53.33,53.61,52.98,53.54
1638801000,54.31,55.25,54.14,54.91
1638887400,55.02,55.415,54.85,55.21
1638973800,55.12,55.35,54.36,55
1639060200,54.75,55.13,54.585,54.86
1639146600,55.25,56.32,55.07,56.28
1639405800,56.98,57.93,56.955,57.76
1639492200,57.4,58.17,57.4,57.8
1639578600,57.93,58.25,57.65,58.06
1639665000,57.98,58.88,57.9,58.65
1639751400,58.49,58.92,57.7,57.73
1640010600,57.2,57.78,57,57.54
1640097000,57.61,57.965,57.53,57.77
1640183400,57.71,58.19,57.49,58.18
1640269800,58.52,58.61,57.94,58.22
1640615400,58,58.69,58,58.65
1640701800,58.4,58.94,58.3,58.88
1640788200,58.95,59.095,58.66,58.95
1640874600,59.06,59.23,58.76,58.78
1640961000,58.75,59.35,58.695,59.21
1641220200,58.82,59.31,58.375,59.3
1641306600,59.73,60.535,59.59,60.29
1641393000,60.09,61.195,60.05,60.79
1641479400,60.465,61.115,60.435,60.47
1641565800,60.275,60.72,60.06,60.33
1641825000,60.55,60.82,60.18,60.43
1641911400,60.43,60.49,59.84,60.45
1641997800,60.53,60.685,60.19,60.54
1642084200,60.54,61.04,60.385,60.9
1642170600,60.94,61.45,60.36,61.39
1642516200,61.06,61.19,60.45,60.9
1642602600,60.66,61.18,60.555,61
1642689000,61,61.44,60.72,60.75
1642775400,61.08,61.3,60.3982,60.45
1643034600,59.9,60.35,58.57,59.96
1643121000,59.36,60.045,58.69,59.82
1643207400,59.79,60.345,59.21,59.6
1643293800,59.88,60.925,59.5,59.65
1643380200,59.39,60.89,58.94,60.84
1643639400,60.3,61.14,60.15,61.01
1643725800,60.91,61.14,60.16,60.56
1643812200,60.62,61.27,60.56,61.18
1643898600,60.94,61.78,60.585,61.61
1643985000,61.49,61.68,60.57,60.96
1644244200,61.38,61.72,60.86,61.6
1644330600,61.83,62.325,61.74,62
1644417000,62.17,62.32,60.9,61.04
1644503400,60.36,62.3,60.2,61.38
1644589800,61.77,61.98,60.15,60.29
1644849000,60.16,60.79,59.28,60.68
1644935400,60.955,61.78,60.63,60.91
1645021800,60.86,61.395,60.555,60.9
1645108200,60.55,62.275,60.405,62.12
1645194600,62.12,62.82,61.99,62.54
1645540200,62.43,62.64,61.72,62.28
1645626600,62.24,62.33,61.34,61.59
1645713000,59.97,60.62,59.22,60.51
1645799400,60.94,62.895,60.92,62.85
1646058600,61.65,62.335,61.41,62.24
1646145000,62.14,62.75,61.51,61.97
1646231400,62.23,62.88,61.78,62.43
1646317800,62.61,63.02,62.285,62.47
1646404200,61.46,62.59,61.2,62.57
1646663400,62.01,62.07,60.72,61.08
1646749800,61.45,61.54,58.59,58.66
1646836200,59.82,59.84,58.66,58.96
1646922600,58.48,58.66,57.5,57.88
1647009000,57.96,58.85,57.86,57.92
1647264600,57.97,59.035,57.97,58.54
1647351000,59.08,59.89,58.98,59.62
1647437400,59.78,59.935,58.605,59.46
1647523800,59.46,60.135,59.23,60.09
1647610200,60.3,60.3,59.705,60.1
1647869400,60.5,61.1,60.245,60.58
1647955800,60.93,60.95,60.055,60.8
1648042200,60.75,60.98,59.995,60.4
1648128600,60.64,61.02,60.455,60.98
1648215000,61.12,61.61,61.05,61.53
1648474200,61.53,61.94,61.21,61.92
1648560600,62.21,62.53,61.74,62.16
1648647000,62.01,62.21,61.555,62.21
1648733400,62.22,62.64,62,62
1648819800,62.33,62.95,62.085,62.87
1649079000,62.6,62.785,61.72,62.54
1649165400,62.4,63.235,62.37,62.47
1649251800,62.77,63.26,62.3,63.1
1649338200,63.13,63.67,62.711,63.44
1649424600,63.48,64.04,63.16,63.83
1649683800,63.905,64.3,63.635,63.81
1649770200,64.38,64.805,63.89,64.56
1649856600,64.44,64.87,64.23,64.73
1649943000,64.96,65.57,64.82,65.02
1650288600,64.77,65.18,64.18,64.44
1650375000,64.5,65.25,64.44,65.07
1650461400,65.44,66.24,65.4,65.96
1650547800,65.98,67,65.72,66.21
1650634200,66.08,66.34,65.18,65.25
1650893400,67,67.2,64.78,65.94
1650979800,65.52,66.367,65.04,65.05
1651066200,65,66.28,65,65.56
1651152600,64.66,66.28,64.5,66.19
1651239000,65.87,66.03,64.49,64.61
1651498200,65.28,65.31,62.58,63.44
1651584600,63.72,63.94,62.67,63.08
1651671000,63,65.12,62.94,65.03
1651757400,64.69,65.03,64.01,64.51
1651843800,64.2,65.31,64.07,64.74
1652103000,64.47,65.365,64.04,64.61
1652189400,64.5,65.32,63.85,64.01
1652275800,64.33,65.2,63.96,64.31
1652362200,64.16,64.53,63.205,64.51
1652448600,64.81,65.8,64.12,65.72
1652707800,65.44,66.38,65.44,65.96
1652794200,66.1,66.1,65.01,65.78
1652880600,65.42,65.52,60.9639,61.2
1652967000,60.96,60.96,59.66,60
1653053400,60.49,61.235,59.66,60.98
1653312600,61.65,63.1,61.59,62.86
1653399000,62.88,64.19,62.75,64.02
1653485400,64,64.475,63.6,64.07
1653571800,64.07,65.095,63.96,64.3
1653658200,64.26,64.83,64.14,64.68
1654003800,64.08,64.315,63.05,63.38
1654090200,63.42,63.68,62.13,63.07
1654176600,63.18,63.735,62.11,63.73
1654263000,63.57,63.625,62.81,62.97
1654522200,63.33,63.77,62.66,62.87
1654608600,62.38,63.365,62.22,63.25
1654695000,62.99,63.21,62.555,62.89
1654781400,62.87,63.35,61.78,61.8
1654867800,61.01,61.885,60.4601,61.41
1655127000,60.75,62.291,60.67,61.34
1655213400,60.73,60.89,58.655,59.23
1655299800,60,60.635,58.97,59.67
1655386200,58.64,59.52,58.2528,59.07
1655472600,59.7,60.125,59.13,59.43
1655818200,59.49,60.88,59.01,60.7
1655904600,60.6,61.445,60.315,61.15
1655991000,61.3,61.91,61.2263,61.88
1656077400,62.11,63.06,62.11,63.04
1656336600,62.98,63.2867,62.63,62.91
1656423000,63.08,63.76,62.105,62.28
1656509400,62.54,63.11,62.43,62.73
1656595800,62.32,63.1144,62.16,62.91
1656682200,63.12,64.45,62.82,64.38
1657027800,64.18,64.18,62.415,63.28
1657114200,63.6,64.09,63.19,63.41
1657200600,63.26,63.58,62.7,62.91
1657287000,63.03,63.42,62.88,63.14
1657546200,62.99,63.46,62.585,62.94
1657632600,63,63.45,62.47,62.67
1657719000,62.33,63,61.9811,62.38
1657805400,61.33,62.25,61.3,62.18
1657891800,62.75,62.97,62.07,62.5
1658151000,62.52,62.56,61.51,61.65
1658237400,62.09,62.65,61.925,62.53
1658323800,62.4,62.58,61.145,61.5
1658410200,61.26,61.875,60.79,61.36
1658496600,61.38,61.87,61.32,61.59
1658755800,61.55,62.3,61.31,62.19
1658842200,62.75,63.8,62.53,63.21
1658928600,62.88,63.185,61.785,63.01
1659015000,62.92,64.245,62.89,64.06
1659101400,63.71,64.29,63.63,64.17
1659360600,64.09,65.04,64.03,64.52
1659447000,64.59,64.6,63.43,63.64
1659533400,63.55,64.095,63.31,63.92
1659619800,63.64,63.73,62.92,63.67
1659706200,63.63,63.63,62.67,63.38
1659965400,63.5,63.81,62.75,62.97
1660051800,63.18,63.31,62.85,63.05
1660138200,63.63,63.79,63.1,63.65
1660224600,63.69,63.99,63.08,63.22
1660311000,63.43,63.76,63.09,63.7
1660570200,63.64,64.69,63.57,64.5
1660656600,64.57,65.23,64.33,65.03
1660743000,64.83,65.22,64.76,64.88
1660829400,64.96,65.35,64.71,65.22
1660915800,65.205,65.47,64.96,65.17
1661175000,64.84,64.92,63.99,64.2
1661261400,63.82,64.37,63.68,64.27
1661347800,64.24,64.575,64.05,64.36
1661434200,64.36,64.705,63.9,64.67
1661520600,64.73,64.8,62.98,63.11
1661779800,62.685,63.025,62.41,62.73
1661866200,62.91,62.91,61.9937,62.15
1661952600,62.38,62.53,61.7,61.71
1662039000,61.58,62.04,61.29,62
1662125400,62.39,62.77,60.895,61.15
1662471000,61.29,61.965,60.99,61.18
1662557400,61.32,62.49,61.32,62.31
1662643800,62.08,62.3,61.34,62.12
1662730200,62.17,62.88,61.855,62.32
1662989400,62.43,62.81,62.27,62.5
1663075800,62.2,62.22,60.28,60.47
1663162200,60.64,61.08,60.44,60.79
1663248600,60.4,60.4,59.36,59.53
1663335000,59.66,59.795,59.11,59.54
1663594200,59.39,60.1,59.225,59.99
1663680600,59.68,60.03,59.315,59.9
1663767000,60.14,60.7,59.39,59.4
1663853400,59.55,59.73,59.2,59.26
1663939800,58.96,59.1,58,58.6
1664199000,58.49,58.57,57.685,57.87
1664285400,58.08,58.37,56.31,56.38
1664371800,56.66,57.25,55.91,56.98
1664458200,57.09,57.29,56,56.57
1664544600,56.87,57.13,56,56.02
1664803800,56.36,56.85,56.06,56.65
1664890200,56.95,57.81,56.46,56.78
1664976600,56.5,56.65,55.51,56.24
1665063000,56,56.1,54.87,55.03
1665149400,54.99,55.09,54.25,54.51
1665408600,54.6,54.96,54.015,54.39
1665495000,54.46,55.22,54.24,54.48
1665581400,55.23,56.0365,55.04,55.14
1665667800,54.48,56.08,54.26,55.87
1665754200,56.29,56.47,54.94,54.98
1666013400,55.63,56.215,55.57,55.69
1666099800,56.31,56.78,56.1009,56.44
1666186200,56.31,56.54,55.73,55.96
1666272600,55.77,55.92,54.96,55.08
1666359000,55,56.105,54.985,55.96
1666618200,56.64,57.73,56.57,57.57
1666704600,59.04,59.11,57.75,58.95
1666791000,59.01,59.78,58.86,59.39
1666877400,59.77,59.84,59.375,59.53
1666963800,59.57,60.91,59.47,60.76
1667223000,60.51,60.57,59.67,59.85
1667309400,60.03,60.29,59.37,59.64
1667395800,59.64,60.23,58.77,58.81
1667482200,58.11,58.9972,58.1,58.78
1667568600,59.3,59.585,58.56,59.26
1667831400,59.26,59.77,59.24,59.49
1667917800,59.75,59.79,58.94,59.6
1668004200,59.59,59.64,58.751,58.77
1668090600,60.25,61.04,59.68,60.88
1668177000,61.37,61.45,60.21,61.32
1668436200,61.32,61.715,60.71,60.73
1668522600,61.13,61.45,60,60.63
1668609000,60.79,61.03,60.285,60.52
1668695400,60.19,60.74,60.13,60.71
1668781800,60.99,61.37,60.8,61.14
1669041000,61.41,62.21,61.2,62.08
1669127400,62.47,62.5,62.0538,62.35
1669213800,62.49,62.79,62.3008,62.63
1669386600,62.73,62.81,62.38,62.69
1669645800,62.69,63.1,62.56,62.7
1669732200,62.52,62.57,61.98,62.48
1669818600,62.01,63.68,61.75,63.61
1669905000,63.61,64.11,63.43,63.79
1669991400,63.61,64.52,63.4,64.35
1670250600,63.41,63.795,63.26,63.47
1670337000,63.52,63.88,63.225,63.44
1670423400,63.45,63.72,63.25,63.54
1670509800,63.6,63.85,63.345,63.81
1670596200,63.61,63.84,63.09,63.14
1670855400,63.3,64.005,63.01,63.97
1670941800,64.59,64.7,63.8,63.99
1671028200,64.19,64.65,63.57,63.99
1671114600,63.59,63.89,62.49,63.11
1671201000,62.75,63.14,62.325,62.75
1671460200,62.83,63.405,62.47,62.84
1671546600,62.8219,63.15,62.75,62.79
1671633000,63.07,64.05,63.07,63.8
1671719400,63.42,63.59,62.645,63.34
1671805800,63.5,63.87,63.2,63.82
1672151400,63.93,64.29,63.71,64.21
1672237800,64.46,64.65,63.485,63.57
1672324200,63.8,64.15,63.7,63.95
1672410600,63.92,63.92,63.17,63.61
1672756200,63.56,63.56,62.175,62.95
1672842600,63.15,63.3294,62.511,62.92
1672929000,62.6,62.8,62.08,62.2
1673015400,62.91,63.67,62.58,63.4
1673274600,63.3,63.72,62.575,62.61
1673361000,62.6,62.73,61.92,62.13
1673447400,62.38,62.56,61.411,62.01
1673533800,62.11,62.18,60.97,61.21
1673620200,60.7,61.46,60.585,61.43
1673965800,61.73,62.38,61.56,61.68
1674052200,61.51,61.59,59.6817,59.81
1674138600,59.725,60.64,59.705,59.72
1674225000,59.72,60.09,59.4,60.08
1674484200,60.28,60.565,60.05,60.23
1674570600,60.08,61.85,59.8,60.55
1674657000,60.2,60.94,59.885,60.93
1674743400,60.81,61.095,60.57,60.81
1674829800,60.84,60.96,60.37,60.49
1675089000,60.54,61.17,60.46,60.64
1675175400,60.98,61.34,60.51,61.32
1675261800,61.14,61.58,60.62,61.33
1675348200,60.8,61.02,59.91,60.28
1675434600,60.35,60.42,59.23,59.83
1675693800,59.79,60.34,59.72,60.17
1675780200,59.67,60.24,59.535,60.07
1675866600,59.92,59.92,59.59,59.72
1675953000,60.15,60.32,59.595,59.62
1676039400,59.72,59.9,58.88,59.62
1676298600,59.9,60.76,59.73,60.6
1676385000,60.21,60.9,59.56,59.59
1676471400,59.9,59.93,59.225,59.59
1676557800,59.23,59.82,58.95,59.22
1676644200,59.5,60.23,59.38,60.12
1676989800,59.99,60.23,59.72,59.8
1677076200,59.85,60.36,59.7539,59.98
1677162600,60.01,60.42,59.81,60.09
1677249000,59.68,59.91,59.385,59.84
1677508200,60.18,60.3,59.74,59.82
1677594600,59.7,59.7,59.14,59.51
1677681000,59.13,59.18,58.37,58.86
1677767400,58.84,59.78,58.8,59.72
1677853800,59.55,59.68,59.205,59.44
1678113000,59.26,60.375,59.215,60.36
1678199400,60.49,60.57,59.75,60.01
1678285800,60.04,60.325,59.725,60.04
1678372200,60.54,60.54,59.275,59.46
1678458600,59.7,60.14,58.99,59.21
1678714200,59.29,60.87,59.25,59.81
1678800600,60,60.455,59.35,60.03
1678887000,59.43,60.475,59.24,60.43
1678973400,60.09,60.335,59.7,60.3
1679059800,60.31,60.35,59.635,60.02
1679319000,60.16,60.6,59.97,60.6
1679405400,60.57,60.75,59.88,60.32
1679491800,60.4,60.87,60.03,60.05
1679578200,60.09,60.39,59.72,59.92
1679664600,60.25,61.015,59.91,60.9
1679923800,61.14,61.48,60.95,61.35
1680010200,61.39,61.74,61.27,61.42
1680096600,61.72,61.95,61.59,61.86
1680183000,61.88,62.09,61.66,61.85
1680269400,62.06,62.25,61.87,62.03
1680528600,62.3,62.52,61.86,62.4
1680615000,62.39,62.74,62.075,62.21
1680701400,62.53,63.02,62.5,62.8
1680787800,62.86,63.0399,62.38,62.84
1681133400,62.49,62.69,62.02,62.69
1681219800,62.65,62.71,62.4,62.58
1681306200,62.48,63.03,62.31,62.69
1681392600,62.76,63.16,62.48,63.15
1681479000,63.05,63.15,62.775,63.05
1681738200,63.32,63.53,63.1401,63.46
1681824600,63.51,63.6,63.19,63.56
1681911000,63.73,63.83,63.425,63.68
1681997400,63.63,64,63.44,63.96
1682083800,64,64.27,63.8,64.05
1682343000,64.75,64.99,63.6237,63.95
1682429400,64.17,64.17,63.63,63.85
1682515800,63.56,63.77,63.39,63.55
1682602200,63.53,63.76,63.1141,63.68
1682688600,63.61,64.16,63.48,64.15
1682947800,64.15,64.69,64.06,64.3
1683034200,64.14,64.14,63.27,64.01
1683120600,64.02,64.18,63.58,63.65
1683207000,63.74,63.93,63.51,63.72
1683293400,63.64,64.205,63.63,64.02
1683552600,63.81,64.055,63.61,63.92
1683639000,63.64,63.75,63.28,63.39
1683725400,63.32,63.64,62.99,63.5
1683811800,63.58,63.93,63.01,63.86
1683898200,63.86,64.19,63.7,64.11
1684157400,64.22,64.25,63.71,63.94
1684243800,63.895,63.895,63.16,63.22
1684330200,63.4,63.42,62.73,63.15
1684416600,63.01,63.04,62.57,62.8
1684503000,63.04,63.1,62.605,62.83
1684762200,62.785,62.865,61.44,61.51
1684848600,61.51,61.67,61.17,61.4
1684935000,61.38,61.43,60.72,60.88
1685021400,60.47,60.73,60.15,60.41
1685107800,60.45,60.64,60.11,60.26
1685453400,60.09,60.195,59.52,59.78
1685539800,59.92,60.28,59.365,59.66
1685626200,59.94,60.165,59.77,60
1685712600,60.27,61.32,60.08,61.16
1685971800,61,61.44,60.5548,60.75
1686058200,60.95,60.99,60.1244,60.31
1686144600,60.01,60.355,59.82,60.22
1686231000,60.13,60.405,59.98,60.37
1686317400,60.27,60.6667,60.17,60.47
1686576600,60.59,60.65,60.02,60.21
1686663000,60.21,60.67,60.04,60.45
1686749400,60.73,61.08,60.6,60.86
1686835800,60.61,61.2985,60.34,61.23
1686922200,61.6,62.17,61.48,61.67
1687267800,61.59,61.96,61.24,61.26
1687354200,61.31,61.7199,60.98,61.43
1687440600,61.81,62.1,61.585,61.85
1687527000,61.94,61.97,61.18,61.2
1687786200,61.205,61.29,60.39,61.22
1687872600,61.22,61.36,60.98,61.09
1687959000,60.88,61.04,60.4,60.52
1688045400,60.22,60.35,59.765,60.02
1688131800,60,60.35,59.87,60.22
1688391000,60.2,60.63,60.03,60.58
1688563800,60.28,61.1,60.16,61.03
1688650200,60.73,61.02,60.5,60.56
1688736600,60.31,60.495,59.73,59.76
1688995800,59.97,60.15,59.14,59.31
1689082200,59.46,59.56,58.84,59.52
1689168600,59.75,60.05,59.445,59.84
1689255000,60.12,60.46,59.98,60.35
1689341400,60.14,61.04,60.09,60.9
1689600600,60.76,61.1,60.49,60.81
1689687000,60.96,61.2488,60.41,60.57
1689773400,60.77,61.79,60.68,61.64
1689859800,61.68,62.41,61.67,62.39
1689946200,62.46,62.68,62.24,62.44
1690205400,62.42,62.81,62.4,62.46
1690291800,62.3,62.39,62.045,62.25
1690378200,61.86,63.17,61.39,63.05
1690464600,63.05,63.265,62.38,62.44
1690551000,62.585,62.77,62.2207,62.48
1690810200,62.45,62.45,61.73,61.93
1690896600,62.09,62.36,61.62,61.77
1690983000,61.56,62.585,61.56,61.96
1691069400,61.87,62.12,61.525,61.64
1691155800,61.68,61.89,60.62,60.71
1691415000,60.79,61.329,60.74,61.19
1691501400,61.19,61.35,60.62,60.92
1691587800,60.91,61.63,60.75,61.06
1691674200,61.35,61.73,60.79,60.92
1691760600,60.84,61.1982,60.69,61.17
1692019800,61.32,61.48,60.75,60.88
1692106200,60.69,60.8999,60.37,60.47
1692192600,60.54,60.82,60.4,60.48
1692279000,60.58,61.02,60.45,60.61
1692365400,60.54,61.085,60.37,60.95
1692624600,60.86,60.93,60.3206,60.43
1692711000,60.34,60.575,59.975,60.06
1692797400,60.2,60.435,60.16,60.27
1692883800,60.27,60.88,60.09,60.11
1692970200,60.41,60.57,60.01,60.39
1693229400,60.55,60.725,60.3692,60.56
1693315800,60.56,60.63,60.15,60.5
1693402200,60.64,60.74,60.2941,60.47
1693488600,60.3,60.47,59.805,59.83
1693575000,60,60.13,59.12,59.31
1693920600,59.25,59.32,58.67,58.82
1694007000,58.62,58.83,58.42,58.78
1694093400,58.95,59.16,58.3,58.33
1694179800,58.3,58.41,58.01,58.33
1694439000,58.4,58.99,58.225,58.88
1694525400,58.99,59,58.19,58.3
1694611800,58.4,58.68,58.34,58.44
1694698200,58.24,58.59,58.19,58.46
1694784600,58.41,58.635,57.75,57.94
1695043800,57.98,58.3499,57.63,58.3
1695130200,58.26,58.39,57.92,58.18
1695216600,58.3,58.83,58.08,58.44
1695303000,58.37,58.42,57.42,57.54
1695389400,57.85,57.965,57.5,57.6
1695648600,57.4,57.485,56.74,57
1695735000,56.73,56.895,56.4,56.53
1695821400,56.42,56.53,55.68,55.95
1695907800,56.23,56.32,55.7,55.81
1695994200,56.14,56.27,55.615,55.98
1696253400,55.91,56.009,55.075,55.48
1696339800,55.16,55.425,54.78,54.88
1696426200,54.89,55.28,54.71,55.04
1696512600,54.74,54.95,52.235,52.38
1696599000,52.04,53.29,51.55,53.14
1696858200,52.96,53.15,52.11,52.88
1696944600,54.13,54.33,53.56,54.03
1697031000,54.22,54.28,53.02,53.71
1697117400,53.76,53.83,52.4299,52.81
1697203800,52.74,53.42,52.64,52.89
1697463000,53.02,53.56,52.84,53.43
1697549400,53.31,54.1,53.21,54.07
1697635800,54.1,54.53,53.92,54.05
1697722200,54.16,54.76,53.86,54.35
1697808600,54.53,55.02,54.44,54.57
1698067800,54.38,54.89,54.045,54.08
1698154200,55.65,56.17,55.3,55.64
1698240600,55.76,56.2178,55.56,56.12
1698327000,56.37,56.625,55.72,55.78
1698413400,55.55,56.135,55.1,55.24
1698672600,55.43,56.275,55.42,56.15
1698759000,56.57,56.72,56.15,56.49
1698845400,56.8,56.88,56.26,56.44
1698931800,56.5,57.15,56.355,57.09
1699018200,57.4,57.59,56.7,56.74
1699281000,56.78,57.275,56.74,56.97
1699367400,56.92,57.3995,56.73,57.18
1699453800,57.32,57.465,56.92,57.09
1699540200,57.03,57.14,56.37,56.66
1699626600,56.87,56.925,56.055,56.72
1699885800,56.62,57.095,56.6,56.93
1699972200,57.02,57.24,56.805,57.1
1700058600,57.3,57.335,56.75,57.21
1700145000,57.25,57.53,56.81,57.15
1700231400,57.19,57.34,56.7,57.26
1700490600,57.05,57.575,56.955,57.4
1700577000,57.46,58.04,57.33,58.03
1700663400,58.26,58.535,58.1271,58.42
1700836200,58.46,58.75,58.335,58.57
1701095400,58.54,58.69,58.27,58.46
1701181800,58.4,58.83,58.36,58.58
1701268200,58.58,58.67,58.1,58.23
1701354600,57.96,58.455,57.6,58.44
1701441000,58.27,58.685,58.24,58.64
1701700200,58.59,58.955,58.44,58.57
1701786600,58.55,58.83,58.415,58.66
1701873000,58.56,58.73,58.205,58.6
1701959400,58.67,58.8901,58.39,58.74
1702045800,58.74,58.75,58.365,58.61
1702305000,58.83,59.09,58.5,59.04
1702391400,59.2,59.42,58.895,59.42
1702477800,59.45,60.02,59.26,59.93
1702564200,59.97,60.04,58.77,59.04
1702650600,58.83,59.17,57.8,58.6
1702909800,58.8,59.49,58.62,59.02
1702996200,59,59.2,58.635,58.83
1703082600,58.5,58.67,57.57,57.61
1703169000,57.85,58.07,57.47,57.99
1703255400,58.12,58.46,58.02,58.32
1703601000,58.06,58.705,58.06,58.56
1703687400,58.64,58.77,58.4,58.71
1703773800,58.65,58.87,58.525,58.75
1703860200,58.74,58.98,58.63,58.93
1704205800,58.8,59.88,58.67,59.82
1704292200,59.93,60.2,59.76,59.96
1704378600,60.05,60.26,59.66,59.76
1704465000,59.8,59.95,59.0921,59.67
1704724200,59.68,60.18,59.42,60.11
1704810600,59.99,60.135,59.62,60
1704897000,60.22,60.41,59.98,60.2
1704983400,60.25,60.26,59.69,59.81
1705069800,60.08,60.46,59.87,60.39
1705415400,60.39,60.43,59.85,59.99
1705501800,59.86,60.21,59.82,59.99
1705588200,59.69,60.23,59.525,60.16
1705674600,60.26,60.28,59.64,59.83
1705933800,59.755,60.065,59.44,59.57
1706020200,59.53,60,59.46,59.85
1706106600,59.8,59.81,58.89,58.91
1706193000,59.01,59.17,58.66,59.16
1706279400,59.25,59.49,59.125,59.37
1706538600,59.34,59.79,59.17,59.73
1706625000,59.85,60.02,59.445,59.9
1706711400,60.1,60.45,59.29,59.49
1706797800,59.57,61.005,59.36,60.98
1706884200,60.82,60.87,60.23,60.54
1707143400,60.38,60.38,59.88,60.04
1707229800,59.96,60.05,59.68,59.94
1707316200,60.07,60.21,59.94,59.99
1707402600,59.89,59.97,59.41,59.83
1707489000,59.47,59.58,59.03,59.56
1707748200,59.66,59.76,58.96,59.7
1707834600,59.5,60.655,58.79,59.35
1707921000,59.17,59.59,59.035,59.29
1708007400,59.42,59.59,59.13,59.4
1708093800,59.35,59.62,58.955,59.39
1708439400,59.595,60.84,59.51,60.7
1708525800,60.99,61.28,60.83,61.24
1708612200,60.99,61.25,60.5,61.15
1708698600,61.09,61.62,61,61.2
1708957800,61.24,61.27,60.66,60.71
1709044200,60.54,60.78,60.12,60.34
1709130600,60.37,60.49,60.06,60.4
1709217000,60.35,60.64,59.9,60.02
1709303400,59.9,59.9,59.34,59.53
1709562600,59.23,59.95,59.22,59.81
1709649000,59.91,60.11,59.42,59.52
1709735400,59.52,59.995,59.38,59.55
1709821800,59.69,59.77,59.24,59.44
1709908200,59.3,59.79,58.97,59.52
1710163800,59.78,60.29,59.575,60.24
1710250200,60.32,60.75,60.21,60.5
1710336600,60.88,61.21,60.8001,61.12
1710423000,60.58,60.8,60.4,60.5
1710509400,60.02,60.45,59.64,59.88
1710768600,59.89,60.4,59.801,60.13
1710855000,60.24,60.35,60.06,60.23
1710941400,60.18,60.81,60.155,60.75
1711027800,60.56,60.99,60.32,60.47
1711114200,60.52,60.79,60.43,60.49
1711373400,60.48,60.71,60.12,60.4
1711459800,60.5,60.71,60.38,60.54
1711546200,60.79,61.43,60.7,61.03
1711632600,61.14,61.26,60.995,61.18
1711978200,61.18,61.3,60.63,60.68
1712064600,60.45,60.73,60.11,60.15
1712151000,60.05,60.39,59.78,59.83
1712237400,60.09,60.15,59.17,59.3
1712323800,59.25,59.68,58.9101,59.51
1712583000,59.4,59.47,59.07,59.27
1712669400,59.48,59.74,59.13,59.72
1712755800,59.32,59.39,58.69,58.92
1712842200,59.15,59.37,58.785,59.05
1712928600,58.95,59.01,58.13,58.28
1713187800,58.61,58.805,58.04,58.14
1713274200,58.25,58.38,57.93,58.06
1713360600,58.28,58.555,58.1,58.51
1713447000,58.62,58.98,58.54,58.91
1713533400,59.1,60.355,58.995,60.17
1713792600,60.14,60.63,59.715,60.55
1713879000,60.53,60.675,60.13,60.64
1713965400,60.32,61.65,59.84,61.55
1714051800,61.87,62.59,61.37,61.74
1714138200,61.55,61.93,61.35,61.74
1714397400,61.92,62.05,61.53,62.04
1714483800,62.14,62.83,61.465,61.77
1714570200,61.8,62.57,61.21,61.93
1714656600,62.18,62.3991,61.72,61.99
1714743000,61.99,62.33,61.64,62.17
1715002200,62.3,62.38,61.895,62.35
1715088600,62.76,62.82,62.25,62.62
1715175000,62.85,62.97,62.48,62.85
1715261400,62.81,63.15,62.75,62.88
1715347800,62.92,63.36,62.79,63.26
1715607000,63.24,63.62,63.18,63.58
1715693400,63.58,63.76,62.8,63.1
1715779800,63.06,63.3915,63,63.13
1715866200,63.24,63.725,63.07,63.32
1715952600,63.34,63.37,62.935,63.03
1716211800,62.93,63.01,62.46,62.57
1716298200,62.82,62.98,62.44,62.91
1716384600,62.71,63.02,62.66,63
1716471000,62.49,62.88,62.05,62.09
1716557400,62.22,62.42,61.97,62
1716903000,61.79,62.13,61.4,61.82
1716989400,61.47,61.88,61.07,61.7
1717075800,61.85,62.08,61.6,61.97
1717162200,61.99,63.025,61.69,62.93
1717421400,62.71,63.09,62.445,62.93
1717507800,63.2,63.97,62.94,63.94
1717594200,63.99,64.07,63.35,63.92
1717680600,63.92,64.36,63.84,64.15
1717767000,64.09,64.225,63.81,63.91
1718026200,63.94,63.99,63.365,63.59
1718112600,63.59,63.645,63.07,63.55
1718199000,63.69,63.69,62.685,62.88
1718285400,62.86,63.035,62.45,62.99
1718371800,62.38,62.69,62.09,62.55
1718631000,62.37,62.895,62.18,62.62
1718717400,62.53,62.82,62.44,62.63
1718890200,62.4,62.74,61.945,62.18
1718976600,62.18,63.1,62.18,62.77
1719235800,62.99,64.055,62.91,63.97
1719322200,63.935,64.07,63.51,63.84
1719408600,63.4,64.11,63.23,64.05
1719495000,64.05,64.27,63.62,63.91
1719581400,63.9,64.06,63.52,63.65
1719840600,64.03,64.3,63.12,63.28
1719927000,63.26,63.38,62.855,63.15
1720013400,63.19,63.665,62.93,63.33
1720186200,63.33,63.79,62.995,63.76
1720445400,63.59,63.59,62.84,62.96
1720531800,63.06,63.23,62.59,62.69
1720618200,62.72,62.86,62.285,62.83
1720704600,62.64,63.46,62.395,63.1
1720791000,63.46,64.115,63.385,63.7
1721050200,63.79,63.94,63.35,63.41
1721136600,63.43,64.31,63.39,64.27
1721223000,64.47,65.39,64.405,65.21
1721309400,64.8,65.805,64.72,65.19
1721395800,65.64,65.64,64.82,65.29
1721655000,65.25,65.29,64.315,64.77
1721741400,65.43,66.04,64.845,64.96
1721827800,65.09,65.965,64.835,65.81
1721914200,66.04,66.89,65.86,66.07
1722000600,66.07,67.11,66.01,67.05
1722259800,66.88,67.025,66.39,66.83
1722346200,66.48,67.83,66.36,67.68
1722432600,67.5,67.61,66.61,66.74
1722519000,67,68.105,66.7,67.96
1722605400,68.53,69.67,67.69,69.33
1722864600,68.99,69.55,67.73,68.1
1722951000,68.15,68.84,67.77,68.05
1723037400,68.05,69.18,67.83,68.46
1723123800,68,68.865,67.85,68.73
1723210200,68.7,68.785,68.245,68.68
1723469400,68.45,68.54,67.83,68.17
1723555800,68.08,68.61,68.01,68.46
1723642200,68.23,68.89,68.13,68.58
1723728600,68.62,68.92,68.5,68.65
1723815000,68.84,69.3,68.64,69.18
1724074200,69.35,69.42,68.845,68.98
1724160600,68.99,69.39,68.765,69.38
1724247000,69.48,70.13,69.335,69.57
1724333400,69.92,69.92,68.79,69.33
1724419800,69.4,69.85,68.935,69.79
1724679000,69.83,70.92,69.73,70.84
1724765400,71.32,71.53,71.05,71.5
1724851800,71.61,71.81,71.295,71.75
1724938200,71.9,72.22,71.23,72.05
1725024600,72.2,72.57,71.78,72.47
1725370200,72.44,73.285,72.245,73.01
1725456600,73.3,73.53,71.91,72.56
1725543000,72.62,72.68,70.98,71.17
1725629400,70.99,71.67,70.89,71.14
1725888600,71.23,72.305,70.98,71.85
1725975000,71.97,72.42,71.52,71.55
1726061400,71.36,71.37,70.5701,71.08
1726147800,71,71.38,70.655,71.23
1726234200,70.84,71.465,70.48,71.41
1726493400,71.77,72.24,71.62,72.1
1726579800,71.9,72.35,71.725,71.8
1726666200,71.89,72.38,71.27,71.75
1726752600,71.56,71.94,70.6,70.62
1726839000,70.41,71.8,70.38,71.64
1727098200,71.55,72.2,71.18,71.73
1727184600,71.22,71.815,70.6,71.33
1727271000,71.71,71.92,71.305,71.45
1727357400,70.86,71.61,70.84,71.4
1727443800,71.54,72.2,71.46,71.79
1727703000,72,72.2,71.69,71.86
1727789400,72.1,72.745,71.63,71.71
1727875800,71.39,71.43,70.41,71.01
1727962200,70.86,70.99,70.2,70.52
1728048600,69.96,70.28,69.72,70.17
1728307800,70.05,70.1,68.87,69.01
1728394200,69.04,69.44,68.86,69.18
1728480600,69.19,69.74,69.07,69.57
1728567000,69.83,69.91,68.985,69.25
1728653400,69.46,69.59,68.995,69.57
1728912600,69.57,70.47,69.47,70.34
1728999000,70.46,71.21,70.16,70.34
1729085400,70.09,70.7,69.97,70.57
1729171800,70.63,70.69,69.58,69.9
1729258200,69.87,70.55,69.605,70.44
1729517400,70,70.325,69.305,69.45
1729603800,69,69.745,68.68,69.45
1729690200,66.99,68.7,66.58,68.01
1729776600,67.65,68.04,66.952,67.3
1729863000,67.07,67.7,66.79,66.92
1730122200,66.96,67.395,66.6,66.67
1730208600,66.29,66.34,65.52,65.56
1730295000,65.51,66.535,65.32,65.92
1730381400,65.81,65.99,65.255,65.31
1730467800,65.47,65.66,64.89,65.01
1730730600,65.08,65.42,64.6507,65.11
1730817000,64.64,65.46975,64.64,65.37
1730903400,64.42,64.86,63.18,63.7
1730989800,64.29,64.39,63.6,63.66
1731076200,63.91,64.24,63.74,63.92
1731335400,63.99,64.12,63.2509,63.36
1731421800,63.68,63.75,63.12,63.2
1731508200,63.05,63.26,62.49,63
1731594600,63.11,63.11,62.43,62.55
1731681000,62.49,62.63,61.39,61.74
1731940200,61.85,62.14,61.56,61.86
1732026600,61.9,62.62,61.63,62.59
1732113000,62.7,63.01,62.02,62.99
1732199400,63.15,63.81,62.95,63.76
1732285800,64.24,64.48,63.65,63.92
1732545000,64.32,64.71,63.84,64.38
1732631400,64.31,64.64,64.06,64.55
1732717800,64.96,65.1,64.25,64.43
1732890600,64.02,64.25,63.77,64.08
1733149800,64.05,64.19,63.345,63.65
1733236200,63.72,64.08,63.025,63.52
1733322600,63.275,63.35,61.9,62.21
1733409000,62.47,63.12,62.1,62.92
1733495400,62.83,63.36,62.51,62.53
1733754600,62.69,62.929,61.9,62.6
1733841000,62.7,63.04,61.79,62.91
1733927400,63,63.63,62.4,62.64
1734013800,63.55,63.92,63.22,63.84
1734100200,63.57,63.835,63.11,63.12
1734359400,63.23,63.86,62.35,62.55
1734445800,62.45,63.55,62.32,63.4
1734532200,62.81,63.64,62.79,62.85
1734618600,62.7,63.17,62.4,62.45
1734705000,62.47,63.06,62.28,62.55
1734964200,62.5,62.76,61.5318,62.38
1735050600,62.2,62.84,62.01,62.84
1735223400,62.62,62.74,62.4,62.57
1735309800,62.45,62.95,62.209,62.45
1735569000,62.34,62.34,61.68,62.03
1735655400,62.02,62.43,61.8,62.26
1735828200,62.35,62.75,61.62,61.84
1735914600,61.9,62.075,61.62,61.75
1736173800,61.5,61.565,60.66,60.81
1736260200,61.11,61.7175,60.615,60.84
1736346600,60.99,61.77,60.93,61.71
1736519400,61.58,61.65,60.73,61.07
1736778600,61.13,61.845,60.71,61.65
1736865000,61.655,62.065,61.3,62.04
1736951400,62.33,62.62,61.68,61.77
1737037800,61.42,62.3,61.32,62.25
1737124200,62.31,62.765,62.17,62.71
1737469800,62.9,63.23,62.3,62.42
1737556200,62.12,62.285,61.66,61.78
1737642600,61.8,61.98,61.37,61.53
1737729000,61.72,62.01,61.435,61.92
1737988200,62.87,64.18,62.473,63.89
1738074600,63.51,64.04,62.28,62.36
1738161000,62.56,63.36,62.55,62.83
1738247400,63.85,64.285,63.23,64.05
1738333800,63.7,63.93,63.39,63.48
1738593000,63.18,63.6299,62.43,63.35
1738679400,63.61,63.63,62.35,62.67
1738765800,62.72,63.29,62.585,63.12
1738852200,63.62,63.74,62.91,63.36
1738938600,63.43,63.92,63.27,63.84
1739197800,64.1,64.65,63.66,64.55
1739284200,67.5,67.67,66.41,67.6
1739370600,66.87,68.82,66.87,68.71
1739457000,69,69.61,68.762,69.5
1739543400,69.365,70.03,68.76,68.87
1739889000,68.55,69.37,68.42,69.05
1739975400,69.21,70.13,69.17,70.07
1740061800,69.71,70.07,69.42,70.04
1740148200,70.32,71.6,70.13,71.35
1740407400,70.84,71.73,70.33,70.59
1740493800,70.86,71.7699,70.73,71.49
1740580200,71.27,71.275,70.525,70.8
1740666600,70.72,71.535,70.42,70.87
1740753000,71.45,71.57,70.56,71.21
1741012200,70.24,72.36,69.73,72.32
1741098600,72.07,72.65,69.88,70.19
1741185000,69.9,70.74,69.84,70.08
1741271400,70.41,70.529,69.45,70.46
1741357800,69.65,71.82,69.65,71.43
1741613400,71.96,73.22,71.315,71.45
1741699800,71.875,72.04,70.61,71.04
1741786200,70.37,70.73,69.74,69.94
1741872600,70.25,70.25,69.281,69.62
1741959000,68.51,69.26,68.3803,69.16
1742218200,69.24,70.17,69.08,70.12
1742304600,70.11,70.19,69.3,69.38
1742391000,68.55,69.38,68.54,69.28
1742477400,69.305,69.81,69.09,69.71
1742563800,69.71,69.97,68.18,68.67
1742823000,68.8,69.08,68.33,68.95
1742909400,68.95,69.08,68.6,68.81
1742995800,68.92,70.35,68.9,70.02
1743082200,70.18,70.985,70.07,70.74
1743168600,70.81,71.315,69.53,70.37
1743427800,70.73,71.9375,70.49,71.62
1743514200,71.68,71.91,71.185,71.87
1743600600,71.96,72.36,71.05,71.33
1743687000,72.48,73.95,72.32,73.18
1743773400,72.42,73.01,69.79,69.93
1744032600,66.23,69.38,66.05,68.37
1744119000,68.96,69.9815,67.76,68.42
1744205400,67.92,70.47,67.28,69.95
1744291800,70.19,71.205,68.98,70.76
1744378200,70.905,71.85,70.54,71.43
1744637400,71.3,72.66,70.93,72.45
1744723800,72.62,72.63,71.725,71.86
1744810200,72.36,72.665,71.385,71.68
1744896600,71.9,73.425,71.72,73
1745242200,73.38,73.4723,71.82,72.77
1745328600,73,74.38,72.92,73.9
1745415000,73.29,73.95,72.38,73.28
1745501400,73.02,73.425,72.3,72.52
1745587800,72.65,72.92,71.125,71.91
1745847000,72.075,72.26,71.31,71.79
1745933400,71.19,72.71,70.28,72.35
1746019800,73.35,73.48,71.685,72.55
1746106200,72,72.04,71.23,71.29
1746192600,71.5,71.815,71.095,71.65
1746451800,71.67,71.8,71.01,71.7
1746538200,71.675,71.9,71.16,71.72
1746624600,71.72,72.685,71.67,72.4
1746711000,72.2,72.47,71.13,71.17
1746797400,70.99,71.15,70.46,70.52
1747056600,70.145,70.33,68.7,69.53
1747143000,69.59,69.69,68.87,68.96
1747229400,68.88,69.34,68.58,69.16
1747315800,69.7,71.73,69.6,71.61
1747402200,71.86,72.26,71.43,72
1747661400,72.03,72.17,71.64,71.93
1747747800,71.8,72.13,71.43,71.69
1747834200,71.69,72.08,71.585,71.85
1747920600,71.84,71.985,70.96,71.14
1748007000,71.54,71.98,70.685,71.77
1748352600,71.74,72.22,71.56,71.78
1748439000,71.7,71.9,71.05,71.15
1748525400,71,71.66,70.46,71.49
1748611800,71.605,72.47,71.605,72.1
1748871000,72.025,72.04,71.36,72
1748957400,71.71,71.78,70.475,71.16
1749043800,71.26,71.845,70.68,71.37
1749130200,71.38,71.455,70.835,70.91
1749216600,71.085,71.48,70.9448,71.35
1749475800,71.35,71.83,71.09,71.77
1749562200,71.9,72.685,71.76,72.35
1749648600,72.265,72.36,71.76,72.07
1749735000,72.25,72.3999,71.6,72.24
1749821400,71.77,71.88,70.73,71.02
1750080600,71.2,71.62,70.24,70.52
1750167000,70.38,70.46,69.58,69.62
1750253400,70,70,69.09,69.21
1750426200,69.09,69.5554,68.78,68.84
1750685400,69.14,69.81,68.97,69.74
1750771800,69.945,70.35,69.685,70.21
1750858200,69.925,70.02,69.43,69.63
1750944600,69.7,69.92,69.145,69.47
1751031000,69.59,70.56,69.47,70.33
1751290200,70.125,70.79,70.09,70.75
1751376600,70.99,72.45,70.9,71.67
1751463000,71.69,71.825,70.735,70.91
1751549400,71.04,71.395,70.45,71.35
1751895000,71.37,71.37,70.8,71.01
1751981400,70.68,70.68,69.88,70.24
1752067800,70.16,70.25,68.97,69.48
1752154200,69.29,69.845,69.16,69.77
1752240600,69.565,70.155,69.25,69.87
1752499800,69.8,70.08,69.2719,69.47
1752586200,69.51,69.55,69.15,69.36
1752672600,69.35,69.5,68.79,69.27
1752759000,69.81,70.685,69.51,70.59
1752845400,70.445,70.7,69.835,69.85
1753104600,70.195,70.62,69.93,70.07
1753191000,69.45,70.2592,68.69,69.66
1753277400,69.66,69.74,68.6,69.16
1753363800,69.255,69.55,68.99,69.1
1753450200,69.13,69.23,68.75,69.17
1753709400,68.74,68.9,68.06,68.09
1753795800,68.34,69.42,68.15,69.38
1753882200,69.11,69.33,68.525,68.75
1753968600,68.15,68.65,67.74,67.89
1754055000,68.595,69.04,68.27,68.86
1754314200,68.715,69.085,68.31,68.96
1754400600,68.9,69.485,68.75,69.05
1754487000,69.12,69.8,68.63,69.51
1754573400,69.46,70.715,69.33,70.43
1754659800,70.365,70.871,70.08,70.34
1754919000,70.3,70.86,69.96,70.75
1755005400,70.815,71.06,70.22,70.71
1755091800,70.69,70.77,70.23,70.46
1755178200,70.38,70.46,69.39,69.55
1755264600,69.74,70.385,69.57,69.92
1755523800,69.98,70.05,69.05,69.13
1755610200,69.3,70.22,69.24,70.13
1755696600,70.74,71.705,70.405,70.7
1755783000,70.6,70.905,70.33,70.66
1755869400,70.96,71.02,69.92,70.13
1756128600,70.11,70.23,68.715,68.93
1756215000,69.04,69.08,68.575,68.73
1756301400,68.82,68.87,68.465,68.83
1756387800,68.88,68.9,68.28,68.36
1756474200,68.67,69.14,68.425,68.99
1756819800,68.96,69.34,68.255,69.06
1756906200,68.66,69.095,67.37,68.99
1756992600,69.11,69.46,68.115,68.25
1757079000,68.01,68.58,67.87,67.96
1757338200,67.855,67.88,67.16,67.43
1757424600,67.28,68.105,67.28,67.86
1757511000,67.79,68.0854,67.21,67.82
1757597400,67.92,68.165,67.58,67.62
1757683800,67.6,67.715,66.935,67.01
1757943000,66.68,66.78,66.1,66.21
1758029400,66.35,66.51,66.055,66.24
1758115800,66.405,67.13,66.405,67.04
1758202200,66.8,67.035,66.35,66.46
1758288600,66.49,66.73,66.045,66.43
1758547800,66.16,66.59,66.08,66.21
1758634200,66.35,66.76,65.9,66.71
1758720600,66.405,66.78,65.96,66.45
1758807000,66.75,66.92,65.95,65.98
1758893400,66.07,66.335,65.5,65.67
1759152600,65.67,66.1,65.3538,66.04
1759239000,66.07,66.64,65.9601,66.32
1759325400,66.505,66.83,66.29,66.78
1759411800,66.525,66.65,65.86,66.1
1759498200,66.1,66.985,66.04,66.65
1759757400,66.49,66.5,65.84,66.1
1759843800,66.225,67.26,65.87,66.79
1759930200,66.665,66.87,66.06,66.12
1760016600,66.29,66.8,66.12,66.37
1760103000,66.52,67.395,66.375,67.04
1760362200,66.23,66.8,66,66.8
1760448600,66.87,67.57,66.745,67.51
1760535000,67.265,67.72,66.92,67.08
1760621400,67.175,68.105,67.16,67.59
1760707800,68,68.495,67.8,68.44
1760967000,68.425,68.64,67.92,68.44
1761053400,70.565,71.39,70.23,71.22
1761139800,71.36,71.615,70.51,70.81
1761226200,70.81,70.9287,69.72,69.94
1761312600,69.91,70.05,69.645,69.71
1761571800,69.78,70.115,69.25,70.06
1761658200,70.045,70.9,69.95,70.16
1761744600,69.92,70.03,68.155,68.35
1761831000,68.45,69.29,68.3872,68.98
1761917400,68.545,69.07,67.9001,68.9
1762180200,68.8,68.89,67.66,67.97
1762266600,68.47,68.73,68.16,68.66
1762353000,68.66,68.83,68.175,68.51
1762439400,68.3,69.135,67.92,69.06
1762525800,69.81,70.87,69.41,70.55
1762785000,70.01,70.66,69.44,70.52
1762871400,70.98,71.75,70.66,71.61
1762957800,71.49,71.89,71.34,71.51
1763044200,71.415,71.6675,71,71.07
1763130600,71.405,71.64,70.6,71.16
1763389800,71.2,71.525,70.62,70.68
1763476200,70.99,71.34,70.57,71.22
1763562600,71.2,71.445,70.8143,71.11
1763649000,70.95,71.48,70.61,71.21
1763735400,71.68,73.19,71.485,72.95
1763994600,73.16,73.16,71.57,72.59
1764081000,72.795,72.925,72.1395,72.61
1764167400,72.6,73.085,72.39,72.88
1764340200,73,73.23,72.76,73.12
1764599400,72.6,72.905,71.93,71.95
1764685800,71.8,71.8,70.43,70.67
1764772200,70.88,71.4,70.61,70.81
1764858600,70.83,71.34,70.3701,70.45
1764945000,70.315,70.71,69.8735,70
1765204200,69.84,70.38,69.49,70.25
1765290600,70.37,70.625,69.83,70.09
1765377000,70.39,70.53,69.78,70.21
1765463400,70.55,70.69,68.79,69.11
1765549800,69.11,70.6199,69.04,70.52
1765809000,70.43,71.315,70.32,70.97
1765895400,71.3,71.3,70.32,70.37
1765981800,70.57,70.92,70.305,70.67
1766068200,70.27,70.795,70.17,70.36
1766154600,70.06,70.765,70.03,70.06
1766413800,69.93,70.22,69.655,70.21
1766500200,70.2,70.255,69.69,69.87
1766586600,69.895,70.16,69.75,70.11
1766759400,69.95,70.16,69.725,69.87
1767018600,70,70.42,69.85,70.16
1767105000,70,70.235,69.8,70.07
1767191400,70.07,70.16,69.8801,69.91
1767364200,69.85,69.87,68.975,69.12
1767623400,68.92,68.92,67.92,67.94
1767709800,68.01,68.25,67.59,67.84
1767796200,67.99,68.07,67.274,67.54
1767882600,67.54,69.455,67.45,69.37
1767969000,69.43,70.66,69.12,70.51
1768228200,70.895,70.965,70.235,70.5
1768314600,70.42,71.24,70.27,71.24
1768401000,71.17,71.71,70.81,71.44
1768487400,71.59,71.6,70.365,70.48
1768573800,70.29,70.74,70.04,70.44
1768919400,70,71.78,69.79,71.75
1769005800,71.98,72.24,70.83,72.01
1769092200,71.825,72.04,71.44,71.87
1769178600,72.015,73.06,71.775,72.88
1769437800,72.86,73.295,72.54,72.56
1769524200,72.44,73.5551,72.268,73.55
1769610600,73.21,73.62,72.565,73.06
1769697000,73.18,74.085,73.14,73.43
1769783400,73.71,74.895,73.54,74.81
1770042600,75.01,75.695,74.4,75.33
1770129000,75.27,77.5,75.13,76.89
1770215400,77.265,78.105,77.08,77.35
1770301800,77.82,78.855,77.59,78.51
1770388200,78.5,79.2,78.26,79.03
1770647400,78.67,79.11,77.535,77.97
1770733800,76.63,77.51,76.01,76.81
1770820200,76.88,79.05,76.58,78.6
1770906600,78.98,80.41,78.79,79
1770993000,78.45,79.4,78.13,78.68
1771338600,78.99,79.635,78.74,79.56
1771425000,79.5,79.84,78.9232,79.49
1771511400,79.46,79.6712,78.59,78.91
1771597800,79.33,79.84,78.89,79.84
1771857000,79.52,80.845,79.5,80.56
1771943400,80.54,81.09,79.85,80.72
1772029800,80.4,80.69,79.555,80.47
1772116200,80.75,80.89,80.021,80.5
1772202600,80.94,82,80.82,81.56