Date,Message
1999-04-08T09:30:00.000-04:00,"TR DETECTED: Support=48.5, Resistance=56.25, Len=20, SlopeUp=true"
1999-04-12T09:30:00.000-04:00,"DIST BC: bar=22 high=55.812 vol=10,934,000 volAvg=7,203,800.1"
1999-05-26T09:30:00.000-04:00,SPRING: conf=0.699 [close=0.276 reclaim=0.02 vol=0.2 age=0.136 tests=0.067] pivot=51.031 pivotAge=15b
1999-07-15T09:30:00.000-04:00,"SOS CONFIRMED: rally=24.504% low=48.844 high=60.812 bars=36 avgVol=11,255,144.278 adjMinRally=3.5"
1999-07-15T09:30:00.000-04:00,SCORE_FAM: total=93.738 display=94 gate=97 cap=100 scaled=93.738 | Struct=24(0.8) Vol=18.25(0.73) Phase=13(0.65) VP=4.8(0.4) Spring=3.145(0.629) Ctx=6.24(0.48)
1999-07-15T09:30:00.000-04:00,SCORE_DETAIL_STRUCT: HL=25(1) Spread=15(1) PB=0(0) Power=0 Mid=1 Slope=1 Flip=1
1999-07-15T09:30:00.000-04:00,SCORE_DETAIL_VOL: Dry=25(1) Supply=0(0) Effort=0(0/0) Decl=0 Con=0
1999-07-15T09:30:00.000-04:00,SCORE_DETAIL_PHASE: Events=1 Accum=1 SOS=0 PhB=1 SOT=0 STup=0
1999-07-15T09:30:00.000-04:00,SCORE_DETAIL_VP: Ctx=1 VPOCmig=0 VAprog=0 PShape=0 FinAuc=1 HVNsup=1 | bShape=0 Unfin=0 HVNoh=0 valid=true
1999-07-15T09:30:00.000-04:00,SCORE_DETAIL_SPRING: Spring=10(0.699) Ctrl=0
1999-07-15T09:30:00.000-04:00,SCORE_DETAIL_CTX: HTF=0 RS=1 OEL=0(0) VWAP=1(pt=5 proxW=0.216 proxM=0.761) RSI=1
1999-07-15T09:30:00.000-04:00,SCORE_PENALTY: Ghost=0 Climax=0 Stall=0 Failed=0 totalPen=0 | regime=1 vpBins=70 vpRatio=0.395
1999-07-16T09:30:00.000-04:00,SCORE_FAM: total=93.184 display=93 gate=97 cap=100 scaled=93.184 | Struct=21.9(0.73) Vol=18.25(0.73) Phase=13(0.65) VP=4.8(0.4) Spring=3.145(0.629) Ctx=7.93(0.61)
1999-07-16T09:30:00.000-04:00,SCORE_DETAIL_STRUCT: HL=25(1) Spread=15(1) PB=0(0) Power=0 Mid=1 Slope=1 Flip=0
1999-07-16T09:30:00.000-04:00,SCORE_DETAIL_VOL: Dry=25(1) Supply=0(0) Effort=0(0/0) Decl=0 Con=0
1999-07-16T09:30:00.000-04:00,SCORE_DETAIL_PHASE: Events=1 Accum=1 SOS=0 PhB=1 SOT=0 STup=0
1999-07-16T09:30:00.000-04:00,SCORE_DETAIL_VP: Ctx=1 VPOCmig=0 VAprog=0 PShape=0 FinAuc=1 HVNsup=1 | bShape=0 Unfin=0 HVNoh=0 valid=true
1999-07-16T09:30:00.000-04:00,SCORE_DETAIL_SPRING: Spring=10(0.699) Ctrl=0
1999-07-16T09:30:00.000-04:00,SCORE_DETAIL_CTX: HTF=0 RS=1 OEL=0.5(5) VWAP=1(pt=5 proxW=0.056 proxM=0.676) RSI=1
1999-07-16T09:30:00.000-04:00,SCORE_PENALTY: Ghost=0 Climax=0 Stall=0 Failed=0 totalPen=0 | regime=1 vpBins=71 vpRatio=0.334
1999-07-19T09:30:00.000-04:00,SCORE_FAM: total=88.095 display=88 gate=91 cap=100 scaled=88.095 | Struct=21.9(0.73) Vol=18.25(0.73) Phase=13(0.65) VP=4.8(0.4) Spring=3.145(0.629) Ctx=4.16(0.32)
1999-07-19T09:30:00.000-04:00,SCORE_DETAIL_STRUCT: HL=25(1) Spread=15(1) PB=0(0) Power=0 Mid=1 Slope=1 Flip=0
1999-07-19T09:30:00.000-04:00,SCORE_DETAIL_VOL: Dry=25(1) Supply=0(0) Effort=0(0/0) Decl=0 Con=0
1999-07-19T09:30:00.000-04:00,SCORE_DETAIL_PHASE: Events=1 Accum=1 SOS=0 PhB=1 SOT=0 STup=0
1999-07-19T09:30:00.000-04:00,SCORE_DETAIL_VP: Ctx=1 VPOCmig=0 VAprog=0 PShape=0 FinAuc=1 HVNsup=1 | bShape=0 Unfin=0 HVNoh=0 valid=true
1999-07-19T09:30:00.000-04:00,SCORE_DETAIL_SPRING: Spring=10(0.699) Ctrl=0
1999-07-19T09:30:00.000-04:00,SCORE_DETAIL_CTX: HTF=0 RS=1 OEL=0.5(5) VWAP=0(pt=0 proxW=0.62 proxM=0.578) RSI=1
1999-07-19T09:30:00.000-04:00,SCORE_PENALTY: Ghost=0 Climax=0 Stall=0 Failed=0 totalPen=0 | regime=1 vpBins=71 vpRatio=0.343
1999-07-20T09:30:00.000-04:00,SCORE_FAM: total=80.67 display=81 gate=84 cap=100 scaled=80.67 | Struct=27.9(0.93) Vol=10.95(0.438) Phase=8.8(0.44) VP=4.8(0.4) Spring=3.145(0.629) Ctx=4.16(0.32)
1999-07-20T09:30:00.000-04:00,SCORE_DETAIL_STRUCT: HL=25(1) Spread=15(1) PB=15(1) Power=0 Mid=1 Slope=1 Flip=0
1999-07-20T09:30:00.000-04:00,SCORE_DETAIL_VOL: Dry=15(0.6) Supply=0(0) Effort=0(0/0) Decl=0 Con=0
1999-07-20T09:30:00.000-04:00,SCORE_DETAIL_PHASE: Events=1 Accum=0 SOS=0 PhB=1 SOT=0 STup=0
1999-07-20T09:30:00.000-04:00,SCORE_DETAIL_VP: Ctx=1 VPOCmig=0 VAprog=0 PShape=0 FinAuc=1 HVNsup=1 | bShape=0 Unfin=0 HVNoh=0 valid=true
1999-07-20T09:30:00.000-04:00,SCORE_DETAIL_SPRING: Spring=10(0.699) Ctrl=0
1999-07-20T09:30:00.000-04:00,SCORE_DETAIL_CTX: HTF=0 RS=1 OEL=0.5(5) VWAP=0(pt=0 proxW=0.925 proxM=0.736) RSI=1
1999-07-20T09:30:00.000-04:00,SCORE_PENALTY: Ghost=0 Climax=0 Stall=0 Failed=0 totalPen=0 | regime=1 vpBins=71 vpRatio=0.364
1999-07-21T09:30:00.000-04:00,SCORE_FAM: total=86.34 display=86 gate=90 cap=100 scaled=86.34 | Struct=27.9(0.93) Vol=10.95(0.438) Phase=13(0.65) VP=4.8(0.4) Spring=3.145(0.629) Ctx=4.16(0.32)
1999-07-21T09:30:00.000-04:00,SCORE_DETAIL_STRUCT: HL=25(1) Spread=15(1) PB=15(1) Power=0 Mid=1 Slope=1 Flip=0
1999-07-21T09:30:00.000-04:00,SCORE_DETAIL_VOL: Dry=15(0.6) Supply=0(0) Effort=0(0/0) Decl=0 Con=0
1999-07-21T09:30:00.000-04:00,SCORE_DETAIL_PHASE: Events=1 Accum=1 SOS=0 PhB=1 SOT=0 STup=0
1999-07-21T09:30:00.000-04:00,SCORE_DETAIL_VP: Ctx=1 VPOCmig=0 VAprog=0 PShape=0 FinAuc=1 HVNsup=1 | bShape=0 Unfin=0 HVNoh=0 valid=true
1999-07-21T09:30:00.000-04:00,SCORE_DETAIL_SPRING: Spring=10(0.699) Ctrl=0
1999-07-21T09:30:00.000-04:00,SCORE_DETAIL_CTX: HTF=0 RS=1 OEL=0.5(5) VWAP=0(pt=0 proxW=0.853 proxM=0.835) RSI=1
1999-07-21T09:30:00.000-04:00,SCORE_PENALTY: Ghost=0 Climax=0 Stall=0 Failed=0 totalPen=0 | regime=1 vpBins=71 vpRatio=0.38
1999-07-21T09:30:00.000-04:00,LPS ENTRY: price=58.688 score=86 gate=90 mode=Close Above SOS Midpoint spring=true(conf=0.699) closeStr=0.552 volOk=true bars=5 pullback=22.977% prelimRisk=1.065%
1999-07-21T09:30:00.000-04:00,LPS DIST: warnLevel=0 liveCnt=0 bcAge=70 utadAge=-1 sowAge=-1 lpsyAge=-1
1999-07-21T09:30:00.000-04:00,LPS STOP: mode=LPS Low price=57.888 stack=0 vwapW=59.254 vwapM=59.23 VAL=48.5
1999-08-03T09:30:00.000-04:00,SPRING: conf=0.536 [close=0.125 reclaim=0.037 vol=0.13 age=0.144 tests=0.1] pivot=55.781 pivotAge=6b
1999-08-05T09:30:00.000-04:00,SPRING: conf=0.905 [close=0.3 reclaim=0.2 vol=0.178 age=0.126 tests=0.1] pivot=54.188 pivotAge=28b
1999-08-09T09:30:00.000-04:00,SCORE_FAM: total=71.213 display=71 gate=74 cap=100 scaled=71.213 | Struct=24.9(0.83) Vol=10.95(0.438) Phase=8.8(0.44) VP=0(0) Spring=4.07(0.814) Ctx=4.03(0.31)
1999-08-09T09:30:00.000-04:00,SCORE_DETAIL_STRUCT: HL=25(1) Spread=15(1) PB=15(1) Power=0 Mid=0 Slope=1 Flip=0
1999-08-09T09:30:00.000-04:00,SCORE_DETAIL_VOL: Dry=15(0.6) Supply=0(0) Effort=0(0/0) Decl=0 Con=0
1999-08-09T09:30:00.000-04:00,SCORE_DETAIL_PHASE: Events=1 Accum=0 SOS=0 PhB=1 SOT=0 STup=0
1999-08-09T09:30:00.000-04:00,SCORE_DETAIL_VP: Ctx=0.5 VPOCmig=0 VAprog=0 PShape=0 FinAuc=1 HVNsup=1 | bShape=-0.5 Unfin=0 HVNoh=-1 valid=true
1999-08-09T09:30:00.000-04:00,SCORE_DETAIL_SPRING: Spring=13(0.905) Ctrl=0
1999-08-09T09:30:00.000-04:00,SCORE_DETAIL_CTX: HTF=1 RS=0 OEL=0(0) VWAP=0(pt=0 proxW=0.281 proxM=0.763) RSI=1
1999-08-09T09:30:00.000-04:00,SCORE_PENALTY: Ghost=0 Climax=0 Stall=0 Failed=0 totalPen=0 | regime=1 vpBins=71 vpRatio=0.565
1999-08-10T09:30:00.000-04:00,SCORE_FAM: total=54.345 display=54 gate=56 cap=100 scaled=54.345 | Struct=19.605(0.653) Vol=3.75(0.014) Phase=8.8(0.44) VP=0(-0.1) Spring=4.07(0.814) Ctx=4.03(0.31)
1999-08-10T09:30:00.000-04:00,SCORE_DETAIL_STRUCT: HL=25(1) Spread=10(0.67) PB=8(0.53) Power=0 Mid=0 Slope=1 Flip=0
1999-08-10T09:30:00.000-04:00,SCORE_DETAIL_VOL: Dry=3(0.12) Supply=-5(-0.33) Effort=0(0/0) Decl=0 Con=0
1999-08-10T09:30:00.000-04:00,SCORE_DETAIL_PHASE: Events=1 Accum=0 SOS=0 PhB=1 SOT=0 STup=0
1999-08-10T09:30:00.000-04:00,SCORE_DETAIL_VP: Ctx=0.5 VPOCmig=0 VAprog=0 PShape=0 FinAuc=1 HVNsup=0 | bShape=-0.5 Unfin=0 HVNoh=-1 valid=true
1999-08-10T09:30:00.000-04:00,SCORE_DETAIL_SPRING: Spring=13(0.905) Ctrl=0
1999-08-10T09:30:00.000-04:00,SCORE_DETAIL_CTX: HTF=1 RS=0 OEL=0(0) VWAP=0(pt=0 proxW=0.865 proxM=1.557) RSI=1
1999-08-10T09:30:00.000-04:00,SCORE_PENALTY: Ghost=0 Climax=0 Stall=0 Failed=0 totalPen=0 | regime=1 vpBins=71 vpRatio=0.553
1999-08-11T09:30:00.000-04:00,SCORE_FAM: total=63.309 display=63 gate=66 cap=100 scaled=63.309 | Struct=17.055(0.569) Vol=3.75(-0.437) Phase=8.8(0.44) VP=3.6(0.3) Spring=4.07(0.814) Ctx=9.62(0.74)
1999-08-11T09:30:00.000-04:00,SCORE_DETAIL_STRUCT: HL=25(1) Spread=5(0.33) PB=8(0.53) Power=0 Mid=0 Slope=1 Flip=0
1999-08-11T09:30:00.000-04:00,SCORE_DETAIL_VOL: Dry=3(0.12) Supply=-10(-0.67) Effort=-10(0/-1) Decl=0 Con=0
1999-08-11T09:30:00.000-04:00,SCORE_DETAIL_PHASE: Events=1 Accum=0 SOS=0 PhB=1 SOT=0 STup=0
1999-08-11T09:30:00.000-04:00,SCORE_DETAIL_VP: Ctx=1 VPOCmig=0 VAprog=0 PShape=0 FinAuc=1 HVNsup=0 | bShape=0 Unfin=0 HVNoh=0 valid=true
1999-08-11T09:30:00.000-04:00,SCORE_DETAIL_SPRING: Spring=13(0.905) Ctrl=0
1999-08-11T09:30:00.000-04:00,SCORE_DETAIL_CTX: HTF=1 RS=1 OEL=0(0) VWAP=1(pt=5 proxW=1.095 proxM=1.537) RSI=1
1999-08-11T09:30:00.000-04:00,SCORE_PENALTY: Ghost=0 Climax=0 Stall=0 Failed=0 totalPen=0 | regime=1 vpBins=71 vpRatio=0.57
1999-08-11T09:30:00.000-04:00,LPS ENTRY: price=55.906 score=63 gate=66 mode=Close Above SOS Midpoint spring=true(conf=0.905) closeStr=0.946 volOk=true bars=3 pullback=65.796% prelimRisk=5.31%
1999-08-11T09:30:00.000-04:00,LPS DIST: warnLevel=0 liveCnt=0 bcAge=85 utadAge=-1 sowAge=-1 lpsyAge=-1
1999-08-11T09:30:00.000-04:00,LPS STOP: mode=LPS Low price=52.779 stack=0 vwapW=54.669 vwapM=55.368 VAL=49.803
1999-08-31T09:30:00.000-04:00,SCORE_FAM: total=67.786 display=68 gate=70 cap=100 scaled=72.786 | Struct=22.875(0.762) Vol=3.75(-0.501) Phase=8.8(0.44) VP=4.8(0.4) Spring=4.07(0.814) Ctx=9.62(0.74)
1999-08-31T09:30:00.000-04:00,SCORE_DETAIL_STRUCT: HL=25(1) Spread=5(0.33) PB=15(1) Power=0 Mid=1 Slope=1 Flip=0
1999-08-31T09:30:00.000-04:00,SCORE_DETAIL_VOL: Dry=0(0) Supply=-10(-0.67) Effort=-10(0/-1) Decl=0 Con=0
1999-08-31T09:30:00.000-04:00,SCORE_DETAIL_PHASE: Events=1 Accum=0 SOS=0 PhB=1 SOT=0 STup=0
1999-08-31T09:30:00.000-04:00,SCORE_DETAIL_VP: Ctx=1 VPOCmig=0 VAprog=0 PShape=0 FinAuc=1 HVNsup=1 | bShape=0 Unfin=0 HVNoh=0 valid=true
1999-08-31T09:30:00.000-04:00,SCORE_DETAIL_SPRING: Spring=13(0.905) Ctrl=0
1999-08-31T09:30:00.000-04:00,SCORE_DETAIL_CTX: HTF=1 RS=1 OEL=0(0) VWAP=1(pt=5 proxW=0.791 proxM=0.509) RSI=1
1999-08-31T09:30:00.000-04:00,SCORE_PENALTY: Ghost=0 Climax=0 Stall=-5 Failed=0 totalPen=-5 | regime=1 vpBins=71 vpRatio=0.776
1999-09-01T09:30:00.000-04:00,SCORE_FAM: total=69.193 display=69 gate=72 cap=100 scaled=74.193 | Struct=25.425(0.847) Vol=3.75(-0.037) Phase=8.8(0.44) VP=4.8(0.4) Spring=4.07(0.814) Ctx=8.112(0.624)
1999-09-01T09:30:00.000-04:00,SCORE_DETAIL_STRUCT: HL=25(1) Spread=10(0.67) PB=15(1) Power=0 Mid=1 Slope=1 Flip=0
1999-09-01T09:30:00.000-04:00,SCORE_DETAIL_VOL: Dry=3(0.12) Supply=-10(-0.67) Effort=0(0/0) Decl=0 Con=0
1999-09-01T09:30:00.000-04:00,SCORE_DETAIL_PHASE: Events=1 Accum=0 SOS=0 PhB=1 SOT=0 STup=0
1999-09-01T09:30:00.000-04:00,SCORE_DETAIL_VP: Ctx=1 VPOCmig=0 VAprog=0 PShape=0 FinAuc=1 HVNsup=1 | bShape=0 Unfin=0 HVNoh=0 valid=true
1999-09-01T09:30:00.000-04:00,SCORE_DETAIL_SPRING: Spring=13(0.905) Ctrl=0
1999-09-01T09:30:00.000-04:00,SCORE_DETAIL_CTX: HTF=1 RS=1 OEL=0(0) VWAP=0.6(pt=3 proxW=0.977 proxM=1.353) RSI=1
1999-09-01T09:30:00.000-04:00,SCORE_PENALTY: Ghost=0 Climax=0 Stall=-5 Failed=0 totalPen=-5 | regime=1 vpBins=71 vpRatio=0.79
1999-09-01T09:30:00.000-04:00,LPS ENTRY: price=60.117 score=69 gate=72 mode=Close Above SOS Midpoint spring=true(conf=0.905) closeStr=0.458 volOk=true bars=2 pullback=18.277% prelimRisk=3.314%
1999-09-01T09:30:00.000-04:00,LPS DIST: warnLevel=0 liveCnt=0 bcAge=100 utadAge=-1 sowAge=-1 lpsyAge=-1
1999-09-01T09:30:00.000-04:00,LPS STOP: mode=LPS Low price=57.951 stack=0 vwapW=59.582 vwapM=60.143 VAL=49.806
1999-09-22T09:30:00.000-04:00,SCORE_FAM: total=78.456 display=78 gate=81 cap=100 scaled=78.456 | Struct=22.875(0.762) Vol=3.75(-0.337) Phase=13(0.65) VP=4.8(0.4) Spring=4.07(0.814) Ctx=9.62(0.74)
1999-09-22T09:30:00.000-04:00,SCORE_DETAIL_STRUCT: HL=25(1) Spread=5(0.33) PB=15(1) Power=0 Mid=1 Slope=1 Flip=0
1999-09-22T09:30:00.000-04:00,SCORE_DETAIL_VOL: Dry=3(0.12) Supply=-10(-0.67) Effort=-10(0/-1) Decl=0 Con=1
1999-09-22T09:30:00.000-04:00,SCORE_DETAIL_PHASE: Events=1 Accum=1 SOS=0 PhB=1 SOT=0 STup=0
1999-09-22T09:30:00.000-04:00,SCORE_DETAIL_VP: Ctx=0.5 VPOCmig=0 VAprog=0 PShape=1 FinAuc=1 HVNsup=0 | bShape=0 Unfin=0 HVNoh=0 valid=true
1999-09-22T09:30:00.000-04:00,SCORE_DETAIL_SPRING: Spring=13(0.905) Ctrl=0
1999-09-22T09:30:00.000-04:00,SCORE_DETAIL_CTX: HTF=1 RS=1 OEL=0(0) VWAP=1(pt=5 proxW=0.794 proxM=0.445) RSI=1
1999-09-22T09:30:00.000-04:00,SCORE_PENALTY: Ghost=0 Climax=0 Stall=0 Failed=0 totalPen=0 | regime=1 vpBins=34 vpRatio=1.737
1999-09-23T09:30:00.000-04:00,SCORE_FAM: total=63.545 display=64 gate=66 cap=100 scaled=63.545 | Struct=17.4(0.58) Vol=3.75(-0.45) Phase=13(0.65) VP=3(0.25) Spring=4.07(0.814) Ctx=5.85(0.45)
1999-09-23T09:30:00.000-04:00,SCORE_DETAIL_STRUCT: HL=25(1) Spread=0(0) PB=15(1) Power=0 Mid=0 Slope=1 Flip=0
1999-09-23T09:30:00.000-04:00,SCORE_DETAIL_VOL: Dry=0(0) Supply=-15(-1) Effort=-10(0/-1) Decl=0 Con=1
1999-09-23T09:30:00.000-04:00,SCORE_DETAIL_PHASE: Events=1 Accum=1 SOS=0 PhB=1 SOT=0 STup=0
1999-09-23T09:30:00.000-04:00,SCORE_DETAIL_VP: Ctx=0 VPOCmig=0 VAprog=0 PShape=1 FinAuc=1 HVNsup=1 | bShape=0 Unfin=0 HVNoh=-1 valid=true
1999-09-23T09:30:00.000-04:00,SCORE_DETAIL_SPRING: Spring=13(0.905) Ctrl=0
1999-09-23T09:30:00.000-04:00,SCORE_DETAIL_CTX: HTF=1 RS=1 OEL=0(0) VWAP=0(pt=0 proxW=1.357 proxM=1.33) RSI=1
1999-09-23T09:30:00.000-04:00,SCORE_PENALTY: Ghost=0 Climax=0 Stall=0 Failed=0 totalPen=0 | regime=1 vpBins=34 vpRatio=1.946
1999-09-24T09:30:00.000-04:00,SCORE_FAM: total=68.101 display=68 gate=71 cap=100 scaled=68.101 | Struct=18.375(0.612) Vol=3.75(-0.45) Phase=13(0.65) VP=5.4(0.45) Spring=4.07(0.814) Ctx=5.85(0.45)
1999-09-24T09:30:00.000-04:00,SCORE_DETAIL_STRUCT: HL=25(1) Spread=2(0.13) PB=15(1) Power=0 Mid=0 Slope=1 Flip=0
1999-09-24T09:30:00.000-04:00,SCORE_DETAIL_VOL: Dry=0(0) Supply=-15(-1) Effort=-10(0/-1) Decl=0 Con=1
1999-09-24T09:30:00.000-04:00,SCORE_DETAIL_PHASE: Events=1 Accum=1 SOS=0 PhB=1 SOT=0 STup=0
1999-09-24T09:30:00.000-04:00,SCORE_DETAIL_VP: Ctx=1 VPOCmig=0 VAprog=0 PShape=1 FinAuc=1 HVNsup=0 | bShape=0 Unfin=0 HVNoh=-1 valid=true
1999-09-24T09:30:00.000-04:00,SCORE_DETAIL_SPRING: Spring=13(0.905) Ctrl=0
1999-09-24T09:30:00.000-04:00,SCORE_DETAIL_CTX: HTF=1 RS=1 OEL=0(0) VWAP=0(pt=0 proxW=1.534 proxM=1.793) RSI=1
1999-09-24T09:30:00.000-04:00,SCORE_PENALTY: Ghost=0 Climax=0 Stall=0 Failed=0 totalPen=0 | regime=1 vpBins=34 vpRatio=1.558
1999-09-24T09:30:00.000-04:00,LPS ENTRY: price=60.078 score=68 gate=71 mode=Close Above SOS Midpoint spring=true(conf=0.905) closeStr=0.861 volOk=true bars=3 pullback=36.815% prelimRisk=2.419%
1999-09-24T09:30:00.000-04:00,LPS DIST: warnLevel=0 liveCnt=0 bcAge=116 utadAge=-1 sowAge=-1 lpsyAge=-1
1999-09-24T09:30:00.000-04:00,LPS STOP: mode=LPS Low price=58.449 stack=0 vwapW=61.198 vwapM=61.631 VAL=58.125
1999-10-14T09:30:00.000-04:00,SCORE_FAM: total=75.189 display=75 gate=78 cap=100 scaled=75.189 | Struct=22.425(0.747) Vol=3.75(-0.15) Phase=13(0.65) VP=6.6(0.55) Spring=4.07(0.814) Ctx=5.85(0.45)
1999-10-14T09:30:00.000-04:00,SCORE_DETAIL_STRUCT: HL=25(1) Spread=10(0.67) PB=15(1) Power=0 Mid=0 Slope=1 Flip=0
1999-10-14T09:30:00.000-04:00,SCORE_DETAIL_VOL: Dry=0(0) Supply=-15(-1) Effort=0(0/0) Decl=0 Con=0
1999-10-14T09:30:00.000-04:00,SCORE_DETAIL_PHASE: Events=1 Accum=1 SOS=0 PhB=1 SOT=0 STup=0
1999-10-14T09:30:00.000-04:00,SCORE_DETAIL_VP: Ctx=1 VPOCmig=0 VAprog=0 PShape=1 FinAuc=1 HVNsup=1 | bShape=0 Unfin=0 HVNoh=-1 valid=true
1999-10-14T09:30:00.000-04:00,SCORE_DETAIL_SPRING: Spring=13(0.905) Ctrl=0
1999-10-14T09:30:00.000-04:00,SCORE_DETAIL_CTX: HTF=1 RS=1 OEL=0(0) VWAP=0(pt=0 proxW=1.249 proxM=1.058) RSI=1
1999-10-14T09:30:00.000-04:00,SCORE_PENALTY: Ghost=0 Climax=0 Stall=0 Failed=0 totalPen=0 | regime=1 vpBins=47 vpRatio=1.679
1999-10-15T09:30:00.000-04:00,SCORE_FAM: total=73.569 display=74 gate=76 cap=100 scaled=73.569 | Struct=22.425(0.747) Vol=3.75(-0.15) Phase=13(0.65) VP=5.4(0.45) Spring=4.07(0.814) Ctx=5.85(0.45)
1999-10-15T09:30:00.000-04:00,SCORE_DETAIL_STRUCT: HL=25(1) Spread=10(0.67) PB=15(1) Power=0 Mid=0 Slope=1 Flip=0
1999-10-15T09:30:00.000-04:00,SCORE_DETAIL_VOL: Dry=0(0) Supply=-15(-1) Effort=0(0/0) Decl=0 Con=0
1999-10-15T09:30:00.000-04:00,SCORE_DETAIL_PHASE: Events=1 Accum=1 SOS=0 PhB=1 SOT=0 STup=0
1999-10-15T09:30:00.000-04:00,SCORE_DETAIL_VP: Ctx=1 VPOCmig=0 VAprog=0 PShape=1 FinAuc=1 HVNsup=0 | bShape=0 Unfin=0 HVNoh=-1 valid=true
1999-10-15T09:30:00.000-04:00,SCORE_DETAIL_SPRING: Spring=13(0.905) Ctrl=0
1999-10-15T09:30:00.000-04:00,SCORE_DETAIL_CTX: HTF=1 RS=1 OEL=0(0) VWAP=0(pt=0 proxW=1.383 proxM=1.448) RSI=1
1999-10-15T09:30:00.000-04:00,SCORE_PENALTY: Ghost=0 Climax=0 Stall=0 Failed=0 totalPen=0 | regime=1 vpBins=47 vpRatio=1.462
1999-10-18T09:30:00.000-04:00,SPRING: conf=0.595 [close=0.186 reclaim=0.045 vol=0.128 age=0.136 tests=0.1] pivot=58.625 pivotAge=16b
1999-10-18T09:30:00.000-04:00,SCORE_FAM: total=68.868 display=69 gate=71 cap=100 scaled=68.868 | Struct=19.875(0.662) Vol=3.75(-0.55) Phase=13(0.65) VP=3.6(0.3) Spring=2.677(0.535) Ctx=8.112(0.624)
1999-10-18T09:30:00.000-04:00,SCORE_DETAIL_STRUCT: HL=25(1) Spread=5(0.33) PB=15(1) Power=0 Mid=0 Slope=1 Flip=0
1999-10-18T09:30:00.000-04:00,SCORE_DETAIL_VOL: Dry=0(0) Supply=-15(-1) Effort=-10(0/-1) Decl=0 Con=0
1999-10-18T09:30:00.000-04:00,SCORE_DETAIL_PHASE: Events=1 Accum=1 SOS=0 PhB=1 SOT=0 STup=0
1999-10-18T09:30:00.000-04:00,SCORE_DETAIL_VP: Ctx=0.5 VPOCmig=0 VAprog=0 PShape=1 FinAuc=1 HVNsup=0 | bShape=0 Unfin=0 HVNoh=-1 valid=true
1999-10-18T09:30:00.000-04:00,SCORE_DETAIL_SPRING: Spring=8(0.595) Ctrl=0
1999-10-18T09:30:00.000-04:00,SCORE_DETAIL_CTX: HTF=1 RS=1 OEL=0(0) VWAP=0.6(pt=3 proxW=0.836 proxM=2.397) RSI=1
1999-10-18T09:30:00.000-04:00,SCORE_PENALTY: Ghost=0 Climax=0 Stall=0 Failed=0 totalPen=0 | regime=1 vpBins=47 vpRatio=1.336
1999-10-18T09:30:00.000-04:00,LPS ENTRY: price=59.117 score=69 gate=71 mode=Close Above SOS Midpoint spring=true(conf=0.595) closeStr=0.621 volOk=true bars=3 pullback=48.499% prelimRisk=2.881%
1999-10-18T09:30:00.000-04:00,LPS DIST: warnLevel=0 liveCnt=0 bcAge=132 utadAge=-1 sowAge=-1 lpsyAge=-1
1999-10-18T09:30:00.000-04:00,LPS STOP: mode=LPS Low price=57.242 stack=0 vwapW=58.896 vwapM=61.666 VAL=56.695
1999-11-02T09:30:00.000-05:00,DIST UTAD: bar=165 close=65.445 breakBar=163
1999-11-05T09:30:00.000-05:00,SCORE_FAM: total=75.925 display=76 gate=79 cap=100 scaled=75.925 | Struct=21(0.7) Vol=3.75(-0.15) Phase=13(0.65) VP=4.8(0.4) Spring=4.07(0.814) Ctx=9.62(0.74)
1999-11-05T09:30:00.000-05:00,SCORE_DETAIL_STRUCT: HL=25(1) Spread=15(1) PB=0(0) Power=0 Mid=0 Slope=1 Flip=1
1999-11-05T09:30:00.000-05:00,SCORE_DETAIL_VOL: Dry=0(0) Supply=-15(-1) Effort=0(0/0) Decl=0 Con=0
1999-11-05T09:30:00.000-05:00,SCORE_DETAIL_PHASE: Events=1 Accum=1 SOS=0 PhB=1 SOT=0 STup=0
1999-11-05T09:30:00.000-05:00,SCORE_DETAIL_VP: Ctx=1 VPOCmig=0 VAprog=0 PShape=0 FinAuc=1 HVNsup=1 | bShape=0 Unfin=0 HVNoh=0 valid=true
1999-11-05T09:30:00.000-05:00,SCORE_DETAIL_SPRING: Spring=13(0.905) Ctrl=0
1999-11-05T09:30:00.000-05:00,SCORE_DETAIL_CTX: HTF=1 RS=1 OEL=0(0) VWAP=1(pt=5 proxW=0.503 proxM=0.503) RSI=1
1999-11-05T09:30:00.000-05:00,SCORE_PENALTY: Ghost=0 Climax=0 Stall=0 Failed=0 totalPen=0 | regime=1 vpBins=53 vpRatio=0.581
1999-11-08T09:30:00.000-05:00,SCORE_FAM: total=75.925 display=76 gate=79 cap=100 scaled=75.925 | Struct=21(0.7) Vol=3.75(-0.037) Phase=13(0.65) VP=4.8(0.4) Spring=4.07(0.814) Ctx=9.62(0.74)
1999-11-08T09:30:00.000-05:00,SCORE_DETAIL_STRUCT: HL=25(1) Spread=15(1) PB=0(0) Power=0 Mid=0 Slope=1 Flip=1
1999-11-08T09:30:00.000-05:00,SCORE_DETAIL_VOL: Dry=3(0.12) Supply=-10(-0.67) Effort=0(0/0) Decl=0 Con=0
1999-11-08T09:30:00.000-05:00,SCORE_DETAIL_PHASE: Events=1 Accum=1 SOS=0 PhB=1 SOT=0 STup=0
1999-11-08T09:30:00.000-05:00,SCORE_DETAIL_VP: Ctx=1 VPOCmig=0 VAprog=0 PShape=0 FinAuc=1 HVNsup=1 | bShape=0 Unfin=0 HVNoh=0 valid=true
1999-11-08T09:30:00.000-05:00,SCORE_DETAIL_SPRING: Spring=13(0.905) Ctrl=0
1999-11-08T09:30:00.000-05:00,SCORE_DETAIL_CTX: HTF=1 RS=1 OEL=0(0) VWAP=1(pt=5 proxW=0.811 proxM=0.341) RSI=1
1999-11-08T09:30:00.000-05:00,SCORE_PENALTY: Ghost=0 Climax=0 Stall=0 Failed=0 totalPen=0 | regime=1 vpBins=53 vpRatio=0.593
1999-11-09T09:30:00.000-05:00,SCORE_FAM: total=67.494 display=67 gate=70 cap=100 scaled=67.494 | Struct=18.525(0.617) Vol=3.75(-0.037) Phase=13(0.65) VP=4.8(0.4) Spring=4.07(0.814) Ctx=5.85(0.45)
1999-11-09T09:30:00.000-05:00,SCORE_DETAIL_STRUCT: HL=25(1) Spread=10(0.67) PB=0(0) Power=0 Mid=0 Slope=1 Flip=1
1999-11-09T09:30:00.000-05:00,SCORE_DETAIL_VOL: Dry=3(0.12) Supply=-10(-0.67) Effort=0(0/0) Decl=0 Con=0
1999-11-09T09:30:00.000-05:00,SCORE_DETAIL_PHASE: Events=1 Accum=1 SOS=0 PhB=1 SOT=0 STup=0
1999-11-09T09:30:00.000-05:00,SCORE_DETAIL_VP: Ctx=1 VPOCmig=0 VAprog=0 PShape=0 FinAuc=1 HVNsup=1 | bShape=0 Unfin=0 HVNoh=0 valid=true
1999-11-09T09:30:00.000-05:00,SCORE_DETAIL_SPRING: Spring=13(0.905) Ctrl=0
1999-11-09T09:30:00.000-05:00,SCORE_DETAIL_CTX: HTF=1 RS=1 OEL=0(0) VWAP=0(pt=0 proxW=0.838 proxM=0.168) RSI=1
1999-11-09T09:30:00.000-05:00,SCORE_PENALTY: Ghost=0 Climax=0 Stall=0 Failed=0 totalPen=0 | regime=1 vpBins=53 vpRatio=0.605
1999-11-10T09:30:00.000-05:00,SCORE_FAM: total=72.583 display=73 gate=75 cap=100 scaled=72.583 | Struct=18.525(0.617) Vol=3.75(-0.101) Phase=13(0.65) VP=4.8(0.4) Spring=4.07(0.814) Ctx=9.62(0.74)
1999-11-10T09:30:00.000-05:00,SCORE_DETAIL_STRUCT: HL=25(1) Spread=10(0.67) PB=0(0) Power=0 Mid=0 Slope=1 Flip=1
1999-11-10T09:30:00.000-05:00,SCORE_DETAIL_VOL: Dry=0(0) Supply=-10(-0.67) Effort=0(0/0) Decl=0 Con=0
1999-11-10T09:30:00.000-05:00,SCORE_DETAIL_PHASE: Events=1 Accum=1 SOS=0 PhB=1 SOT=0 STup=0
1999-11-10T09:30:00.000-05:00,SCORE_DETAIL_VP: Ctx=1 VPOCmig=0 VAprog=0 PShape=0 FinAuc=1 HVNsup=1 | bShape=0 Unfin=0 HVNoh=0 valid=true
1999-11-10T09:30:00.000-05:00,SCORE_DETAIL_SPRING: Spring=13(0.905) Ctrl=0
1999-11-10T09:30:00.000-05:00,SCORE_DETAIL_CTX: HTF=1 RS=1 OEL=0(0) VWAP=1(pt=5 proxW=0.963 proxM=0.018) RSI=1
1999-11-10T09:30:00.000-05:00,SCORE_PENALTY: Ghost=0 Climax=0 Stall=0 Failed=0 totalPen=0 | regime=1 vpBins=53 vpRatio=0.625
1999-11-11T09:30:00.000-05:00,SCORE_FAM: total=72.583 display=73 gate=75 cap=100 scaled=72.583 | Struct=18.525(0.617) Vol=3.75(-0.15) Phase=13(0.65) VP=4.8(0.4) Spring=4.07(0.814) Ctx=9.62(0.74)
1999-11-11T09:30:00.000-05:00,SCORE_DETAIL_STRUCT: HL=25(1) Spread=10(0.67) PB=0(0) Power=0 Mid=0 Slope=1 Flip=1
1999-11-11T09:30:00.000-05:00,SCORE_DETAIL_VOL: Dry=0(0) Supply=-15(-1) Effort=0(0/0) Decl=0 Con=0
1999-11-11T09:30:00.000-05:00,SCORE_DETAIL_PHASE: Events=1 Accum=1 SOS=0 PhB=1 SOT=0 STup=0
1999-11-11T09:30:00.000-05:00,SCORE_DETAIL_VP: Ctx=1 VPOCmig=0 VAprog=0 PShape=0 FinAuc=1 HVNsup=1 | bShape=0 Unfin=0 HVNoh=0 valid=true
1999-11-11T09:30:00.000-05:00,SCORE_DETAIL_SPRING: Spring=13(0.905) Ctrl=0
1999-11-11T09:30:00.000-05:00,SCORE_DETAIL_CTX: HTF=1 RS=1 OEL=0(0) VWAP=1(pt=5 proxW=1.24 proxM=0.263) RSI=1
1999-11-11T09:30:00.000-05:00,SCORE_PENALTY: Ghost=0 Climax=0 Stall=0 Failed=0 totalPen=0 | regime=1 vpBins=53 vpRatio=0.639
1999-11-12T09:30:00.000-05:00,SCORE_FAM: total=72.583 display=73 gate=75 cap=100 scaled=72.583 | Struct=18.525(0.617) Vol=3.75(-0.15) Phase=13(0.65) VP=4.8(0.4) Spring=4.07(0.814) Ctx=9.62(0.74)
1999-11-12T09:30:00.000-05:00,SCORE_DETAIL_STRUCT: HL=25(1) Spread=10(0.67) PB=0(0) Power=0 Mid=0 Slope=1 Flip=1
1999-11-12T09:30:00.000-05:00,SCORE_DETAIL_VOL: Dry=0(0) Supply=-15(-1) Effort=0(0/0) Decl=0 Con=0
1999-11-12T09:30:00.000-05:00,SCORE_DETAIL_PHASE: Events=1 Accum=1 SOS=0 PhB=1 SOT=0 STup=0
1999-11-12T09:30:00.000-05:00,SCORE_DETAIL_VP: Ctx=1 VPOCmig=0 VAprog=0 PShape=0 FinAuc=1 HVNsup=1 | bShape=0 Unfin=0 HVNoh=0 valid=true
1999-11-12T09:30:00.000-05:00,SCORE_DETAIL_SPRING: Spring=13(0.905) Ctrl=0
1999-11-12T09:30:00.000-05:00,SCORE_DETAIL_CTX: HTF=1 RS=1 OEL=0(0) VWAP=1(pt=5 proxW=1.428 proxM=0.545) RSI=1
1999-11-12T09:30:00.000-05:00,SCORE_PENALTY: Ghost=0 Climax=0 Stall=0 Failed=0 totalPen=0 | regime=1 vpBins=53 vpRatio=0.661
1999-11-15T09:30:00.000-05:00,SCORE_FAM: total=67.494 display=67 gate=70 cap=100 scaled=67.494 | Struct=18.525(0.617) Vol=3.75(-0.15) Phase=13(0.65) VP=4.8(0.4) Spring=4.07(0.814) Ctx=5.85(0.45)
1999-11-15T09:30:00.000-05:00,SCORE_DETAIL_STRUCT: HL=25(1) Spread=10(0.67) PB=0(0) Power=0 Mid=0 Slope=1 Flip=1
1999-11-15T09:30:00.000-05:00,SCORE_DETAIL_VOL: Dry=0(0) Supply=-15(-1) Effort=0(0/0) Decl=0 Con=0
1999-11-15T09:30:00.000-05:00,SCORE_DETAIL_PHASE: Events=1 Accum=1 SOS=0 PhB=1 SOT=0 STup=0
1999-11-15T09:30:00.000-05:00,SCORE_DETAIL_VP: Ctx=1 VPOCmig=0 VAprog=0 PShape=0 FinAuc=1 HVNsup=1 | bShape=0 Unfin=0 HVNoh=0 valid=true
1999-11-15T09:30:00.000-05:00,SCORE_DETAIL_SPRING: Spring=13(0.905) Ctrl=0
1999-11-15T09:30:00.000-05:00,SCORE_DETAIL_CTX: HTF=1 RS=1 OEL=0(0) VWAP=0(pt=0 proxW=2.503 proxM=0.686) RSI=1
1999-11-15T09:30:00.000-05:00,SCORE_PENALTY: Ghost=0 Climax=0 Stall=0 Failed=0 totalPen=0 | regime=1 vpBins=53 vpRatio=0.683
1999-11-16T09:30:00.000-05:00,SCORE_FAM: total=72.583 display=73 gate=75 cap=100 scaled=72.583 | Struct=18.525(0.617) Vol=3.75(-0.15) Phase=13(0.65) VP=4.8(0.4) Spring=4.07(0.814) Ctx=9.62(0.74)
1999-11-16T09:30:00.000-05:00,SCORE_DETAIL_STRUCT: HL=25(1) Spread=10(0.67) PB=0(0) Power=0 Mid=0 Slope=1 Flip=1
1999-11-16T09:30:00.000-05:00,SCORE_DETAIL_VOL: Dry=0(0) Supply=-15(-1) Effort=0(0/0) Decl=0 Con=0
1999-11-16T09:30:00.000-05:00,SCORE_DETAIL_PHASE: Events=1 Accum=1 SOS=0 PhB=1 SOT=0 STup=0
1999-11-16T09:30:00.000-05:00,SCORE_DETAIL_VP: Ctx=1 VPOCmig=0 VAprog=0 PShape=0 FinAuc=1 HVNsup=1 | bShape=0 Unfin=0 HVNoh=0 valid=true
1999-11-16T09:30:00.000-05:00,SCORE_DETAIL_SPRING: Spring=13(0.905) Ctrl=0
1999-11-16T09:30:00.000-05:00,SCORE_DETAIL_CTX: HTF=1 RS=1 OEL=0(0) VWAP=1(pt=5 proxW=2.921 proxM=0.918) RSI=1
1999-11-16T09:30:00.000-05:00,SCORE_PENALTY: Ghost=0 Climax=0 Stall=0 Failed=0 totalPen=0 | regime=1 vpBins=53 vpRatio=0.662
1999-11-17T09:30:00.000-05:00,SCORE_FAM: total=67.494 display=67 gate=70 cap=100 scaled=67.494 | Struct=18.525(0.617) Vol=3.75(-0.15) Phase=13(0.65) VP=4.8(0.4) Spring=4.07(0.814) Ctx=5.85(0.45)
1999-11-17T09:30:00.000-05:00,SCORE_DETAIL_STRUCT: HL=25(1) Spread=10(0.67) PB=0(0) Power=0 Mid=0 Slope=1 Flip=1
1999-11-17T09:30:00.000-05:00,SCORE_DETAIL_VOL: Dry=0(0) Supply=-15(-1) Effort=0(0/0) Decl=0 Con=0
1999-11-17T09:30:00.000-05:00,SCORE_DETAIL_PHASE: Events=1 Accum=1 SOS=0 PhB=1 SOT=0 STup=0
1999-11-17T09:30:00.000-05:00,SCORE_DETAIL_VP: Ctx=1 VPOCmig=0 VAprog=0 PShape=0 FinAuc=1 HVNsup=1 | bShape=0 Unfin=0 HVNoh=0 valid=true
1999-11-17T09:30:00.000-05:00,SCORE_DETAIL_SPRING: Spring=13(0.905) Ctrl=0
1999-11-17T09:30:00.000-05:00,SCORE_DETAIL_CTX: HTF=1 RS=1 OEL=0(0) VWAP=0(pt=0 proxW=2.997 proxM=1.137) RSI=1
1999-11-17T09:30:00.000-05:00,SCORE_PENALTY: Ghost=0 Climax=0 Stall=0 Failed=0 totalPen=0 | regime=1 vpBins=53 vpRatio=0.685
1999-11-18T09:30:00.000-05:00,SCORE_FAM: total=72.583 display=73 gate=75 cap=100 scaled=72.583 | Struct=18.525(0.617) Vol=3.75(-0.15) Phase=13(0.65) VP=4.8(0.4) Spring=4.07(0.814) Ctx=9.62(0.74)
1999-11-18T09:30:00.000-05:00,SCORE_DETAIL_STRUCT: HL=25(1) Spread=10(0.67) PB=0(0) Power=0 Mid=0 Slope=1 Flip=1
1999-11-18T09:30:00.000-05:00,SCORE_DETAIL_VOL: Dry=0(0) Supply=-15(-1) Effort=0(0/0) Decl=0 Con=0
1999-11-18T09:30:00.000-05:00,SCORE_DETAIL_PHASE: Events=1 Accum=1 SOS=0 PhB=1 SOT=0 STup=0
1999-11-18T09:30:00.000-05:00,SCORE_DETAIL_VP: Ctx=1 VPOCmig=0 VAprog=0 PShape=0 FinAuc=1 HVNsup=1 | bShape=0 Unfin=0 HVNoh=0 valid=true
1999-11-18T09:30:00.000-05:00,SCORE_DETAIL_SPRING: Spring=13(0.905) Ctrl=0
1999-11-18T09:30:00.000-05:00,SCORE_DETAIL_CTX: HTF=1 RS=1 OEL=0(0) VWAP=1(pt=5 proxW=3.134 proxM=1.31) RSI=1
1999-11-18T09:30:00.000-05:00,SCORE_PENALTY: Ghost=0 Climax=0 Stall=0 Failed=0 totalPen=0 | regime=1 vpBins=53 vpRatio=0.707
1999-11-19T09:30:00.000-05:00,SCORE_FAM: total=72.583 display=73 gate=75 cap=100 scaled=72.583 | Struct=18.525(0.617) Vol=3.75(-0.55) Phase=13(0.65) VP=4.8(0.4) Spring=4.07(0.814) Ctx=9.62(0.74)
1999-11-19T09:30:00.000-05:00,SCORE_DETAIL_STRUCT: HL=25(1) Spread=10(0.67) PB=0(0) Power=0 Mid=0 Slope=1 Flip=1
1999-11-19T09:30:00.000-05:00,SCORE_DETAIL_VOL: Dry=0(0) Supply=-15(-1) Effort=-10(0/-1) Decl=0 Con=0
1999-11-19T09:30:00.000-05:00,SCORE_DETAIL_PHASE: Events=1 Accum=1 SOS=0 PhB=1 SOT=0 STup=0
1999-11-19T09:30:00.000-05:00,SCORE_DETAIL_VP: Ctx=1 VPOCmig=0 VAprog=0 PShape=0 FinAuc=1 HVNsup=1 | bShape=0 Unfin=0 HVNoh=0 valid=true
1999-11-19T09:30:00.000-05:00,SCORE_DETAIL_SPRING: Spring=13(0.905) Ctrl=0
1999-11-19T09:30:00.000-05:00,SCORE_DETAIL_CTX: HTF=1 RS=1 OEL=0(0) VWAP=1(pt=5 proxW=2.759 proxM=1.26) RSI=1
1999-11-19T09:30:00.000-05:00,SCORE_PENALTY: Ghost=0 Climax=0 Stall=0 Failed=0 totalPen=0 | regime=1 vpBins=53 vpRatio=0.681
1999-11-29T09:30:00.000-05:00,"TR DETECTED: Support=65.195, Resistance=78.781, Len=20, SlopeUp=true"
1999-11-29T09:30:00.000-05:00,"VPOC SHIFT: Prior=62.453, will compare when VP recalculates"
1999-12-15T09:30:00.000-05:00,"DIST BC: bar=195 high=81 vol=31,796,602 volAvg=20,829,640.1"
1999-12-20T09:30:00.000-05:00,DIST UTAD: bar=198 close=84.875 breakBar=196
2000-03-02T09:30:00.000-05:00,"TR DETECTED: Support=92.281, Resistance=108.562, Len=20, SlopeUp=true"
2000-03-02T09:30:00.000-05:00,"VPOC SHIFT: Prior=79.642, will compare when VP recalculates"
2000-04-03T09:30:00.000-04:00,SPRING: conf=0.511 [close=0.099 reclaim=0.075 vol=0.099 age=0.139 tests=0.1] pivot=101 pivotAge=12b
2000-05-11T09:30:00.000-04:00,"TR DETECTED: Support=78, Resistance=96.875, Len=20, SlopeUp=false"
2000-05-11T09:30:00.000-04:00,"VPOC SHIFT: Prior=109.389, will compare when VP recalculates"
2000-05-22T09:30:00.000-04:00,SPRING: conf=0.804 [close=0.289 reclaim=0.094 vol=0.18 age=0.142 tests=0.1] pivot=79.5 pivotAge=8b
2000-06-02T09:30:00.000-04:00,"SOS CONFIRMED: rally=30.255% low=72.25 high=94.109 bars=4 avgVol=35,394,628 adjMinRally=4.55"
2000-06-02T09:30:00.000-04:00,SCORE_FAM: total=76.582 display=77 gate=82 cap=100 scaled=76.582 | Struct=25.5(0.85) Vol=10.95(0.438) Phase=4.2(0.21) VP=6.84(0.57) Spring=3.62(0.724) Ctx=7.8(0.6)
2000-06-02T09:30:00.000-04:00,SCORE_DETAIL_STRUCT: HL=25(1) Spread=15(1) PB=15(1) Power=0 Mid=1 Slope=0 Flip=0
2000-06-02T09:30:00.000-04:00,SCORE_DETAIL_VOL: Dry=15(0.6) Supply=0(0) Effort=0(0/0) Decl=0 Con=0
2000-06-02T09:30:00.000-04:00,SCORE_DETAIL_PHASE: Events=0 Accum=1 SOS=0 PhB=0 SOT=0 STup=0
2000-06-02T09:30:00.000-04:00,SCORE_DETAIL_VP: Ctx=1 VPOCmig=0 VAprog=-1 PShape=1 FinAuc=1 HVNsup=1 | bShape=0 Unfin=0 HVNoh=0 valid=true
2000-06-02T09:30:00.000-04:00,SCORE_DETAIL_SPRING: Spring=12(0.804) Ctrl=0
2000-06-02T09:30:00.000-04:00,SCORE_DETAIL_CTX: HTF=1 RS=0 OEL=0(0) VWAP=1(pt=5 proxW=0.852 proxM=0.325) RSI=1
2000-06-02T09:30:00.000-04:00,SCORE_PENALTY: Ghost=0 Climax=0 Stall=0 Failed=0 totalPen=0 | regime=1.3 vpBins=34 vpRatio=1.35
2000-06-05T09:30:00.000-04:00,SCORE_FAM: total=94.847 display=95 gate=100 cap=100 scaled=94.847 | Struct=25.5(0.85) Vol=25(1) Phase=4.2(0.21) VP=6.84(0.57) Spring=3.62(0.724) Ctx=7.8(0.6)
2000-06-05T09:30:00.000-04:00,SCORE_DETAIL_STRUCT: HL=25(1) Spread=15(1) PB=15(1) Power=0 Mid=1 Slope=0 Flip=0
2000-06-05T09:30:00.000-04:00,SCORE_DETAIL_VOL: Dry=25(1) Supply=0(0) Effort=10(1/0) Decl=0 Con=0
2000-06-05T09:30:00.000-04:00,SCORE_DETAIL_PHASE: Events=0 Accum=1 SOS=0 PhB=0 SOT=0 STup=0
2000-06-05T09:30:00.000-04:00,SCORE_DETAIL_VP: Ctx=1 VPOCmig=0 VAprog=-1 PShape=1 FinAuc=1 HVNsup=1 | bShape=0 Unfin=0 HVNoh=0 valid=true
2000-06-05T09:30:00.000-04:00,SCORE_DETAIL_SPRING: Spring=12(0.804) Ctrl=0
2000-06-05T09:30:00.000-04:00,SCORE_DETAIL_CTX: HTF=1 RS=0 OEL=0(0) VWAP=1(pt=5 proxW=0.312 proxM=0.153) RSI=1
2000-06-05T09:30:00.000-04:00,SCORE_PENALTY: Ghost=0 Climax=0 Stall=0 Failed=0 totalPen=0 | regime=1.3 vpBins=34 vpRatio=1.432
2000-06-06T09:30:00.000-04:00,SCORE_FAM: total=88.386 display=88 gate=95 cap=100 scaled=88.386 | Struct=25.5(0.85) Vol=25(1) Phase=4.2(0.21) VP=5.64(0.47) Spring=3.62(0.724) Ctx=4.03(0.31)
2000-06-06T09:30:00.000-04:00,SCORE_DETAIL_STRUCT: HL=25(1) Spread=15(1) PB=15(1) Power=0 Mid=1 Slope=0 Flip=0
2000-06-06T09:30:00.000-04:00,SCORE_DETAIL_VOL: Dry=25(1) Supply=0(0) Effort=10(1/0) Decl=0 Con=0
2000-06-06T09:30:00.000-04:00,SCORE_DETAIL_PHASE: Events=0 Accum=1 SOS=0 PhB=0 SOT=0 STup=0
2000-06-06T09:30:00.000-04:00,SCORE_DETAIL_VP: Ctx=1 VPOCmig=0 VAprog=-1 PShape=1 FinAuc=1 HVNsup=1 | bShape=0 Unfin=0 HVNoh=-1 valid=true
2000-06-06T09:30:00.000-04:00,SCORE_DETAIL_SPRING: Spring=12(0.804) Ctrl=0
2000-06-06T09:30:00.000-04:00,SCORE_DETAIL_CTX: HTF=1 RS=0 OEL=0(0) VWAP=0(pt=0 proxW=0.394 proxM=0.082) RSI=1
2000-06-06T09:30:00.000-04:00,SCORE_PENALTY: Ghost=0 Climax=0 Stall=0 Failed=0 totalPen=0 | regime=1.3 vpBins=34 vpRatio=1.511
2000-06-07T09:30:00.000-04:00,SCORE_FAM: total=93.937 display=94 gate=100 cap=100 scaled=93.937 | Struct=25.5(0.85) Vol=25(1) Phase=4.2(0.21) VP=5.64(0.47) Spring=4.12(0.824) Ctx=7.8(0.6)
2000-06-07T09:30:00.000-04:00,SCORE_DETAIL_STRUCT: HL=25(1) Spread=15(1) PB=15(1) Power=0 Mid=1 Slope=0 Flip=0
2000-06-07T09:30:00.000-04:00,SCORE_DETAIL_VOL: Dry=25(1) Supply=0(0) Effort=10(1/0) Decl=0 Con=0
2000-06-07T09:30:00.000-04:00,SCORE_DETAIL_PHASE: Events=0 Accum=1 SOS=0 PhB=0 SOT=0 STup=0
2000-06-07T09:30:00.000-04:00,SCORE_DETAIL_VP: Ctx=1 VPOCmig=0 VAprog=-1 PShape=1 FinAuc=1 HVNsup=0 | bShape=0 Unfin=0 HVNoh=0 valid=true
2000-06-07T09:30:00.000-04:00,SCORE_DETAIL_SPRING: Spring=12(0.804) Ctrl=1
2000-06-07T09:30:00.000-04:00,SCORE_DETAIL_CTX: HTF=1 RS=0 OEL=0(0) VWAP=1(pt=5 proxW=0.595 proxM=0.357) RSI=1
2000-06-07T09:30:00.000-04:00,SCORE_PENALTY: Ghost=0 Climax=0 Stall=0 Failed=0 totalPen=0 | regime=1.3 vpBins=34 vpRatio=1.589
2000-06-08T09:30:00.000-04:00,SCORE_FAM: total=95.497 display=95 gate=100 cap=100 scaled=95.497 | Struct=25.5(0.85) Vol=25(1) Phase=4.2(0.21) VP=6.84(0.57) Spring=4.12(0.824) Ctx=7.8(0.6)
2000-06-08T09:30:00.000-04:00,SCORE_DETAIL_STRUCT: HL=25(1) Spread=15(1) PB=15(1) Power=0 Mid=1 Slope=0 Flip=0
2000-06-08T09:30:00.000-04:00,SCORE_DETAIL_VOL: Dry=25(1) Supply=0(0) Effort=10(1/0) Decl=0 Con=0
2000-06-08T09:30:00.000-04:00,SCORE_DETAIL_PHASE: Events=0 Accum=1 SOS=0 PhB=0 SOT=0 STup=0
2000-06-08T09:30:00.000-04:00,SCORE_DETAIL_VP: Ctx=1 VPOCmig=0 VAprog=-1 PShape=1 FinAuc=1 HVNsup=1 | bShape=0 Unfin=0 HVNoh=0 valid=true
2000-06-08T09:30:00.000-04:00,SCORE_DETAIL_SPRING: Spring=12(0.804) Ctrl=1
2000-06-08T09:30:00.000-04:00,SCORE_DETAIL_CTX: HTF=1 RS=0 OEL=0(0) VWAP=1(pt=5 proxW=0.63 proxM=0.409) RSI=1
2000-06-08T09:30:00.000-04:00,SCORE_PENALTY: Ghost=0 Climax=0 Stall=0 Failed=0 totalPen=0 | regime=1.3 vpBins=34 vpRatio=1.655
2000-06-09T09:30:00.000-04:00,SCORE_FAM: total=85.225 display=85 gate=88 cap=100 scaled=85.225 | Struct=25.5(0.85) Vol=18.25(0.73) Phase=0(0) VP=5.64(0.47) Spring=4.12(0.824) Ctx=9.62(0.74)
2000-06-09T09:30:00.000-04:00,SCORE_DETAIL_STRUCT: HL=25(1) Spread=15(1) PB=15(1) Power=0 Mid=1 Slope=0 Flip=0
2000-06-09T09:30:00.000-04:00,SCORE_DETAIL_VOL: Dry=25(1) Supply=0(0) Effort=0(0/0) Decl=0 Con=0
2000-06-09T09:30:00.000-04:00,SCORE_DETAIL_PHASE: Events=0 Accum=0 SOS=0 PhB=0 SOT=0 STup=0
2000-06-09T09:30:00.000-04:00,SCORE_DETAIL_VP: Ctx=1 VPOCmig=0 VAprog=-1 PShape=1 FinAuc=1 HVNsup=0 | bShape=0 Unfin=0 HVNoh=0 valid=true
2000-06-09T09:30:00.000-04:00,SCORE_DETAIL_SPRING: Spring=12(0.804) Ctrl=1
2000-06-09T09:30:00.000-04:00,SCORE_DETAIL_CTX: HTF=1 RS=1 OEL=0(0) VWAP=1(pt=5 proxW=0.692 proxM=0.473) RSI=1
2000-06-09T09:30:00.000-04:00,SCORE_PENALTY: Ghost=0 Climax=0 Stall=0 Failed=0 totalPen=0 | regime=1 vpBins=34 vpRatio=1.713
2000-06-12T09:30:00.000-04:00,SCORE_FAM: total=75.248 display=75 gate=78 cap=100 scaled=75.248 | Struct=25.5(0.85) Vol=18.25(0.73) Phase=0(0) VP=3.84(0.32) Spring=4.12(0.824) Ctx=4.03(0.31)
2000-06-12T09:30:00.000-04:00,SCORE_DETAIL_STRUCT: HL=25(1) Spread=15(1) PB=15(1) Power=0 Mid=1 Slope=0 Flip=0
2000-06-12T09:30:00.000-04:00,SCORE_DETAIL_VOL: Dry=25(1) Supply=0(0) Effort=0(0/0) Decl=0 Con=0
2000-06-12T09:30:00.000-04:00,SCORE_DETAIL_PHASE: Events=0 Accum=0 SOS=0 PhB=0 SOT=0 STup=0
2000-06-12T09:30:00.000-04:00,SCORE_DETAIL_VP: Ctx=0.5 VPOCmig=0 VAprog=-1 PShape=1 FinAuc=1 HVNsup=1 | bShape=0 Unfin=0 HVNoh=-1 valid=true
2000-06-12T09:30:00.000-04:00,SCORE_DETAIL_SPRING: Spring=12(0.804) Ctrl=1
2000-06-12T09:30:00.000-04:00,SCORE_DETAIL_CTX: HTF=1 RS=0 OEL=0(0) VWAP=0(pt=0 proxW=0.513 proxM=0.486) RSI=1
2000-06-12T09:30:00.000-04:00,SCORE_PENALTY: Ghost=0 Climax=0 Stall=0 Failed=0 totalPen=0 | regime=1 vpBins=34 vpRatio=1.77
2000-06-13T09:30:00.000-04:00,SCORE_FAM: total=85.225 display=85 gate=88 cap=100 scaled=85.225 | Struct=25.5(0.85) Vol=18.25(0.73) Phase=0(0) VP=5.64(0.47) Spring=4.12(0.824) Ctx=9.62(0.74)
2000-06-13T09:30:00.000-04:00,SCORE_DETAIL_STRUCT: HL=25(1) Spread=15(1) PB=15(1) Power=0 Mid=1 Slope=0 Flip=0
2000-06-13T09:30:00.000-04:00,SCORE_DETAIL_VOL: Dry=25(1) Supply=0(0) Effort=0(0/0) Decl=0 Con=0
2000-06-13T09:30:00.000-04:00,SCORE_DETAIL_PHASE: Events=0 Accum=0 SOS=0 PhB=0 SOT=0 STup=0
2000-06-13T09:30:00.000-04:00,SCORE_DETAIL_VP: Ctx=1 VPOCmig=0 VAprog=-1 PShape=1 FinAuc=1 HVNsup=0 | bShape=0 Unfin=0 HVNoh=0 valid=true
2000-06-13T09:30:00.000-04:00,SCORE_DETAIL_SPRING: Spring=12(0.804) Ctrl=1
2000-06-13T09:30:00.000-04:00,SCORE_DETAIL_CTX: HTF=1 RS=1 OEL=0(0) VWAP=1(pt=5 proxW=0.622 proxM=0.544) RSI=1
2000-06-13T09:30:00.000-04:00,SCORE_PENALTY: Ghost=0 Climax=0 Stall=0 Failed=0 totalPen=0 | regime=1 vpBins=34 vpRatio=1.855
2000-06-13T09:30:00.000-04:00,LPS ENTRY: price=94.188 score=85 gate=88 mode=Close Above SOS Midpoint spring=true(conf=0.804) closeStr=1 volOk=true bars=8 pullback=21.73% prelimRisk=5.126%
2000-06-13T09:30:00.000-04:00,LPS DIST: warnLevel=0 liveCnt=0 bcAge=-1 utadAge=-1 sowAge=-1 lpsyAge=-1
2000-06-13T09:30:00.000-04:00,LPS STOP: mode=LPS Low price=89.091 stack=0 vwapW=92.366 vwapM=91.99 VAL=82.39
2000-06-22T09:30:00.000-04:00,DIST UTAD: bar=326 close=94.766 breakBar=323
2000-07-03T09:30:00.000-04:00,SCORE_FAM: total=101.965 display=100 gate=100 cap=100 scaled=101.965 | Struct=25.5(0.85) Vol=18.25(0.73) Phase=11.2(0.56) VP=6.84(0.57) Spring=4.12(0.824) Ctx=9.62(0.74)
2000-07-03T09:30:00.000-04:00,SCORE_DETAIL_STRUCT: HL=25(1) Spread=15(1) PB=0(0) Power=1 Mid=1 Slope=0 Flip=0
2000-07-03T09:30:00.000-04:00,SCORE_DETAIL_VOL: Dry=25(1) Supply=0(0) Effort=0(0/0) Decl=0 Con=0
2000-07-03T09:30:00.000-04:00,SCORE_DETAIL_PHASE: Events=1 Accum=1 SOS=0 PhB=0 SOT=0 STup=1
2000-07-03T09:30:00.000-04:00,SCORE_DETAIL_VP: Ctx=1 VPOCmig=0 VAprog=-1 PShape=1 FinAuc=1 HVNsup=1 | bShape=0 Unfin=0 HVNoh=0 valid=true
2000-07-03T09:30:00.000-04:00,SCORE_DETAIL_SPRING: Spring=12(0.804) Ctrl=1
2000-07-03T09:30:00.000-04:00,SCORE_DETAIL_CTX: HTF=1 RS=1 OEL=0(0) VWAP=1(pt=5 proxW=0.349 proxM=0.349) RSI=1
2000-07-03T09:30:00.000-04:00,SCORE_PENALTY: Ghost=0 Climax=0 Stall=0 Failed=0 totalPen=0 | regime=1 vpBins=34 vpRatio=5.193
2000-07-05T09:30:00.000-04:00,SCORE_FAM: total=83.888 display=84 gate=87 cap=100 scaled=83.888 | Struct=22.5(0.75) Vol=18.25(0.73) Phase=11.2(0.56) VP=2.04(0.17) Spring=4.12(0.824) Ctx=4.03(0.31)
2000-07-05T09:30:00.000-04:00,SCORE_DETAIL_STRUCT: HL=25(1) Spread=15(1) PB=15(1) Power=0 Mid=0 Slope=0 Flip=0
2000-07-05T09:30:00.000-04:00,SCORE_DETAIL_VOL: Dry=25(1) Supply=0(0) Effort=0(0/0) Decl=0 Con=0
2000-07-05T09:30:00.000-04:00,SCORE_DETAIL_PHASE: Events=1 Accum=1 SOS=0 PhB=0 SOT=0 STup=1
2000-07-05T09:30:00.000-04:00,SCORE_DETAIL_VP: Ctx=0 VPOCmig=0 VAprog=-1 PShape=1 FinAuc=1 HVNsup=1 | bShape=0 Unfin=0 HVNoh=-1 valid=true
2000-07-05T09:30:00.000-04:00,SCORE_DETAIL_SPRING: Spring=12(0.804) Ctrl=1
2000-07-05T09:30:00.000-04:00,SCORE_DETAIL_CTX: HTF=1 RS=0 OEL=0(0) VWAP=0(pt=0 proxW=0.473 proxM=0.473) RSI=1
2000-07-05T09:30:00.000-04:00,SCORE_PENALTY: Ghost=0 Climax=0 Stall=0 Failed=0 totalPen=0 | regime=1 vpBins=34 vpRatio=5.403
2000-07-06T09:30:00.000-04:00,SCORE_FAM: total=92.954 display=93 gate=96 cap=100 scaled=92.954 | Struct=20.025(0.667) Vol=18.25(0.73) Phase=11.2(0.56) VP=5.64(0.47) Spring=4.12(0.824) Ctx=9.62(0.74)
2000-07-06T09:30:00.000-04:00,SCORE_DETAIL_STRUCT: HL=25(1) Spread=10(0.67) PB=15(1) Power=0 Mid=0 Slope=0 Flip=0
2000-07-06T09:30:00.000-04:00,SCORE_DETAIL_VOL: Dry=25(1) Supply=0(0) Effort=0(0/0) Decl=0 Con=0
2000-07-06T09:30:00.000-04:00,SCORE_DETAIL_PHASE: Events=1 Accum=1 SOS=0 PhB=0 SOT=0 STup=1
2000-07-06T09:30:00.000-04:00,SCORE_DETAIL_VP: Ctx=1 VPOCmig=0 VAprog=-1 PShape=1 FinAuc=1 HVNsup=0 | bShape=0 Unfin=0 HVNoh=0 valid=true
2000-07-06T09:30:00.000-04:00,SCORE_DETAIL_SPRING: Spring=12(0.804) Ctrl=1
2000-07-06T09:30:00.000-04:00,SCORE_DETAIL_CTX: HTF=1 RS=1 OEL=0(0) VWAP=1(pt=5 proxW=0.744 proxM=0.744) RSI=1
2000-07-06T09:30:00.000-04:00,SCORE_PENALTY: Ghost=0 Climax=0 Stall=0 Failed=0 totalPen=0 | regime=1 vpBins=34 vpRatio=5.709
2000-07-06T09:30:00.000-04:00,LPS ENTRY: price=94.562 score=93 gate=96 mode=Close Above SOS Midpoint spring=true(conf=0.804) closeStr=0.96 volOk=true bars=3 pullback=17.798% prelimRisk=4.759%
2000-07-06T09:30:00.000-04:00,LPS DIST: warnLevel=1 liveCnt=1 bcAge=-1 utadAge=9 sowAge=-1 lpsyAge=-1
2000-07-06T09:30:00.000-04:00,LPS STOP: mode=LPS Low price=89.792 stack=0 vwapW=92.896 vwapM=92.896 VAL=91.397
2000-07-26T09:30:00.000-04:00,SCORE_FAM: total=89.433 display=89 gate=93 cap=100 scaled=89.433 | Struct=22.425(0.747) Vol=18.25(0.73) Phase=11.2(0.56) VP=2.64(0.22) Spring=3.62(0.724) Ctx=8.112(0.624)
2000-07-26T09:30:00.000-04:00,SCORE_DETAIL_STRUCT: HL=25(1) Spread=10(0.67) PB=15(1) Power=0 Mid=0 Slope=1 Flip=0
2000-07-26T09:30:00.000-04:00,SCORE_DETAIL_VOL: Dry=25(1) Supply=0(0) Effort=0(0/0) Decl=0 Con=0
2000-07-26T09:30:00.000-04:00,SCORE_DETAIL_PHASE: Events=1 Accum=1 SOS=0 PhB=0 SOT=0 STup=1
2000-07-26T09:30:00.000-04:00,SCORE_DETAIL_VP: Ctx=1 VPOCmig=0 VAprog=-1 PShape=0 FinAuc=1 HVNsup=0 | bShape=0 Unfin=0 HVNoh=0 valid=true
2000-07-26T09:30:00.000-04:00,SCORE_DETAIL_SPRING: Spring=12(0.804) Ctrl=0
2000-07-26T09:30:00.000-04:00,SCORE_DETAIL_CTX: HTF=1 RS=1 OEL=0(0) VWAP=0.6(pt=3 proxW=0.654 proxM=0.977) RSI=1
2000-07-26T09:30:00.000-04:00,SCORE_PENALTY: Ghost=0 Climax=0 Stall=0 Failed=0 totalPen=0 | regime=1 vpBins=41 vpRatio=0.53
2000-07-27T09:30:00.000-04:00,SCORE_FAM: total=80.358 display=80 gate=83 cap=100 scaled=80.358 | Struct=22.425(0.747) Vol=18.25(0.73) Phase=11.2(0.56) VP=0(-0.18) Spring=3.62(0.724) Ctx=4.03(0.31)
2000-07-27T09:30:00.000-04:00,SCORE_DETAIL_STRUCT: HL=25(1) Spread=10(0.67) PB=15(1) Power=0 Mid=0 Slope=1 Flip=0
2000-07-27T09:30:00.000-04:00,SCORE_DETAIL_VOL: Dry=25(1) Supply=0(0) Effort=0(0/0) Decl=0 Con=0
2000-07-27T09:30:00.000-04:00,SCORE_DETAIL_PHASE: Events=1 Accum=1 SOS=0 PhB=0 SOT=0 STup=1
2000-07-27T09:30:00.000-04:00,SCORE_DETAIL_VP: Ctx=0.5 VPOCmig=0 VAprog=-1 PShape=0 FinAuc=1 HVNsup=0 | bShape=-0.5 Unfin=0 HVNoh=-1 valid=true
2000-07-27T09:30:00.000-04:00,SCORE_DETAIL_SPRING: Spring=12(0.804) Ctrl=0
2000-07-27T09:30:00.000-04:00,SCORE_DETAIL_CTX: HTF=1 RS=0 OEL=0(0) VWAP=0(pt=0 proxW=0.891 proxM=1.364) RSI=1
2000-07-27T09:30:00.000-04:00,SCORE_PENALTY: Ghost=0 Climax=0 Stall=0 Failed=0 totalPen=0 | regime=1 vpBins=41 vpRatio=0.501
2000-07-28T09:30:00.000-04:00,SCORE_FAM: total=43.868 display=44 gate=45 cap=100 scaled=43.868 | Struct=10.275(0.343) Vol=10.95(0.438) Phase=7(0.35) VP=0(-0.08) Spring=3.62(0.724) Ctx=0.65(0.05)
2000-07-28T09:30:00.000-04:00,SCORE_DETAIL_STRUCT: HL=5(0.2) Spread=5(0.33) PB=15(1) Power=0 Mid=0 Slope=0 Flip=0
2000-07-28T09:30:00.000-04:00,SCORE_DETAIL_VOL: Dry=15(0.6) Supply=0(0) Effort=0(0/0) Decl=0 Con=0
2000-07-28T09:30:00.000-04:00,SCORE_DETAIL_PHASE: Events=1 Accum=0 SOS=0 PhB=0 SOT=0 STup=1
2000-07-28T09:30:00.000-04:00,SCORE_DETAIL_VP: Ctx=0 VPOCmig=0 VAprog=-1 PShape=0 FinAuc=1 HVNsup=0 | bShape=0 Unfin=0 HVNoh=0 valid=true
2000-07-28T09:30:00.000-04:00,SCORE_DETAIL_SPRING: Spring=12(0.804) Ctrl=0
2000-07-28T09:30:00.000-04:00,SCORE_DETAIL_CTX: HTF=0 RS=0 OEL=0(0) VWAP=0(pt=0 proxW=1.846 proxM=2.57) RSI=1
2000-07-28T09:30:00.000-04:00,SCORE_PENALTY: Ghost=0 Climax=0 Stall=0 Failed=0 totalPen=0 | regime=1 vpBins=47 vpRatio=0.972
2000-07-31T09:30:00.000-04:00,SPRING: conf=0.599 [close=0.257 reclaim=0.008 vol=0.144 age=0.123 tests=0.067] pivot=89.359 pivotAge=33b
2000-07-31T09:30:00.000-04:00,SCORE_FAM: total=46.811 display=47 gate=49 cap=100 scaled=46.811 | Struct=10.275(0.343) Vol=10.95(0.438) Phase=7(0.35) VP=0.84(0.07) Spring=2.698(0.54) Ctx=2.912(0.224)
2000-07-31T09:30:00.000-04:00,SCORE_DETAIL_STRUCT: HL=5(0.2) Spread=5(0.33) PB=15(1) Power=0 Mid=0 Slope=0 Flip=0
2000-07-31T09:30:00.000-04:00,SCORE_DETAIL_VOL: Dry=15(0.6) Supply=0(0) Effort=0(0/0) Decl=0 Con=0
2000-07-31T09:30:00.000-04:00,SCORE_DETAIL_PHASE: Events=1 Accum=0 SOS=0 PhB=0 SOT=0 STup=1
2000-07-31T09:30:00.000-04:00,SCORE_DETAIL_VP: Ctx=0.5 VPOCmig=0 VAprog=-1 PShape=0 FinAuc=1 HVNsup=0 | bShape=0 Unfin=0 HVNoh=0 valid=true
2000-07-31T09:30:00.000-04:00,SCORE_DETAIL_SPRING: Spring=8(0.599) Ctrl=0
2000-07-31T09:30:00.000-04:00,SCORE_DETAIL_CTX: HTF=0 RS=0 OEL=0(0) VWAP=0.6(pt=3 proxW=0.733 proxM=2.474) RSI=1
2000-07-31T09:30:00.000-04:00,SCORE_PENALTY: Ghost=0 Climax=0 Stall=0 Failed=0 totalPen=0 | regime=1 vpBins=47 vpRatio=1.061
2000-08-01T09:30:00.000-04:00,SCORE_FAM: total=43.757 display=44 gate=45 cap=100 scaled=43.757 | Struct=10.275(0.343) Vol=10.95(0.438) Phase=7(0.35) VP=0.84(0.07) Spring=2.698(0.54) Ctx=0.65(0.05)
2000-08-01T09:30:00.000-04:00,SCORE_DETAIL_STRUCT: HL=5(0.2) Spread=5(0.33) PB=15(1) Power=0 Mid=0 Slope=0 Flip=0
2000-08-01T09:30:00.000-04:00,SCORE_DETAIL_VOL: Dry=15(0.6) Supply=0(0) Effort=0(0/0) Decl=0 Con=0
2000-08-01T09:30:00.000-04:00,SCORE_DETAIL_PHASE: Events=1 Accum=0 SOS=0 PhB=0 SOT=0 STup=1
2000-08-01T09:30:00.000-04:00,SCORE_DETAIL_VP: Ctx=0.5 VPOCmig=0 VAprog=-1 PShape=0 FinAuc=1 HVNsup=0 | bShape=0 Unfin=0 HVNoh=0 valid=true
2000-08-01T09:30:00.000-04:00,SCORE_DETAIL_SPRING: Spring=8(0.599) Ctrl=0
2000-08-01T09:30:00.000-04:00,SCORE_DETAIL_CTX: HTF=0 RS=0 OEL=0(0) VWAP=0(pt=0 proxW=0.768 proxM=0.799) RSI=1
2000-08-01T09:30:00.000-04:00,SCORE_PENALTY: Ghost=0 Climax=0 Stall=0 Failed=0 totalPen=0 | regime=1 vpBins=47 vpRatio=1.019
2000-08-02T09:30:00.000-04:00,SCORE_FAM: total=42.623 display=43 gate=44 cap=100 scaled=42.623 | Struct=10.275(0.343) Vol=10.95(0.438) Phase=7(0.35) VP=0(-0.08) Spring=2.698(0.54) Ctx=0.65(0.05)
2000-08-02T09:30:00.000-04:00,SCORE_DETAIL_STRUCT: HL=5(0.2) Spread=5(0.33) PB=15(1) Power=0 Mid=0 Slope=0 Flip=0
2000-08-02T09:30:00.000-04:00,SCORE_DETAIL_VOL: Dry=15(0.6) Supply=0(0) Effort=0(0/0) Decl=0 Con=0
2000-08-02T09:30:00.000-04:00,SCORE_DETAIL_PHASE: Events=1 Accum=0 SOS=0 PhB=0 SOT=0 STup=1
2000-08-02T09:30:00.000-04:00,SCORE_DETAIL_VP: Ctx=0 VPOCmig=0 VAprog=-1 PShape=0 FinAuc=1 HVNsup=0 | bShape=0 Unfin=0 HVNoh=0 valid=true
2000-08-02T09:30:00.000-04:00,SCORE_DETAIL_SPRING: Spring=8(0.599) Ctrl=0
2000-08-02T09:30:00.000-04:00,SCORE_DETAIL_CTX: HTF=0 RS=0 OEL=0(0) VWAP=0(pt=0 proxW=0.715 proxM=0.692) RSI=1
2000-08-02T09:30:00.000-04:00,SCORE_PENALTY: Ghost=0 Climax=0 Stall=0 Failed=0 totalPen=0 | regime=1 vpBins=47 vpRatio=0.962
2000-08-03T09:30:00.000-04:00,SCORE_FAM: total=48.846 display=49 gate=51 cap=100 scaled=48.846 | Struct=10.275(0.343) Vol=10.95(0.438) Phase=7(0.35) VP=0.84(0.07) Spring=2.698(0.54) Ctx=4.42(0.34)
2000-08-03T09:30:00.000-04:00,SCORE_DETAIL_STRUCT: HL=5(0.2) Spread=5(0.33) PB=15(1) Power=0 Mid=0 Slope=0 Flip=0
2000-08-03T09:30:00.000-04:00,SCORE_DETAIL_VOL: Dry=15(0.6) Supply=0(0) Effort=0(0/0) Decl=0 Con=0
2000-08-03T09:30:00.000-04:00,SCORE_DETAIL_PHASE: Events=1 Accum=0 SOS=0 PhB=0 SOT=0 STup=1
2000-08-03T09:30:00.000-04:00,SCORE_DETAIL_VP: Ctx=0 VPOCmig=0 VAprog=-1 PShape=1 FinAuc=1 HVNsup=0 | bShape=0 Unfin=0 HVNoh=-1 valid=true
2000-08-03T09:30:00.000-04:00,SCORE_DETAIL_SPRING: Spring=8(0.599) Ctrl=0
2000-08-03T09:30:00.000-04:00,SCORE_DETAIL_CTX: HTF=0 RS=0 OEL=0(0) VWAP=1(pt=5 proxW=1.278 proxM=1.266) RSI=1
2000-08-03T09:30:00.000-04:00,SCORE_PENALTY: Ghost=0 Climax=0 Stall=0 Failed=0 totalPen=0 | regime=1 vpBins=47 vpRatio=2.257
2000-08-04T09:30:00.000-04:00,SCORE_FAM: total=48.846 display=49 gate=51 cap=100 scaled=48.846 | Struct=10.275(0.343) Vol=10.95(0.438) Phase=7(0.35) VP=0.84(0.07) Spring=2.698(0.54) Ctx=4.42(0.34)
2000-08-04T09:30:00.000-04:00,SCORE_DETAIL_STRUCT: HL=5(0.2) Spread=5(0.33) PB=15(1) Power=0 Mid=0 Slope=0 Flip=0
2000-08-04T09:30:00.000-04:00,SCORE_DETAIL_VOL: Dry=15(0.6) Supply=0(0) Effort=0(0/0) Decl=0 Con=0
2000-08-04T09:30:00.000-04:00,SCORE_DETAIL_PHASE: Events=1 Accum=0 SOS=0 PhB=0 SOT=0 STup=1
2000-08-04T09:30:00.000-04:00,SCORE_DETAIL_VP: Ctx=0 VPOCmig=0 VAprog=-1 PShape=1 FinAuc=1 HVNsup=0 | bShape=0 Unfin=0 HVNoh=-1 valid=true
2000-08-04T09:30:00.000-04:00,SCORE_DETAIL_SPRING: Spring=8(0.599) Ctrl=0
2000-08-04T09:30:00.000-04:00,SCORE_DETAIL_CTX: HTF=0 RS=0 OEL=0(0) VWAP=1(pt=5 proxW=1.391 proxM=1.411) RSI=1
2000-08-04T09:30:00.000-04:00,SCORE_PENALTY: Ghost=0 Climax=0 Stall=0 Failed=0 totalPen=0 | regime=1 vpBins=47 vpRatio=2.068
2000-08-07T09:30:00.000-04:00,SCORE_FAM: total=61.806 display=62 gate=64 cap=100 scaled=61.806 | Struct=10.275(0.343) Vol=18.25(0.73) Phase=7(0.35) VP=2.64(0.22) Spring=3.198(0.64) Ctx=4.42(0.34)
2000-08-07T09:30:00.000-04:00,SCORE_DETAIL_STRUCT: HL=5(0.2) Spread=5(0.33) PB=15(1) Power=0 Mid=0 Slope=0 Flip=0
2000-08-07T09:30:00.000-04:00,SCORE_DETAIL_VOL: Dry=25(1) Supply=0(0) Effort=0(0/0) Decl=0 Con=0
2000-08-07T09:30:00.000-04:00,SCORE_DETAIL_PHASE: Events=1 Accum=0 SOS=0 PhB=0 SOT=0 STup=1
2000-08-07T09:30:00.000-04:00,SCORE_DETAIL_VP: Ctx=0.5 VPOCmig=0 VAprog=-1 PShape=1 FinAuc=1 HVNsup=0 | bShape=0 Unfin=0 HVNoh=-1 valid=true
2000-08-07T09:30:00.000-04:00,SCORE_DETAIL_SPRING: Spring=8(0.599) Ctrl=1
2000-08-07T09:30:00.000-04:00,SCORE_DETAIL_CTX: HTF=0 RS=0 OEL=0(0) VWAP=1(pt=5 proxW=2.225 proxM=1.54) RSI=1
2000-08-07T09:30:00.000-04:00,SCORE_PENALTY: Ghost=0 Climax=0 Stall=0 Failed=0 totalPen=0 | regime=1 vpBins=47 vpRatio=1.957
2000-08-08T09:30:00.000-04:00,SCORE_FAM: total=56.717 display=57 gate=59 cap=100 scaled=56.717 | Struct=10.275(0.343) Vol=18.25(0.73) Phase=7(0.35) VP=2.64(0.22) Spring=3.198(0.64) Ctx=0.65(0.05)
2000-08-08T09:30:00.000-04:00,SCORE_DETAIL_STRUCT: HL=5(0.2) Spread=5(0.33) PB=15(1) Power=0 Mid=0 Slope=0 Flip=0
2000-08-08T09:30:00.000-04:00,SCORE_DETAIL_VOL: Dry=25(1) Supply=0(0) Effort=0(0/0) Decl=0 Con=0
2000-08-08T09:30:00.000-04:00,SCORE_DETAIL_PHASE: Events=1 Accum=0 SOS=0 PhB=0 SOT=0 STup=1
2000-08-08T09:30:00.000-04:00,SCORE_DETAIL_VP: Ctx=0.5 VPOCmig=0 VAprog=-1 PShape=1 FinAuc=1 HVNsup=0 | bShape=0 Unfin=0 HVNoh=-1 valid=true
2000-08-08T09:30:00.000-04:00,SCORE_DETAIL_SPRING: Spring=8(0.599) Ctrl=1
2000-08-08T09:30:00.000-04:00,SCORE_DETAIL_CTX: HTF=0 RS=0 OEL=0(0) VWAP=0(pt=0 proxW=2.368 proxM=1.692) RSI=1
2000-08-08T09:30:00.000-04:00,SCORE_PENALTY: Ghost=0 Climax=0 Stall=0 Failed=0 totalPen=0 | regime=1 vpBins=47 vpRatio=1.861
2000-08-09T09:30:00.000-04:00,SCORE_FAM: total=56.717 display=57 gate=59 cap=100 scaled=56.717 | Struct=10.275(0.343) Vol=18.25(0.73) Phase=7(0.35) VP=2.64(0.22) Spring=3.198(0.64) Ctx=0.65(0.05)
2000-08-09T09:30:00.000-04:00,SCORE_DETAIL_STRUCT: HL=5(0.2) Spread=5(0.33) PB=15(1) Power=0 Mid=0 Slope=0 Flip=0
2000-08-09T09:30:00.000-04:00,SCORE_DETAIL_VOL: Dry=25(1) Supply=0(0) Effort=0(0/0) Decl=0 Con=0
2000-08-09T09:30:00.000-04:00,SCORE_DETAIL_PHASE: Events=1 Accum=0 SOS=0 PhB=0 SOT=0 STup=1
2000-08-09T09:30:00.000-04:00,SCORE_DETAIL_VP: Ctx=0.5 VPOCmig=0 VAprog=-1 PShape=1 FinAuc=1 HVNsup=0 | bShape=0 Unfin=0 HVNoh=-1 valid=true
2000-08-09T09:30:00.000-04:00,SCORE_DETAIL_SPRING: Spring=8(0.599) Ctrl=1
2000-08-09T09:30:00.000-04:00,SCORE_DETAIL_CTX: HTF=0 RS=0 OEL=0(0) VWAP=0(pt=0 proxW=2.441 proxM=1.815) RSI=1
2000-08-09T09:30:00.000-04:00,SCORE_PENALTY: Ghost=0 Climax=0 Stall=0 Failed=0 totalPen=0 | regime=1 vpBins=47 vpRatio=1.924
2000-08-10T09:30:00.000-04:00,SCORE_FAM: total=56.717 display=57 gate=59 cap=100 scaled=56.717 | Struct=10.275(0.343) Vol=18.25(0.73) Phase=7(0.35) VP=2.64(0.22) Spring=3.198(0.64) Ctx=0.65(0.05)
2000-08-10T09:30:00.000-04:00,SCORE_DETAIL_STRUCT: HL=5(0.2) Spread=5(0.33) PB=15(1) Power=0 Mid=0 Slope=0 Flip=0
2000-08-10T09:30:00.000-04:00,SCORE_DETAIL_VOL: Dry=25(1) Supply=0(0) Effort=0(0/0) Decl=0 Con=0
2000-08-10T09:30:00.000-04:00,SCORE_DETAIL_PHASE: Events=1 Accum=0 SOS=0 PhB=0 SOT=0 STup=1
2000-08-10T09:30:00.000-04:00,SCORE_DETAIL_VP: Ctx=0.5 VPOCmig=0 VAprog=-1 PShape=1 FinAuc=1 HVNsup=0 | bShape=0 Unfin=0 HVNoh=-1 valid=true
2000-08-10T09:30:00.000-04:00,SCORE_DETAIL_SPRING: Spring=8(0.599) Ctrl=1
2000-08-10T09:30:00.000-04:00,SCORE_DETAIL_CTX: HTF=0 RS=0 OEL=0(0) VWAP=0(pt=0 proxW=2.386 proxM=1.873) RSI=1
2000-08-10T09:30:00.000-04:00,SCORE_PENALTY: Ghost=0 Climax=0 Stall=0 Failed=0 totalPen=0 | regime=1 vpBins=47 vpRatio=1.829
2000-08-11T09:30:00.000-04:00,SCORE_FAM: total=56.717 display=57 gate=59 cap=100 scaled=56.717 | Struct=10.275(0.343) Vol=18.25(0.73) Phase=7(0.35) VP=2.64(0.22) Spring=3.198(0.64) Ctx=0.65(0.05)
2000-08-11T09:30:00.000-04:00,SCORE_DETAIL_STRUCT: HL=5(0.2) Spread=5(0.33) PB=15(1) Power=0 Mid=0 Slope=0 Flip=0
2000-08-11T09:30:00.000-04:00,SCORE_DETAIL_VOL: Dry=25(1) Supply=0(0) Effort=0(0/0) Decl=0 Con=0
2000-08-11T09:30:00.000-04:00,SCORE_DETAIL_PHASE: Events=1 Accum=0 SOS=0 PhB=0 SOT=0 STup=1
2000-08-11T09:30:00.000-04:00,SCORE_DETAIL_VP: Ctx=0.5 VPOCmig=0 VAprog=-1 PShape=1 FinAuc=1 HVNsup=0 | bShape=0 Unfin=0 HVNoh=-1 valid=true
2000-08-11T09:30:00.000-04:00,SCORE_DETAIL_SPRING: Spring=8(0.599) Ctrl=1
2000-08-11T09:30:00.000-04:00,SCORE_DETAIL_CTX: HTF=0 RS=0 OEL=0(0) VWAP=0(pt=0 proxW=2.27 proxM=1.884) RSI=1
2000-08-11T09:30:00.000-04:00,SCORE_PENALTY: Ghost=0 Climax=0 Stall=0 Failed=0 totalPen=0 | regime=1 vpBins=47 vpRatio=1.714
2000-08-11T09:30:00.000-04:00,LPS ENTRY: price=90.875 score=57 gate=59 mode=Close Above SOS Midpoint spring=true(conf=0.599) closeStr=0.928 volOk=true bars=13 pullback=61.401% prelimRisk=8.322%
2000-08-11T09:30:00.000-04:00,LPS DIST: warnLevel=1 liveCnt=1 bcAge=-1 utadAge=35 sowAge=-1 lpsyAge=-1
2000-08-11T09:30:00.000-04:00,LPS STOP: mode=LPS Low price=83.063 stack=0 vwapW=91.373 vwapM=90.002 VAL=89.297
2000-08-11T09:30:00.000-04:00,COMP VP: VPOC=92.729 VAH=NaN hvnAbove=91.7 lvnAbove=101.986
2000-08-31T09:30:00.000-04:00,SCORE_FAM: total=83.47 display=83 gate=87 cap=100 scaled=83.47 | Struct=16.5(0.55) Vol=18.25(0.73) Phase=7(0.35) VP=6.84(0.57) Spring=3.62(0.724) Ctx=9.62(0.74)
2000-08-31T09:30:00.000-04:00,SCORE_DETAIL_STRUCT: HL=25(1) Spread=15(1) PB=0(0) Power=0 Mid=0 Slope=0 Flip=0
2000-08-31T09:30:00.000-04:00,SCORE_DETAIL_VOL: Dry=25(1) Supply=0(0) Effort=0(0/0) Decl=0 Con=0
2000-08-31T09:30:00.000-04:00,SCORE_DETAIL_PHASE: Events=1 Accum=0 SOS=0 PhB=0 SOT=0 STup=1
2000-08-31T09:30:00.000-04:00,SCORE_DETAIL_VP: Ctx=1 VPOCmig=0 VAprog=-1 PShape=1 FinAuc=1 HVNsup=1 | bShape=0 Unfin=0 HVNoh=0 valid=true
2000-08-31T09:30:00.000-04:00,SCORE_DETAIL_SPRING: Spring=12(0.804) Ctrl=0
2000-08-31T09:30:00.000-04:00,SCORE_DETAIL_CTX: HTF=1 RS=1 OEL=0(0) VWAP=1(pt=5 proxW=0.018 proxM=2.239) RSI=1
2000-08-31T09:30:00.000-04:00,SCORE_PENALTY: Ghost=0 Climax=0 Stall=0 Failed=0 totalPen=0 | regime=1 vpBins=47 vpRatio=2.183
2000-09-01T09:30:00.000-04:00,SCORE_FAM: total=83.47 display=83 gate=87 cap=100 scaled=83.47 | Struct=16.5(0.55) Vol=18.25(0.73) Phase=7(0.35) VP=6.84(0.57) Spring=3.62(0.724) Ctx=9.62(0.74)
2000-09-01T09:30:00.000-04:00,SCORE_DETAIL_STRUCT: HL=25(1) Spread=15(1) PB=0(0) Power=0 Mid=0 Slope=0 Flip=0
2000-09-01T09:30:00.000-04:00,SCORE_DETAIL_VOL: Dry=25(1) Supply=0(0) Effort=0(0/0) Decl=0 Con=0
2000-09-01T09:30:00.000-04:00,SCORE_DETAIL_PHASE: Events=1 Accum=0 SOS=0 PhB=0 SOT=0 STup=1
2000-09-01T09:30:00.000-04:00,SCORE_DETAIL_VP: Ctx=1 VPOCmig=0 VAprog=-1 PShape=1 FinAuc=1 HVNsup=1 | bShape=0 Unfin=0 HVNoh=0 valid=true
2000-09-01T09:30:00.000-04:00,SCORE_DETAIL_SPRING: Spring=12(0.804) Ctrl=0
2000-09-01T09:30:00.000-04:00,SCORE_DETAIL_CTX: HTF=1 RS=1 OEL=0(0) VWAP=1(pt=5 proxW=0.219 proxM=1.058) RSI=1
2000-09-01T09:30:00.000-04:00,SCORE_PENALTY: Ghost=0 Climax=0 Stall=0 Failed=0 totalPen=0 | regime=1 vpBins=58 vpRatio=1.217
2000-09-05T09:30:00.000-04:00,SCORE_FAM: total=78.38 display=78 gate=81 cap=100 scaled=78.38 | Struct=16.5(0.55) Vol=18.25(0.73) Phase=7(0.35) VP=6.84(0.57) Spring=3.62(0.724) Ctx=5.85(0.45)
2000-09-05T09:30:00.000-04:00,SCORE_DETAIL_STRUCT: HL=25(1) Spread=15(1) PB=0(0) Power=0 Mid=0 Slope=0 Flip=0
2000-09-05T09:30:00.000-04:00,SCORE_DETAIL_VOL: Dry=25(1) Supply=0(0) Effort=0(0/0) Decl=0 Con=0
2000-09-05T09:30:00.000-04:00,SCORE_DETAIL_PHASE: Events=1 Accum=0 SOS=0 PhB=0 SOT=0 STup=1
2000-09-05T09:30:00.000-04:00,SCORE_DETAIL_VP: Ctx=1 VPOCmig=0 VAprog=-1 PShape=1 FinAuc=1 HVNsup=1 | bShape=0 Unfin=0 HVNoh=0 valid=true
2000-09-05T09:30:00.000-04:00,SCORE_DETAIL_SPRING: Spring=12(0.804) Ctrl=0
2000-09-05T09:30:00.000-04:00,SCORE_DETAIL_CTX: HTF=1 RS=1 OEL=0(0) VWAP=0(pt=0 proxW=0.292 proxM=0.655) RSI=1
2000-09-05T09:30:00.000-04:00,SCORE_PENALTY: Ghost=0 Climax=0 Stall=0 Failed=0 totalPen=0 | regime=1 vpBins=58 vpRatio=1.25
2000-09-06T09:30:00.000-04:00,SCORE_FAM: total=83.112 display=83 gate=86 cap=100 scaled=83.112 | Struct=23.025(0.767) Vol=18.25(0.73) Phase=7(0.35) VP=5.64(0.47) Spring=3.62(0.724) Ctx=4.03(0.31)
2000-09-06T09:30:00.000-04:00,SCORE_DETAIL_STRUCT: HL=25(1) Spread=10(0.67) PB=15(1) Power=0 Mid=1 Slope=0 Flip=0
2000-09-06T09:30:00.000-04:00,SCORE_DETAIL_VOL: Dry=25(1) Supply=0(0) Effort=0(0/0) Decl=0 Con=0
2000-09-06T09:30:00.000-04:00,SCORE_DETAIL_PHASE: Events=1 Accum=0 SOS=0 PhB=0 SOT=0 STup=1
2000-09-06T09:30:00.000-04:00,SCORE_DETAIL_VP: Ctx=1 VPOCmig=0 VAprog=-1 PShape=1 FinAuc=1 HVNsup=1 | bShape=0 Unfin=0 HVNoh=-1 valid=true
2000-09-06T09:30:00.000-04:00,SCORE_DETAIL_SPRING: Spring=12(0.804) Ctrl=0
2000-09-06T09:30:00.000-04:00,SCORE_DETAIL_CTX: HTF=1 RS=0 OEL=0(0) VWAP=0(pt=0 proxW=0.959 proxM=1.339) RSI=1
2000-09-06T09:30:00.000-04:00,SCORE_PENALTY: Ghost=0 Climax=0 Stall=0 Failed=0 totalPen=0 | regime=1 vpBins=58 vpRatio=1.292
2000-09-07T09:30:00.000-04:00,SCORE_FAM: total=83.112 display=83 gate=86 cap=100 scaled=83.112 | Struct=23.025(0.767) Vol=18.25(0.73) Phase=7(0.35) VP=5.64(0.47) Spring=3.62(0.724) Ctx=4.03(0.31)
2000-09-07T09:30:00.000-04:00,SCORE_DETAIL_STRUCT: HL=25(1) Spread=10(0.67) PB=15(1) Power=0 Mid=1 Slope=0 Flip=0
2000-09-07T09:30:00.000-04:00,SCORE_DETAIL_VOL: Dry=25(1) Supply=0(0) Effort=0(0/0) Decl=0 Con=0
2000-09-07T09:30:00.000-04:00,SCORE_DETAIL_PHASE: Events=1 Accum=0 SOS=0 PhB=0 SOT=0 STup=1
2000-09-07T09:30:00.000-04:00,SCORE_DETAIL_VP: Ctx=1 VPOCmig=0 VAprog=-1 PShape=1 FinAuc=1 HVNsup=1 | bShape=0 Unfin=0 HVNoh=-1 valid=true
2000-09-07T09:30:00.000-04:00,SCORE_DETAIL_SPRING: Spring=12(0.804) Ctrl=0
2000-09-07T09:30:00.000-04:00,SCORE_DETAIL_CTX: HTF=1 RS=0 OEL=0(0) VWAP=0(pt=0 proxW=0.905 proxM=1.196) RSI=1
2000-09-07T09:30:00.000-04:00,SCORE_PENALTY: Ghost=0 Climax=0 Stall=0 Failed=0 totalPen=0 | regime=1 vpBins=58 vpRatio=1.326
2000-09-07T09:30:00.000-04:00,LPS ENTRY: price=98.25 score=83 gate=86 mode=Close Above SOS Midpoint spring=true(conf=0.804) closeStr=0.59 volOk=true bars=5 pullback=17.155% prelimRisk=2.545%
2000-09-07T09:30:00.000-04:00,LPS DIST: warnLevel=0 liveCnt=0 bcAge=-1 utadAge=53 sowAge=-1 lpsyAge=-1
2000-09-07T09:30:00.000-04:00,LPS STOP: mode=LPS Low price=95.463 stack=0 vwapW=98.351 vwapM=99.19 VAL=86.796
2000-09-07T09:30:00.000-04:00,COMP VP: VPOC=92.861 VAH=112.311 hvnAbove=NaN lvnAbove=112.311
2000-09-22T09:30:00.000-04:00,SPRING: conf=0.906 [close=0.297 reclaim=0.23 vol=0.154 age=0.126 tests=0.1] pivot=87.875 pivotAge=29b
2000-09-26T09:30:00.000-04:00,SCORE_FAM: total=54.206 display=54 gate=56 cap=100 scaled=54.206 | Struct=17.475(0.583) Vol=10.95(0.438) Phase=7(0.35) VP=0(-0.18) Spring=4.078(0.816) Ctx=0.65(0.05)
2000-09-26T09:30:00.000-04:00,SCORE_DETAIL_STRUCT: HL=25(1) Spread=5(0.33) PB=15(1) Power=0 Mid=0 Slope=0 Flip=0
2000-09-26T09:30:00.000-04:00,SCORE_DETAIL_VOL: Dry=15(0.6) Supply=0(0) Effort=0(0/0) Decl=0 Con=0
2000-09-26T09:30:00.000-04:00,SCORE_DETAIL_PHASE: Events=1 Accum=0 SOS=0 PhB=0 SOT=0 STup=1
2000-09-26T09:30:00.000-04:00,SCORE_DETAIL_VP: Ctx=0 VPOCmig=0 VAprog=-1 PShape=0 FinAuc=1 HVNsup=0 | bShape=0 Unfin=0 HVNoh=-1 valid=true
2000-09-26T09:30:00.000-04:00,SCORE_DETAIL_SPRING: Spring=13(0.906) Ctrl=0
2000-09-26T09:30:00.000-04:00,SCORE_DETAIL_CTX: HTF=0 RS=0 OEL=0(0) VWAP=0(pt=0 proxW=0.517 proxM=1.326) RSI=1
2000-09-26T09:30:00.000-04:00,SCORE_PENALTY: Ghost=0 Climax=0 Stall=0 Failed=0 totalPen=0 | regime=1 vpBins=58 vpRatio=0.952
2000-09-27T09:30:00.000-04:00,SCORE_FAM: total=57.649 display=58 gate=60 cap=100 scaled=57.649 | Struct=20.025(0.667) Vol=10.95(0.438) Phase=7(0.35) VP=0(-0.03) Spring=4.078(0.816) Ctx=0.65(0.05)
2000-09-27T09:30:00.000-04:00,SCORE_DETAIL_STRUCT: HL=25(1) Spread=10(0.67) PB=15(1) Power=0 Mid=0 Slope=0 Flip=0
2000-09-27T09:30:00.000-04:00,SCORE_DETAIL_VOL: Dry=15(0.6) Supply=0(0) Effort=0(0/0) Decl=0 Con=0
2000-09-27T09:30:00.000-04:00,SCORE_DETAIL_PHASE: Events=1 Accum=0 SOS=0 PhB=0 SOT=0 STup=1
2000-09-27T09:30:00.000-04:00,SCORE_DETAIL_VP: Ctx=0.5 VPOCmig=0 VAprog=-1 PShape=0 FinAuc=1 HVNsup=0 | bShape=0 Unfin=0 HVNoh=-1 valid=true
2000-09-27T09:30:00.000-04:00,SCORE_DETAIL_SPRING: Spring=13(0.906) Ctrl=0
2000-09-27T09:30:00.000-04:00,SCORE_DETAIL_CTX: HTF=0 RS=0 OEL=0(0) VWAP=0(pt=0 proxW=0.661 proxM=1.532) RSI=1
2000-09-27T09:30:00.000-04:00,SCORE_PENALTY: Ghost=0 Climax=0 Stall=0 Failed=0 totalPen=0 | regime=1 vpBins=58 vpRatio=0.918
2000-09-27T09:30:00.000-04:00,LPS ENTRY: price=89.5 score=58 gate=60 mode=Close Above SOS Midpoint spring=true(conf=0.906) closeStr=0.471 volOk=true bars=2 pullback=27.949% prelimRisk=1.676%
2000-09-27T09:30:00.000-04:00,LPS DIST: warnLevel=0 liveCnt=0 bcAge=-1 utadAge=67 sowAge=-1 lpsyAge=-1
2000-09-27T09:30:00.000-04:00,LPS STOP: mode=LPS Low price=87.736 stack=0 vwapW=90.287 vwapM=93.301 VAL=89.234
2000-09-27T09:30:00.000-04:00,COMP VP: VPOC=92.897 VAH=NaN hvnAbove=89.83 lvnAbove=102.098
2000-10-03T09:30:00.000-04:00,SPRING: conf=0.36 [close=0.006 reclaim=0.003 vol=0.133 age=0.117 tests=0.1] pivot=83.312 pivotAge=42b
2000-10-04T09:30:00.000-04:00,SPRING_DAILY: conf=0.73 [close=0.222 reclaim=0.122 vol=0.136] support=83.312 pen=1.188
2000-10-11T09:30:00.000-04:00,DIST SOW: bar=403 close=77.062 support=77.875
2000-10-31T09:30:00.000-05:00,"TR DETECTED: Support=73.625, Resistance=87.875, Len=20, SlopeUp=false"
2000-10-31T09:30:00.000-05:00,"VPOC SHIFT: Prior=78.141, will compare when VP recalculates"
2000-11-09T09:30:00.000-05:00,SPRING: conf=0.732 [close=0.205 reclaim=0.131 vol=0.156 age=0.141 tests=0.1] pivot=73.625 pivotAge=10b
2000-12-15T09:30:00.000-05:00,"TR DETECTED: Support=60.5, Resistance=75.188, Len=20, SlopeUp=false"
2000-12-15T09:30:00.000-05:00,"VPOC SHIFT: Prior=76.768, will compare when VP recalculates"
2001-01-17T09:30:00.000-05:00,"TR DETECTED: Support=52.156, Resistance=65.969, Len=20, SlopeUp=false"
2001-01-17T09:30:00.000-05:00,"VPOC SHIFT: Prior=62.286, will compare when VP recalculates"
2001-01-24T09:30:00.000-05:00,DIST UTAD: bar=474 close=67.125 breakBar=473
2001-02-21T09:30:00.000-05:00,DIST SOW: bar=493 close=51.5 support=52.156
2001-03-08T09:30:00.000-05:00,"TR DETECTED: Support=45.65, Resistance=61.5, Len=20, SlopeUp=false"
2001-03-08T09:30:00.000-05:00,"VPOC SHIFT: Prior=55.72, will compare when VP recalculates"
2001-03-20T09:30:00.000-05:00,"TR DETECTED: Support=40.2, Resistance=54.07, Len=20, SlopeUp=false"
2001-03-20T09:30:00.000-05:00,"VPOC SHIFT: Prior=50.545, will compare when VP recalculates"
2001-04-09T09:30:00.000-04:00,"TR DETECTED: Support=33.6, Resistance=45.319, Len=20, SlopeUp=false"
2001-04-09T09:30:00.000-04:00,"VPOC SHIFT: Prior=42.654, will compare when VP recalculates"
2001-05-10T09:30:00.000-04:00,"TR DETECTED: Support=39.9, Resistance=51, Len=20, SlopeUp=true"
2001-05-10T09:30:00.000-04:00,"VPOC SHIFT: Prior=41.355, will compare when VP recalculates"
2001-07-18T09:30:00.000-04:00,SPRING: conf=0.423 [close=0.089 reclaim=0.057 vol=0.111 age=0.132 tests=0.033] pivot=41.26 pivotAge=20b
2001-07-24T09:30:00.000-04:00,SPRING: conf=0.564 [close=0.158 reclaim=0.044 vol=0.12 age=0.142 tests=0.1] pivot=39.87 pivotAge=9b
2001-08-10T09:30:00.000-04:00,SPRING: conf=0.724 [close=0.207 reclaim=0.16 vol=0.119 age=0.138 tests=0.1] pivot=39.31 pivotAge=13b
2001-10-09T09:30:00.000-04:00,"TR DETECTED: Support=27.2, Resistance=35.52, Len=20, SlopeUp=false"
2001-10-09T09:30:00.000-04:00,"VPOC SHIFT: Prior=40.002, will compare when VP recalculates"
2001-10-17T09:30:00.000-04:00,"DIST BC: bar=655 high=36 vol=141,490,128 volAvg=90,210,947.2"
2001-10-18T09:30:00.000-04:00,DIST UTAD: bar=656 close=33.33 breakBar=655
2002-01-24T09:30:00.000-05:00,SPRING: conf=0.451 [close=0.152 reclaim=0.056 vol=0.112 age=0.131 tests=0] pivot=38.68 pivotAge=22b
2002-01-30T09:30:00.000-05:00,SPRING: conf=0.709 [close=0.213 reclaim=0.118 vol=0.134 age=0.144 tests=0.1] pivot=37.33 pivotAge=6b
2002-02-04T09:30:00.000-05:00,SPRING: conf=0.422 [close=0.064 reclaim=0.031 vol=0.111 age=0.116 tests=0.1] pivot=36.74 pivotAge=44b
2002-02-20T09:30:00.000-05:00,SPRING: conf=0.681 [close=0.295 reclaim=0.036 vol=0.14 age=0.143 tests=0.067] pivot=34.97 pivotAge=7b
2002-03-04T09:30:00.000-05:00,SPRING: conf=0.887 [close=0.295 reclaim=0.226 vol=0.122 age=0.144 tests=0.1] pivot=33.09 pivotAge=6b
2002-03-21T09:30:00.000-05:00,SPRING: conf=0.832 [close=0.271 reclaim=0.206 vol=0.111 age=0.144 tests=0.1] pivot=36 pivotAge=6b
2002-04-23T09:30:00.000-04:00,SPRING: conf=0.438 [close=0.075 reclaim=0.024 vol=0.096 age=0.142 tests=0.1] pivot=32.889 pivotAge=8b
2002-04-26T09:30:00.000-04:00,DIST SOW: bar=786 close=31.04 support=32
2002-06-04T09:30:00.000-04:00,"TR DETECTED: Support=28.42, Resistance=33.63, Len=20, SlopeUp=false"
2002-06-04T09:30:00.000-04:00,"VPOC SHIFT: Prior=31.221, will compare when VP recalculates"
2002-07-29T09:30:00.000-04:00,"TR DETECTED: Support=21.64, Resistance=26.55, Len=20, SlopeUp=false"
2002-07-29T09:30:00.000-04:00,"VPOC SHIFT: Prior=28.733, will compare when VP recalculates"
2002-09-20T09:30:00.000-04:00,SPRING: conf=0.4 [close=0.136 reclaim=0.018 vol=0.095 age=0.118 tests=0.033] pivot=21.64 pivotAge=41b
2002-09-25T09:30:00.000-04:00,SPRING: conf=0.67 [close=0.246 reclaim=0.152 vol=0.119 age=0.121 tests=0.033] pivot=21.3 pivotAge=36b
2002-10-07T09:30:00.000-04:00,SPRING_DAILY: conf=0.487 [close=0.126 reclaim=0.017 vol=0.095] support=20.11 pen=0.26
2002-10-08T09:30:00.000-04:00,SPRING_DAILY: conf=0.542 [close=0.155 reclaim=0.026 vol=0.11] support=20.11 pen=0.35
2002-10-22T09:30:00.000-04:00,DIST UTAD: bar=910 close=24.14 breakBar=909
2002-11-11T09:30:00.000-05:00,"TR DETECTED: Support=22.07, Resistance=26.82, Len=20, SlopeUp=true"
2002-11-11T09:30:00.000-05:00,"VPOC SHIFT: Prior=23.398, will compare when VP recalculates"
2003-01-31T09:30:00.000-05:00,SPRING: conf=0.582 [close=0.172 reclaim=0.053 vol=0.125 age=0.132 tests=0.1] pivot=24.28 pivotAge=21b
2003-02-04T09:30:00.000-05:00,SPRING: conf=0.555 [close=0.231 reclaim=0.021 vol=0.095 age=0.109 tests=0.1] pivot=24.15 pivotAge=57b
2003-03-07T09:30:00.000-05:00,SPRING: conf=0.648 [close=0.176 reclaim=0.116 vol=0.113 age=0.142 tests=0.1] pivot=24.08 pivotAge=8b
2003-06-05T09:30:00.000-04:00,"DIST UTAD: bar=1,065 close=30.64 breakBar=1,064"
2003-06-06T09:30:00.000-04:00,"DIST BC: bar=1,066 high=31.47 vol=157,178,128 volAvg=79,393,956"
2003-09-29T09:30:00.000-04:00,SPRING: conf=0.613 [close=0.287 reclaim=0.045 vol=0.109 age=0.139 tests=0.033] pivot=33.01 pivotAge=12b
2004-01-23T09:30:00.000-05:00,"TR DETECTED: Support=35.8, Resistance=39, Len=20, SlopeUp=true"
2004-01-23T09:30:00.000-05:00,"VPOC SHIFT: Prior=35.666, will compare when VP recalculates"
2004-02-23T09:30:00.000-05:00,SPRING: conf=0.544 [close=0.146 reclaim=0.027 vol=0.132 age=0.139 tests=0.1] pivot=36.329 pivotAge=12b
2004-03-09T09:30:00.000-05:00,"DIST SOW: bar=1,256 close=35.66 support=35.73"
2004-03-25T09:30:00.000-05:00,"DIST SOW: bar=1,268 close=35.343 support=35.73"
2004-03-29T09:30:00.000-05:00,SPRING_DAILY: conf=0.566 [close=0.191 reclaim=0.032 vol=0.092] support=35.73 pen=0.24
2004-03-30T09:30:00.000-05:00,SPRING_DAILY: conf=0.717 [close=0.277 reclaim=0.106 vol=0.085] support=35.73 pen=0.213
2004-03-31T09:30:00.000-05:00,SPRING_DAILY: conf=0.574 [close=0.177 reclaim=0.071 vol=0.076] support=35.73 pen=0.12
2004-04-05T09:30:00.000-04:00,"DIST LPSY: bar=1,275 close=37.45 vol=67,379,376 volAvg=113,353,192"
2004-04-21T09:30:00.000-04:00,SPRING_DAILY: conf=0.711 [close=0.245 reclaim=0.098 vol=0.118] support=35.73 pen=0.28
2004-04-29T09:30:00.000-04:00,SPRING: conf=0.54 [close=0.098 reclaim=0.046 vol=0.152 age=0.144 tests=0.1] pivot=35.45 pivotAge=6b
2004-05-05T09:30:00.000-04:00,SPRING_DAILY: conf=0.654 [close=0.198 reclaim=0.115 vol=0.091] support=35.3 pen=0.1
2004-05-12T09:30:00.000-04:00,SPRING: conf=0.772 [close=0.275 reclaim=0.125 vol=0.163 age=0.142 tests=0.067] pivot=34.72 pivotAge=8b
2004-07-06T09:30:00.000-04:00,SPRING: conf=0.473 [close=0.078 reclaim=0.005 vol=0.148 age=0.142 tests=0.1] pivot=36.015 pivotAge=9b
2004-07-23T09:30:00.000-04:00,SPRING: conf=0.444 [close=0.086 reclaim=0.04 vol=0.104 age=0.115 tests=0.1] pivot=34.11 pivotAge=46b
2004-07-26T09:30:00.000-04:00,SPRING: conf=0.475 [close=0.152 reclaim=0.019 vol=0.108 age=0.096 tests=0.1] pivot=34.006 pivotAge=85b
2004-12-17T09:30:00.000-05:00,SPRING: conf=0.678 [close=0.261 reclaim=0.064 vol=0.109 age=0.143 tests=0.1] pivot=38.81 pivotAge=7b
2005-02-22T09:30:00.000-05:00,SPRING: conf=0.412 [close=0.04 reclaim=0.003 vol=0.126 age=0.143 tests=0.1] pivot=36.88 pivotAge=7b
2005-03-17T09:30:00.000-05:00,SPRING: conf=0.461 [close=0.146 reclaim=0.009 vol=0.104 age=0.136 tests=0.067] pivot=36.697 pivotAge=16b
2005-03-18T09:30:00.000-05:00,SPRING: conf=0.471 [close=0.11 reclaim=0.029 vol=0.112 age=0.12 tests=0.1] pivot=36.46 pivotAge=38b
2005-04-12T09:30:00.000-04:00,SPRING: conf=0.873 [close=0.271 reclaim=0.217 vol=0.144 age=0.141 tests=0.1] pivot=35.94 pivotAge=10b
2005-04-29T09:30:00.000-04:00,SPRING: conf=0.775 [close=0.265 reclaim=0.137 vol=0.131 age=0.143 tests=0.1] pivot=34.59 pivotAge=7b
2005-09-22T09:30:00.000-04:00,SPRING: conf=0.825 [close=0.245 reclaim=0.194 vol=0.151 age=0.135 tests=0.1] pivot=38.26 pivotAge=17b
2005-10-06T09:30:00.000-04:00,SPRING: conf=0.531 [close=0.105 reclaim=0.003 vol=0.183 age=0.141 tests=0.1] pivot=38.24 pivotAge=10b
2005-12-22T09:30:00.000-05:00,SPRING: conf=0.549 [close=0.26 reclaim=0.066 vol=0.083 age=0.141 tests=0] pivot=41.27 pivotAge=10b
2006-01-03T09:30:00.000-05:00,SPRING: conf=0.701 [close=0.259 reclaim=0.105 vol=0.161 age=0.142 tests=0.033] pivot=40.75 pivotAge=8b
2006-01-03T09:30:00.000-05:00,"DIST BC: bar=1,715 high=41.49 vol=109,422,192 volAvg=68,078,618.4"
2006-01-05T09:30:00.000-05:00,"SOS CONFIRMED: rally=4.582% low=40.16 high=42 bars=3 avgVol=93,298,128 adjMinRally=3.5"
2006-01-05T09:30:00.000-05:00,SCORE_FAM: total=89.595 display=90 gate=93 cap=100 scaled=89.595 | Struct=27.6(0.92) Vol=10.95(0.438) Phase=3.6(0.18) VP=10.8(0.9) Spring=3.927(0.785) Ctx=9.49(0.73)
2006-01-05T09:30:00.000-05:00,SCORE_DETAIL_STRUCT: HL=25(1) Spread=15(1) PB=15(1) Power=0 Mid=1 Slope=0 Flip=1
2006-01-05T09:30:00.000-05:00,SCORE_DETAIL_VOL: Dry=15(0.6) Supply=0(0) Effort=0(0/0) Decl=1 Con=1
2006-01-05T09:30:00.000-05:00,SCORE_DETAIL_PHASE: Events=0 Accum=0 SOS=0 PhB=1 SOT=0 STup=0
2006-01-05T09:30:00.000-05:00,SCORE_DETAIL_VP: Ctx=1 VPOCmig=1 VAprog=1 PShape=1 FinAuc=1 HVNsup=0 | bShape=0 Unfin=0 HVNoh=0 valid=true
2006-01-05T09:30:00.000-05:00,SCORE_DETAIL_SPRING: Spring=13(0.873) Ctrl=0
2006-01-05T09:30:00.000-05:00,SCORE_DETAIL_CTX: HTF=1 RS=0 OEL=0.5(5) VWAP=1(pt=5 proxW=0.54 proxM=0.54) RSI=1
2006-01-05T09:30:00.000-05:00,SCORE_PENALTY: Ghost=0 Climax=0 Stall=0 Failed=0 totalPen=0 | regime=1 vpBins=34 vpRatio=1.988
2006-01-06T09:30:00.000-05:00,SCORE_FAM: total=76.534 display=77 gate=79 cap=100 scaled=76.534 | Struct=25.125(0.837) Vol=3.75(0.12) Phase=3.6(0.18) VP=10.8(0.9) Spring=3.927(0.785) Ctx=9.49(0.73)
2006-01-06T09:30:00.000-05:00,SCORE_DETAIL_STRUCT: HL=25(1) Spread=10(0.67) PB=15(1) Power=0 Mid=1 Slope=0 Flip=1
2006-01-06T09:30:00.000-05:00,SCORE_DETAIL_VOL: Dry=8(0.32) Supply=-5(-0.33) Effort=0(0/0) Decl=0 Con=0
2006-01-06T09:30:00.000-05:00,SCORE_DETAIL_PHASE: Events=0 Accum=0 SOS=0 PhB=1 SOT=0 STup=0
2006-01-06T09:30:00.000-05:00,SCORE_DETAIL_VP: Ctx=1 VPOCmig=1 VAprog=1 PShape=1 FinAuc=1 HVNsup=0 | bShape=0 Unfin=0 HVNoh=0 valid=true
2006-01-06T09:30:00.000-05:00,SCORE_DETAIL_SPRING: Spring=13(0.873) Ctrl=0
2006-01-06T09:30:00.000-05:00,SCORE_DETAIL_CTX: HTF=1 RS=0 OEL=0.5(5) VWAP=1(pt=5 proxW=0.047 proxM=0.047) RSI=1
2006-01-06T09:30:00.000-05:00,SCORE_PENALTY: Ghost=0 Climax=0 Stall=0 Failed=0 totalPen=0 | regime=1 vpBins=47 vpRatio=1.876
2006-01-06T09:30:00.000-05:00,LPS ENTRY: price=42.68 score=77 gate=79 mode=Close Above SOS Midpoint spring=true(conf=0.873) closeStr=0.969 volOk=true bars=2 pullback=15.951% prelimRisk=2.281%
2006-01-06T09:30:00.000-05:00,LPS DIST: warnLevel=1 liveCnt=1 bcAge=3 utadAge=-1 sowAge=450 lpsyAge=443
2006-01-06T09:30:00.000-05:00,LPS STOP: mode=LPS Low price=41.581 stack=0 vwapW=41.731 vwapM=41.731 VAL=41.044
2006-01-06T09:30:00.000-05:00,COMP VP: VPOC=37.656 VAH=NaN hvnAbove=NaN lvnAbove=NaN
2006-02-07T09:30:00.000-05:00,SCORE_FAM: total=51.329 display=51 gate=53 cap=100 scaled=51.329 | Struct=14.025(0.468) Vol=4.24(0.17) Phase=8.8(0.44) VP=3(0.25) Spring=3.927(0.785) Ctx=4.03(0.31)
2006-02-07T09:30:00.000-05:00,SCORE_DETAIL_STRUCT: HL=25(1) Spread=10(0.67) PB=0(0) Power=0 Mid=0 Slope=0 Flip=0
2006-02-07T09:30:00.000-05:00,SCORE_DETAIL_VOL: Dry=8(0.32) Supply=0(0) Effort=0(0/0) Decl=0 Con=0
2006-02-07T09:30:00.000-05:00,SCORE_DETAIL_PHASE: Events=1 Accum=0 SOS=0 PhB=1 SOT=0 STup=0
2006-02-07T09:30:00.000-05:00,SCORE_DETAIL_VP: Ctx=0 VPOCmig=1 VAprog=1 PShape=0 FinAuc=1 HVNsup=0 | bShape=0 Unfin=0 HVNoh=-1 valid=true
2006-02-07T09:30:00.000-05:00,SCORE_DETAIL_SPRING: Spring=13(0.873) Ctrl=0
2006-02-07T09:30:00.000-05:00,SCORE_DETAIL_CTX: HTF=1 RS=0 OEL=0(0) VWAP=0(pt=0 proxW=0.522 proxM=1.479) RSI=1
2006-02-07T09:30:00.000-05:00,SCORE_PENALTY: Ghost=0 Climax=0 Stall=0 Failed=0 totalPen=0 | regime=1 vpBins=47 vpRatio=1.063
2006-02-08T09:30:00.000-05:00,SPRING: conf=0.511 [close=0.267 reclaim=0.011 vol=0.092 age=0.141 tests=0] pivot=41.08 pivotAge=10b
2006-03-10T09:30:00.000-05:00,SPRING: conf=0.68 [close=0.185 reclaim=0.125 vol=0.136 age=0.133 tests=0.1] pivot=40.26 pivotAge=19b
2006-05-01T09:30:00.000-04:00,SPRING: conf=0.393 [close=0.039 reclaim=0.013 vol=0.1 age=0.141 tests=0.1] pivot=41.39 pivotAge=10b
2006-05-12T09:30:00.000-04:00,SPRING: conf=0.449 [close=0.086 reclaim=0.009 vol=0.16 age=0.094 tests=0.1] pivot=40.16 pivotAge=90b
2006-06-08T09:30:00.000-04:00,SPRING: conf=0.723 [close=0.255 reclaim=0.04 vol=0.188 age=0.141 tests=0.1] pivot=38.23 pivotAge=10b
2006-06-14T09:30:00.000-04:00,SPRING: conf=0.666 [close=0.253 reclaim=0.147 vol=0.129 age=0.071 tests=0.067] pivot=37.33 pivotAge=167b
2006-06-15T09:30:00.000-04:00,SPRING: conf=0.644 [close=0.258 reclaim=0.184 vol=0.128 age=0.073 tests=0] pivot=37.92 pivotAge=157b
2006-07-11T09:30:00.000-04:00,SPRING: conf=0.675 [close=0.255 reclaim=0.098 vol=0.113 age=0.142 tests=0.067] pivot=37.38 pivotAge=8b
2006-12-21T09:30:00.000-05:00,SPRING: conf=0.473 [close=0.088 reclaim=0.052 vol=0.096 age=0.137 tests=0.1] pivot=43.26 pivotAge=14b
2007-01-10T09:30:00.000-05:00,"SOS CONFIRMED: rally=5.033% low=42.52 high=44.66 bars=3 avgVol=126,537,706.667 adjMinRally=3.5"
2007-01-10T09:30:00.000-05:00,SCORE_FAM: total=91.735 display=92 gate=95 cap=100 scaled=91.735 | Struct=23.475(0.782) Vol=3.75(-0.28) Phase=18.2(0.91) VP=10.8(0.9) Spring=3.927(0.785) Ctx=7.8(0.6)
2007-01-10T09:30:00.000-05:00,SCORE_DETAIL_STRUCT: HL=25(1) Spread=2(0.13) PB=15(1) Power=0 Mid=1 Slope=1 Flip=1
2007-01-10T09:30:00.000-05:00,SCORE_DETAIL_VOL: Dry=8(0.32) Supply=-5(-0.33) Effort=-10(0/-1) Decl=0 Con=0
2007-01-10T09:30:00.000-05:00,SCORE_DETAIL_PHASE: Events=1 Accum=1 SOS=1 PhB=1 SOT=0 STup=0
2007-01-10T09:30:00.000-05:00,SCORE_DETAIL_VP: Ctx=1 VPOCmig=1 VAprog=1 PShape=1 FinAuc=1 HVNsup=0 | bShape=0 Unfin=0 HVNoh=0 valid=true
2007-01-10T09:30:00.000-05:00,SCORE_DETAIL_SPRING: Spring=13(0.873) Ctrl=0
2007-01-10T09:30:00.000-05:00,SCORE_DETAIL_CTX: HTF=1 RS=0 OEL=0(0) VWAP=1(pt=5 proxW=0.427 proxM=0.013) RSI=1
2007-01-10T09:30:00.000-05:00,SCORE_PENALTY: Ghost=0 Climax=0 Stall=0 Failed=0 totalPen=0 | regime=1 vpBins=41 vpRatio=1.498
2007-01-11T09:30:00.000-05:00,SCORE_FAM: total=90.925 display=91 gate=94 cap=100 scaled=90.925 | Struct=22.875(0.762) Vol=3.75(-0.437) Phase=18.2(0.91) VP=10.8(0.9) Spring=3.927(0.785) Ctx=7.8(0.6)
2007-01-11T09:30:00.000-05:00,SCORE_DETAIL_STRUCT: HL=25(1) Spread=5(0.33) PB=15(1) Power=0 Mid=1 Slope=1 Flip=0
2007-01-11T09:30:00.000-05:00,SCORE_DETAIL_VOL: Dry=3(0.12) Supply=-10(-0.67) Effort=-10(0/-1) Decl=0 Con=0
2007-01-11T09:30:00.000-05:00,SCORE_DETAIL_PHASE: Events=1 Accum=1 SOS=1 PhB=1 SOT=0 STup=0
2007-01-11T09:30:00.000-05:00,SCORE_DETAIL_VP: Ctx=1 VPOCmig=1 VAprog=1 PShape=1 FinAuc=1 HVNsup=0 | bShape=0 Unfin=0 HVNoh=0 valid=true
2007-01-11T09:30:00.000-05:00,SCORE_DETAIL_SPRING: Spring=13(0.873) Ctrl=0
2007-01-11T09:30:00.000-05:00,SCORE_DETAIL_CTX: HTF=1 RS=0 OEL=0(0) VWAP=1(pt=5 proxW=0.897 proxM=0.32) RSI=1
2007-01-11T09:30:00.000-05:00,SCORE_PENALTY: Ghost=0 Climax=0 Stall=0 Failed=0 totalPen=0 | regime=1 vpBins=58 vpRatio=1.216
2007-01-11T09:30:00.000-05:00,LPS ENTRY: price=45.08 score=91 gate=94 mode=Close Above SOS Midpoint spring=true(conf=0.873) closeStr=0.729 volOk=true bars=2 pullback=39.252% prelimRisk=2.795%
2007-01-11T09:30:00.000-05:00,LPS DIST: warnLevel=0 liveCnt=0 bcAge=257 utadAge=-1 sowAge=704 lpsyAge=697
2007-01-11T09:30:00.000-05:00,LPS STOP: mode=LPS Low price=43.689 stack=0 vwapW=44.391 vwapM=44.024 VAL=42.408
2007-01-11T09:30:00.000-05:00,COMP VP: VPOC=38.727 VAH=NaN hvnAbove=NaN lvnAbove=NaN
2007-02-07T09:30:00.000-05:00,SCORE_FAM: total=95.029 display=95 gate=99 cap=100 scaled=95.029 | Struct=25.425(0.847) Vol=4.24(0.17) Phase=18.2(0.91) VP=10.8(0.9) Spring=3.927(0.785) Ctx=7.8(0.6)
2007-02-07T09:30:00.000-05:00,SCORE_DETAIL_STRUCT: HL=25(1) Spread=10(0.67) PB=15(1) Power=0 Mid=1 Slope=1 Flip=0
2007-02-07T09:30:00.000-05:00,SCORE_DETAIL_VOL: Dry=8(0.32) Supply=0(0) Effort=0(0/0) Decl=0 Con=0
2007-02-07T09:30:00.000-05:00,SCORE_DETAIL_PHASE: Events=1 Accum=1 SOS=1 PhB=1 SOT=0 STup=0
2007-02-07T09:30:00.000-05:00,SCORE_DETAIL_VP: Ctx=1 VPOCmig=1 VAprog=1 PShape=1 FinAuc=1 HVNsup=0 | bShape=0 Unfin=0 HVNoh=0 valid=true
2007-02-07T09:30:00.000-05:00,SCORE_DETAIL_SPRING: Spring=13(0.873) Ctrl=0
2007-02-07T09:30:00.000-05:00,SCORE_DETAIL_CTX: HTF=1 RS=0 OEL=0(0) VWAP=1(pt=5 proxW=0.099 proxM=0.043) RSI=1
2007-02-07T09:30:00.000-05:00,SCORE_PENALTY: Ghost=0 Climax=0 Stall=0 Failed=0 totalPen=0 | regime=1 vpBins=58 vpRatio=2.11
2007-02-08T09:30:00.000-05:00,SCORE_FAM: total=107.429 display=100 gate=100 cap=100 scaled=107.429 | Struct=27.9(0.93) Vol=10.95(0.438) Phase=18.2(0.91) VP=10.8(0.9) Spring=3.927(0.785) Ctx=7.8(0.6)
2007-02-08T09:30:00.000-05:00,SCORE_DETAIL_STRUCT: HL=25(1) Spread=15(1) PB=15(1) Power=0 Mid=1 Slope=1 Flip=0
2007-02-08T09:30:00.000-05:00,SCORE_DETAIL_VOL: Dry=15(0.6) Supply=0(0) Effort=0(0/0) Decl=0 Con=0
2007-02-08T09:30:00.000-05:00,SCORE_DETAIL_PHASE: Events=1 Accum=1 SOS=1 PhB=1 SOT=0 STup=0
2007-02-08T09:30:00.000-05:00,SCORE_DETAIL_VP: Ctx=1 VPOCmig=1 VAprog=1 PShape=1 FinAuc=1 HVNsup=0 | bShape=0 Unfin=0 HVNoh=0 valid=true
2007-02-08T09:30:00.000-05:00,SCORE_DETAIL_SPRING: Spring=13(0.873) Ctrl=0
2007-02-08T09:30:00.000-05:00,SCORE_DETAIL_CTX: HTF=1 RS=0 OEL=0(0) VWAP=1(pt=5 proxW=0.196 proxM=0.112) RSI=1
2007-02-08T09:30:00.000-05:00,SCORE_PENALTY: Ghost=0 Climax=0 Stall=0 Failed=0 totalPen=0 | regime=1 vpBins=58 vpRatio=2.142
2007-02-09T09:30:00.000-05:00,SCORE_FAM: total=82.447 display=82 gate=86 cap=100 scaled=82.447 | Struct=22.875(0.762) Vol=4.24(0.17) Phase=18.2(0.91) VP=7.8(0.65) Spring=3.927(0.785) Ctx=4.03(0.31)
2007-02-09T09:30:00.000-05:00,SCORE_DETAIL_STRUCT: HL=25(1) Spread=5(0.33) PB=15(1) Power=0 Mid=1 Slope=1 Flip=0
2007-02-09T09:30:00.000-05:00,SCORE_DETAIL_VOL: Dry=8(0.32) Supply=0(0) Effort=0(0/0) Decl=0 Con=0
2007-02-09T09:30:00.000-05:00,SCORE_DETAIL_PHASE: Events=1 Accum=1 SOS=1 PhB=1 SOT=0 STup=0
2007-02-09T09:30:00.000-05:00,SCORE_DETAIL_VP: Ctx=0.5 VPOCmig=1 VAprog=1 PShape=1 FinAuc=1 HVNsup=0 | bShape=0 Unfin=0 HVNoh=-1 valid=true
2007-02-09T09:30:00.000-05:00,SCORE_DETAIL_SPRING: Spring=13(0.873) Ctrl=0
2007-02-09T09:30:00.000-05:00,SCORE_DETAIL_CTX: HTF=1 RS=0 OEL=0(0) VWAP=0(pt=0 proxW=0.795 proxM=0.744) RSI=1
2007-02-09T09:30:00.000-05:00,SCORE_PENALTY: Ghost=0 Climax=0 Stall=0 Failed=0 totalPen=0 | regime=1 vpBins=58 vpRatio=2.19
2007-02-12T09:30:00.000-05:00,SCORE_FAM: total=80.219 display=80 gate=83 cap=100 scaled=80.219 | Struct=25.425(0.847) Vol=4.24(0.17) Phase=14(0.7) VP=7.8(0.65) Spring=3.927(0.785) Ctx=4.03(0.31)
2007-02-12T09:30:00.000-05:00,SCORE_DETAIL_STRUCT: HL=25(1) Spread=10(0.67) PB=15(1) Power=0 Mid=1 Slope=1 Flip=0
2007-02-12T09:30:00.000-05:00,SCORE_DETAIL_VOL: Dry=8(0.32) Supply=0(0) Effort=0(0/0) Decl=0 Con=0
2007-02-12T09:30:00.000-05:00,SCORE_DETAIL_PHASE: Events=1 Accum=0 SOS=1 PhB=1 SOT=0 STup=0
2007-02-12T09:30:00.000-05:00,SCORE_DETAIL_VP: Ctx=0.5 VPOCmig=1 VAprog=1 PShape=1 FinAuc=1 HVNsup=0 | bShape=0 Unfin=0 HVNoh=-1 valid=true
2007-02-12T09:30:00.000-05:00,SCORE_DETAIL_SPRING: Spring=13(0.873) Ctrl=0
2007-02-12T09:30:00.000-05:00,SCORE_DETAIL_CTX: HTF=1 RS=0 OEL=0(0) VWAP=0(pt=0 proxW=0.241 proxM=0.912) RSI=1
2007-02-12T09:30:00.000-05:00,SCORE_PENALTY: Ghost=0 Climax=0 Stall=0 Failed=0 totalPen=0 | regime=1 vpBins=58 vpRatio=2.235
2007-02-13T09:30:00.000-05:00,SCORE_FAM: total=88.457 display=88 gate=88 cap=100 scaled=88.457 | Struct=22.875(0.762) Vol=4.09(0.164) Phase=18.2(0.91) VP=7.8(0.65) Spring=3.927(0.785) Ctx=6.292(0.484)
2007-02-13T09:30:00.000-05:00,SCORE_DETAIL_STRUCT: HL=25(1) Spread=5(0.33) PB=15(1) Power=0 Mid=1 Slope=1 Flip=0
2007-02-13T09:30:00.000-05:00,SCORE_DETAIL_VOL: Dry=3(0.12) Supply=0(0) Effort=0(0/0) Decl=0 Con=1
2007-02-13T09:30:00.000-05:00,SCORE_DETAIL_PHASE: Events=1 Accum=1 SOS=1 PhB=1 SOT=0 STup=0
2007-02-13T09:30:00.000-05:00,SCORE_DETAIL_VP: Ctx=0.5 VPOCmig=1 VAprog=1 PShape=1 FinAuc=1 HVNsup=0 | bShape=0 Unfin=0 HVNoh=-1 valid=true
2007-02-13T09:30:00.000-05:00,SCORE_DETAIL_SPRING: Spring=13(0.873) Ctrl=0
2007-02-13T09:30:00.000-05:00,SCORE_DETAIL_CTX: HTF=1 RS=0 OEL=0(0) VWAP=0.6(pt=3 proxW=0.347 proxM=0.901) RSI=1
2007-02-13T09:30:00.000-05:00,SCORE_PENALTY: Ghost=0 Climax=0 Stall=0 Failed=0 totalPen=0 | regime=0.8 vpBins=58 vpRatio=2.269
2007-02-14T09:30:00.000-05:00,SCORE_FAM: total=100.685 display=100 gate=100 cap=100 scaled=100.685 | Struct=25.425(0.847) Vol=6.74(0.27) Phase=18.2(0.91) VP=10.8(0.9) Spring=3.927(0.785) Ctx=9.49(0.73)
2007-02-14T09:30:00.000-05:00,SCORE_DETAIL_STRUCT: HL=25(1) Spread=10(0.67) PB=15(1) Power=0 Mid=1 Slope=1 Flip=0
2007-02-14T09:30:00.000-05:00,SCORE_DETAIL_VOL: Dry=8(0.32) Supply=0(0) Effort=0(0/0) Decl=0 Con=1
2007-02-14T09:30:00.000-05:00,SCORE_DETAIL_PHASE: Events=1 Accum=1 SOS=1 PhB=1 SOT=0 STup=0
2007-02-14T09:30:00.000-05:00,SCORE_DETAIL_VP: Ctx=1 VPOCmig=1 VAprog=1 PShape=1 FinAuc=1 HVNsup=0 | bShape=0 Unfin=0 HVNoh=0 valid=true
2007-02-14T09:30:00.000-05:00,SCORE_DETAIL_SPRING: Spring=13(0.873) Ctrl=0
2007-02-14T09:30:00.000-05:00,SCORE_DETAIL_CTX: HTF=1 RS=0 OEL=0.5(5) VWAP=1(pt=5 proxW=0.776 proxM=0.941) RSI=1
2007-02-14T09:30:00.000-05:00,SCORE_PENALTY: Ghost=0 Climax=0 Stall=0 Failed=0 totalPen=0 | regime=1 vpBins=58 vpRatio=2.317
2007-02-14T09:30:00.000-05:00,LPS ENTRY: price=44.6 score=100 gate=100 mode=Close Above SOS Midpoint spring=true(conf=0.873) closeStr=0.836 volOk=true bars=6 pullback=50% prelimRisk=2.265%
2007-02-14T09:30:00.000-05:00,LPS DIST: warnLevel=0 liveCnt=0 bcAge=280 utadAge=-1 sowAge=727 lpsyAge=720
2007-02-14T09:30:00.000-05:00,LPS STOP: mode=LPS Low price=43.459 stack=0 vwapW=44.033 vwapM=44.127 VAL=42.444
2007-02-14T09:30:00.000-05:00,COMP VP: VPOC=41.879 VAH=NaN hvnAbove=NaN lvnAbove=44.837
2007-02-28T09:30:00.000-05:00,SPRING: conf=0.524 [close=0.145 reclaim=0.012 vol=0.17 age=0.131 tests=0.067] pivot=43.29 pivotAge=22b
2007-03-01T09:30:00.000-05:00,SPRING: conf=0.718 [close=0.205 reclaim=0.117 vol=0.176 age=0.119 tests=0.1] pivot=42.52 pivotAge=39b
2007-03-15T09:30:00.000-04:00,SCORE_FAM: total=85.161 display=85 gate=93 cap=100 scaled=100.161 | Struct=21.9(0.73) Vol=25(1) Phase=14(0.7) VP=7.8(0.65) Spring=3.927(0.785) Ctx=4.42(0.34)
2007-03-15T09:30:00.000-04:00,SCORE_DETAIL_STRUCT: HL=25(1) Spread=15(1) PB=0(0) Power=0 Mid=1 Slope=1 Flip=0
2007-03-15T09:30:00.000-04:00,SCORE_DETAIL_VOL: Dry=25(1) Supply=0(0) Effort=10(1/0) Decl=0 Con=0
2007-03-15T09:30:00.000-04:00,SCORE_DETAIL_PHASE: Events=1 Accum=0 SOS=1 PhB=1 SOT=0 STup=0
2007-03-15T09:30:00.000-04:00,SCORE_DETAIL_VP: Ctx=0.5 VPOCmig=1 VAprog=1 PShape=1 FinAuc=1 HVNsup=0 | bShape=0 Unfin=0 HVNoh=-1 valid=true
2007-03-15T09:30:00.000-04:00,SCORE_DETAIL_SPRING: Spring=13(0.873) Ctrl=0
2007-03-15T09:30:00.000-04:00,SCORE_DETAIL_CTX: HTF=0 RS=0 OEL=0(0) VWAP=1(pt=5 proxW=0.095 proxM=0.096) RSI=1
2007-03-15T09:30:00.000-04:00,SCORE_PENALTY: Ghost=0 Climax=0 Stall=-15 Failed=0 totalPen=-15 | regime=1.3 vpBins=119 vpRatio=1.538
2007-07-27T09:30:00.000-04:00,"DIST UTAD: bar=2,108 close=47.99 breakBar=2,107"
2007-08-10T09:30:00.000-04:00,SPRING: conf=0.601 [close=0.163 reclaim=0.063 vol=0.132 age=0.143 tests=0.1] pivot=46.98 pivotAge=7b
2007-08-16T09:30:00.000-04:00,SPRING: conf=0.715 [close=0.274 reclaim=0.07 vol=0.176 age=0.095 tests=0.1] pivot=43.95 pivotAge=88b
2007-08-17T09:30:00.000-04:00,SPRING: conf=0.507 [close=0.216 reclaim=0.037 vol=0.107 age=0.113 tests=0.033] pivot=46.16 pivotAge=49b
2008-01-07T09:30:00.000-05:00,SPRING: conf=0.653 [close=0.19 reclaim=0.077 vol=0.189 age=0.097 tests=0.1] pivot=47.81 pivotAge=82b
2008-01-16T09:30:00.000-05:00,SPRING: conf=0.406 [close=0.122 reclaim=0.014 vol=0.164 age=0.072 tests=0.033] pivot=45.97 pivotAge=163b
2008-01-22T09:30:00.000-05:00,SPRING: conf=0.689 [close=0.213 reclaim=0.132 vol=0.18 age=0.063 tests=0.1] pivot=43.1 pivotAge=205b
2008-02-05T09:30:00.000-05:00,"TR DETECTED: Support=41.61, Resistance=48.76, Len=20, SlopeUp=false"
2008-02-05T09:30:00.000-05:00,"VPOC SHIFT: Prior=49.915, will compare when VP recalculates"
2008-03-03T09:30:00.000-05:00,SPRING: conf=0.529 [close=0.172 reclaim=0.023 vol=0.089 age=0.144 tests=0.1] pivot=42.6 pivotAge=6b
2008-03-04T09:30:00.000-05:00,SPRING: conf=0.802 [close=0.262 reclaim=0.186 vol=0.12 age=0.135 tests=0.1] pivot=42.15 pivotAge=17b
2008-05-08T09:30:00.000-04:00,"DIST UTAD: bar=2,305 close=48.4 breakBar=2,304"
2008-05-21T09:30:00.000-04:00,"DIST BC: bar=2,314 high=49.6 vol=192,807,632 volAvg=126,243,754.4"
2008-06-13T09:30:00.000-04:00,SPRING: conf=0.687 [close=0.27 reclaim=0.136 vol=0.11 age=0.137 tests=0.033] pivot=47.82 pivotAge=14b
2008-06-23T09:30:00.000-04:00,SPRING: conf=0.371 [close=0.028 reclaim=0.016 vol=0.084 age=0.143 tests=0.1] pivot=47 pivotAge=7b
2008-07-01T09:30:00.000-04:00,"DIST SOW: bar=2,342 close=45.81 support=46.41"
2008-07-10T09:30:00.000-04:00,"DIST SOW: bar=2,348 close=45.28 support=46.41"
2008-07-25T09:30:00.000-04:00,"TR DETECTED: Support=43.3, Resistance=46.13, Len=20, SlopeUp=false"
2008-07-25T09:30:00.000-04:00,"VPOC SHIFT: Prior=49.493, will compare when VP recalculates"
2008-09-17T09:30:00.000-04:00,"DIST SOW: bar=2,396 close=40.21 support=41.05"
2008-09-25T09:30:00.000-04:00,SPRING_DAILY: conf=0.569 [close=0.142 reclaim=0.114 vol=0.063] support=41.05 pen=0.02
2008-09-25T09:30:00.000-04:00,"DIST LPSY: bar=2,402 close=41.5 vol=148,587,008 volAvg=237,563,551.2"
2008-10-03T09:30:00.000-04:00,"TR DETECTED: Support=36.1, Resistance=44.22, Len=20, SlopeUp=false"
2008-10-03T09:30:00.000-04:00,"VPOC SHIFT: Prior=45.35, will compare when VP recalculates"
2008-10-31T09:30:00.000-04:00,"TR DETECTED: Support=28.09, Resistance=36.15, Len=20, SlopeUp=false"
2008-10-31T09:30:00.000-04:00,"VPOC SHIFT: Prior=42.906, will compare when VP recalculates"
2008-11-13T09:30:00.000-05:00,SPRING: conf=0.844 [close=0.294 reclaim=0.182 vol=0.13 age=0.137 tests=0.1] pivot=28.09 pivotAge=14b
2008-11-20T09:30:00.000-05:00,"DIST SOW: bar=2,442 close=25.56 support=26.79"
2008-12-10T09:30:00.000-05:00,"TR DETECTED: Support=25.05, Resistance=30.83, Len=20, SlopeUp=false"
2008-12-10T09:30:00.000-05:00,"VPOC SHIFT: Prior=31.013, will compare when VP recalculates"
2009-01-15T09:30:00.000-05:00,SPRING: conf=0.784 [close=0.243 reclaim=0.126 vol=0.176 age=0.139 tests=0.1] pivot=28.46 pivotAge=12b
2009-02-10T09:30:00.000-05:00,"DIST UTAD: bar=2,496 close=30.34 breakBar=2,495"
2009-02-19T09:30:00.000-05:00,SPRING: conf=0.375 [close=0.024 reclaim=0.014 vol=0.098 age=0.139 tests=0.1] pivot=28.74 pivotAge=12b
2009-03-04T09:30:00.000-05:00,SPRING_DAILY: conf=0.618 [close=0.156 reclaim=0.12 vol=0.092] support=26.95 pen=0.03
2009-03-06T09:30:00.000-05:00,"DIST SOW: bar=2,513 close=26.3 support=26.95"
2009-03-20T09:30:00.000-04:00,"DIST UTAD: bar=2,523 close=29.18 breakBar=2,521"
2009-04-13T09:30:00.000-04:00,"TR DETECTED: Support=28.19, Resistance=33.07, Len=20, SlopeUp=true"
2009-04-13T09:30:00.000-04:00,"VPOC SHIFT: Prior=28.541, will compare when VP recalculates"
2009-05-07T09:30:00.000-04:00,"DIST BC: bar=2,556 high=35.27 vol=216,484,624 volAvg=140,066,784"
2009-06-08T09:30:00.000-04:00,"DIST UTAD: bar=2,577 close=36.67 breakBar=2,576"
2009-07-10T09:30:00.000-04:00,SPRING: conf=0.484 [close=0.186 reclaim=0.065 vol=0.094 age=0.139 tests=0] pivot=34.77 pivotAge=12b
2009-08-12T09:30:00.000-04:00,"TR DETECTED: Support=36.72, Resistance=40.22, Len=20, SlopeUp=true"
2009-08-12T09:30:00.000-04:00,"VPOC SHIFT: Prior=35.849, will compare when VP recalculates"
2009-09-30T09:30:00.000-04:00,"DIST BC: bar=2,657 high=42.602 vol=173,102,624 volAvg=97,598,236"
2009-11-02T09:30:00.000-05:00,SPRING: conf=0.639 [close=0.158 reclaim=0.11 vol=0.139 age=0.132 tests=0.1] pivot=40.72 pivotAge=21b
2009-12-07T09:30:00.000-05:00,"DIST UTAD: bar=2,704 close=43.91 breakBar=2,703"
2010-02-01T09:30:00.000-05:00,SPRING: conf=0.801 [close=0.284 reclaim=0.225 vol=0.109 age=0.117 tests=0.067] pivot=42.9 pivotAge=43b
2010-02-02T09:30:00.000-05:00,SPRING: conf=0.599 [close=0.248 reclaim=0.11 vol=0.086 age=0.121 tests=0.033] pivot=43.32 pivotAge=36b
2010-06-07T09:30:00.000-04:00,"TR DETECTED: Support=43.23, Resistance=48.79, Len=20, SlopeUp=false"
2010-06-07T09:30:00.000-04:00,"VPOC SHIFT: Prior=49.783, will compare when VP recalculates"
2010-07-01T09:30:00.000-04:00,"DIST SOW: bar=2,846 close=42.59 support=42.64"
2010-07-09T09:30:00.000-04:00,"DIST LPSY: bar=2,851 close=44.62 vol=47,861,056 volAvg=88,491,675.2"
2010-08-17T09:30:00.000-04:00,SPRING: conf=0.462 [close=0.137 reclaim=0.101 vol=0.086 age=0.139 tests=0] pivot=45.07 pivotAge=12b
2010-08-25T09:30:00.000-04:00,SPRING: conf=0.62 [close=0.242 reclaim=0.053 vol=0.13 age=0.128 tests=0.067] pivot=43.86 pivotAge=26b
2010-09-30T09:30:00.000-04:00,"DIST BC: bar=2,909 high=49.84 vol=122,458,560 volAvg=74,569,468"
2011-02-22T09:30:00.000-05:00,"DIST UTAD: bar=3,008 close=57.03 breakBar=3,007"
2011-03-10T09:30:00.000-05:00,SPRING: conf=0.508 [close=0.113 reclaim=0.004 vol=0.151 age=0.14 tests=0.1] pivot=56.13 pivotAge=11b
2011-03-15T09:30:00.000-04:00,SPRING: conf=0.609 [close=0.227 reclaim=0.019 vol=0.139 age=0.125 tests=0.1] pivot=55.39 pivotAge=30b
2011-03-17T09:30:00.000-04:00,SPRING: conf=0.533 [close=0.141 reclaim=0.099 vol=0.116 age=0.111 tests=0.067] pivot=54.21 pivotAge=52b
2011-05-19T09:30:00.000-04:00,SPRING: conf=0.495 [close=0.22 reclaim=0.066 vol=0.068 age=0.141 tests=0] pivot=58.08 pivotAge=10b
2011-06-08T09:30:00.000-04:00,SPRING: conf=0.436 [close=0.089 reclaim=0.032 vol=0.093 age=0.122 tests=0.1] pivot=55.32 pivotAge=35b
2011-06-15T09:30:00.000-04:00,"DIST SOW: bar=3,087 close=54.29 support=56.47"
2011-07-28T09:30:00.000-04:00,"TR DETECTED: Support=56.47, Resistance=59.83, Len=20, SlopeUp=true"
2011-07-28T09:30:00.000-04:00,"VPOC SHIFT: Prior=58.707, will compare when VP recalculates"
2011-08-04T09:30:00.000-04:00,"DIST SOW: bar=3,122 close=54.17 support=56.21"
2011-08-29T09:30:00.000-04:00,"TR DETECTED: Support=44.73, Resistance=59.83, Len=250, SlopeUp=true"
2011-08-29T09:30:00.000-04:00,"VPOC SHIFT: Prior=57.967, will compare when VP recalculates"
2011-10-04T09:30:00.000-04:00,SPRING: conf=0.675 [close=0.286 reclaim=0.032 vol=0.158 age=0.132 tests=0.067] pivot=51.91 pivotAge=20b
2011-10-05T09:30:00.000-04:00,SPRING: conf=0.637 [close=0.278 reclaim=0.097 vol=0.121 age=0.142 tests=0] pivot=52.75 pivotAge=9b
2011-11-17T09:30:00.000-05:00,SPRING: conf=0.453 [close=0.067 reclaim=0.006 vol=0.147 age=0.132 tests=0.1] pivot=55.79 pivotAge=20b
2012-01-25T09:30:00.000-05:00,"DIST BC: bar=3,241 high=60.58 vol=61,591,776 volAvg=38,040,632.8"
2012-04-04T09:30:00.000-04:00,"DIST UTAD: bar=3,290 close=67.3 breakBar=3,289"
2012-05-07T09:30:00.000-04:00,SPRING: conf=0.611 [close=0.181 reclaim=0.099 vol=0.09 age=0.142 tests=0.1] pivot=64.45 pivotAge=9b
2012-05-18T09:30:00.000-04:00,"DIST SOW: bar=3,321 close=60.81 support=62.25"
2012-05-22T09:30:00.000-04:00,SPRING_DAILY: conf=0.549 [close=0.141 reclaim=0.049 vol=0.109] support=62.25 pen=0.261
2012-06-04T09:30:00.000-04:00,SPRING: conf=0.63 [close=0.271 reclaim=0.03 vol=0.122 age=0.141 tests=0.067] pivot=60.76 pivotAge=10b
2012-06-08T09:30:00.000-04:00,"DIST LPSY: bar=3,335 close=62.87 vol=39,737,104 volAvg=56,892,684"
2012-08-31T09:30:00.000-04:00,"TR DETECTED: Support=65.8, Resistance=68.88, Len=20, SlopeUp=true"
2012-08-31T09:30:00.000-04:00,"VPOC SHIFT: Prior=63.073, will compare when VP recalculates"
2012-12-14T09:30:00.000-05:00,SPRING: conf=0.518 [close=0.108 reclaim=0.066 vol=0.1 age=0.144 tests=0.1] pivot=64.53 pivotAge=6b
2012-12-26T09:30:00.000-05:00,SPRING: conf=0.378 [close=0.071 reclaim=0.008 vol=0.055 age=0.143 tests=0.1] pivot=64.47 pivotAge=7b
2013-02-21T09:30:00.000-05:00,SPRING: conf=0.464 [close=0.092 reclaim=0.003 vol=0.13 age=0.139 tests=0.1] pivot=66.46 pivotAge=12b
2013-02-27T09:30:00.000-05:00,SPRING: conf=0.574 [close=0.196 reclaim=0.144 vol=0.104 age=0.13 tests=0] pivot=66.56 pivotAge=23b
2013-03-08T09:30:00.000-05:00,"SOS CONFIRMED: rally=12.575% low=61.31 high=69.02 bars=43 avgVol=36,307,054.279 adjMinRally=2.8"
2013-03-08T09:30:00.000-05:00,SCORE_FAM: total=72.865 display=73 gate=73 cap=100 scaled=72.865 | Struct=25.425(0.847) Vol=4.24(0.17) Phase=0(0) VP=12(1) Spring=2.581(0.516) Ctx=7.8(0.6)
2013-03-08T09:30:00.000-05:00,SCORE_DETAIL_STRUCT: HL=25(1) Spread=10(0.67) PB=0(0) Power=1 Mid=1 Slope=1 Flip=0
2013-03-08T09:30:00.000-05:00,SCORE_DETAIL_VOL: Dry=8(0.32) Supply=0(0) Effort=0(0/0) Decl=0 Con=0
2013-03-08T09:30:00.000-05:00,SCORE_DETAIL_PHASE: Events=0 Accum=0 SOS=0 PhB=0 SOT=0 STup=0
2013-03-08T09:30:00.000-05:00,SCORE_DETAIL_VP: Ctx=1 VPOCmig=1 VAprog=1 PShape=1 FinAuc=1 HVNsup=1 | bShape=0 Unfin=0 HVNoh=0 valid=true
2013-03-08T09:30:00.000-05:00,SCORE_DETAIL_SPRING: Spring=8(0.574) Ctrl=0
2013-03-08T09:30:00.000-05:00,SCORE_DETAIL_CTX: HTF=1 RS=0 OEL=0(0) VWAP=1(pt=5 proxW=0.063 proxM=0.411) RSI=1
2013-03-08T09:30:00.000-05:00,SCORE_PENALTY: Ghost=0 Climax=0 Stall=0 Failed=0 totalPen=0 | regime=0.8 vpBins=119 vpRatio=2.994
2013-03-11T09:30:00.000-04:00,SCORE_FAM: total=73.565 display=74 gate=74 cap=100 scaled=73.565 | Struct=25.425(0.847) Vol=4.24(0.17) Phase=0(0) VP=12(1) Spring=3.081(0.616) Ctx=7.8(0.6)
2013-03-11T09:30:00.000-04:00,SCORE_DETAIL_STRUCT: HL=25(1) Spread=10(0.67) PB=8(0.53) Power=1 Mid=1 Slope=1 Flip=0
2013-03-11T09:30:00.000-04:00,SCORE_DETAIL_VOL: Dry=8(0.32) Supply=0(0) Effort=0(0/0) Decl=0 Con=0
2013-03-11T09:30:00.000-04:00,SCORE_DETAIL_PHASE: Events=0 Accum=0 SOS=0 PhB=0 SOT=0 STup=0
2013-03-11T09:30:00.000-04:00,SCORE_DETAIL_VP: Ctx=1 VPOCmig=1 VAprog=1 PShape=1 FinAuc=1 HVNsup=1 | bShape=0 Unfin=0 HVNoh=0 valid=true
2013-03-11T09:30:00.000-04:00,SCORE_DETAIL_SPRING: Spring=8(0.574) Ctrl=1
2013-03-11T09:30:00.000-04:00,SCORE_DETAIL_CTX: HTF=1 RS=0 OEL=0(0) VWAP=1(pt=5 proxW=0.475 proxM=0.271) RSI=1
2013-03-11T09:30:00.000-04:00,SCORE_PENALTY: Ghost=0 Climax=0 Stall=0 Failed=0 totalPen=0 | regime=0.8 vpBins=119 vpRatio=3
2013-03-12T09:30:00.000-04:00,SCORE_FAM: total=68.287 display=68 gate=68 cap=100 scaled=68.287 | Struct=25.425(0.847) Vol=4.24(0.17) Phase=0(0) VP=12(1) Spring=3.081(0.616) Ctx=4.03(0.31)
2013-03-12T09:30:00.000-04:00,SCORE_DETAIL_STRUCT: HL=25(1) Spread=10(0.67) PB=8(0.53) Power=1 Mid=1 Slope=1 Flip=0
2013-03-12T09:30:00.000-04:00,SCORE_DETAIL_VOL: Dry=8(0.32) Supply=0(0) Effort=0(0/0) Decl=0 Con=0
2013-03-12T09:30:00.000-04:00,SCORE_DETAIL_PHASE: Events=0 Accum=0 SOS=0 PhB=0 SOT=0 STup=0
2013-03-12T09:30:00.000-04:00,SCORE_DETAIL_VP: Ctx=1 VPOCmig=1 VAprog=1 PShape=1 FinAuc=1 HVNsup=1 | bShape=0 Unfin=0 HVNoh=0 valid=true
2013-03-12T09:30:00.000-04:00,SCORE_DETAIL_SPRING: Spring=8(0.574) Ctrl=1
2013-03-12T09:30:00.000-04:00,SCORE_DETAIL_CTX: HTF=1 RS=0 OEL=0(0) VWAP=0(pt=0 proxW=0.495 proxM=0.088) RSI=1
2013-03-12T09:30:00.000-04:00,SCORE_PENALTY: Ghost=0 Climax=0 Stall=0 Failed=0 totalPen=0 | regime=0.8 vpBins=119 vpRatio=3.007
2013-03-13T09:30:00.000-04:00,SCORE_FAM: total=68.287 display=68 gate=68 cap=100 scaled=68.287 | Struct=25.425(0.847) Vol=4.24(0.17) Phase=0(0) VP=12(1) Spring=3.081(0.616) Ctx=4.03(0.31)
2013-03-13T09:30:00.000-04:00,SCORE_DETAIL_STRUCT: HL=25(1) Spread=10(0.67) PB=8(0.53) Power=1 Mid=1 Slope=1 Flip=0
2013-03-13T09:30:00.000-04:00,SCORE_DETAIL_VOL: Dry=8(0.32) Supply=0(0) Effort=0(0/0) Decl=0 Con=0
2013-03-13T09:30:00.000-04:00,SCORE_DETAIL_PHASE: Events=0 Accum=0 SOS=0 PhB=0 SOT=0 STup=0
2013-03-13T09:30:00.000-04:00,SCORE_DETAIL_VP: Ctx=1 VPOCmig=1 VAprog=1 PShape=1 FinAuc=1 HVNsup=1 | bShape=0 Unfin=0 HVNoh=0 valid=true
2013-03-13T09:30:00.000-04:00,SCORE_DETAIL_SPRING: Spring=8(0.574) Ctrl=1
2013-03-13T09:30:00.000-04:00,SCORE_DETAIL_CTX: HTF=1 RS=0 OEL=0(0) VWAP=0(pt=0 proxW=0.446 proxM=0.028) RSI=1
2013-03-13T09:30:00.000-04:00,SCORE_PENALTY: Ghost=0 Climax=0 Stall=0 Failed=0 totalPen=0 | regime=0.8 vpBins=119 vpRatio=3.016
2013-03-14T09:30:00.000-04:00,SCORE_FAM: total=73.565 display=74 gate=74 cap=100 scaled=73.565 | Struct=25.425(0.847) Vol=4.24(0.17) Phase=0(0) VP=12(1) Spring=3.081(0.616) Ctx=7.8(0.6)
2013-03-14T09:30:00.000-04:00,SCORE_DETAIL_STRUCT: HL=25(1) Spread=10(0.67) PB=8(0.53) Power=1 Mid=1 Slope=1 Flip=0
2013-03-14T09:30:00.000-04:00,SCORE_DETAIL_VOL: Dry=8(0.32) Supply=0(0) Effort=0(0/0) Decl=0 Con=0
2013-03-14T09:30:00.000-04:00,SCORE_DETAIL_PHASE: Events=0 Accum=0 SOS=0 PhB=0 SOT=0 STup=0
2013-03-14T09:30:00.000-04:00,SCORE_DETAIL_VP: Ctx=1 VPOCmig=1 VAprog=1 PShape=1 FinAuc=1 HVNsup=1 | bShape=0 Unfin=0 HVNoh=0 valid=true
2013-03-14T09:30:00.000-04:00,SCORE_DETAIL_SPRING: Spring=8(0.574) Ctrl=1
2013-03-14T09:30:00.000-04:00,SCORE_DETAIL_CTX: HTF=1 RS=0 OEL=0(0) VWAP=1(pt=5 proxW=0.526 proxM=0.053) RSI=1
2013-03-14T09:30:00.000-04:00,SCORE_PENALTY: Ghost=0 Climax=0 Stall=0 Failed=0 totalPen=0 | regime=0.8 vpBins=119 vpRatio=3.024
2013-03-14T09:30:00.000-04:00,LPS ENTRY: price=68.86 score=74 gate=74 mode=Close Above SOS Midpoint spring=true(conf=0.574) closeStr=0.498 volOk=true bars=5 pullback=8.171% prelimRisk=0.683%
2013-03-14T09:30:00.000-04:00,LPS DIST: warnLevel=0 liveCnt=0 bcAge=-1 utadAge=-1 sowAge=-1 lpsyAge=-1
2013-03-14T09:30:00.000-04:00,LPS STOP: mode=LPS Low price=68.185 stack=0 vwapW=68.742 vwapM=68.426 VAL=61.948
2013-03-14T09:30:00.000-04:00,COMP VP: VPOC=66.785 VAH=69.568 hvnAbove=NaN lvnAbove=69.062
2013-04-05T09:30:00.000-04:00,SPRING: conf=0.764 [close=0.261 reclaim=0.078 vol=0.185 age=0.139 tests=0.1] pivot=67.62 pivotAge=12b
2013-04-05T09:30:00.000-04:00,SCORE_FAM: total=62.223 display=62 gate=65 cap=100 scaled=62.223 | Struct=22.875(0.762) Vol=3.75(-0.45) Phase=0(0) VP=12(1) Spring=3.436(0.687) Ctx=4.03(0.31)
2013-04-05T09:30:00.000-04:00,SCORE_DETAIL_STRUCT: HL=25(1) Spread=5(0.33) PB=15(1) Power=0 Mid=1 Slope=1 Flip=0
2013-04-05T09:30:00.000-04:00,SCORE_DETAIL_VOL: Dry=0(0) Supply=-15(-1) Effort=-10(0/-1) Decl=0 Con=1
2013-04-05T09:30:00.000-04:00,SCORE_DETAIL_PHASE: Events=0 Accum=0 SOS=0 PhB=0 SOT=0 STup=0
2013-04-05T09:30:00.000-04:00,SCORE_DETAIL_VP: Ctx=1 VPOCmig=1 VAprog=1 PShape=1 FinAuc=1 HVNsup=1 | bShape=0 Unfin=0 HVNoh=0 valid=true
2013-04-05T09:30:00.000-04:00,SCORE_DETAIL_SPRING: Spring=11(0.764) Ctrl=0
2013-04-05T09:30:00.000-04:00,SCORE_DETAIL_CTX: HTF=1 RS=0 OEL=0(0) VWAP=0(pt=0 proxW=1.56 proxM=1.56) RSI=1
2013-04-05T09:30:00.000-04:00,SCORE_PENALTY: Ghost=0 Climax=0 Stall=0 Failed=0 totalPen=0 | regime=1 vpBins=119 vpRatio=3.145
2013-04-08T09:30:00.000-04:00,SCORE_FAM: total=67.694 display=68 gate=68 cap=100 scaled=67.694 | Struct=22.875(0.762) Vol=3.75(-0.35) Phase=0(0) VP=12(1) Spring=3.436(0.687) Ctx=6.292(0.484)
2013-04-08T09:30:00.000-04:00,SCORE_DETAIL_STRUCT: HL=25(1) Spread=5(0.33) PB=15(1) Power=0 Mid=1 Slope=1 Flip=0
2013-04-08T09:30:00.000-04:00,SCORE_DETAIL_VOL: Dry=0(0) Supply=-5(-0.33) Effort=-10(0/-1) Decl=0 Con=1
2013-04-08T09:30:00.000-04:00,SCORE_DETAIL_PHASE: Events=0 Accum=0 SOS=0 PhB=0 SOT=0 STup=0
2013-04-08T09:30:00.000-04:00,SCORE_DETAIL_VP: Ctx=1 VPOCmig=1 VAprog=1 PShape=1 FinAuc=1 HVNsup=1 | bShape=0 Unfin=0 HVNoh=0 valid=true
2013-04-08T09:30:00.000-04:00,SCORE_DETAIL_SPRING: Spring=11(0.764) Ctrl=0
2013-04-08T09:30:00.000-04:00,SCORE_DETAIL_CTX: HTF=1 RS=0 OEL=0(0) VWAP=0.6(pt=3 proxW=1.18 proxM=1.552) RSI=1
2013-04-08T09:30:00.000-04:00,SCORE_PENALTY: Ghost=0 Climax=0 Stall=0 Failed=0 totalPen=0 | regime=0.8 vpBins=119 vpRatio=3.15
2013-04-09T09:30:00.000-04:00,SCORE_FAM: total=73.121 display=73 gate=76 cap=100 scaled=73.121 | Struct=25.425(0.847) Vol=5.503(0.22) Phase=0(0) VP=12(1) Spring=3.436(0.687) Ctx=7.8(0.6)
2013-04-09T09:30:00.000-04:00,SCORE_DETAIL_STRUCT: HL=25(1) Spread=10(0.67) PB=15(1) Power=0 Mid=1 Slope=1 Flip=0
2013-04-09T09:30:00.000-04:00,SCORE_DETAIL_VOL: Dry=8(0.32) Supply=-5(-0.33) Effort=0(0/0) Decl=0 Con=1
2013-04-09T09:30:00.000-04:00,SCORE_DETAIL_PHASE: Events=0 Accum=0 SOS=0 PhB=0 SOT=0 STup=0
2013-04-09T09:30:00.000-04:00,SCORE_DETAIL_VP: Ctx=1 VPOCmig=1 VAprog=1 PShape=1 FinAuc=1 HVNsup=1 | bShape=0 Unfin=0 HVNoh=0 valid=true
2013-04-09T09:30:00.000-04:00,SCORE_DETAIL_SPRING: Spring=11(0.764) Ctrl=0
2013-04-09T09:30:00.000-04:00,SCORE_DETAIL_CTX: HTF=1 RS=0 OEL=0(0) VWAP=1(pt=5 proxW=1.615 proxM=1.578) RSI=1
2013-04-09T09:30:00.000-04:00,SCORE_PENALTY: Ghost=0 Climax=0 Stall=0 Failed=0 totalPen=0 | regime=1 vpBins=119 vpRatio=3.158
2013-04-09T09:30:00.000-04:00,LPS ENTRY: price=68.68 score=73 gate=76 mode=Close Above SOS Midpoint spring=true(conf=0.764) closeStr=0.678 volOk=true bars=3 pullback=23.735% prelimRisk=2.169%
2013-04-09T09:30:00.000-04:00,LPS DIST: warnLevel=0 liveCnt=0 bcAge=-1 utadAge=-1 sowAge=-1 lpsyAge=-1
2013-04-09T09:30:00.000-04:00,LPS STOP: mode=LPS Low price=66.988 stack=0 vwapW=68.384 vwapM=68.356 VAL=62.097
2013-04-09T09:30:00.000-04:00,COMP VP: VPOC=66.785 VAH=69.062 hvnAbove=NaN lvnAbove=69.062
2013-04-10T09:30:00.000-04:00,"DIST BC: bar=3,543 high=70.17 vol=55,271,264 volAvg=31,416,977.6"
2013-05-06T09:30:00.000-04:00,SCORE_FAM: total=80.306 display=80 gate=83 cap=100 scaled=80.306 | Struct=21(0.7) Vol=18.25(0.73) Phase=0(0) VP=9(0.75) Spring=3.436(0.687) Ctx=7.8(0.6)
2013-05-06T09:30:00.000-04:00,SCORE_DETAIL_STRUCT: HL=25(1) Spread=15(1) PB=0(0) Power=0 Mid=0 Slope=1 Flip=1
2013-05-06T09:30:00.000-04:00,SCORE_DETAIL_VOL: Dry=25(1) Supply=0(0) Effort=0(0/0) Decl=0 Con=0
2013-05-06T09:30:00.000-04:00,SCORE_DETAIL_PHASE: Events=0 Accum=0 SOS=0 PhB=0 SOT=0 STup=0
2013-05-06T09:30:00.000-04:00,SCORE_DETAIL_VP: Ctx=1 VPOCmig=1 VAprog=1 PShape=0 FinAuc=1 HVNsup=1 | bShape=0 Unfin=0 HVNoh=0 valid=true
2013-05-06T09:30:00.000-04:00,SCORE_DETAIL_SPRING: Spring=11(0.764) Ctrl=0
2013-05-06T09:30:00.000-04:00,SCORE_DETAIL_CTX: HTF=1 RS=0 OEL=0(0) VWAP=1(pt=5 proxW=0.213 proxM=0.884) RSI=1
2013-05-06T09:30:00.000-04:00,SCORE_PENALTY: Ghost=0 Climax=0 Stall=0 Failed=0 totalPen=0 | regime=1 vpBins=119 vpRatio=0.943
2013-05-07T09:30:00.000-04:00,SCORE_FAM: total=89.419 display=89 gate=93 cap=100 scaled=89.419 | Struct=21(0.7) Vol=25(1) Phase=0(0) VP=9(0.75) Spring=3.436(0.687) Ctx=7.8(0.6)
2013-05-07T09:30:00.000-04:00,SCORE_DETAIL_STRUCT: HL=25(1) Spread=15(1) PB=0(0) Power=0 Mid=0 Slope=1 Flip=1
2013-05-07T09:30:00.000-04:00,SCORE_DETAIL_VOL: Dry=25(1) Supply=0(0) Effort=10(1/0) Decl=0 Con=0
2013-05-07T09:30:00.000-04:00,SCORE_DETAIL_PHASE: Events=0 Accum=0 SOS=0 PhB=0 SOT=0 STup=0
2013-05-07T09:30:00.000-04:00,SCORE_DETAIL_VP: Ctx=1 VPOCmig=1 VAprog=1 PShape=0 FinAuc=1 HVNsup=1 | bShape=0 Unfin=0 HVNoh=0 valid=true
2013-05-07T09:30:00.000-04:00,SCORE_DETAIL_SPRING: Spring=11(0.764) Ctrl=0
2013-05-07T09:30:00.000-04:00,SCORE_DETAIL_CTX: HTF=1 RS=0 OEL=0(0) VWAP=1(pt=5 proxW=0.325 proxM=0.584) RSI=1
2013-05-07T09:30:00.000-04:00,SCORE_PENALTY: Ghost=0 Climax=0 Stall=0 Failed=0 totalPen=0 | regime=1 vpBins=119 vpRatio=0.957
2013-05-08T09:30:00.000-04:00,SCORE_FAM: total=80.306 display=80 gate=83 cap=100 scaled=80.306 | Struct=21(0.7) Vol=18.25(0.73) Phase=0(0) VP=9(0.75) Spring=3.436(0.687) Ctx=7.8(0.6)
2013-05-08T09:30:00.000-04:00,SCORE_DETAIL_STRUCT: HL=25(1) Spread=15(1) PB=0(0) Power=0 Mid=0 Slope=1 Flip=1
2013-05-08T09:30:00.000-04:00,SCORE_DETAIL_VOL: Dry=25(1) Supply=0(0) Effort=0(0/0) Decl=0 Con=0
2013-05-08T09:30:00.000-04:00,SCORE_DETAIL_PHASE: Events=0 Accum=0 SOS=0 PhB=0 SOT=0 STup=0
2013-05-08T09:30:00.000-04:00,SCORE_DETAIL_VP: Ctx=1 VPOCmig=1 VAprog=1 PShape=0 FinAuc=1 HVNsup=1 | bShape=0 Unfin=0 HVNoh=0 valid=true
2013-05-08T09:30:00.000-04:00,SCORE_DETAIL_SPRING: Spring=11(0.764) Ctrl=0
2013-05-08T09:30:00.000-04:00,SCORE_DETAIL_CTX: HTF=1 RS=0 OEL=0(0) VWAP=1(pt=5 proxW=0.425 proxM=0.419) RSI=1
2013-05-08T09:30:00.000-04:00,SCORE_PENALTY: Ghost=0 Climax=0 Stall=0 Failed=0 totalPen=0 | regime=1 vpBins=119 vpRatio=0.96
2013-05-09T09:30:00.000-04:00,SCORE_FAM: total=80.306 display=80 gate=83 cap=100 scaled=80.306 | Struct=21(0.7) Vol=18.25(0.73) Phase=0(0) VP=9(0.75) Spring=3.436(0.687) Ctx=7.8(0.6)
2013-05-09T09:30:00.000-04:00,SCORE_DETAIL_STRUCT: HL=25(1) Spread=15(1) PB=0(0) Power=0 Mid=0 Slope=1 Flip=1
2013-05-09T09:30:00.000-04:00,SCORE_DETAIL_VOL: Dry=25(1) Supply=0(0) Effort=0(0/0) Decl=0 Con=0
2013-05-09T09:30:00.000-04:00,SCORE_DETAIL_PHASE: Events=0 Accum=0 SOS=0 PhB=0 SOT=0 STup=0
2013-05-09T09:30:00.000-04:00,SCORE_DETAIL_VP: Ctx=1 VPOCmig=1 VAprog=1 PShape=0 FinAuc=1 HVNsup=1 | bShape=0 Unfin=0 HVNoh=0 valid=true
2013-05-09T09:30:00.000-04:00,SCORE_DETAIL_SPRING: Spring=11(0.764) Ctrl=0
2013-05-09T09:30:00.000-04:00,SCORE_DETAIL_CTX: HTF=1 RS=0 OEL=0(0) VWAP=1(pt=5 proxW=0.546 proxM=0.236) RSI=1
2013-05-09T09:30:00.000-04:00,SCORE_PENALTY: Ghost=0 Climax=0 Stall=0 Failed=0 totalPen=0 | regime=1 vpBins=119 vpRatio=0.917
2013-05-10T09:30:00.000-04:00,SCORE_FAM: total=80.306 display=80 gate=83 cap=100 scaled=80.306 | Struct=21(0.7) Vol=18.25(0.73) Phase=0(0) VP=9(0.75) Spring=3.436(0.687) Ctx=7.8(0.6)
2013-05-10T09:30:00.000-04:00,SCORE_DETAIL_STRUCT: HL=25(1) Spread=15(1) PB=0(0) Power=0 Mid=0 Slope=1 Flip=1
2013-05-10T09:30:00.000-04:00,SCORE_DETAIL_VOL: Dry=25(1) Supply=0(0) Effort=0(0/0) Decl=0 Con=0
2013-05-10T09:30:00.000-04:00,SCORE_DETAIL_PHASE: Events=0 Accum=0 SOS=0 PhB=0 SOT=0 STup=0
2013-05-10T09:30:00.000-04:00,SCORE_DETAIL_VP: Ctx=1 VPOCmig=1 VAprog=1 PShape=0 FinAuc=1 HVNsup=1 | bShape=0 Unfin=0 HVNoh=0 valid=true
2013-05-10T09:30:00.000-04:00,SCORE_DETAIL_SPRING: Spring=11(0.764) Ctrl=0
2013-05-10T09:30:00.000-04:00,SCORE_DETAIL_CTX: HTF=1 RS=0 OEL=0(0) VWAP=1(pt=5 proxW=0.655 proxM=0.113) RSI=1
2013-05-10T09:30:00.000-04:00,SCORE_PENALTY: Ghost=0 Climax=0 Stall=0 Failed=0 totalPen=0 | regime=1 vpBins=119 vpRatio=0.921
2013-05-13T09:30:00.000-04:00,SCORE_FAM: total=63.666 display=64 gate=64 cap=100 scaled=63.666 | Struct=21(0.7) Vol=4.24(0.17) Phase=0(0) VP=9(0.75) Spring=3.436(0.687) Ctx=7.8(0.6)
2013-05-13T09:30:00.000-04:00,SCORE_DETAIL_STRUCT: HL=25(1) Spread=15(1) PB=0(0) Power=0 Mid=0 Slope=1 Flip=1
2013-05-13T09:30:00.000-04:00,SCORE_DETAIL_VOL: Dry=8(0.32) Supply=0(0) Effort=0(0/0) Decl=0 Con=0
2013-05-13T09:30:00.000-04:00,SCORE_DETAIL_PHASE: Events=0 Accum=0 SOS=0 PhB=0 SOT=0 STup=0
2013-05-13T09:30:00.000-04:00,SCORE_DETAIL_VP: Ctx=1 VPOCmig=1 VAprog=1 PShape=0 FinAuc=1 HVNsup=1 | bShape=0 Unfin=0 HVNoh=0 valid=true
2013-05-13T09:30:00.000-04:00,SCORE_DETAIL_SPRING: Spring=11(0.764) Ctrl=0
2013-05-13T09:30:00.000-04:00,SCORE_DETAIL_CTX: HTF=1 RS=0 OEL=0(0) VWAP=1(pt=5 proxW=1.386 proxM=0.067) RSI=1
2013-05-13T09:30:00.000-04:00,SCORE_PENALTY: Ghost=0 Climax=0 Stall=0 Failed=0 totalPen=0 | regime=0.8 vpBins=119 vpRatio=0.896
2013-05-14T09:30:00.000-04:00,SCORE_FAM: total=62.567 display=63 gate=63 cap=100 scaled=62.567 | Struct=18.525(0.617) Vol=4.24(0.17) Phase=0(0) VP=9(0.75) Spring=3.436(0.687) Ctx=9.49(0.73)
2013-05-14T09:30:00.000-04:00,SCORE_DETAIL_STRUCT: HL=25(1) Spread=10(0.67) PB=0(0) Power=0 Mid=0 Slope=1 Flip=1
2013-05-14T09:30:00.000-04:00,SCORE_DETAIL_VOL: Dry=8(0.32) Supply=0(0) Effort=0(0/0) Decl=0 Con=0
2013-05-14T09:30:00.000-04:00,SCORE_DETAIL_PHASE: Events=0 Accum=0 SOS=0 PhB=0 SOT=0 STup=0
2013-05-14T09:30:00.000-04:00,SCORE_DETAIL_VP: Ctx=1 VPOCmig=1 VAprog=1 PShape=0 FinAuc=1 HVNsup=1 | bShape=0 Unfin=0 HVNoh=0 valid=true
2013-05-14T09:30:00.000-04:00,SCORE_DETAIL_SPRING: Spring=11(0.764) Ctrl=0
2013-05-14T09:30:00.000-04:00,SCORE_DETAIL_CTX: HTF=1 RS=0 OEL=0.5(5) VWAP=1(pt=5 proxW=1.673 proxM=0.303) RSI=1
2013-05-14T09:30:00.000-04:00,SCORE_PENALTY: Ghost=0 Climax=0 Stall=0 Failed=0 totalPen=0 | regime=0.8 vpBins=119 vpRatio=0.858
2013-05-15T09:30:00.000-04:00,SCORE_FAM: total=62.567 display=63 gate=63 cap=100 scaled=62.567 | Struct=18.525(0.617) Vol=4.24(0.17) Phase=0(0) VP=9(0.75) Spring=3.436(0.687) Ctx=9.49(0.73)
2013-05-15T09:30:00.000-04:00,SCORE_DETAIL_STRUCT: HL=25(1) Spread=10(0.67) PB=0(0) Power=0 Mid=0 Slope=1 Flip=1
2013-05-15T09:30:00.000-04:00,SCORE_DETAIL_VOL: Dry=8(0.32) Supply=0(0) Effort=0(0/0) Decl=0 Con=0
2013-05-15T09:30:00.000-04:00,SCORE_DETAIL_PHASE: Events=0 Accum=0 SOS=0 PhB=0 SOT=0 STup=0
2013-05-15T09:30:00.000-04:00,SCORE_DETAIL_VP: Ctx=1 VPOCmig=1 VAprog=1 PShape=0 FinAuc=1 HVNsup=1 | bShape=0 Unfin=0 HVNoh=0 valid=true
2013-05-15T09:30:00.000-04:00,SCORE_DETAIL_SPRING: Spring=11(0.764) Ctrl=0
2013-05-15T09:30:00.000-04:00,SCORE_DETAIL_CTX: HTF=1 RS=0 OEL=0.5(5) VWAP=1(pt=5 proxW=1.8 proxM=0.462) RSI=1
2013-05-15T09:30:00.000-04:00,SCORE_PENALTY: Ghost=0 Climax=0 Stall=0 Failed=0 totalPen=0 | regime=0.8 vpBins=119 vpRatio=0.863
2013-05-16T09:30:00.000-04:00,SCORE_FAM: total=65.507 display=66 gate=66 cap=100 scaled=65.507 | Struct=16.425(0.547) Vol=4.24(0.17) Phase=4.2(0.21) VP=9(0.75) Spring=3.436(0.687) Ctx=9.49(0.73)
2013-05-16T09:30:00.000-04:00,SCORE_DETAIL_STRUCT: HL=25(1) Spread=10(0.67) PB=0(0) Power=0 Mid=0 Slope=1 Flip=0
2013-05-16T09:30:00.000-04:00,SCORE_DETAIL_VOL: Dry=8(0.32) Supply=0(0) Effort=0(0/0) Decl=0 Con=0
2013-05-16T09:30:00.000-04:00,SCORE_DETAIL_PHASE: Events=0 Accum=1 SOS=0 PhB=0 SOT=0 STup=0
2013-05-16T09:30:00.000-04:00,SCORE_DETAIL_VP: Ctx=1 VPOCmig=1 VAprog=1 PShape=0 FinAuc=1 HVNsup=1 | bShape=0 Unfin=0 HVNoh=0 valid=true
2013-05-16T09:30:00.000-04:00,SCORE_DETAIL_SPRING: Spring=11(0.764) Ctrl=0
2013-05-16T09:30:00.000-04:00,SCORE_DETAIL_CTX: HTF=1 RS=0 OEL=0.5(5) VWAP=1(pt=5 proxW=1.952 proxM=0.625) RSI=1
2013-05-16T09:30:00.000-04:00,SCORE_PENALTY: Ghost=0 Climax=0 Stall=0 Failed=0 totalPen=0 | regime=0.8 vpBins=119 vpRatio=0.703
2013-05-17T09:30:00.000-04:00,SCORE_FAM: total=65.507 display=66 gate=66 cap=100 scaled=65.507 | Struct=16.425(0.547) Vol=4.24(0.17) Phase=4.2(0.21) VP=9(0.75) Spring=3.436(0.687) Ctx=9.49(0.73)
2013-05-17T09:30:00.000-04:00,SCORE_DETAIL_STRUCT: HL=25(1) Spread=10(0.67) PB=0(0) Power=0 Mid=0 Slope=1 Flip=0
2013-05-17T09:30:00.000-04:00,SCORE_DETAIL_VOL: Dry=8(0.32) Supply=0(0) Effort=0(0/0) Decl=0 Con=0
2013-05-17T09:30:00.000-04:00,SCORE_DETAIL_PHASE: Events=0 Accum=1 SOS=0 PhB=0 SOT=0 STup=0
2013-05-17T09:30:00.000-04:00,SCORE_DETAIL_VP: Ctx=1 VPOCmig=1 VAprog=1 PShape=0 FinAuc=1 HVNsup=1 | bShape=0 Unfin=0 HVNoh=0 valid=true
2013-05-17T09:30:00.000-04:00,SCORE_DETAIL_SPRING: Spring=11(0.764) Ctrl=0
2013-05-17T09:30:00.000-04:00,SCORE_DETAIL_CTX: HTF=1 RS=0 OEL=0.5(5) VWAP=1(pt=5 proxW=2.139 proxM=0.815) RSI=1
2013-05-17T09:30:00.000-04:00,SCORE_PENALTY: Ghost=0 Climax=0 Stall=0 Failed=0 totalPen=0 | regime=0.8 vpBins=119 vpRatio=0.651
2013-05-20T09:30:00.000-04:00,SCORE_FAM: total=65.507 display=66 gate=66 cap=100 scaled=65.507 | Struct=16.425(0.547) Vol=4.24(0.17) Phase=4.2(0.21) VP=9(0.75) Spring=3.436(0.687) Ctx=9.49(0.73)
2013-05-20T09:30:00.000-04:00,SCORE_DETAIL_STRUCT: HL=25(1) Spread=10(0.67) PB=0(0) Power=0 Mid=0 Slope=1 Flip=0
2013-05-20T09:30:00.000-04:00,SCORE_DETAIL_VOL: Dry=8(0.32) Supply=0(0) Effort=0(0/0) Decl=0 Con=0
2013-05-20T09:30:00.000-04:00,SCORE_DETAIL_PHASE: Events=0 Accum=1 SOS=0 PhB=0 SOT=0 STup=0
2013-05-20T09:30:00.000-04:00,SCORE_DETAIL_VP: Ctx=1 VPOCmig=1 VAprog=1 PShape=0 FinAuc=1 HVNsup=1 | bShape=0 Unfin=0 HVNoh=0 valid=true
2013-05-20T09:30:00.000-04:00,SCORE_DETAIL_SPRING: Spring=11(0.764) Ctrl=0
2013-05-20T09:30:00.000-04:00,SCORE_DETAIL_CTX: HTF=1 RS=0 OEL=0.5(5) VWAP=1(pt=5 proxW=3.01 proxM=0.97) RSI=1
2013-05-20T09:30:00.000-04:00,SCORE_PENALTY: Ghost=0 Climax=0 Stall=0 Failed=0 totalPen=0 | regime=0.8 vpBins=119 vpRatio=0.623
2013-05-21T09:30:00.000-04:00,SCORE_FAM: total=65.507 display=66 gate=66 cap=100 scaled=65.507 | Struct=16.425(0.547) Vol=4.24(0.17) Phase=4.2(0.21) VP=9(0.75) Spring=3.436(0.687) Ctx=9.49(0.73)
2013-05-21T09:30:00.000-04:00,SCORE_DETAIL_STRUCT: HL=25(1) Spread=10(0.67) PB=0(0) Power=0 Mid=0 Slope=1 Flip=0
2013-05-21T09:30:00.000-04:00,SCORE_DETAIL_VOL: Dry=8(0.32) Supply=0(0) Effort=0(0/0) Decl=0 Con=0
2013-05-21T09:30:00.000-04:00,SCORE_DETAIL_PHASE: Events=0 Accum=1 SOS=0 PhB=0 SOT=0 STup=0
2013-05-21T09:30:00.000-04:00,SCORE_DETAIL_VP: Ctx=1 VPOCmig=1 VAprog=1 PShape=0 FinAuc=1 HVNsup=1 | bShape=0 Unfin=0 HVNoh=0 valid=true
2013-05-21T09:30:00.000-04:00,SCORE_DETAIL_SPRING: Spring=11(0.764) Ctrl=0
2013-05-21T09:30:00.000-04:00,SCORE_DETAIL_CTX: HTF=1 RS=0 OEL=0.5(5) VWAP=1(pt=5 proxW=3.071 proxM=1.107) RSI=1
2013-05-21T09:30:00.000-04:00,SCORE_PENALTY: Ghost=0 Climax=0 Stall=0 Failed=0 totalPen=0 | regime=0.8 vpBins=119 vpRatio=0.625
2013-05-22T09:30:00.000-04:00,SCORE_FAM: total=68.048 display=68 gate=71 cap=100 scaled=68.048 | Struct=18.9(0.63) Vol=10.95(0.438) Phase=4.2(0.21) VP=7.2(0.6) Spring=3.436(0.687) Ctx=5.72(0.44)
2013-05-22T09:30:00.000-04:00,SCORE_DETAIL_STRUCT: HL=25(1) Spread=15(1) PB=0(0) Power=0 Mid=0 Slope=1 Flip=0
2013-05-22T09:30:00.000-04:00,SCORE_DETAIL_VOL: Dry=15(0.6) Supply=0(0) Effort=0(0/0) Decl=0 Con=0
2013-05-22T09:30:00.000-04:00,SCORE_DETAIL_PHASE: Events=0 Accum=1 SOS=0 PhB=0 SOT=0 STup=0
2013-05-22T09:30:00.000-04:00,SCORE_DETAIL_VP: Ctx=1 VPOCmig=1 VAprog=0 PShape=0 FinAuc=1 HVNsup=1 | bShape=0 Unfin=0 HVNoh=0 valid=true
2013-05-22T09:30:00.000-04:00,SCORE_DETAIL_SPRING: Spring=11(0.764) Ctrl=0
2013-05-22T09:30:00.000-04:00,SCORE_DETAIL_CTX: HTF=1 RS=0 OEL=0.5(5) VWAP=0(pt=0 proxW=2.588 proxM=1.18) RSI=1
2013-05-22T09:30:00.000-04:00,SCORE_PENALTY: Ghost=0 Climax=0 Stall=0 Failed=0 totalPen=0 | regime=1 vpBins=119 vpRatio=0.593
2013-05-23T09:30:00.000-04:00,SCORE_FAM: total=58.99 display=59 gate=61 cap=100 scaled=58.99 | Struct=18.9(0.63) Vol=4.24(0.17) Phase=4.2(0.21) VP=7.2(0.6) Spring=3.436(0.687) Ctx=5.72(0.44)
2013-05-23T09:30:00.000-04:00,SCORE_DETAIL_STRUCT: HL=25(1) Spread=15(1) PB=0(0) Power=0 Mid=0 Slope=1 Flip=0
2013-05-23T09:30:00.000-04:00,SCORE_DETAIL_VOL: Dry=8(0.32) Supply=0(0) Effort=0(0/0) Decl=0 Con=0
2013-05-23T09:30:00.000-04:00,SCORE_DETAIL_PHASE: Events=0 Accum=1 SOS=0 PhB=0 SOT=0 STup=0
2013-05-23T09:30:00.000-04:00,SCORE_DETAIL_VP: Ctx=1 VPOCmig=1 VAprog=0 PShape=0 FinAuc=1 HVNsup=1 | bShape=0 Unfin=0 HVNoh=0 valid=true
2013-05-23T09:30:00.000-04:00,SCORE_DETAIL_SPRING: Spring=11(0.764) Ctrl=0
2013-05-23T09:30:00.000-04:00,SCORE_DETAIL_CTX: HTF=1 RS=0 OEL=0.5(5) VWAP=0(pt=0 proxW=2.273 proxM=1.209) RSI=1
2013-05-23T09:30:00.000-04:00,SCORE_PENALTY: Ghost=0 Climax=0 Stall=0 Failed=0 totalPen=0 | regime=1 vpBins=119 vpRatio=0.601
2013-05-24T09:30:00.000-04:00,SCORE_FAM: total=68.048 display=68 gate=71 cap=100 scaled=68.048 | Struct=18.9(0.63) Vol=10.95(0.438) Phase=4.2(0.21) VP=7.2(0.6) Spring=3.436(0.687) Ctx=5.72(0.44)
2013-05-24T09:30:00.000-04:00,SCORE_DETAIL_STRUCT: HL=25(1) Spread=15(1) PB=0(0) Power=0 Mid=0 Slope=1 Flip=0
2013-05-24T09:30:00.000-04:00,SCORE_DETAIL_VOL: Dry=15(0.6) Supply=0(0) Effort=0(0/0) Decl=0 Con=0
2013-05-24T09:30:00.000-04:00,SCORE_DETAIL_PHASE: Events=0 Accum=1 SOS=0 PhB=0 SOT=0 STup=0
2013-05-24T09:30:00.000-04:00,SCORE_DETAIL_VP: Ctx=1 VPOCmig=1 VAprog=0 PShape=0 FinAuc=1 HVNsup=1 | bShape=0 Unfin=0 HVNoh=0 valid=true
2013-05-24T09:30:00.000-04:00,SCORE_DETAIL_SPRING: Spring=11(0.764) Ctrl=0
2013-05-24T09:30:00.000-04:00,SCORE_DETAIL_CTX: HTF=1 RS=0 OEL=0.5(5) VWAP=0(pt=0 proxW=2.171 proxM=1.229) RSI=1
2013-05-24T09:30:00.000-04:00,SCORE_PENALTY: Ghost=0 Climax=0 Stall=0 Failed=0 totalPen=0 | regime=1 vpBins=119 vpRatio=0.606
2013-05-28T09:30:00.000-04:00,SCORE_FAM: total=68.048 display=68 gate=71 cap=100 scaled=68.048 | Struct=18.9(0.63) Vol=10.95(0.438) Phase=4.2(0.21) VP=7.2(0.6) Spring=3.436(0.687) Ctx=5.72(0.44)
2013-05-28T09:30:00.000-04:00,SCORE_DETAIL_STRUCT: HL=25(1) Spread=15(1) PB=0(0) Power=0 Mid=0 Slope=1 Flip=0
2013-05-28T09:30:00.000-04:00,SCORE_DETAIL_VOL: Dry=15(0.6) Supply=0(0) Effort=0(0/0) Decl=0 Con=0
2013-05-28T09:30:00.000-04:00,SCORE_DETAIL_PHASE: Events=0 Accum=1 SOS=0 PhB=0 SOT=0 STup=0
2013-05-28T09:30:00.000-04:00,SCORE_DETAIL_VP: Ctx=1 VPOCmig=1 VAprog=0 PShape=0 FinAuc=1 HVNsup=1 | bShape=0 Unfin=0 HVNoh=0 valid=true
2013-05-28T09:30:00.000-04:00,SCORE_DETAIL_SPRING: Spring=11(0.764) Ctrl=0
2013-05-28T09:30:00.000-04:00,SCORE_DETAIL_CTX: HTF=1 RS=0 OEL=0.5(5) VWAP=0(pt=0 proxW=2.459 proxM=1.248) RSI=1
2013-05-28T09:30:00.000-04:00,SCORE_PENALTY: Ghost=0 Climax=0 Stall=0 Failed=0 totalPen=0 | regime=1 vpBins=119 vpRatio=0.61
2013-05-29T09:30:00.000-04:00,SCORE_FAM: total=68.048 display=68 gate=71 cap=100 scaled=68.048 | Struct=18.9(0.63) Vol=10.95(0.438) Phase=4.2(0.21) VP=7.2(0.6) Spring=3.436(0.687) Ctx=5.72(0.44)
2013-05-29T09:30:00.000-04:00,SCORE_DETAIL_STRUCT: HL=25(1) Spread=15(1) PB=0(0) Power=0 Mid=0 Slope=1 Flip=0
2013-05-29T09:30:00.000-04:00,SCORE_DETAIL_VOL: Dry=15(0.6) Supply=0(0) Effort=0(0/0) Decl=0 Con=0
2013-05-29T09:30:00.000-04:00,SCORE_DETAIL_PHASE: Events=0 Accum=1 SOS=0 PhB=0 SOT=0 STup=0
2013-05-29T09:30:00.000-04:00,SCORE_DETAIL_VP: Ctx=1 VPOCmig=1 VAprog=0 PShape=0 FinAuc=1 HVNsup=1 | bShape=0 Unfin=0 HVNoh=0 valid=true
2013-05-29T09:30:00.000-04:00,SCORE_DETAIL_SPRING: Spring=11(0.764) Ctrl=0
2013-05-29T09:30:00.000-04:00,SCORE_DETAIL_CTX: HTF=1 RS=0 OEL=0.5(5) VWAP=0(pt=0 proxW=2.089 proxM=1.278) RSI=1
2013-05-29T09:30:00.000-04:00,SCORE_PENALTY: Ghost=0 Climax=0 Stall=0 Failed=0 totalPen=0 | regime=1 vpBins=119 vpRatio=0.616
2013-05-30T09:30:00.000-04:00,SCORE_FAM: total=73.138 display=73 gate=76 cap=100 scaled=73.138 | Struct=18.9(0.63) Vol=10.95(0.438) Phase=4.2(0.21) VP=7.2(0.6) Spring=3.436(0.687) Ctx=9.49(0.73)
2013-05-30T09:30:00.000-04:00,SCORE_DETAIL_STRUCT: HL=25(1) Spread=15(1) PB=0(0) Power=0 Mid=0 Slope=1 Flip=0
2013-05-30T09:30:00.000-04:00,SCORE_DETAIL_VOL: Dry=15(0.6) Supply=0(0) Effort=0(0/0) Decl=0 Con=1
2013-05-30T09:30:00.000-04:00,SCORE_DETAIL_PHASE: Events=0 Accum=1 SOS=0 PhB=0 SOT=0 STup=0
2013-05-30T09:30:00.000-04:00,SCORE_DETAIL_VP: Ctx=1 VPOCmig=1 VAprog=0 PShape=0 FinAuc=1 HVNsup=1 | bShape=0 Unfin=0 HVNoh=0 valid=true
2013-05-30T09:30:00.000-04:00,SCORE_DETAIL_SPRING: Spring=11(0.764) Ctrl=0
2013-05-30T09:30:00.000-04:00,SCORE_DETAIL_CTX: HTF=1 RS=0 OEL=0.5(5) VWAP=1(pt=5 proxW=2.181 proxM=1.337) RSI=1
2013-05-30T09:30:00.000-04:00,SCORE_PENALTY: Ghost=0 Climax=0 Stall=0 Failed=0 totalPen=0 | regime=1 vpBins=119 vpRatio=0.621
2013-05-31T09:30:00.000-04:00,SCORE_FAM: total=59.023 display=59 gate=61 cap=100 scaled=59.023 | Struct=16.425(0.547) Vol=6.74(0.27) Phase=4.2(0.21) VP=7.2(0.6) Spring=3.436(0.687) Ctx=5.72(0.44)
2013-05-31T09:30:00.000-04:00,SCORE_DETAIL_STRUCT: HL=25(1) Spread=10(0.67) PB=0(0) Power=0 Mid=0 Slope=1 Flip=0
2013-05-31T09:30:00.000-04:00,SCORE_DETAIL_VOL: Dry=8(0.32) Supply=0(0) Effort=0(0/0) Decl=0 Con=1
2013-05-31T09:30:00.000-04:00,SCORE_DETAIL_PHASE: Events=0 Accum=1 SOS=0 PhB=0 SOT=0 STup=0
2013-05-31T09:30:00.000-04:00,SCORE_DETAIL_VP: Ctx=1 VPOCmig=1 VAprog=0 PShape=0 FinAuc=1 HVNsup=1 | bShape=0 Unfin=0 HVNoh=0 valid=true
2013-05-31T09:30:00.000-04:00,SCORE_DETAIL_SPRING: Spring=11(0.764) Ctrl=0
2013-05-31T09:30:00.000-04:00,SCORE_DETAIL_CTX: HTF=1 RS=0 OEL=0.5(5) VWAP=0(pt=0 proxW=2.037 proxM=1.335) RSI=1
2013-05-31T09:30:00.000-04:00,SCORE_PENALTY: Ghost=0 Climax=0 Stall=0 Failed=0 totalPen=0 | regime=1 vpBins=119 vpRatio=0.628
2013-06-03T09:30:00.000-04:00,SCORE_FAM: total=64.113 display=64 gate=66 cap=100 scaled=64.113 | Struct=16.425(0.547) Vol=6.74(0.27) Phase=4.2(0.21) VP=7.2(0.6) Spring=3.436(0.687) Ctx=9.49(0.73)
2013-06-03T09:30:00.000-04:00,SCORE_DETAIL_STRUCT: HL=25(1) Spread=10(0.67) PB=0(0) Power=0 Mid=0 Slope=1 Flip=0
2013-06-03T09:30:00.000-04:00,SCORE_DETAIL_VOL: Dry=8(0.32) Supply=0(0) Effort=0(0/0) Decl=0 Con=1
2013-06-03T09:30:00.000-04:00,SCORE_DETAIL_PHASE: Events=0 Accum=1 SOS=0 PhB=0 SOT=0 STup=0
2013-06-03T09:30:00.000-04:00,SCORE_DETAIL_VP: Ctx=1 VPOCmig=1 VAprog=0 PShape=0 FinAuc=1 HVNsup=1 | bShape=0 Unfin=0 HVNoh=0 valid=true
2013-06-03T09:30:00.000-04:00,SCORE_DETAIL_SPRING: Spring=11(0.764) Ctrl=0
2013-06-03T09:30:00.000-04:00,SCORE_DETAIL_CTX: HTF=1 RS=0 OEL=0.5(5) VWAP=1(pt=5 proxW=1.204 proxM=1.204) RSI=1
2013-06-03T09:30:00.000-04:00,SCORE_PENALTY: Ghost=0 Climax=0 Stall=0 Failed=0 totalPen=0 | regime=1 vpBins=119 vpRatio=0.636
2013-06-04T09:30:00.000-04:00,SCORE_FAM: total=59.023 display=59 gate=61 cap=100 scaled=59.023 | Struct=16.425(0.547) Vol=6.74(0.27) Phase=4.2(0.21) VP=7.2(0.6) Spring=3.436(0.687) Ctx=5.72(0.44)
2013-06-04T09:30:00.000-04:00,SCORE_DETAIL_STRUCT: HL=25(1) Spread=10(0.67) PB=0(0) Power=0 Mid=0 Slope=1 Flip=0
2013-06-04T09:30:00.000-04:00,SCORE_DETAIL_VOL: Dry=8(0.32) Supply=0(0) Effort=0(0/0) Decl=0 Con=1
2013-06-04T09:30:00.000-04:00,SCORE_DETAIL_PHASE: Events=0 Accum=1 SOS=0 PhB=0 SOT=0 STup=0
2013-06-04T09:30:00.000-04:00,SCORE_DETAIL_VP: Ctx=1 VPOCmig=1 VAprog=0 PShape=0 FinAuc=1 HVNsup=1 | bShape=0 Unfin=0 HVNoh=0 valid=true
2013-06-04T09:30:00.000-04:00,SCORE_DETAIL_SPRING: Spring=11(0.764) Ctrl=0
2013-06-04T09:30:00.000-04:00,SCORE_DETAIL_CTX: HTF=1 RS=0 OEL=0.5(5) VWAP=0(pt=0 proxW=1.225 proxM=1.225) RSI=1
2013-06-04T09:30:00.000-04:00,SCORE_PENALTY: Ghost=0 Climax=0 Stall=0 Failed=0 totalPen=0 | regime=1 vpBins=119 vpRatio=0.642
2013-06-05T09:30:00.000-04:00,SCORE_FAM: total=61.413 display=61 gate=64 cap=100 scaled=61.413 | Struct=22.875(0.762) Vol=3.75(-0.45) Phase=4.2(0.21) VP=7.2(0.6) Spring=3.436(0.687) Ctx=4.03(0.31)
2013-06-05T09:30:00.000-04:00,SCORE_DETAIL_STRUCT: HL=25(1) Spread=5(0.33) PB=15(1) Power=0 Mid=1 Slope=1 Flip=0
2013-06-05T09:30:00.000-04:00,SCORE_DETAIL_VOL: Dry=0(0) Supply=-15(-1) Effort=-10(0/-1) Decl=0 Con=1
2013-06-05T09:30:00.000-04:00,SCORE_DETAIL_PHASE: Events=0 Accum=1 SOS=0 PhB=0 SOT=0 STup=0
2013-06-05T09:30:00.000-04:00,SCORE_DETAIL_VP: Ctx=1 VPOCmig=1 VAprog=0 PShape=0 FinAuc=1 HVNsup=1 | bShape=0 Unfin=0 HVNoh=0 valid=true
2013-06-05T09:30:00.000-04:00,SCORE_DETAIL_SPRING: Spring=11(0.764) Ctrl=0
2013-06-05T09:30:00.000-04:00,SCORE_DETAIL_CTX: HTF=1 RS=0 OEL=0(0) VWAP=0(pt=0 proxW=0.993 proxM=0.993) RSI=1
2013-06-05T09:30:00.000-04:00,SCORE_PENALTY: Ghost=0 Climax=0 Stall=0 Failed=0 totalPen=0 | regime=1 vpBins=119 vpRatio=0.65
2013-06-06T09:30:00.000-04:00,SCORE_FAM: total=61.413 display=61 gate=64 cap=100 scaled=61.413 | Struct=22.875(0.762) Vol=3.75(-0.45) Phase=4.2(0.21) VP=7.2(0.6) Spring=3.436(0.687) Ctx=4.03(0.31)
2013-06-06T09:30:00.000-04:00,SCORE_DETAIL_STRUCT: HL=25(1) Spread=5(0.33) PB=15(1) Power=0 Mid=1 Slope=1 Flip=0
2013-06-06T09:30:00.000-04:00,SCORE_DETAIL_VOL: Dry=0(0) Supply=-15(-1) Effort=-10(0/-1) Decl=0 Con=1
2013-06-06T09:30:00.000-04:00,SCORE_DETAIL_PHASE: Events=0 Accum=1 SOS=0 PhB=0 SOT=0 STup=0
2013-06-06T09:30:00.000-04:00,SCORE_DETAIL_VP: Ctx=1 VPOCmig=1 VAprog=0 PShape=0 FinAuc=1 HVNsup=1 | bShape=0 Unfin=0 HVNoh=0 valid=true
2013-06-06T09:30:00.000-04:00,SCORE_DETAIL_SPRING: Spring=11(0.764) Ctrl=0
2013-06-06T09:30:00.000-04:00,SCORE_DETAIL_CTX: HTF=1 RS=0 OEL=0(0) VWAP=0(pt=0 proxW=1.313 proxM=1.313) RSI=1
2013-06-06T09:30:00.000-04:00,SCORE_PENALTY: Ghost=0 Climax=0 Stall=0 Failed=0 totalPen=0 | regime=1 vpBins=119 vpRatio=0.661
2013-06-06T09:30:00.000-04:00,LPS ENTRY: price=72.4 score=61 gate=64 mode=Close Above SOS Midpoint spring=true(conf=0.764) closeStr=0.989 volOk=true bars=2 pullback=30.48% prelimRisk=1.285%
2013-06-06T09:30:00.000-04:00,LPS DIST: warnLevel=1 liveCnt=1 bcAge=40 utadAge=-1 sowAge=-1 lpsyAge=-1
2013-06-06T09:30:00.000-04:00,LPS STOP: mode=LPS Low price=71.256 stack=0 vwapW=72.596 vwapM=72.596 VAL=60.04
2013-06-06T09:30:00.000-04:00,COMP VP: VPOC=66.892 VAH=NaN hvnAbove=NaN lvnAbove=73.283
2013-07-09T09:30:00.000-04:00,SCORE_FAM: total=70.856 display=71 gate=73 cap=100 scaled=70.856 | Struct=18.9(0.63) Vol=10.95(0.438) Phase=4.2(0.21) VP=7.2(0.6) Spring=3.436(0.687) Ctx=7.8(0.6)
2013-07-09T09:30:00.000-04:00,SCORE_DETAIL_STRUCT: HL=25(1) Spread=15(1) PB=0(0) Power=0 Mid=0 Slope=1 Flip=0
2013-07-09T09:30:00.000-04:00,SCORE_DETAIL_VOL: Dry=15(0.6) Supply=0(0) Effort=0(0/0) Decl=0 Con=0
2013-07-09T09:30:00.000-04:00,SCORE_DETAIL_PHASE: Events=0 Accum=1 SOS=0 PhB=0 SOT=0 STup=0
2013-07-09T09:30:00.000-04:00,SCORE_DETAIL_VP: Ctx=1 VPOCmig=1 VAprog=0 PShape=0 FinAuc=1 HVNsup=1 | bShape=0 Unfin=0 HVNoh=0 valid=true
2013-07-09T09:30:00.000-04:00,SCORE_DETAIL_SPRING: Spring=11(0.764) Ctrl=0
2013-07-09T09:30:00.000-04:00,SCORE_DETAIL_CTX: HTF=1 RS=0 OEL=0(0) VWAP=1(pt=5 proxW=0.227 proxM=0.408) RSI=1
2013-07-09T09:30:00.000-04:00,SCORE_PENALTY: Ghost=0 Climax=0 Stall=0 Failed=0 totalPen=0 | regime=1 vpBins=119 vpRatio=0.78
2013-07-10T09:30:00.000-04:00,SCORE_FAM: total=73.138 display=73 gate=76 cap=100 scaled=73.138 | Struct=18.9(0.63) Vol=10.95(0.438) Phase=4.2(0.21) VP=7.2(0.6) Spring=3.436(0.687) Ctx=9.49(0.73)
2013-07-10T09:30:00.000-04:00,SCORE_DETAIL_STRUCT: HL=25(1) Spread=15(1) PB=0(0) Power=0 Mid=0 Slope=1 Flip=0
2013-07-10T09:30:00.000-04:00,SCORE_DETAIL_VOL: Dry=15(0.6) Supply=0(0) Effort=0(0/0) Decl=0 Con=0
2013-07-10T09:30:00.000-04:00,SCORE_DETAIL_PHASE: Events=0 Accum=1 SOS=0 PhB=0 SOT=0 STup=0
2013-07-10T09:30:00.000-04:00,SCORE_DETAIL_VP: Ctx=1 VPOCmig=1 VAprog=0 PShape=0 FinAuc=1 HVNsup=1 | bShape=0 Unfin=0 HVNoh=0 valid=true
2013-07-10T09:30:00.000-04:00,SCORE_DETAIL_SPRING: Spring=11(0.764) Ctrl=0
2013-07-10T09:30:00.000-04:00,SCORE_DETAIL_CTX: HTF=1 RS=0 OEL=0.5(5) VWAP=1(pt=5 proxW=0.439 proxM=0.228) RSI=1
2013-07-10T09:30:00.000-04:00,SCORE_PENALTY: Ghost=0 Climax=0 Stall=0 Failed=0 totalPen=0 | regime=1 vpBins=119 vpRatio=0.784
2013-07-11T09:30:00.000-04:00,SCORE_FAM: total=74.966 display=75 gate=81 cap=100 scaled=74.966 | Struct=18.9(0.63) Vol=10.95(0.438) Phase=4.2(0.21) VP=9(0.75) Spring=3.436(0.687) Ctx=11.18(0.86)
2013-07-11T09:30:00.000-04:00,SCORE_DETAIL_STRUCT: HL=25(1) Spread=15(1) PB=0(0) Power=0 Mid=0 Slope=1 Flip=0
2013-07-11T09:30:00.000-04:00,SCORE_DETAIL_VOL: Dry=15(0.6) Supply=0(0) Effort=0(0/0) Decl=0 Con=0
2013-07-11T09:30:00.000-04:00,SCORE_DETAIL_PHASE: Events=0 Accum=1 SOS=0 PhB=0 SOT=0 STup=0
2013-07-11T09:30:00.000-04:00,SCORE_DETAIL_VP: Ctx=1 VPOCmig=1 VAprog=1 PShape=0 FinAuc=1 HVNsup=1 | bShape=0 Unfin=0 HVNoh=0 valid=true
2013-07-11T09:30:00.000-04:00,SCORE_DETAIL_SPRING: Spring=11(0.764) Ctrl=0
2013-07-11T09:30:00.000-04:00,SCORE_DETAIL_CTX: HTF=1 RS=0 OEL=1(10) VWAP=1(pt=5 proxW=1.153 proxM=0.333) RSI=1
2013-07-11T09:30:00.000-04:00,SCORE_PENALTY: Ghost=0 Climax=0 Stall=0 Failed=0 totalPen=0 | regime=1.3 vpBins=119 vpRatio=0.728
2013-07-12T09:30:00.000-04:00,SCORE_FAM: total=68.791 display=69 gate=71 cap=100 scaled=68.791 | Struct=18.9(0.63) Vol=4.24(0.17) Phase=4.2(0.21) VP=9(0.75) Spring=3.436(0.687) Ctx=11.18(0.86)
2013-07-12T09:30:00.000-04:00,SCORE_DETAIL_STRUCT: HL=25(1) Spread=15(1) PB=0(0) Power=0 Mid=0 Slope=1 Flip=0
2013-07-12T09:30:00.000-04:00,SCORE_DETAIL_VOL: Dry=8(0.32) Supply=0(0) Effort=0(0/0) Decl=0 Con=0
2013-07-12T09:30:00.000-04:00,SCORE_DETAIL_PHASE: Events=0 Accum=1 SOS=0 PhB=0 SOT=0 STup=0
2013-07-12T09:30:00.000-04:00,SCORE_DETAIL_VP: Ctx=1 VPOCmig=1 VAprog=1 PShape=0 FinAuc=1 HVNsup=1 | bShape=0 Unfin=0 HVNoh=0 valid=true
2013-07-12T09:30:00.000-04:00,SCORE_DETAIL_SPRING: Spring=11(0.764) Ctrl=0
2013-07-12T09:30:00.000-04:00,SCORE_DETAIL_CTX: HTF=1 RS=0 OEL=1(10) VWAP=1(pt=5 proxW=1.521 proxM=0.654) RSI=1
2013-07-12T09:30:00.000-04:00,SCORE_PENALTY: Ghost=0 Climax=0 Stall=0 Failed=0 totalPen=0 | regime=1 vpBins=119 vpRatio=0.688
2013-07-15T09:30:00.000-04:00,SCORE_FAM: total=77.849 display=78 gate=81 cap=100 scaled=77.849 | Struct=18.9(0.63) Vol=10.95(0.438) Phase=4.2(0.21) VP=9(0.75) Spring=3.436(0.687) Ctx=11.18(0.86)
2013-07-15T09:30:00.000-04:00,SCORE_DETAIL_STRUCT: HL=25(1) Spread=15(1) PB=0(0) Power=0 Mid=0 Slope=1 Flip=0
2013-07-15T09:30:00.000-04:00,SCORE_DETAIL_VOL: Dry=15(0.6) Supply=0(0) Effort=0(0/0) Decl=0 Con=0
2013-07-15T09:30:00.000-04:00,SCORE_DETAIL_PHASE: Events=0 Accum=1 SOS=0 PhB=0 SOT=0 STup=0
2013-07-15T09:30:00.000-04:00,SCORE_DETAIL_VP: Ctx=1 VPOCmig=1 VAprog=1 PShape=0 FinAuc=1 HVNsup=1 | bShape=0 Unfin=0 HVNoh=0 valid=true
2013-07-15T09:30:00.000-04:00,SCORE_DETAIL_SPRING: Spring=11(0.764) Ctrl=0
2013-07-15T09:30:00.000-04:00,SCORE_DETAIL_CTX: HTF=1 RS=0 OEL=1(10) VWAP=1(pt=5 proxW=3.184 proxM=0.869) RSI=1
2013-07-15T09:30:00.000-04:00,SCORE_PENALTY: Ghost=0 Climax=0 Stall=0 Failed=0 totalPen=0 | regime=1 vpBins=119 vpRatio=0.64
2013-07-16T09:30:00.000-04:00,SCORE_FAM: total=72.76 display=73 gate=75 cap=100 scaled=72.76 | Struct=18.9(0.63) Vol=10.95(0.438) Phase=4.2(0.21) VP=9(0.75) Spring=3.436(0.687) Ctx=7.41(0.57)
2013-07-16T09:30:00.000-04:00,SCORE_DETAIL_STRUCT: HL=25(1) Spread=15(1) PB=0(0) Power=0 Mid=0 Slope=1 Flip=0
2013-07-16T09:30:00.000-04:00,SCORE_DETAIL_VOL: Dry=15(0.6) Supply=0(0) Effort=0(0/0) Decl=0 Con=0
2013-07-16T09:30:00.000-04:00,SCORE_DETAIL_PHASE: Events=0 Accum=1 SOS=0 PhB=0 SOT=0 STup=0
2013-07-16T09:30:00.000-04:00,SCORE_DETAIL_VP: Ctx=1 VPOCmig=1 VAprog=1 PShape=0 FinAuc=1 HVNsup=1 | bShape=0 Unfin=0 HVNoh=0 valid=true
2013-07-16T09:30:00.000-04:00,SCORE_DETAIL_SPRING: Spring=11(0.764) Ctrl=0
2013-07-16T09:30:00.000-04:00,SCORE_DETAIL_CTX: HTF=1 RS=0 OEL=1(10) VWAP=0(pt=0 proxW=3.303 proxM=1.158) RSI=1
2013-07-16T09:30:00.000-04:00,SCORE_PENALTY: Ghost=0 Climax=0 Stall=0 Failed=0 totalPen=0 | regime=1 vpBins=119 vpRatio=0.628
2013-07-17T09:30:00.000-04:00,SCORE_FAM: total=77.849 display=78 gate=81 cap=100 scaled=77.849 | Struct=18.9(0.63) Vol=10.95(0.438) Phase=4.2(0.21) VP=9(0.75) Spring=3.436(0.687) Ctx=11.18(0.86)
2013-07-17T09:30:00.000-04:00,SCORE_DETAIL_STRUCT: HL=25(1) Spread=15(1) PB=0(0) Power=0 Mid=0 Slope=1 Flip=0
2013-07-17T09:30:00.000-04:00,SCORE_DETAIL_VOL: Dry=15(0.6) Supply=0(0) Effort=0(0/0) Decl=0 Con=0
2013-07-17T09:30:00.000-04:00,SCORE_DETAIL_PHASE: Events=0 Accum=1 SOS=0 PhB=0 SOT=0 STup=0
2013-07-17T09:30:00.000-04:00,SCORE_DETAIL_VP: Ctx=1 VPOCmig=1 VAprog=1 PShape=0 FinAuc=1 HVNsup=1 | bShape=0 Unfin=0 HVNoh=0 valid=true
2013-07-17T09:30:00.000-04:00,SCORE_DETAIL_SPRING: Spring=11(0.764) Ctrl=0
2013-07-17T09:30:00.000-04:00,SCORE_DETAIL_CTX: HTF=1 RS=0 OEL=1(10) VWAP=1(pt=5 proxW=3.5 proxM=1.389) RSI=1
2013-07-17T09:30:00.000-04:00,SCORE_PENALTY: Ghost=0 Climax=0 Stall=0 Failed=0 totalPen=0 | regime=1 vpBins=119 vpRatio=0.612
2013-07-18T09:30:00.000-04:00,SCORE_FAM: total=72.76 display=73 gate=75 cap=100 scaled=72.76 | Struct=18.9(0.63) Vol=10.95(0.438) Phase=4.2(0.21) VP=9(0.75) Spring=3.436(0.687) Ctx=7.41(0.57)
2013-07-18T09:30:00.000-04:00,SCORE_DETAIL_STRUCT: HL=25(1) Spread=15(1) PB=0(0) Power=0 Mid=0 Slope=1 Flip=0
2013-07-18T09:30:00.000-04:00,SCORE_DETAIL_VOL: Dry=15(0.6) Supply=0(0) Effort=0(0/0) Decl=0 Con=0
2013-07-18T09:30:00.000-04:00,SCORE_DETAIL_PHASE: Events=0 Accum=1 SOS=0 PhB=0 SOT=0 STup=0
2013-07-18T09:30:00.000-04:00,SCORE_DETAIL_VP: Ctx=1 VPOCmig=1 VAprog=1 PShape=0 FinAuc=1 HVNsup=1 | bShape=0 Unfin=0 HVNoh=0 valid=true
2013-07-18T09:30:00.000-04:00,SCORE_DETAIL_SPRING: Spring=11(0.764) Ctrl=0
2013-07-18T09:30:00.000-04:00,SCORE_DETAIL_CTX: HTF=1 RS=0 OEL=1(10) VWAP=0(pt=0 proxW=3.606 proxM=1.65) RSI=1
2013-07-18T09:30:00.000-04:00,SCORE_PENALTY: Ghost=0 Climax=0 Stall=0 Failed=0 totalPen=0 | regime=1 vpBins=119 vpRatio=0.618
2013-07-19T09:30:00.000-04:00,SCORE_FAM: total=63.701 display=64 gate=66 cap=100 scaled=63.701 | Struct=18.9(0.63) Vol=4.24(0.17) Phase=4.2(0.21) VP=9(0.75) Spring=3.436(0.687) Ctx=7.41(0.57)
2013-07-19T09:30:00.000-04:00,SCORE_DETAIL_STRUCT: HL=25(1) Spread=15(1) PB=0(0) Power=0 Mid=0 Slope=1 Flip=0
2013-07-19T09:30:00.000-04:00,SCORE_DETAIL_VOL: Dry=8(0.32) Supply=0(0) Effort=0(0/0) Decl=0 Con=0
2013-07-19T09:30:00.000-04:00,SCORE_DETAIL_PHASE: Events=0 Accum=1 SOS=0 PhB=0 SOT=0 STup=0
2013-07-19T09:30:00.000-04:00,SCORE_DETAIL_VP: Ctx=1 VPOCmig=1 VAprog=1 PShape=0 FinAuc=1 HVNsup=1 | bShape=0 Unfin=0 HVNoh=0 valid=true
2013-07-19T09:30:00.000-04:00,SCORE_DETAIL_SPRING: Spring=11(0.764) Ctrl=0
2013-07-19T09:30:00.000-04:00,SCORE_DETAIL_CTX: HTF=1 RS=0 OEL=1(10) VWAP=0(pt=0 proxW=3.254 proxM=1.693) RSI=1
2013-07-19T09:30:00.000-04:00,SCORE_PENALTY: Ghost=0 Climax=0 Stall=0 Failed=0 totalPen=0 | regime=1 vpBins=119 vpRatio=0.625
2013-07-22T09:30:00.000-04:00,SCORE_FAM: total=77.849 display=78 gate=81 cap=100 scaled=77.849 | Struct=18.9(0.63) Vol=10.95(0.438) Phase=4.2(0.21) VP=9(0.75) Spring=3.436(0.687) Ctx=11.18(0.86)
2013-07-22T09:30:00.000-04:00,SCORE_DETAIL_STRUCT: HL=25(1) Spread=15(1) PB=0(0) Power=0 Mid=0 Slope=1 Flip=0
2013-07-22T09:30:00.000-04:00,SCORE_DETAIL_VOL: Dry=15(0.6) Supply=0(0) Effort=0(0/0) Decl=0 Con=0
2013-07-22T09:30:00.000-04:00,SCORE_DETAIL_PHASE: Events=0 Accum=1 SOS=0 PhB=0 SOT=0 STup=0
2013-07-22T09:30:00.000-04:00,SCORE_DETAIL_VP: Ctx=1 VPOCmig=1 VAprog=1 PShape=0 FinAuc=1 HVNsup=1 | bShape=0 Unfin=0 HVNoh=0 valid=true
2013-07-22T09:30:00.000-04:00,SCORE_DETAIL_SPRING: Spring=11(0.764) Ctrl=0
2013-07-22T09:30:00.000-04:00,SCORE_DETAIL_CTX: HTF=1 RS=0 OEL=1(10) VWAP=1(pt=5 proxW=2.807 proxM=1.808) RSI=1
2013-07-22T09:30:00.000-04:00,SCORE_PENALTY: Ghost=0 Climax=0 Stall=0 Failed=0 totalPen=0 | regime=1 vpBins=119 vpRatio=0.629
2013-07-23T09:30:00.000-04:00,SCORE_FAM: total=72.76 display=73 gate=75 cap=100 scaled=72.76 | Struct=18.9(0.63) Vol=10.95(0.438) Phase=4.2(0.21) VP=9(0.75) Spring=3.436(0.687) Ctx=7.41(0.57)
2013-07-23T09:30:00.000-04:00,SCORE_DETAIL_STRUCT: HL=25(1) Spread=15(1) PB=0(0) Power=0 Mid=0 Slope=1 Flip=0
2013-07-23T09:30:00.000-04:00,SCORE_DETAIL_VOL: Dry=15(0.6) Supply=0(0) Effort=0(0/0) Decl=0 Con=0
2013-07-23T09:30:00.000-04:00,SCORE_DETAIL_PHASE: Events=0 Accum=1 SOS=0 PhB=0 SOT=0 STup=0
2013-07-23T09:30:00.000-04:00,SCORE_DETAIL_VP: Ctx=1 VPOCmig=1 VAprog=1 PShape=0 FinAuc=1 HVNsup=1 | bShape=0 Unfin=0 HVNoh=0 valid=true
2013-07-23T09:30:00.000-04:00,SCORE_DETAIL_SPRING: Spring=11(0.764) Ctrl=0
2013-07-23T09:30:00.000-04:00,SCORE_DETAIL_CTX: HTF=1 RS=0 OEL=1(10) VWAP=0(pt=0 proxW=2.583 proxM=1.841) RSI=1
2013-07-23T09:30:00.000-04:00,SCORE_PENALTY: Ghost=0 Climax=0 Stall=0 Failed=0 totalPen=0 | regime=1 vpBins=119 vpRatio=0.633
2013-07-24T09:30:00.000-04:00,SCORE_FAM: total=72.76 display=73 gate=75 cap=100 scaled=72.76 | Struct=18.9(0.63) Vol=10.95(0.438) Phase=4.2(0.21) VP=9(0.75) Spring=3.436(0.687) Ctx=7.41(0.57)
2013-07-24T09:30:00.000-04:00,SCORE_DETAIL_STRUCT: HL=25(1) Spread=15(1) PB=0(0) Power=0 Mid=0 Slope=1 Flip=0
2013-07-24T09:30:00.000-04:00,SCORE_DETAIL_VOL: Dry=15(0.6) Supply=0(0) Effort=0(0/0) Decl=0 Con=0
2013-07-24T09:30:00.000-04:00,SCORE_DETAIL_PHASE: Events=0 Accum=1 SOS=0 PhB=0 SOT=0 STup=0
2013-07-24T09:30:00.000-04:00,SCORE_DETAIL_VP: Ctx=1 VPOCmig=1 VAprog=1 PShape=0 FinAuc=1 HVNsup=1 | bShape=0 Unfin=0 HVNoh=0 valid=true
2013-07-24T09:30:00.000-04:00,SCORE_DETAIL_SPRING: Spring=11(0.764) Ctrl=0
2013-07-24T09:30:00.000-04:00,SCORE_DETAIL_CTX: HTF=1 RS=0 OEL=1(10) VWAP=0(pt=0 proxW=2.583 proxM=1.88) RSI=1
2013-07-24T09:30:00.000-04:00,SCORE_PENALTY: Ghost=0 Climax=0 Stall=0 Failed=0 totalPen=0 | regime=1 vpBins=119 vpRatio=0.638
2013-07-25T09:30:00.000-04:00,SCORE_FAM: total=77.849 display=78 gate=81 cap=100 scaled=77.849 | Struct=18.9(0.63) Vol=10.95(0.438) Phase=4.2(0.21) VP=9(0.75) Spring=3.436(0.687) Ctx=11.18(0.86)
2013-07-25T09:30:00.000-04:00,SCORE_DETAIL_STRUCT: HL=25(1) Spread=15(1) PB=0(0) Power=0 Mid=0 Slope=1 Flip=0
2013-07-25T09:30:00.000-04:00,SCORE_DETAIL_VOL: Dry=15(0.6) Supply=0(0) Effort=0(0/0) Decl=0 Con=0
2013-07-25T09:30:00.000-04:00,SCORE_DETAIL_PHASE: Events=0 Accum=1 SOS=0 PhB=0 SOT=0 STup=0
2013-07-25T09:30:00.000-04:00,SCORE_DETAIL_VP: Ctx=1 VPOCmig=1 VAprog=1 PShape=0 FinAuc=1 HVNsup=1 | bShape=0 Unfin=0 HVNoh=0 valid=true
2013-07-25T09:30:00.000-04:00,SCORE_DETAIL_SPRING: Spring=11(0.764) Ctrl=0
2013-07-25T09:30:00.000-04:00,SCORE_DETAIL_CTX: HTF=1 RS=0 OEL=1(10) VWAP=1(pt=5 proxW=2.692 proxM=1.956) RSI=1
2013-07-25T09:30:00.000-04:00,SCORE_PENALTY: Ghost=0 Climax=0 Stall=0 Failed=0 totalPen=0 | regime=1 vpBins=119 vpRatio=0.642
2013-07-26T09:30:00.000-04:00,SCORE_FAM: total=77.849 display=78 gate=81 cap=100 scaled=77.849 | Struct=18.9(0.63) Vol=10.95(0.438) Phase=4.2(0.21) VP=9(0.75) Spring=3.436(0.687) Ctx=11.18(0.86)
2013-07-26T09:30:00.000-04:00,SCORE_DETAIL_STRUCT: HL=25(1) Spread=15(1) PB=0(0) Power=0 Mid=0 Slope=1 Flip=0
2013-07-26T09:30:00.000-04:00,SCORE_DETAIL_VOL: Dry=15(0.6) Supply=0(0) Effort=0(0/0) Decl=0 Con=0
2013-07-26T09:30:00.000-04:00,SCORE_DETAIL_PHASE: Events=0 Accum=1 SOS=0 PhB=0 SOT=0 STup=0
2013-07-26T09:30:00.000-04:00,SCORE_DETAIL_VP: Ctx=1 VPOCmig=1 VAprog=1 PShape=0 FinAuc=1 HVNsup=1 | bShape=0 Unfin=0 HVNoh=0 valid=true
2013-07-26T09:30:00.000-04:00,SCORE_DETAIL_SPRING: Spring=11(0.764) Ctrl=0
2013-07-26T09:30:00.000-04:00,SCORE_DETAIL_CTX: HTF=1 RS=0 OEL=1(10) VWAP=1(pt=5 proxW=2.776 proxM=1.994) RSI=1
2013-07-26T09:30:00.000-04:00,SCORE_PENALTY: Ghost=0 Climax=0 Stall=0 Failed=0 totalPen=0 | regime=1 vpBins=119 vpRatio=0.646
2013-07-29T09:30:00.000-04:00,SCORE_FAM: total=72.76 display=73 gate=75 cap=100 scaled=72.76 | Struct=18.9(0.63) Vol=10.95(0.438) Phase=4.2(0.21) VP=9(0.75) Spring=3.436(0.687) Ctx=7.41(0.57)
2013-07-29T09:30:00.000-04:00,SCORE_DETAIL_STRUCT: HL=25(1) Spread=15(1) PB=0(0) Power=0 Mid=0 Slope=1 Flip=0
2013-07-29T09:30:00.000-04:00,SCORE_DETAIL_VOL: Dry=15(0.6) Supply=0(0) Effort=0(0/0) Decl=0 Con=0
2013-07-29T09:30:00.000-04:00,SCORE_DETAIL_PHASE: Events=0 Accum=1 SOS=0 PhB=0 SOT=0 STup=0
2013-07-29T09:30:00.000-04:00,SCORE_DETAIL_VP: Ctx=1 VPOCmig=1 VAprog=1 PShape=0 FinAuc=1 HVNsup=1 | bShape=0 Unfin=0 HVNoh=0 valid=true
2013-07-29T09:30:00.000-04:00,SCORE_DETAIL_SPRING: Spring=11(0.764) Ctrl=0
2013-07-29T09:30:00.000-04:00,SCORE_DETAIL_CTX: HTF=1 RS=0 OEL=1(10) VWAP=0(pt=0 proxW=3.542 proxM=2.101) RSI=1
2013-07-29T09:30:00.000-04:00,SCORE_PENALTY: Ghost=0 Climax=0 Stall=0 Failed=0 totalPen=0 | regime=1 vpBins=119 vpRatio=0.65
2013-10-10T09:30:00.000-04:00,SPRING: conf=0.733 [close=0.246 reclaim=0.152 vol=0.159 age=0.142 tests=0.033] pivot=78 pivotAge=8b
2014-01-27T09:30:00.000-05:00,SPRING: conf=0.58 [close=0.119 reclaim=0.034 vol=0.185 age=0.142 tests=0.1] pivot=85.675 pivotAge=9b
2014-02-05T09:30:00.000-05:00,SPRING: conf=0.677 [close=0.228 reclaim=0.128 vol=0.098 age=0.124 tests=0.1] pivot=84.05 pivotAge=32b
2014-02-24T09:30:00.000-05:00,"DIST UTAD: bar=3,763 close=90.41 breakBar=3,762"
2014-03-21T09:30:00.000-04:00,SPRING: conf=0.433 [close=0.029 reclaim=0.018 vol=0.182 age=0.137 tests=0.067] pivot=88.87 pivotAge=14b
2014-04-04T09:30:00.000-04:00,"DIST SOW: bar=3,792 close=86.37 support=86.4"
2014-04-15T09:30:00.000-04:00,SPRING: conf=0.741 [close=0.235 reclaim=0.145 vol=0.147 age=0.114 tests=0.1] pivot=83.74 pivotAge=48b
2014-04-21T09:30:00.000-04:00,"DIST LPSY: bar=3,802 close=86.84 vol=25,947,923 volAvg=57,005,246.35"
2014-09-16T09:30:00.000-04:00,SPRING: conf=0.679 [close=0.263 reclaim=0.058 vol=0.149 age=0.143 tests=0.067] pivot=99.03 pivotAge=7b
2014-09-26T09:30:00.000-04:00,SPRING: conf=0.79 [close=0.25 reclaim=0.171 vol=0.161 age=0.142 tests=0.067] pivot=98.05 pivotAge=8b
2014-11-13T09:30:00.000-05:00,"SOS CONFIRMED: rally=14.45% low=90.24 high=103.28 bars=16 avgVol=43,872,267.312 adjMinRally=3.5"
2014-11-13T09:30:00.000-05:00,SCORE_FAM: total=98.825 display=99 gate=100 cap=100 scaled=98.825 | Struct=24(0.8) Vol=18.25(0.73) Phase=10.6(0.53) VP=9(0.75) Spring=3.554(0.711) Ctx=7.8(0.6)
2014-11-13T09:30:00.000-05:00,SCORE_DETAIL_STRUCT: HL=25(1) Spread=15(1) PB=0(0) Power=0 Mid=1 Slope=1 Flip=1
2014-11-13T09:30:00.000-05:00,SCORE_DETAIL_VOL: Dry=25(1) Supply=0(0) Effort=0(0/0) Decl=0 Con=0
2014-11-13T09:30:00.000-05:00,SCORE_DETAIL_PHASE: Events=1 Accum=0 SOS=0 PhB=1 SOT=0 STup=1
2014-11-13T09:30:00.000-05:00,SCORE_DETAIL_VP: Ctx=1 VPOCmig=1 VAprog=1 PShape=0 FinAuc=1 HVNsup=1 | bShape=0 Unfin=0 HVNoh=0 valid=true
2014-11-13T09:30:00.000-05:00,SCORE_DETAIL_SPRING: Spring=11(0.79) Ctrl=0
2014-11-13T09:30:00.000-05:00,SCORE_DETAIL_CTX: HTF=1 RS=0 OEL=0(0) VWAP=1(pt=5 proxW=0.077 proxM=0.511) RSI=1
2014-11-13T09:30:00.000-05:00,SCORE_PENALTY: Ghost=0 Climax=0 Stall=0 Failed=0 totalPen=0 | regime=1 vpBins=119 vpRatio=0.611
2014-11-14T09:30:00.000-05:00,SCORE_FAM: total=99.5 display=100 gate=100 cap=100 scaled=99.5 | Struct=24(0.8) Vol=18.25(0.73) Phase=10.6(0.53) VP=9(0.75) Spring=4.054(0.811) Ctx=7.8(0.6)
2014-11-14T09:30:00.000-05:00,SCORE_DETAIL_STRUCT: HL=25(1) Spread=15(1) PB=0(0) Power=0 Mid=1 Slope=1 Flip=1
2014-11-14T09:30:00.000-05:00,SCORE_DETAIL_VOL: Dry=25(1) Supply=0(0) Effort=0(0/0) Decl=0 Con=0
2014-11-14T09:30:00.000-05:00,SCORE_DETAIL_PHASE: Events=1 Accum=0 SOS=0 PhB=1 SOT=0 STup=1
2014-11-14T09:30:00.000-05:00,SCORE_DETAIL_VP: Ctx=1 VPOCmig=1 VAprog=1 PShape=0 FinAuc=1 HVNsup=1 | bShape=0 Unfin=0 HVNoh=0 valid=true
2014-11-14T09:30:00.000-05:00,SCORE_DETAIL_SPRING: Spring=11(0.79) Ctrl=1
2014-11-14T09:30:00.000-05:00,SCORE_DETAIL_CTX: HTF=1 RS=0 OEL=0(0) VWAP=1(pt=5 proxW=0.028 proxM=0.441) RSI=1
2014-11-14T09:30:00.000-05:00,SCORE_PENALTY: Ghost=0 Climax=0 Stall=0 Failed=0 totalPen=0 | regime=1 vpBins=119 vpRatio=0.614
2014-11-17T09:30:00.000-05:00,SCORE_FAM: total=99.5 display=100 gate=100 cap=100 scaled=99.5 | Struct=24(0.8) Vol=18.25(0.73) Phase=10.6(0.53) VP=9(0.75) Spring=4.054(0.811) Ctx=7.8(0.6)
2014-11-17T09:30:00.000-05:00,SCORE_DETAIL_STRUCT: HL=25(1) Spread=15(1) PB=0(0) Power=0 Mid=1 Slope=1 Flip=1
2014-11-17T09:30:00.000-05:00,SCORE_DETAIL_VOL: Dry=25(1) Supply=0(0) Effort=0(0/0) Decl=0 Con=0
2014-11-17T09:30:00.000-05:00,SCORE_DETAIL_PHASE: Events=1 Accum=0 SOS=0 PhB=1 SOT=0 STup=1
2014-11-17T09:30:00.000-05:00,SCORE_DETAIL_VP: Ctx=1 VPOCmig=1 VAprog=1 PShape=0 FinAuc=1 HVNsup=1 | bShape=0 Unfin=0 HVNoh=0 valid=true
2014-11-17T09:30:00.000-05:00,SCORE_DETAIL_SPRING: Spring=11(0.79) Ctrl=1
2014-11-17T09:30:00.000-05:00,SCORE_DETAIL_CTX: HTF=1 RS=0 OEL=0(0) VWAP=1(pt=5 proxW=0.387 proxM=0.374) RSI=1
2014-11-17T09:30:00.000-05:00,SCORE_PENALTY: Ghost=0 Climax=0 Stall=0 Failed=0 totalPen=0 | regime=1 vpBins=119 vpRatio=0.618
2014-11-18T09:30:00.000-05:00,SCORE_FAM: total=117.982 display=100 gate=100 cap=100 scaled=117.982 | Struct=30(1) Vol=18.25(0.73) Phase=14.8(0.74) VP=10.8(0.9) Spring=4.054(0.811) Ctx=9.49(0.73)
2014-11-18T09:30:00.000-05:00,SCORE_DETAIL_STRUCT: HL=25(1) Spread=15(1) PB=0(0) Power=1 Mid=1 Slope=1 Flip=1
2014-11-18T09:30:00.000-05:00,SCORE_DETAIL_VOL: Dry=25(1) Supply=0(0) Effort=0(0/0) Decl=0 Con=0
2014-11-18T09:30:00.000-05:00,SCORE_DETAIL_PHASE: Events=1 Accum=1 SOS=0 PhB=1 SOT=0 STup=1
2014-11-18T09:30:00.000-05:00,SCORE_DETAIL_VP: Ctx=1 VPOCmig=1 VAprog=1 PShape=1 FinAuc=0 HVNsup=0 | bShape=0 Unfin=0 HVNoh=0 valid=true
2014-11-18T09:30:00.000-05:00,SCORE_DETAIL_SPRING: Spring=11(0.79) Ctrl=1
2014-11-18T09:30:00.000-05:00,SCORE_DETAIL_CTX: HTF=1 RS=0 OEL=0.5(5) VWAP=1(pt=5 proxW=0.709 proxM=0.251) RSI=1
2014-11-18T09:30:00.000-05:00,SCORE_PENALTY: Ghost=0 Climax=0 Stall=0 Failed=0 totalPen=0 | regime=1 vpBins=34 vpRatio=1.243
2014-11-19T09:30:00.000-05:00,SCORE_FAM: total=117.982 display=100 gate=100 cap=100 scaled=117.982 | Struct=30(1) Vol=18.25(0.73) Phase=14.8(0.74) VP=10.8(0.9) Spring=4.054(0.811) Ctx=9.49(0.73)
2014-11-19T09:30:00.000-05:00,SCORE_DETAIL_STRUCT: HL=25(1) Spread=15(1) PB=0(0) Power=1 Mid=1 Slope=1 Flip=1
2014-11-19T09:30:00.000-05:00,SCORE_DETAIL_VOL: Dry=25(1) Supply=0(0) Effort=0(0/0) Decl=0 Con=0
2014-11-19T09:30:00.000-05:00,SCORE_DETAIL_PHASE: Events=1 Accum=1 SOS=0 PhB=1 SOT=0 STup=1
2014-11-19T09:30:00.000-05:00,SCORE_DETAIL_VP: Ctx=1 VPOCmig=1 VAprog=1 PShape=1 FinAuc=0 HVNsup=0 | bShape=0 Unfin=0 HVNoh=0 valid=true
2014-11-19T09:30:00.000-05:00,SCORE_DETAIL_SPRING: Spring=11(0.79) Ctrl=1
2014-11-19T09:30:00.000-05:00,SCORE_DETAIL_CTX: HTF=1 RS=0 OEL=0.5(5) VWAP=1(pt=5 proxW=0.709 proxM=0.18) RSI=1
2014-11-19T09:30:00.000-05:00,SCORE_PENALTY: Ghost=0 Climax=0 Stall=0 Failed=0 totalPen=0 | regime=1 vpBins=34 vpRatio=1.33
2014-11-20T09:30:00.000-05:00,SCORE_FAM: total=117.982 display=100 gate=100 cap=100 scaled=117.982 | Struct=30(1) Vol=18.25(0.73) Phase=14.8(0.74) VP=10.8(0.9) Spring=4.054(0.811) Ctx=9.49(0.73)
2014-11-20T09:30:00.000-05:00,SCORE_DETAIL_STRUCT: HL=25(1) Spread=15(1) PB=0(0) Power=1 Mid=1 Slope=1 Flip=1
2014-11-20T09:30:00.000-05:00,SCORE_DETAIL_VOL: Dry=25(1) Supply=0(0) Effort=0(0/0) Decl=0 Con=0
2014-11-20T09:30:00.000-05:00,SCORE_DETAIL_PHASE: Events=1 Accum=1 SOS=0 PhB=1 SOT=0 STup=1
2014-11-20T09:30:00.000-05:00,SCORE_DETAIL_VP: Ctx=1 VPOCmig=1 VAprog=1 PShape=1 FinAuc=0 HVNsup=0 | bShape=0 Unfin=0 HVNoh=0 valid=true
2014-11-20T09:30:00.000-05:00,SCORE_DETAIL_SPRING: Spring=11(0.79) Ctrl=1
2014-11-20T09:30:00.000-05:00,SCORE_DETAIL_CTX: HTF=1 RS=0 OEL=0.5(5) VWAP=1(pt=5 proxW=0.751 proxM=0.106) RSI=1
2014-11-20T09:30:00.000-05:00,SCORE_PENALTY: Ghost=0 Climax=0 Stall=0 Failed=0 totalPen=0 | regime=1 vpBins=34 vpRatio=1.415
2014-11-21T09:30:00.000-05:00,SCORE_FAM: total=117.982 display=100 gate=100 cap=100 scaled=117.982 | Struct=30(1) Vol=18.25(0.73) Phase=14.8(0.74) VP=10.8(0.9) Spring=4.054(0.811) Ctx=9.49(0.73)
2014-11-21T09:30:00.000-05:00,SCORE_DETAIL_STRUCT: HL=25(1) Spread=15(1) PB=0(0) Power=1 Mid=1 Slope=1 Flip=1
2014-11-21T09:30:00.000-05:00,SCORE_DETAIL_VOL: Dry=25(1) Supply=0(0) Effort=0(0/0) Decl=0 Con=0
2014-11-21T09:30:00.000-05:00,SCORE_DETAIL_PHASE: Events=1 Accum=1 SOS=0 PhB=1 SOT=0 STup=1
2014-11-21T09:30:00.000-05:00,SCORE_DETAIL_VP: Ctx=1 VPOCmig=1 VAprog=1 PShape=1 FinAuc=0 HVNsup=0 | bShape=0 Unfin=0 HVNoh=0 valid=true
2014-11-21T09:30:00.000-05:00,SCORE_DETAIL_SPRING: Spring=11(0.79) Ctrl=1
2014-11-21T09:30:00.000-05:00,SCORE_DETAIL_CTX: HTF=1 RS=0 OEL=0.5(5) VWAP=1(pt=5 proxW=0.941 proxM=0.044) RSI=1
2014-11-21T09:30:00.000-05:00,SCORE_PENALTY: Ghost=0 Climax=0 Stall=0 Failed=0 totalPen=0 | regime=1 vpBins=34 vpRatio=1.968
2014-11-24T09:30:00.000-05:00,SCORE_FAM: total=105.832 display=100 gate=100 cap=100 scaled=105.832 | Struct=24(0.8) Vol=18.25(0.73) Phase=14.8(0.74) VP=7.8(0.65) Spring=4.054(0.811) Ctx=9.49(0.73)
2014-11-24T09:30:00.000-05:00,SCORE_DETAIL_STRUCT: HL=25(1) Spread=15(1) PB=0(0) Power=0 Mid=1 Slope=1 Flip=1
2014-11-24T09:30:00.000-05:00,SCORE_DETAIL_VOL: Dry=25(1) Supply=0(0) Effort=0(0/0) Decl=0 Con=0
2014-11-24T09:30:00.000-05:00,SCORE_DETAIL_PHASE: Events=1 Accum=1 SOS=0 PhB=1 SOT=0 STup=1
2014-11-24T09:30:00.000-05:00,SCORE_DETAIL_VP: Ctx=1 VPOCmig=1 VAprog=1 PShape=0 FinAuc=1 HVNsup=0 | bShape=0 Unfin=0 HVNoh=0 valid=true
2014-11-24T09:30:00.000-05:00,SCORE_DETAIL_SPRING: Spring=11(0.79) Ctrl=1
2014-11-24T09:30:00.000-05:00,SCORE_DETAIL_CTX: HTF=1 RS=0 OEL=0.5(5) VWAP=1(pt=5 proxW=1.94 proxM=0.134) RSI=1
2014-11-24T09:30:00.000-05:00,SCORE_PENALTY: Ghost=0 Climax=0 Stall=0 Failed=0 totalPen=0 | regime=1 vpBins=34 vpRatio=0.744
2014-11-25T09:30:00.000-05:00,SCORE_FAM: total=102.997 display=100 gate=100 cap=100 scaled=102.997 | Struct=21.9(0.73) Vol=18.25(0.73) Phase=14.8(0.74) VP=7.8(0.65) Spring=4.054(0.811) Ctx=9.49(0.73)
2014-11-25T09:30:00.000-05:00,SCORE_DETAIL_STRUCT: HL=25(1) Spread=15(1) PB=0(0) Power=0 Mid=1 Slope=1 Flip=0
2014-11-25T09:30:00.000-05:00,SCORE_DETAIL_VOL: Dry=25(1) Supply=0(0) Effort=0(0/0) Decl=0 Con=0
2014-11-25T09:30:00.000-05:00,SCORE_DETAIL_PHASE: Events=1 Accum=1 SOS=0 PhB=1 SOT=0 STup=1
2014-11-25T09:30:00.000-05:00,SCORE_DETAIL_VP: Ctx=1 VPOCmig=1 VAprog=1 PShape=0 FinAuc=0 HVNsup=0 | bShape=0 Unfin=0 HVNoh=0 valid=true
2014-11-25T09:30:00.000-05:00,SCORE_DETAIL_SPRING: Spring=11(0.79) Ctrl=1
2014-11-25T09:30:00.000-05:00,SCORE_DETAIL_CTX: HTF=1 RS=0 OEL=0.5(5) VWAP=1(pt=5 proxW=2.179 proxM=0.236) RSI=1
2014-11-25T09:30:00.000-05:00,SCORE_PENALTY: Ghost=0 Climax=0 Stall=0 Failed=0 totalPen=0 | regime=1 vpBins=34 vpRatio=0.799
2014-11-26T09:30:00.000-05:00,SCORE_FAM: total=102.997 display=100 gate=100 cap=100 scaled=102.997 | Struct=21.9(0.73) Vol=18.25(0.73) Phase=14.8(0.74) VP=7.8(0.65) Spring=4.054(0.811) Ctx=9.49(0.73)
2014-11-26T09:30:00.000-05:00,SCORE_DETAIL_STRUCT: HL=25(1) Spread=15(1) PB=0(0) Power=0 Mid=1 Slope=1 Flip=0
2014-11-26T09:30:00.000-05:00,SCORE_DETAIL_VOL: Dry=25(1) Supply=0(0) Effort=0(0/0) Decl=0 Con=0
2014-11-26T09:30:00.000-05:00,SCORE_DETAIL_PHASE: Events=1 Accum=1 SOS=0 PhB=1 SOT=0 STup=1
2014-11-26T09:30:00.000-05:00,SCORE_DETAIL_VP: Ctx=1 VPOCmig=1 VAprog=1 PShape=0 FinAuc=0 HVNsup=0 | bShape=0 Unfin=0 HVNoh=0 valid=true
2014-11-26T09:30:00.000-05:00,SCORE_DETAIL_SPRING: Spring=11(0.79) Ctrl=1
2014-11-26T09:30:00.000-05:00,SCORE_DETAIL_CTX: HTF=1 RS=0 OEL=0.5(5) VWAP=1(pt=5 proxW=2.444 proxM=0.36) RSI=1
2014-11-26T09:30:00.000-05:00,SCORE_PENALTY: Ghost=0 Climax=0 Stall=0 Failed=0 totalPen=0 | regime=1 vpBins=34 vpRatio=0.842
2014-11-28T09:30:00.000-05:00,SCORE_FAM: total=101.404 display=100 gate=100 cap=100 scaled=101.404 | Struct=18.9(0.63) Vol=18.25(0.73) Phase=14.8(0.74) VP=7.8(0.65) Spring=4.054(0.811) Ctx=11.31(0.87)
2014-11-28T09:30:00.000-05:00,SCORE_DETAIL_STRUCT: HL=25(1) Spread=15(1) PB=0(0) Power=0 Mid=0 Slope=1 Flip=0
2014-11-28T09:30:00.000-05:00,SCORE_DETAIL_VOL: Dry=25(1) Supply=0(0) Effort=0(0/0) Decl=0 Con=0
2014-11-28T09:30:00.000-05:00,SCORE_DETAIL_PHASE: Events=1 Accum=1 SOS=0 PhB=1 SOT=0 STup=1
2014-11-28T09:30:00.000-05:00,SCORE_DETAIL_VP: Ctx=1 VPOCmig=1 VAprog=1 PShape=0 FinAuc=1 HVNsup=0 | bShape=0 Unfin=0 HVNoh=0 valid=true
2014-11-28T09:30:00.000-05:00,SCORE_DETAIL_SPRING: Spring=11(0.79) Ctrl=1
2014-11-28T09:30:00.000-05:00,SCORE_DETAIL_CTX: HTF=1 RS=1 OEL=0.5(5) VWAP=1(pt=5 proxW=2.764 proxM=0.496) RSI=1
2014-11-28T09:30:00.000-05:00,SCORE_PENALTY: Ghost=0 Climax=0 Stall=0 Failed=0 totalPen=0 | regime=1 vpBins=34 vpRatio=0.276
2014-12-01T09:30:00.000-05:00,SCORE_FAM: total=92.237 display=92 gate=96 cap=100 scaled=92.237 | Struct=18.9(0.63) Vol=18.25(0.73) Phase=14.8(0.74) VP=6.6(0.55) Spring=4.054(0.811) Ctx=5.72(0.44)
2014-12-01T09:30:00.000-05:00,SCORE_DETAIL_STRUCT: HL=25(1) Spread=15(1) PB=0(0) Power=0 Mid=0 Slope=1 Flip=0
2014-12-01T09:30:00.000-05:00,SCORE_DETAIL_VOL: Dry=25(1) Supply=0(0) Effort=0(0/0) Decl=0 Con=0
2014-12-01T09:30:00.000-05:00,SCORE_DETAIL_PHASE: Events=1 Accum=1 SOS=0 PhB=1 SOT=0 STup=1
2014-12-01T09:30:00.000-05:00,SCORE_DETAIL_VP: Ctx=1 VPOCmig=1 VAprog=1 PShape=0 FinAuc=1 HVNsup=0 | bShape=0 Unfin=0 HVNoh=-1 valid=true
2014-12-01T09:30:00.000-05:00,SCORE_DETAIL_SPRING: Spring=11(0.79) Ctrl=1
2014-12-01T09:30:00.000-05:00,SCORE_DETAIL_CTX: HTF=1 RS=0 OEL=0.5(5) VWAP=0(pt=0 proxW=2.543 proxM=2.543) RSI=1
2014-12-01T09:30:00.000-05:00,SCORE_PENALTY: Ghost=0 Climax=0 Stall=0 Failed=0 totalPen=0 | regime=1 vpBins=34 vpRatio=0.37
2014-12-02T09:30:00.000-05:00,SCORE_FAM: total=95.893 display=96 gate=99 cap=100 scaled=95.893 | Struct=18.9(0.63) Vol=18.25(0.73) Phase=14.8(0.74) VP=7.8(0.65) Spring=4.054(0.811) Ctx=7.228(0.556)
2014-12-02T09:30:00.000-05:00,SCORE_DETAIL_STRUCT: HL=25(1) Spread=15(1) PB=0(0) Power=0 Mid=0 Slope=1 Flip=0
2014-12-02T09:30:00.000-05:00,SCORE_DETAIL_VOL: Dry=25(1) Supply=0(0) Effort=0(0/0) Decl=0 Con=0
2014-12-02T09:30:00.000-05:00,SCORE_DETAIL_PHASE: Events=1 Accum=1 SOS=0 PhB=1 SOT=0 STup=1
2014-12-02T09:30:00.000-05:00,SCORE_DETAIL_VP: Ctx=1 VPOCmig=1 VAprog=1 PShape=0 FinAuc=1 HVNsup=0 | bShape=0 Unfin=0 HVNoh=0 valid=true
2014-12-02T09:30:00.000-05:00,SCORE_DETAIL_SPRING: Spring=11(0.79) Ctrl=1
2014-12-02T09:30:00.000-05:00,SCORE_DETAIL_CTX: HTF=1 RS=0 OEL=0.5(5) VWAP=0.4(pt=2 proxW=2.627 proxM=2.627) RSI=1
2014-12-02T09:30:00.000-05:00,SCORE_PENALTY: Ghost=0 Climax=0 Stall=0 Failed=0 totalPen=0 | regime=1 vpBins=34 vpRatio=0.438
2014-12-02T09:30:00.000-05:00,LPS ENTRY: price=105.23 score=96 gate=99 mode=Close Above SOS Midpoint spring=true(conf=0.79) closeStr=0.739 volOk=true bars=13 pullback=6.595% prelimRisk=2.67%
2014-12-02T09:30:00.000-05:00,LPS DIST: warnLevel=0 liveCnt=0 bcAge=416 utadAge=196 sowAge=167 lpsyAge=157
2014-12-02T09:30:00.000-05:00,LPS STOP: mode=LPS Low price=102.113 stack=0 vwapW=105.078 vwapM=105.078 VAL=100.67
2014-12-02T09:30:00.000-05:00,COMP VP: VPOC=86.804 VAH=NaN hvnAbove=NaN lvnAbove=105.248
2015-01-02T09:30:00.000-05:00,SCORE_FAM: total=78.717 display=79 gate=82 cap=100 scaled=78.717 | Struct=15.975(0.532) Vol=10.95(0.438) Phase=14.8(0.74) VP=9(0.75) Spring=3.554(0.711) Ctx=4.03(0.31)
2015-01-02T09:30:00.000-05:00,SCORE_DETAIL_STRUCT: HL=25(1) Spread=2(0.13) PB=0(0) Power=1 Mid=0 Slope=0 Flip=0
2015-01-02T09:30:00.000-05:00,SCORE_DETAIL_VOL: Dry=15(0.6) Supply=0(0) Effort=0(0/0) Decl=0 Con=1
2015-01-02T09:30:00.000-05:00,SCORE_DETAIL_PHASE: Events=1 Accum=1 SOS=0 PhB=1 SOT=0 STup=1
2015-01-02T09:30:00.000-05:00,SCORE_DETAIL_VP: Ctx=0.5 VPOCmig=1 VAprog=1 PShape=1 FinAuc=1 HVNsup=1 | bShape=0 Unfin=0 HVNoh=-1 valid=true
2015-01-02T09:30:00.000-05:00,SCORE_DETAIL_SPRING: Spring=11(0.79) Ctrl=0
2015-01-02T09:30:00.000-05:00,SCORE_DETAIL_CTX: HTF=1 RS=0 OEL=0(0) VWAP=0(pt=0 proxW=1.203 proxM=0.599) RSI=1
2015-01-02T09:30:00.000-05:00,SCORE_PENALTY: Ghost=0 Climax=0 Stall=0 Failed=0 totalPen=0 | regime=1 vpBins=41 vpRatio=2.08
2015-01-05T09:30:00.000-05:00,SCORE_FAM: total=86.657 display=87 gate=93 cap=100 scaled=86.657 | Struct=20.025(0.667) Vol=18.25(0.73) Phase=14.8(0.74) VP=6(0.5) Spring=3.554(0.711) Ctx=4.03(0.31)
2015-01-05T09:30:00.000-05:00,SCORE_DETAIL_STRUCT: HL=25(1) Spread=10(0.67) PB=15(1) Power=0 Mid=0 Slope=0 Flip=0
2015-01-05T09:30:00.000-05:00,SCORE_DETAIL_VOL: Dry=25(1) Supply=0(0) Effort=0(0/0) Decl=0 Con=0
2015-01-05T09:30:00.000-05:00,SCORE_DETAIL_PHASE: Events=1 Accum=1 SOS=0 PhB=1 SOT=0 STup=1
2015-01-05T09:30:00.000-05:00,SCORE_DETAIL_VP: Ctx=0 VPOCmig=1 VAprog=1 PShape=1 FinAuc=1 HVNsup=0 | bShape=0 Unfin=0 HVNoh=-1 valid=true
2015-01-05T09:30:00.000-05:00,SCORE_DETAIL_SPRING: Spring=11(0.79) Ctrl=0
2015-01-05T09:30:00.000-05:00,SCORE_DETAIL_CTX: HTF=1 RS=0 OEL=0(0) VWAP=0(pt=0 proxW=0.453 proxM=0.975) RSI=1
2015-01-05T09:30:00.000-05:00,SCORE_PENALTY: Ghost=0 Climax=0 Stall=0 Failed=0 totalPen=0 | regime=1.3 vpBins=41 vpRatio=1.905
2015-01-06T09:30:00.000-05:00,SPRING: conf=0.486 [close=0.063 reclaim=0.018 vol=0.166 age=0.139 tests=0.1] pivot=99.92 pivotAge=12b
2015-01-06T09:30:00.000-05:00,SCORE_FAM: total=69.148 display=69 gate=74 cap=100 scaled=69.148 | Struct=22.425(0.747) Vol=3.75(-0.012) Phase=14.8(0.74) VP=6(0.5) Spring=2.186(0.437) Ctx=4.03(0.31)
2015-01-06T09:30:00.000-05:00,SCORE_DETAIL_STRUCT: HL=25(1) Spread=10(0.67) PB=15(1) Power=0 Mid=0 Slope=1 Flip=0
2015-01-06T09:30:00.000-05:00,SCORE_DETAIL_VOL: Dry=15(0.6) Supply=-5(-0.33) Effort=-10(0/-1) Decl=0 Con=0
2015-01-06T09:30:00.000-05:00,SCORE_DETAIL_PHASE: Events=1 Accum=1 SOS=0 PhB=1 SOT=0 STup=1
2015-01-06T09:30:00.000-05:00,SCORE_DETAIL_VP: Ctx=0 VPOCmig=1 VAprog=1 PShape=1 FinAuc=1 HVNsup=0 | bShape=0 Unfin=0 HVNoh=-1 valid=true
2015-01-06T09:30:00.000-05:00,SCORE_DETAIL_SPRING: Spring=6(0.486) Ctrl=0
2015-01-06T09:30:00.000-05:00,SCORE_DETAIL_CTX: HTF=1 RS=0 OEL=0(0) VWAP=0(pt=0 proxW=0.961 proxM=1.352) RSI=1
2015-01-06T09:30:00.000-05:00,SCORE_PENALTY: Ghost=0 Climax=0 Stall=0 Failed=0 totalPen=0 | regime=1.3 vpBins=53 vpRatio=1.717
2015-01-07T09:30:00.000-05:00,SCORE_FAM: total=82.18 display=82 gate=89 cap=100 scaled=82.18 | Struct=22.425(0.747) Vol=9.713(0.389) Phase=14.8(0.74) VP=7.8(0.65) Spring=2.186(0.437) Ctx=6.292(0.484)
2015-01-07T09:30:00.000-05:00,SCORE_DETAIL_STRUCT: HL=25(1) Spread=10(0.67) PB=15(1) Power=0 Mid=0 Slope=1 Flip=0
2015-01-07T09:30:00.000-05:00,SCORE_DETAIL_VOL: Dry=15(0.6) Supply=-5(-0.33) Effort=0(0/0) Decl=0 Con=0
2015-01-07T09:30:00.000-05:00,SCORE_DETAIL_PHASE: Events=1 Accum=1 SOS=0 PhB=1 SOT=0 STup=1
2015-01-07T09:30:00.000-05:00,SCORE_DETAIL_VP: Ctx=0.5 VPOCmig=1 VAprog=1 PShape=1 FinAuc=1 HVNsup=0 | bShape=0 Unfin=0 HVNoh=-1 valid=true
2015-01-07T09:30:00.000-05:00,SCORE_DETAIL_SPRING: Spring=6(0.486) Ctrl=0
2015-01-07T09:30:00.000-05:00,SCORE_DETAIL_CTX: HTF=1 RS=0 OEL=0(0) VWAP=0.6(pt=3 proxW=0.997 proxM=1.291) RSI=1
2015-01-07T09:30:00.000-05:00,SCORE_PENALTY: Ghost=0 Climax=0 Stall=0 Failed=0 totalPen=0 | regime=1.3 vpBins=53 vpRatio=1.615
2015-01-07T09:30:00.000-05:00,LPS ENTRY: price=101.36 score=82 gate=89 mode=Close Above SOS Midpoint spring=true(conf=0.486) closeStr=0.785 volOk=true bars=4 pullback=28.067% prelimRisk=1.717%
2015-01-07T09:30:00.000-05:00,LPS DIST: warnLevel=0 liveCnt=0 bcAge=440 utadAge=220 sowAge=191 lpsyAge=181
2015-01-07T09:30:00.000-05:00,LPS STOP: mode=LPS Low price=99.321 stack=0 vwapW=100.984 vwapM=101.387 VAL=100.562
2015-01-07T09:30:00.000-05:00,COMP VP: VPOC=87.027 VAH=NaN hvnAbove=NaN lvnAbove=101.776
2015-01-15T09:30:00.000-05:00,SPRING: conf=0.396 [close=0.018 reclaim=0.004 vol=0.131 age=0.143 tests=0.1] pivot=99.62 pivotAge=7b
2015-01-28T09:30:00.000-05:00,SCORE_FAM: total=66.832 display=67 gate=72 cap=100 scaled=66.832 | Struct=17.475(0.583) Vol=3.75(-0.012) Phase=14.8(0.74) VP=7.8(0.65) Spring=3.554(0.711) Ctx=4.03(0.31)
2015-01-28T09:30:00.000-05:00,SCORE_DETAIL_STRUCT: HL=25(1) Spread=5(0.33) PB=15(1) Power=0 Mid=0 Slope=0 Flip=0
2015-01-28T09:30:00.000-05:00,SCORE_DETAIL_VOL: Dry=15(0.6) Supply=-5(-0.33) Effort=-10(0/-1) Decl=0 Con=0
2015-01-28T09:30:00.000-05:00,SCORE_DETAIL_PHASE: Events=1 Accum=1 SOS=0 PhB=1 SOT=0 STup=1
2015-01-28T09:30:00.000-05:00,SCORE_DETAIL_VP: Ctx=0.5 VPOCmig=1 VAprog=1 PShape=1 FinAuc=1 HVNsup=0 | bShape=0 Unfin=0 HVNoh=-1 valid=true
2015-01-28T09:30:00.000-05:00,SCORE_DETAIL_SPRING: Spring=11(0.79) Ctrl=0
2015-01-28T09:30:00.000-05:00,SCORE_DETAIL_CTX: HTF=1 RS=0 OEL=0(0) VWAP=0(pt=0 proxW=0.718 proxM=0.544) RSI=1
2015-01-28T09:30:00.000-05:00,SCORE_PENALTY: Ghost=0 Climax=0 Stall=0 Failed=0 totalPen=0 | regime=1.3 vpBins=53 vpRatio=1.504
2015-01-29T09:30:00.000-05:00,SCORE_FAM: total=85.139 display=85 gate=92 cap=100 scaled=85.139 | Struct=20.025(0.667) Vol=9.713(0.389) Phase=14.8(0.74) VP=9.6(0.8) Spring=3.554(0.711) Ctx=7.8(0.6)
2015-01-29T09:30:00.000-05:00,SCORE_DETAIL_STRUCT: HL=25(1) Spread=10(0.67) PB=15(1) Power=0 Mid=0 Slope=0 Flip=0
2015-01-29T09:30:00.000-05:00,SCORE_DETAIL_VOL: Dry=15(0.6) Supply=-5(-0.33) Effort=0(0/0) Decl=0 Con=0
2015-01-29T09:30:00.000-05:00,SCORE_DETAIL_PHASE: Events=1 Accum=1 SOS=0 PhB=1 SOT=0 STup=1
2015-01-29T09:30:00.000-05:00,SCORE_DETAIL_VP: Ctx=1 VPOCmig=1 VAprog=1 PShape=1 FinAuc=1 HVNsup=0 | bShape=0 Unfin=0 HVNoh=-1 valid=true
2015-01-29T09:30:00.000-05:00,SCORE_DETAIL_SPRING: Spring=11(0.79) Ctrl=0
2015-01-29T09:30:00.000-05:00,SCORE_DETAIL_CTX: HTF=1 RS=0 OEL=0(0) VWAP=1(pt=5 proxW=1.112 proxM=1.064) RSI=1
2015-01-29T09:30:00.000-05:00,SCORE_PENALTY: Ghost=0 Climax=0 Stall=0 Failed=0 totalPen=0 | regime=1.3 vpBins=53 vpRatio=1.429
2015-01-29T09:30:00.000-05:00,LPS ENTRY: price=101.89 score=85 gate=92 mode=Close Above SOS Midpoint spring=true(conf=0.79) closeStr=0.911 volOk=true bars=2 pullback=19.939% prelimRisk=1.894%
2015-01-29T09:30:00.000-05:00,LPS DIST: warnLevel=0 liveCnt=0 bcAge=455 utadAge=235 sowAge=206 lpsyAge=196
2015-01-29T09:30:00.000-05:00,LPS STOP: mode=LPS Low price=99.66 stack=0 vwapW=101.873 vwapM=101.79 VAL=97.64
2015-01-29T09:30:00.000-05:00,COMP VP: VPOC=87.027 VAH=NaN hvnAbove=NaN lvnAbove=105.351
2015-02-19T09:30:00.000-05:00,SCORE_FAM: total=99.487 display=99 gate=100 cap=100 scaled=99.487 | Struct=18.6(0.62) Vol=18.25(0.73) Phase=14.8(0.74) VP=9(0.75) Spring=3.554(0.711) Ctx=9.49(0.73)
2015-02-19T09:30:00.000-05:00,SCORE_DETAIL_STRUCT: HL=25(1) Spread=15(1) PB=0(0) Power=0 Mid=0 Slope=0 Flip=1
2015-02-19T09:30:00.000-05:00,SCORE_DETAIL_VOL: Dry=25(1) Supply=0(0) Effort=0(0/0) Decl=0 Con=0
2015-02-19T09:30:00.000-05:00,SCORE_DETAIL_PHASE: Events=1 Accum=1 SOS=0 PhB=1 SOT=0 STup=1
2015-02-19T09:30:00.000-05:00,SCORE_DETAIL_VP: Ctx=1 VPOCmig=1 VAprog=1 PShape=0 FinAuc=1 HVNsup=1 | bShape=0 Unfin=0 HVNoh=0 valid=true
2015-02-19T09:30:00.000-05:00,SCORE_DETAIL_SPRING: Spring=11(0.79) Ctrl=0
2015-02-19T09:30:00.000-05:00,SCORE_DETAIL_CTX: HTF=1 RS=0 OEL=0.5(5) VWAP=1(pt=5 proxW=0.087 proxM=2.315) RSI=1
2015-02-19T09:30:00.000-05:00,SCORE_PENALTY: Ghost=0 Climax=0 Stall=0 Failed=0 totalPen=0 | regime=1 vpBins=67 vpRatio=1.019
2015-02-20T09:30:00.000-05:00,SCORE_FAM: total=99.487 display=99 gate=100 cap=100 scaled=99.487 | Struct=18.6(0.62) Vol=18.25(0.73) Phase=14.8(0.74) VP=9(0.75) Spring=3.554(0.711) Ctx=9.49(0.73)
2015-02-20T09:30:00.000-05:00,SCORE_DETAIL_STRUCT: HL=25(1) Spread=15(1) PB=0(0) Power=0 Mid=0 Slope=0 Flip=1
2015-02-20T09:30:00.000-05:00,SCORE_DETAIL_VOL: Dry=25(1) Supply=0(0) Effort=0(0/0) Decl=0 Con=0
2015-02-20T09:30:00.000-05:00,SCORE_DETAIL_PHASE: Events=1 Accum=1 SOS=0 PhB=1 SOT=0 STup=1
2015-02-20T09:30:00.000-05:00,SCORE_DETAIL_VP: Ctx=1 VPOCmig=1 VAprog=1 PShape=0 FinAuc=1 HVNsup=1 | bShape=0 Unfin=0 HVNoh=0 valid=true
2015-02-20T09:30:00.000-05:00,SCORE_DETAIL_SPRING: Spring=11(0.79) Ctrl=0
2015-02-20T09:30:00.000-05:00,SCORE_DETAIL_CTX: HTF=1 RS=0 OEL=0.5(5) VWAP=1(pt=5 proxW=0.332 proxM=2.084) RSI=1
2015-02-20T09:30:00.000-05:00,SCORE_PENALTY: Ghost=0 Climax=0 Stall=0 Failed=0 totalPen=0 | regime=1 vpBins=67 vpRatio=0.708
2015-02-23T09:30:00.000-05:00,SCORE_FAM: total=99.487 display=99 gate=100 cap=100 scaled=99.487 | Struct=18.6(0.62) Vol=18.25(0.73) Phase=14.8(0.74) VP=9(0.75) Spring=3.554(0.711) Ctx=9.49(0.73)
2015-02-23T09:30:00.000-05:00,SCORE_DETAIL_STRUCT: HL=25(1) Spread=15(1) PB=0(0) Power=0 Mid=0 Slope=0 Flip=1
2015-02-23T09:30:00.000-05:00,SCORE_DETAIL_VOL: Dry=25(1) Supply=0(0) Effort=0(0/0) Decl=0 Con=0
2015-02-23T09:30:00.000-05:00,SCORE_DETAIL_PHASE: Events=1 Accum=1 SOS=0 PhB=1 SOT=0 STup=1
2015-02-23T09:30:00.000-05:00,SCORE_DETAIL_VP: Ctx=1 VPOCmig=1 VAprog=1 PShape=0 FinAuc=1 HVNsup=1 | bShape=0 Unfin=0 HVNoh=0 valid=true
2015-02-23T09:30:00.000-05:00,SCORE_DETAIL_SPRING: Spring=11(0.79) Ctrl=0
2015-02-23T09:30:00.000-05:00,SCORE_DETAIL_CTX: HTF=1 RS=0 OEL=0.5(5) VWAP=1(pt=5 proxW=1.105 proxM=2.033) RSI=1
2015-02-23T09:30:00.000-05:00,SCORE_PENALTY: Ghost=0 Climax=0 Stall=0 Failed=0 totalPen=0 | regime=1 vpBins=67 vpRatio=0.501
2015-02-24T09:30:00.000-05:00,SCORE_FAM: total=99.487 display=99 gate=100 cap=100 scaled=99.487 | Struct=18.6(0.62) Vol=18.25(0.73) Phase=14.8(0.74) VP=9(0.75) Spring=3.554(0.711) Ctx=9.49(0.73)
2015-02-24T09:30:00.000-05:00,SCORE_DETAIL_STRUCT: HL=25(1) Spread=15(1) PB=0(0) Power=0 Mid=0 Slope=0 Flip=1
2015-02-24T09:30:00.000-05:00,SCORE_DETAIL_VOL: Dry=25(1) Supply=0(0) Effort=0(0/0) Decl=0 Con=0
2015-02-24T09:30:00.000-05:00,SCORE_DETAIL_PHASE: Events=1 Accum=1 SOS=0 PhB=1 SOT=0 STup=1
2015-02-24T09:30:00.000-05:00,SCORE_DETAIL_VP: Ctx=1 VPOCmig=1 VAprog=1 PShape=0 FinAuc=1 HVNsup=1 | bShape=0 Unfin=0 HVNoh=0 valid=true
2015-02-24T09:30:00.000-05:00,SCORE_DETAIL_SPRING: Spring=11(0.79) Ctrl=0
2015-02-24T09:30:00.000-05:00,SCORE_DETAIL_CTX: HTF=1 RS=0 OEL=0.5(5) VWAP=1(pt=5 proxW=1.17 proxM=1.937) RSI=1
2015-02-24T09:30:00.000-05:00,SCORE_PENALTY: Ghost=0 Climax=0 Stall=0 Failed=0 totalPen=0 | regime=1 vpBins=67 vpRatio=0.522
2015-02-25T09:30:00.000-05:00,SCORE_FAM: total=94.397 display=94 gate=98 cap=100 scaled=94.397 | Struct=18.6(0.62) Vol=18.25(0.73) Phase=14.8(0.74) VP=9(0.75) Spring=3.554(0.711) Ctx=5.72(0.44)
2015-02-25T09:30:00.000-05:00,SCORE_DETAIL_STRUCT: HL=25(1) Spread=15(1) PB=0(0) Power=0 Mid=0 Slope=0 Flip=1
2015-02-25T09:30:00.000-05:00,SCORE_DETAIL_VOL: Dry=25(1) Supply=0(0) Effort=0(0/0) Decl=0 Con=0
2015-02-25T09:30:00.000-05:00,SCORE_DETAIL_PHASE: Events=1 Accum=1 SOS=0 PhB=1 SOT=0 STup=1
2015-02-25T09:30:00.000-05:00,SCORE_DETAIL_VP: Ctx=1 VPOCmig=1 VAprog=1 PShape=0 FinAuc=1 HVNsup=1 | bShape=0 Unfin=0 HVNoh=0 valid=true
2015-02-25T09:30:00.000-05:00,SCORE_DETAIL_SPRING: Spring=11(0.79) Ctrl=0
2015-02-25T09:30:00.000-05:00,SCORE_DETAIL_CTX: HTF=1 RS=0 OEL=0.5(5) VWAP=0(pt=0 proxW=1.199 proxM=1.838) RSI=1
2015-02-25T09:30:00.000-05:00,SCORE_PENALTY: Ghost=0 Climax=0 Stall=0 Failed=0 totalPen=0 | regime=1 vpBins=67 vpRatio=0.525
2015-02-26T09:30:00.000-05:00,SCORE_FAM: total=99.487 display=99 gate=100 cap=100 scaled=99.487 | Struct=18.6(0.62) Vol=18.25(0.73) Phase=14.8(0.74) VP=9(0.75) Spring=3.554(0.711) Ctx=9.49(0.73)
2015-02-26T09:30:00.000-05:00,SCORE_DETAIL_STRUCT: HL=25(1) Spread=15(1) PB=0(0) Power=0 Mid=0 Slope=0 Flip=1
2015-02-26T09:30:00.000-05:00,SCORE_DETAIL_VOL: Dry=25(1) Supply=0(0) Effort=0(0/0) Decl=0 Con=0
2015-02-26T09:30:00.000-05:00,SCORE_DETAIL_PHASE: Events=1 Accum=1 SOS=0 PhB=1 SOT=0 STup=1
2015-02-26T09:30:00.000-05:00,SCORE_DETAIL_VP: Ctx=1 VPOCmig=1 VAprog=1 PShape=0 FinAuc=1 HVNsup=1 | bShape=0 Unfin=0 HVNoh=0 valid=true
2015-02-26T09:30:00.000-05:00,SCORE_DETAIL_SPRING: Spring=11(0.79) Ctrl=0
2015-02-26T09:30:00.000-05:00,SCORE_DETAIL_CTX: HTF=1 RS=0 OEL=0.5(5) VWAP=1(pt=5 proxW=1.281 proxM=1.712) RSI=1
2015-02-26T09:30:00.000-05:00,SCORE_PENALTY: Ghost=0 Climax=0 Stall=0 Failed=0 totalPen=0 | regime=1 vpBins=67 vpRatio=0.438
2015-02-27T09:30:00.000-05:00,SCORE_FAM: total=97.637 display=98 gate=100 cap=100 scaled=97.637 | Struct=21(0.7) Vol=18.25(0.73) Phase=14.8(0.74) VP=9(0.75) Spring=3.554(0.711) Ctx=5.72(0.44)
2015-02-27T09:30:00.000-05:00,SCORE_DETAIL_STRUCT: HL=25(1) Spread=15(1) PB=0(0) Power=0 Mid=0 Slope=1 Flip=1
2015-02-27T09:30:00.000-05:00,SCORE_DETAIL_VOL: Dry=25(1) Supply=0(0) Effort=0(0/0) Decl=0 Con=0
2015-02-27T09:30:00.000-05:00,SCORE_DETAIL_PHASE: Events=1 Accum=1 SOS=0 PhB=1 SOT=0 STup=1
2015-02-27T09:30:00.000-05:00,SCORE_DETAIL_VP: Ctx=1 VPOCmig=1 VAprog=1 PShape=0 FinAuc=1 HVNsup=1 | bShape=0 Unfin=0 HVNoh=0 valid=true
2015-02-27T09:30:00.000-05:00,SCORE_DETAIL_SPRING: Spring=11(0.79) Ctrl=0
2015-02-27T09:30:00.000-05:00,SCORE_DETAIL_CTX: HTF=1 RS=0 OEL=0.5(5) VWAP=0(pt=0 proxW=1.323 proxM=1.58) RSI=1
2015-02-27T09:30:00.000-05:00,SCORE_PENALTY: Ghost=0 Climax=0 Stall=0 Failed=0 totalPen=0 | regime=1 vpBins=67 vpRatio=0.453
2015-03-02T09:30:00.000-05:00,SCORE_FAM: total=105.184 display=100 gate=100 cap=100 scaled=105.184 | Struct=21(0.7) Vol=18.25(0.73) Phase=14.8(0.74) VP=9(0.75) Spring=3.554(0.711) Ctx=11.31(0.87)
2015-03-02T09:30:00.000-05:00,SCORE_DETAIL_STRUCT: HL=25(1) Spread=15(1) PB=0(0) Power=0 Mid=0 Slope=1 Flip=1
2015-03-02T09:30:00.000-05:00,SCORE_DETAIL_VOL: Dry=25(1) Supply=0(0) Effort=0(0/0) Decl=0 Con=0
2015-03-02T09:30:00.000-05:00,SCORE_DETAIL_PHASE: Events=1 Accum=1 SOS=0 PhB=1 SOT=0 STup=1
2015-03-02T09:30:00.000-05:00,SCORE_DETAIL_VP: Ctx=1 VPOCmig=1 VAprog=1 PShape=0 FinAuc=1 HVNsup=1 | bShape=0 Unfin=0 HVNoh=0 valid=true
2015-03-02T09:30:00.000-05:00,SCORE_DETAIL_SPRING: Spring=11(0.79) Ctrl=0
2015-03-02T09:30:00.000-05:00,SCORE_DETAIL_CTX: HTF=1 RS=1 OEL=0.5(5) VWAP=1(pt=5 proxW=1.915 proxM=1.915) RSI=1
2015-03-02T09:30:00.000-05:00,SCORE_PENALTY: Ghost=0 Climax=0 Stall=0 Failed=0 totalPen=0 | regime=1 vpBins=67 vpRatio=0.392
2015-03-03T09:30:00.000-05:00,SCORE_FAM: total=97.637 display=98 gate=100 cap=100 scaled=97.637 | Struct=21(0.7) Vol=18.25(0.73) Phase=14.8(0.74) VP=9(0.75) Spring=3.554(0.711) Ctx=5.72(0.44)
2015-03-03T09:30:00.000-05:00,SCORE_DETAIL_STRUCT: HL=25(1) Spread=15(1) PB=0(0) Power=0 Mid=0 Slope=1 Flip=1
2015-03-03T09:30:00.000-05:00,SCORE_DETAIL_VOL: Dry=25(1) Supply=0(0) Effort=0(0/0) Decl=0 Con=0
2015-03-03T09:30:00.000-05:00,SCORE_DETAIL_PHASE: Events=1 Accum=1 SOS=0 PhB=1 SOT=0 STup=1
2015-03-03T09:30:00.000-05:00,SCORE_DETAIL_VP: Ctx=1 VPOCmig=1 VAprog=1 PShape=0 FinAuc=1 HVNsup=1 | bShape=0 Unfin=0 HVNoh=0 valid=true
2015-03-03T09:30:00.000-05:00,SCORE_DETAIL_SPRING: Spring=11(0.79) Ctrl=0
2015-03-03T09:30:00.000-05:00,SCORE_DETAIL_CTX: HTF=1 RS=0 OEL=0.5(5) VWAP=0(pt=0 proxW=1.729 proxM=1.729) RSI=1
2015-03-03T09:30:00.000-05:00,SCORE_PENALTY: Ghost=0 Climax=0 Stall=0 Failed=0 totalPen=0 | regime=1 vpBins=67 vpRatio=0.403
2015-03-04T09:30:00.000-05:00,SCORE_FAM: total=97.637 display=98 gate=100 cap=100 scaled=97.637 | Struct=21(0.7) Vol=18.25(0.73) Phase=14.8(0.74) VP=9(0.75) Spring=3.554(0.711) Ctx=5.72(0.44)
2015-03-04T09:30:00.000-05:00,SCORE_DETAIL_STRUCT: HL=25(1) Spread=15(1) PB=0(0) Power=0 Mid=0 Slope=1 Flip=1
2015-03-04T09:30:00.000-05:00,SCORE_DETAIL_VOL: Dry=25(1) Supply=0(0) Effort=0(0/0) Decl=0 Con=0
2015-03-04T09:30:00.000-05:00,SCORE_DETAIL_PHASE: Events=1 Accum=1 SOS=0 PhB=1 SOT=0 STup=1
2015-03-04T09:30:00.000-05:00,SCORE_DETAIL_VP: Ctx=1 VPOCmig=1 VAprog=1 PShape=0 FinAuc=1 HVNsup=1 | bShape=0 Unfin=0 HVNoh=0 valid=true
2015-03-04T09:30:00.000-05:00,SCORE_DETAIL_SPRING: Spring=11(0.79) Ctrl=0
2015-03-04T09:30:00.000-05:00,SCORE_DETAIL_CTX: HTF=1 RS=0 OEL=0.5(5) VWAP=0(pt=0 proxW=1.553 proxM=1.553) RSI=1
2015-03-04T09:30:00.000-05:00,SCORE_PENALTY: Ghost=0 Climax=0 Stall=0 Failed=0 totalPen=0 | regime=1 vpBins=67 vpRatio=0.415
2015-03-05T09:30:00.000-05:00,SCORE_FAM: total=97.637 display=98 gate=100 cap=100 scaled=97.637 | Struct=21(0.7) Vol=18.25(0.73) Phase=14.8(0.74) VP=9(0.75) Spring=3.554(0.711) Ctx=5.72(0.44)
2015-03-05T09:30:00.000-05:00,SCORE_DETAIL_STRUCT: HL=25(1) Spread=15(1) PB=0(0) Power=0 Mid=0 Slope=1 Flip=1
2015-03-05T09:30:00.000-05:00,SCORE_DETAIL_VOL: Dry=25(1) Supply=0(0) Effort=0(0/0) Decl=0 Con=0
2015-03-05T09:30:00.000-05:00,SCORE_DETAIL_PHASE: Events=1 Accum=1 SOS=0 PhB=1 SOT=0 STup=1
2015-03-05T09:30:00.000-05:00,SCORE_DETAIL_VP: Ctx=1 VPOCmig=1 VAprog=1 PShape=0 FinAuc=1 HVNsup=1 | bShape=0 Unfin=0 HVNoh=0 valid=true
2015-03-05T09:30:00.000-05:00,SCORE_DETAIL_SPRING: Spring=11(0.79) Ctrl=0
2015-03-05T09:30:00.000-05:00,SCORE_DETAIL_CTX: HTF=1 RS=0 OEL=0.5(5) VWAP=0(pt=0 proxW=1.559 proxM=1.559) RSI=1
2015-03-05T09:30:00.000-05:00,SCORE_PENALTY: Ghost=0 Climax=0 Stall=0 Failed=0 totalPen=0 | regime=1 vpBins=67 vpRatio=0.423
2015-03-06T09:30:00.000-05:00,SCORE_FAM: total=100.094 display=100 gate=100 cap=100 scaled=100.094 | Struct=21(0.7) Vol=18.25(0.73) Phase=14.8(0.74) VP=9(0.75) Spring=3.554(0.711) Ctx=7.54(0.58)
2015-03-06T09:30:00.000-05:00,SCORE_DETAIL_STRUCT: HL=25(1) Spread=15(1) PB=0(0) Power=0 Mid=0 Slope=1 Flip=1
2015-03-06T09:30:00.000-05:00,SCORE_DETAIL_VOL: Dry=25(1) Supply=0(0) Effort=0(0/0) Decl=0 Con=0
2015-03-06T09:30:00.000-05:00,SCORE_DETAIL_PHASE: Events=1 Accum=1 SOS=0 PhB=1 SOT=0 STup=1
2015-03-06T09:30:00.000-05:00,SCORE_DETAIL_VP: Ctx=1 VPOCmig=1 VAprog=1 PShape=0 FinAuc=1 HVNsup=1 | bShape=0 Unfin=0 HVNoh=0 valid=true
2015-03-06T09:30:00.000-05:00,SCORE_DETAIL_SPRING: Spring=11(0.79) Ctrl=0
2015-03-06T09:30:00.000-05:00,SCORE_DETAIL_CTX: HTF=1 RS=1 OEL=0.5(5) VWAP=0(pt=0 proxW=1.263 proxM=1.263) RSI=1
2015-03-06T09:30:00.000-05:00,SCORE_PENALTY: Ghost=0 Climax=0 Stall=0 Failed=0 totalPen=0 | regime=1 vpBins=67 vpRatio=0.44
2015-03-09T09:30:00.000-04:00,SCORE_FAM: total=103.148 display=100 gate=100 cap=100 scaled=103.148 | Struct=21(0.7) Vol=18.25(0.73) Phase=14.8(0.74) VP=9(0.75) Spring=3.554(0.711) Ctx=9.802(0.754)
2015-03-09T09:30:00.000-04:00,SCORE_DETAIL_STRUCT: HL=25(1) Spread=15(1) PB=0(0) Power=0 Mid=0 Slope=1 Flip=1
2015-03-09T09:30:00.000-04:00,SCORE_DETAIL_VOL: Dry=25(1) Supply=0(0) Effort=0(0/0) Decl=0 Con=0
2015-03-09T09:30:00.000-04:00,SCORE_DETAIL_PHASE: Events=1 Accum=1 SOS=0 PhB=1 SOT=0 STup=1
2015-03-09T09:30:00.000-04:00,SCORE_DETAIL_VP: Ctx=1 VPOCmig=1 VAprog=1 PShape=0 FinAuc=1 HVNsup=1 | bShape=0 Unfin=0 HVNoh=0 valid=true
2015-03-09T09:30:00.000-04:00,SCORE_DETAIL_SPRING: Spring=11(0.79) Ctrl=0
2015-03-09T09:30:00.000-04:00,SCORE_DETAIL_CTX: HTF=1 RS=1 OEL=0.5(5) VWAP=0.6(pt=3 proxW=0.531 proxM=1.144) RSI=1
2015-03-09T09:30:00.000-04:00,SCORE_PENALTY: Ghost=0 Climax=0 Stall=0 Failed=0 totalPen=0 | regime=1 vpBins=67 vpRatio=0.454
2015-03-10T09:30:00.000-04:00,SCORE_FAM: total=106.952 display=100 gate=100 cap=100 scaled=106.952 | Struct=27.9(0.93) Vol=18.25(0.73) Phase=14.8(0.74) VP=9(0.75) Spring=3.554(0.711) Ctx=5.72(0.44)
2015-03-10T09:30:00.000-04:00,SCORE_DETAIL_STRUCT: HL=25(1) Spread=15(1) PB=15(1) Power=0 Mid=1 Slope=1 Flip=0
2015-03-10T09:30:00.000-04:00,SCORE_DETAIL_VOL: Dry=25(1) Supply=0(0) Effort=0(0/0) Decl=0 Con=0
2015-03-10T09:30:00.000-04:00,SCORE_DETAIL_PHASE: Events=1 Accum=1 SOS=0 PhB=1 SOT=0 STup=1
2015-03-10T09:30:00.000-04:00,SCORE_DETAIL_VP: Ctx=1 VPOCmig=1 VAprog=1 PShape=0 FinAuc=1 HVNsup=1 | bShape=0 Unfin=0 HVNoh=0 valid=true
2015-03-10T09:30:00.000-04:00,SCORE_DETAIL_SPRING: Spring=11(0.79) Ctrl=0
2015-03-10T09:30:00.000-04:00,SCORE_DETAIL_CTX: HTF=1 RS=0 OEL=0.5(5) VWAP=0(pt=0 proxW=0.934 proxM=1.875) RSI=1
2015-03-10T09:30:00.000-04:00,SCORE_PENALTY: Ghost=0 Climax=0 Stall=0 Failed=0 totalPen=0 | regime=1 vpBins=67 vpRatio=0.473
2015-03-11T09:30:00.000-04:00,SCORE_FAM: total=106.952 display=100 gate=100 cap=100 scaled=106.952 | Struct=27.9(0.93) Vol=18.25(0.73) Phase=14.8(0.74) VP=9(0.75) Spring=3.554(0.711) Ctx=5.72(0.44)
2015-03-11T09:30:00.000-04:00,SCORE_DETAIL_STRUCT: HL=25(1) Spread=15(1) PB=15(1) Power=0 Mid=1 Slope=1 Flip=0
2015-03-11T09:30:00.000-04:00,SCORE_DETAIL_VOL: Dry=25(1) Supply=0(0) Effort=0(0/0) Decl=0 Con=0
2015-03-11T09:30:00.000-04:00,SCORE_DETAIL_PHASE: Events=1 Accum=1 SOS=0 PhB=1 SOT=0 STup=1
2015-03-11T09:30:00.000-04:00,SCORE_DETAIL_VP: Ctx=1 VPOCmig=1 VAprog=1 PShape=0 FinAuc=1 HVNsup=1 | bShape=0 Unfin=0 HVNoh=0 valid=true
2015-03-11T09:30:00.000-04:00,SCORE_DETAIL_SPRING: Spring=11(0.79) Ctrl=0
2015-03-11T09:30:00.000-04:00,SCORE_DETAIL_CTX: HTF=1 RS=0 OEL=0.5(5) VWAP=0(pt=0 proxW=1.157 proxM=2.193) RSI=1
2015-03-11T09:30:00.000-04:00,SCORE_PENALTY: Ghost=0 Climax=0 Stall=0 Failed=0 totalPen=0 | regime=1 vpBins=67 vpRatio=0.487
2015-03-12T09:30:00.000-04:00,SCORE_FAM: total=106.952 display=100 gate=100 cap=100 scaled=106.952 | Struct=27.9(0.93) Vol=18.25(0.73) Phase=14.8(0.74) VP=9(0.75) Spring=3.554(0.711) Ctx=5.72(0.44)
2015-03-12T09:30:00.000-04:00,SCORE_DETAIL_STRUCT: HL=25(1) Spread=15(1) PB=15(1) Power=0 Mid=1 Slope=1 Flip=0
2015-03-12T09:30:00.000-04:00,SCORE_DETAIL_VOL: Dry=25(1) Supply=0(0) Effort=0(0/0) Decl=0 Con=0
2015-03-12T09:30:00.000-04:00,SCORE_DETAIL_PHASE: Events=1 Accum=1 SOS=0 PhB=1 SOT=0 STup=1
2015-03-12T09:30:00.000-04:00,SCORE_DETAIL_VP: Ctx=1 VPOCmig=1 VAprog=1 PShape=0 FinAuc=1 HVNsup=1 | bShape=0 Unfin=0 HVNoh=0 valid=true
2015-03-12T09:30:00.000-04:00,SCORE_DETAIL_SPRING: Spring=11(0.79) Ctrl=0
2015-03-12T09:30:00.000-04:00,SCORE_DETAIL_CTX: HTF=1 RS=0 OEL=0.5(5) VWAP=0(pt=0 proxW=1.122 proxM=2.141) RSI=1
2015-03-12T09:30:00.000-04:00,SCORE_PENALTY: Ghost=0 Climax=0 Stall=0 Failed=0 totalPen=0 | regime=1 vpBins=67 vpRatio=0.499
2015-03-12T09:30:00.000-04:00,LPS ENTRY: price=105.8 score=100 gate=100 mode=Close Above SOS Midpoint spring=true(conf=0.79) closeStr=0.875 volOk=true bars=16 pullback=17.331% prelimRisk=0.794%
2015-03-12T09:30:00.000-04:00,LPS DIST: warnLevel=0 liveCnt=0 bcAge=484 utadAge=264 sowAge=235 lpsyAge=225
2015-03-12T09:30:00.000-04:00,LPS STOP: mode=LPS Low price=104.645 stack=0 vwapW=106.212 vwapM=107.349 VAL=99.36
2015-03-12T09:30:00.000-04:00,COMP VP: VPOC=87.216 VAH=NaN hvnAbove=NaN lvnAbove=106.585
2015-03-26T09:30:00.000-04:00,SPRING: conf=0.659 [close=0.177 reclaim=0.072 vol=0.169 age=0.142 tests=0.1] pivot=104.68 pivotAge=9b
2015-04-14T09:30:00.000-04:00,SCORE_FAM: total=89.179 display=89 gate=92 cap=100 scaled=89.179 | Struct=16.425(0.547) Vol=18.25(0.73) Phase=14.8(0.74) VP=9(0.75) Spring=3.554(0.711) Ctx=4.03(0.31)
2015-04-14T09:30:00.000-04:00,SCORE_DETAIL_STRUCT: HL=25(1) Spread=10(0.67) PB=0(0) Power=0 Mid=0 Slope=1 Flip=0
2015-04-14T09:30:00.000-04:00,SCORE_DETAIL_VOL: Dry=25(1) Supply=0(0) Effort=0(0/0) Decl=0 Con=0
2015-04-14T09:30:00.000-04:00,SCORE_DETAIL_PHASE: Events=1 Accum=1 SOS=0 PhB=1 SOT=0 STup=1
2015-04-14T09:30:00.000-04:00,SCORE_DETAIL_VP: Ctx=1 VPOCmig=1 VAprog=1 PShape=0 FinAuc=1 HVNsup=1 | bShape=0 Unfin=0 HVNoh=0 valid=true
2015-04-14T09:30:00.000-04:00,SCORE_DETAIL_SPRING: Spring=11(0.79) Ctrl=0
2015-04-14T09:30:00.000-04:00,SCORE_DETAIL_CTX: HTF=1 RS=0 OEL=0(0) VWAP=0(pt=0 proxW=0.731 proxM=0.241) RSI=1
2015-04-14T09:30:00.000-04:00,SCORE_PENALTY: Ghost=0 Climax=0 Stall=0 Failed=0 totalPen=0 | regime=1 vpBins=67 vpRatio=0.838
2015-04-15T09:30:00.000-04:00,SCORE_FAM: total=97.61 display=98 gate=100 cap=100 scaled=97.61 | Struct=18.9(0.63) Vol=18.25(0.73) Phase=14.8(0.74) VP=9(0.75) Spring=3.554(0.711) Ctx=7.8(0.6)
2015-04-15T09:30:00.000-04:00,SCORE_DETAIL_STRUCT: HL=25(1) Spread=15(1) PB=0(0) Power=0 Mid=0 Slope=1 Flip=0
2015-04-15T09:30:00.000-04:00,SCORE_DETAIL_VOL: Dry=25(1) Supply=0(0) Effort=0(0/0) Decl=0 Con=0
2015-04-15T09:30:00.000-04:00,SCORE_DETAIL_PHASE: Events=1 Accum=1 SOS=0 PhB=1 SOT=0 STup=1
2015-04-15T09:30:00.000-04:00,SCORE_DETAIL_VP: Ctx=1 VPOCmig=1 VAprog=1 PShape=0 FinAuc=1 HVNsup=1 | bShape=0 Unfin=0 HVNoh=0 valid=true
2015-04-15T09:30:00.000-04:00,SCORE_DETAIL_SPRING: Spring=11(0.79) Ctrl=0
2015-04-15T09:30:00.000-04:00,SCORE_DETAIL_CTX: HTF=1 RS=0 OEL=0(0) VWAP=1(pt=5 proxW=0.847 proxM=0.122) RSI=1
2015-04-15T09:30:00.000-04:00,SCORE_PENALTY: Ghost=0 Climax=0 Stall=0 Failed=0 totalPen=0 | regime=1 vpBins=67 vpRatio=0.85
2015-04-16T09:30:00.000-04:00,SCORE_FAM: total=97.61 display=98 gate=100 cap=100 scaled=97.61 | Struct=18.9(0.63) Vol=18.25(0.73) Phase=14.8(0.74) VP=9(0.75) Spring=3.554(0.711) Ctx=7.8(0.6)
2015-04-16T09:30:00.000-04:00,SCORE_DETAIL_STRUCT: HL=25(1) Spread=15(1) PB=0(0) Power=0 Mid=0 Slope=1 Flip=0
2015-04-16T09:30:00.000-04:00,SCORE_DETAIL_VOL: Dry=25(1) Supply=0(0) Effort=0(0/0) Decl=0 Con=0
2015-04-16T09:30:00.000-04:00,SCORE_DETAIL_PHASE: Events=1 Accum=1 SOS=0 PhB=1 SOT=0 STup=1
2015-04-16T09:30:00.000-04:00,SCORE_DETAIL_VP: Ctx=1 VPOCmig=1 VAprog=1 PShape=0 FinAuc=1 HVNsup=1 | bShape=0 Unfin=0 HVNoh=0 valid=true
2015-04-16T09:30:00.000-04:00,SCORE_DETAIL_SPRING: Spring=11(0.79) Ctrl=0
2015-04-16T09:30:00.000-04:00,SCORE_DETAIL_CTX: HTF=1 RS=0 OEL=0(0) VWAP=1(pt=5 proxW=0.911 proxM=0.051) RSI=1
2015-04-16T09:30:00.000-04:00,SCORE_PENALTY: Ghost=0 Climax=0 Stall=0 Failed=0 totalPen=0 | regime=1 vpBins=67 vpRatio=0.858
2015-04-17T09:30:00.000-04:00,SCORE_FAM: total=92.521 display=93 gate=96 cap=100 scaled=92.521 | Struct=18.9(0.63) Vol=18.25(0.73) Phase=14.8(0.74) VP=9(0.75) Spring=3.554(0.711) Ctx=4.03(0.31)
2015-04-17T09:30:00.000-04:00,SCORE_DETAIL_STRUCT: HL=25(1) Spread=15(1) PB=0(0) Power=0 Mid=0 Slope=1 Flip=0
2015-04-17T09:30:00.000-04:00,SCORE_DETAIL_VOL: Dry=25(1) Supply=0(0) Effort=0(0/0) Decl=0 Con=0
2015-04-17T09:30:00.000-04:00,SCORE_DETAIL_PHASE: Events=1 Accum=1 SOS=0 PhB=1 SOT=0 STup=1
2015-04-17T09:30:00.000-04:00,SCORE_DETAIL_VP: Ctx=1 VPOCmig=1 VAprog=1 PShape=0 FinAuc=1 HVNsup=1 | bShape=0 Unfin=0 HVNoh=0 valid=true
2015-04-17T09:30:00.000-04:00,SCORE_DETAIL_SPRING: Spring=11(0.79) Ctrl=0
2015-04-17T09:30:00.000-04:00,SCORE_DETAIL_CTX: HTF=1 RS=0 OEL=0(0) VWAP=0(pt=0 proxW=1.285 proxM=0.781) RSI=1
2015-04-17T09:30:00.000-04:00,SCORE_PENALTY: Ghost=0 Climax=0 Stall=0 Failed=0 totalPen=0 | regime=1 vpBins=67 vpRatio=0.884
2015-04-20T09:30:00.000-04:00,SCORE_FAM: total=99.892 display=100 gate=100 cap=100 scaled=99.892 | Struct=18.9(0.63) Vol=18.25(0.73) Phase=14.8(0.74) VP=9(0.75) Spring=3.554(0.711) Ctx=9.49(0.73)
2015-04-20T09:30:00.000-04:00,SCORE_DETAIL_STRUCT: HL=25(1) Spread=15(1) PB=0(0) Power=0 Mid=0 Slope=1 Flip=0
2015-04-20T09:30:00.000-04:00,SCORE_DETAIL_VOL: Dry=25(1) Supply=0(0) Effort=0(0/0) Decl=0 Con=0
2015-04-20T09:30:00.000-04:00,SCORE_DETAIL_PHASE: Events=1 Accum=1 SOS=0 PhB=1 SOT=0 STup=1
2015-04-20T09:30:00.000-04:00,SCORE_DETAIL_VP: Ctx=1 VPOCmig=1 VAprog=1 PShape=0 FinAuc=1 HVNsup=1 | bShape=0 Unfin=0 HVNoh=0 valid=true
2015-04-20T09:30:00.000-04:00,SCORE_DETAIL_SPRING: Spring=11(0.79) Ctrl=0
2015-04-20T09:30:00.000-04:00,SCORE_DETAIL_CTX: HTF=1 RS=0 OEL=0.5(5) VWAP=1(pt=5 proxW=1.457 proxM=0.816) RSI=1
2015-04-20T09:30:00.000-04:00,SCORE_PENALTY: Ghost=0 Climax=0 Stall=0 Failed=0 totalPen=0 | regime=1 vpBins=67 vpRatio=0.9
2015-04-21T09:30:00.000-04:00,SCORE_FAM: total=99.892 display=100 gate=100 cap=100 scaled=99.892 | Struct=18.9(0.63) Vol=18.25(0.73) Phase=14.8(0.74) VP=9(0.75) Spring=3.554(0.711) Ctx=9.49(0.73)
2015-04-21T09:30:00.000-04:00,SCORE_DETAIL_STRUCT: HL=25(1) Spread=15(1) PB=0(0) Power=0 Mid=0 Slope=1 Flip=0
2015-04-21T09:30:00.000-04:00,SCORE_DETAIL_VOL: Dry=25(1) Supply=0(0) Effort=0(0/0) Decl=0 Con=0
2015-04-21T09:30:00.000-04:00,SCORE_DETAIL_PHASE: Events=1 Accum=1 SOS=0 PhB=1 SOT=0 STup=1
2015-04-21T09:30:00.000-04:00,SCORE_DETAIL_VP: Ctx=1 VPOCmig=1 VAprog=1 PShape=0 FinAuc=1 HVNsup=1 | bShape=0 Unfin=0 HVNoh=0 valid=true
2015-04-21T09:30:00.000-04:00,SCORE_DETAIL_SPRING: Spring=11(0.79) Ctrl=0
2015-04-21T09:30:00.000-04:00,SCORE_DETAIL_CTX: HTF=1 RS=0 OEL=0.5(5) VWAP=1(pt=5 proxW=1.806 proxM=0.927) RSI=1
2015-04-21T09:30:00.000-04:00,SCORE_PENALTY: Ghost=0 Climax=0 Stall=0 Failed=0 totalPen=0 | regime=1 vpBins=67 vpRatio=0.912
2015-04-22T09:30:00.000-04:00,SCORE_FAM: total=99.892 display=100 gate=100 cap=100 scaled=99.892 | Struct=18.9(0.63) Vol=18.25(0.73) Phase=14.8(0.74) VP=9(0.75) Spring=3.554(0.711) Ctx=9.49(0.73)
2015-04-22T09:30:00.000-04:00,SCORE_DETAIL_STRUCT: HL=25(1) Spread=15(1) PB=0(0) Power=0 Mid=0 Slope=1 Flip=0
2015-04-22T09:30:00.000-04:00,SCORE_DETAIL_VOL: Dry=25(1) Supply=0(0) Effort=0(0/0) Decl=0 Con=0
2015-04-22T09:30:00.000-04:00,SCORE_DETAIL_PHASE: Events=1 Accum=1 SOS=0 PhB=1 SOT=0 STup=1
2015-04-22T09:30:00.000-04:00,SCORE_DETAIL_VP: Ctx=1 VPOCmig=1 VAprog=1 PShape=0 FinAuc=1 HVNsup=1 | bShape=0 Unfin=0 HVNoh=0 valid=true
2015-04-22T09:30:00.000-04:00,SCORE_DETAIL_SPRING: Spring=11(0.79) Ctrl=0
2015-04-22T09:30:00.000-04:00,SCORE_DETAIL_CTX: HTF=1 RS=0 OEL=0.5(5) VWAP=1(pt=5 proxW=1.981 proxM=1.014) RSI=1
2015-04-22T09:30:00.000-04:00,SCORE_PENALTY: Ghost=0 Climax=0 Stall=0 Failed=0 totalPen=0 | regime=1 vpBins=67 vpRatio=0.924
2015-06-05T09:30:00.000-04:00,SPRING: conf=0.658 [close=0.19 reclaim=0.127 vol=0.098 age=0.142 tests=0.1] pivot=108.76 pivotAge=8b
2015-07-06T09:30:00.000-04:00,SPRING: conf=0.512 [close=0.155 reclaim=0.098 vol=0.093 age=0.134 tests=0.033] pivot=107.2 pivotAge=18b
2015-07-07T09:30:00.000-04:00,SPRING: conf=0.887 [close=0.287 reclaim=0.22 vol=0.163 age=0.117 tests=0.1] pivot=105.995 pivotAge=42b
2015-08-07T09:30:00.000-04:00,SPRING: conf=0.69 [close=0.233 reclaim=0.112 vol=0.102 age=0.142 tests=0.1] pivot=109.785 pivotAge=8b
2015-08-24T09:30:00.000-04:00,SPRING: conf=0.709 [close=0.231 reclaim=0.116 vol=0.2 age=0.062 tests=0.1] pivot=90.24 pivotAge=215b
2015-08-26T09:30:00.000-04:00,SPRING: conf=0.787 [close=0.286 reclaim=0.191 vol=0.2 age=0.077 tests=0.033] pivot=99.75 pivotAge=143b
2015-09-29T09:30:00.000-04:00,SPRING: conf=0.317 [close=0.086 reclaim=0.011 vol=0.117 age=0.069 tests=0.033] pivot=99.36 pivotAge=176b
2015-10-23T09:30:00.000-04:00,"SOS CONFIRMED: rally=33.632% low=84.74 high=113.24 bars=27 avgVol=47,469,648.667 adjMinRally=4.55"
2015-10-23T09:30:00.000-04:00,SCORE_FAM: total=79.068 display=79 gate=80 cap=80 scaled=94.068 | Struct=30(1) Vol=3.75(0.069) Phase=13(0.65) VP=12(1) Spring=3.99(0.798) Ctx=9.62(0.74)
2015-10-23T09:30:00.000-04:00,SCORE_DETAIL_STRUCT: HL=25(1) Spread=15(1) PB=0(0) Power=1 Mid=1 Slope=1 Flip=1
2015-10-23T09:30:00.000-04:00,SCORE_DETAIL_VOL: Dry=8(0.32) Supply=-10(-0.67) Effort=0(0/0) Decl=0 Con=0
2015-10-23T09:30:00.000-04:00,SCORE_DETAIL_PHASE: Events=1 Accum=1 SOS=0 PhB=1 SOT=0 STup=0
2015-10-23T09:30:00.000-04:00,SCORE_DETAIL_VP: Ctx=1 VPOCmig=1 VAprog=1 PShape=1 FinAuc=1 HVNsup=1 | bShape=0 Unfin=0 HVNoh=0 valid=true
2015-10-23T09:30:00.000-04:00,SCORE_DETAIL_SPRING: Spring=13(0.887) Ctrl=0
2015-10-23T09:30:00.000-04:00,SCORE_DETAIL_CTX: HTF=1 RS=1 OEL=0(0) VWAP=1(pt=5 proxW=1.215 proxM=2.994) RSI=1
2015-10-23T09:30:00.000-04:00,SCORE_PENALTY: Ghost=0 Climax=-15 Stall=0 Failed=0 totalPen=-15 | regime=1.3 vpBins=119 vpRatio=4.981
2015-10-26T09:30:00.000-04:00,SCORE_FAM: total=107.343 display=80 gate=80 cap=80 scaled=122.343 | Struct=30(1) Vol=25(1) Phase=13(0.65) VP=12(1) Spring=4.49(0.898) Ctx=9.62(0.74)
2015-10-26T09:30:00.000-04:00,SCORE_DETAIL_STRUCT: HL=25(1) Spread=15(1) PB=0(0) Power=1 Mid=1 Slope=1 Flip=1
2015-10-26T09:30:00.000-04:00,SCORE_DETAIL_VOL: Dry=25(1) Supply=0(0) Effort=10(1/0) Decl=0 Con=0
2015-10-26T09:30:00.000-04:00,SCORE_DETAIL_PHASE: Events=1 Accum=1 SOS=0 PhB=1 SOT=0 STup=0
2015-10-26T09:30:00.000-04:00,SCORE_DETAIL_VP: Ctx=1 VPOCmig=1 VAprog=1 PShape=1 FinAuc=1 HVNsup=1 | bShape=0 Unfin=0 HVNoh=0 valid=true
2015-10-26T09:30:00.000-04:00,SCORE_DETAIL_SPRING: Spring=13(0.887) Ctrl=1
2015-10-26T09:30:00.000-04:00,SCORE_DETAIL_CTX: HTF=1 RS=1 OEL=0(0) VWAP=1(pt=5 proxW=0.373 proxM=2.973) RSI=1
2015-10-26T09:30:00.000-04:00,SCORE_PENALTY: Ghost=0 Climax=-15 Stall=0 Failed=0 totalPen=-15 | regime=1.3 vpBins=119 vpRatio=4.996
2015-10-27T09:30:00.000-04:00,SCORE_FAM: total=109.54 display=80 gate=80 cap=80 scaled=124.54 | Struct=30(1) Vol=25(1) Phase=13(0.65) VP=12(1) Spring=4.49(0.898) Ctx=11.31(0.87)
2015-10-27T09:30:00.000-04:00,SCORE_DETAIL_STRUCT: HL=25(1) Spread=15(1) PB=0(0) Power=1 Mid=1 Slope=1 Flip=1
2015-10-27T09:30:00.000-04:00,SCORE_DETAIL_VOL: Dry=25(1) Supply=0(0) Effort=10(1/0) Decl=0 Con=0
2015-10-27T09:30:00.000-04:00,SCORE_DETAIL_PHASE: Events=1 Accum=1 SOS=0 PhB=1 SOT=0 STup=0
2015-10-27T09:30:00.000-04:00,SCORE_DETAIL_VP: Ctx=1 VPOCmig=1 VAprog=1 PShape=1 FinAuc=1 HVNsup=1 | bShape=0 Unfin=0 HVNoh=0 valid=true
2015-10-27T09:30:00.000-04:00,SCORE_DETAIL_SPRING: Spring=13(0.887) Ctrl=1
2015-10-27T09:30:00.000-04:00,SCORE_DETAIL_CTX: HTF=1 RS=1 OEL=0.5(5) VWAP=1(pt=5 proxW=0.459 proxM=2.929) RSI=1
2015-10-27T09:30:00.000-04:00,SCORE_PENALTY: Ghost=0 Climax=-15 Stall=0 Failed=0 totalPen=-15 | regime=1.3 vpBins=119 vpRatio=5.015
2015-10-27T09:30:00.000-04:00,LPS ENTRY: price=113.08 score=80 gate=80 mode=Close Above SOS Midpoint spring=true(conf=0.887) closeStr=0.778 volOk=true bars=3 pullback=4.105% prelimRisk=0.893%
2015-10-27T09:30:00.000-04:00,LPS DIST: warnLevel=0 liveCnt=0 bcAge=643 utadAge=423 sowAge=394 lpsyAge=384
2015-10-27T09:30:00.000-04:00,LPS STOP: mode=LPS Low price=111.734 stack=0 vwapW=112.849 vwapM=107.106 VAL=97.198
2015-10-27T09:30:00.000-04:00,COMP VP: VPOC=104.648 VAH=NaN hvnAbove=NaN lvnAbove=113.543
2015-11-16T09:30:00.000-05:00,SCORE_FAM: total=81.55 display=82 gate=85 cap=100 scaled=81.55 | Struct=18.375(0.612) Vol=10.95(0.438) Phase=13(0.65) VP=7.8(0.65) Spring=3.99(0.798) Ctx=6.292(0.484)
2015-11-16T09:30:00.000-05:00,SCORE_DETAIL_STRUCT: HL=25(1) Spread=2(0.13) PB=8(0.53) Power=1 Mid=0 Slope=1 Flip=0
2015-11-16T09:30:00.000-05:00,SCORE_DETAIL_VOL: Dry=15(0.6) Supply=0(0) Effort=0(0/0) Decl=0 Con=0
2015-11-16T09:30:00.000-05:00,SCORE_DETAIL_PHASE: Events=1 Accum=1 SOS=0 PhB=1 SOT=0 STup=0
2015-11-16T09:30:00.000-05:00,SCORE_DETAIL_VP: Ctx=0.5 VPOCmig=1 VAprog=1 PShape=1 FinAuc=1 HVNsup=0 | bShape=0 Unfin=0 HVNoh=-1 valid=true
2015-11-16T09:30:00.000-05:00,SCORE_DETAIL_SPRING: Spring=13(0.887) Ctrl=0
2015-11-16T09:30:00.000-05:00,SCORE_DETAIL_CTX: HTF=1 RS=0 OEL=0(0) VWAP=0.6(pt=3 proxW=0.862 proxM=2.368) RSI=1
2015-11-16T09:30:00.000-05:00,SCORE_PENALTY: Ghost=0 Climax=0 Stall=0 Failed=0 totalPen=0 | regime=1 vpBins=34 vpRatio=1.62
2015-11-17T09:30:00.000-05:00,SCORE_FAM: total=93.43 display=93 gate=97 cap=100 scaled=93.43 | Struct=19.875(0.662) Vol=18.25(0.73) Phase=13(0.65) VP=7.8(0.65) Spring=3.99(0.798) Ctx=6.292(0.484)
2015-11-17T09:30:00.000-05:00,SCORE_DETAIL_STRUCT: HL=25(1) Spread=5(0.33) PB=8(0.53) Power=1 Mid=0 Slope=1 Flip=0
2015-11-17T09:30:00.000-05:00,SCORE_DETAIL_VOL: Dry=25(1) Supply=0(0) Effort=0(0/0) Decl=0 Con=0
2015-11-17T09:30:00.000-05:00,SCORE_DETAIL_PHASE: Events=1 Accum=1 SOS=0 PhB=1 SOT=0 STup=0
2015-11-17T09:30:00.000-05:00,SCORE_DETAIL_VP: Ctx=0.5 VPOCmig=1 VAprog=1 PShape=1 FinAuc=1 HVNsup=0 | bShape=0 Unfin=0 HVNoh=-1 valid=true
2015-11-17T09:30:00.000-05:00,SCORE_DETAIL_SPRING: Spring=13(0.887) Ctrl=0
2015-11-17T09:30:00.000-05:00,SCORE_DETAIL_CTX: HTF=1 RS=0 OEL=0(0) VWAP=0.6(pt=3 proxW=1.163 proxM=2.338) RSI=1
2015-11-17T09:30:00.000-05:00,SCORE_PENALTY: Ghost=0 Climax=0 Stall=0 Failed=0 totalPen=0 | regime=1 vpBins=34 vpRatio=1.711
2015-11-18T09:30:00.000-05:00,SCORE_FAM: total=99.516 display=100 gate=100 cap=100 scaled=99.516 | Struct=19.875(0.662) Vol=18.25(0.73) Phase=13(0.65) VP=10.8(0.9) Spring=3.99(0.798) Ctx=7.8(0.6)
2015-11-18T09:30:00.000-05:00,SCORE_DETAIL_STRUCT: HL=25(1) Spread=5(0.33) PB=8(0.53) Power=1 Mid=0 Slope=1 Flip=0
2015-11-18T09:30:00.000-05:00,SCORE_DETAIL_VOL: Dry=25(1) Supply=0(0) Effort=0(0/0) Decl=0 Con=0
2015-11-18T09:30:00.000-05:00,SCORE_DETAIL_PHASE: Events=1 Accum=1 SOS=0 PhB=1 SOT=0 STup=0
2015-11-18T09:30:00.000-05:00,SCORE_DETAIL_VP: Ctx=1 VPOCmig=1 VAprog=1 PShape=1 FinAuc=1 HVNsup=0 | bShape=0 Unfin=0 HVNoh=0 valid=true
2015-11-18T09:30:00.000-05:00,SCORE_DETAIL_SPRING: Spring=13(0.887) Ctrl=0
2015-11-18T09:30:00.000-05:00,SCORE_DETAIL_CTX: HTF=1 RS=0 OEL=0(0) VWAP=1(pt=5 proxW=1.533 proxM=2.261) RSI=1
2015-11-18T09:30:00.000-05:00,SCORE_PENALTY: Ghost=0 Climax=0 Stall=0 Failed=0 totalPen=0 | regime=1 vpBins=34 vpRatio=1.81
2015-11-18T09:30:00.000-05:00,LPS ENTRY: price=113.63 score=100 gate=100 mode=Close Above SOS Midpoint spring=true(conf=0.887) closeStr=0.942 volOk=true bars=3 pullback=7.754% prelimRisk=3.652%
2015-11-18T09:30:00.000-05:00,LPS DIST: warnLevel=0 liveCnt=0 bcAge=659 utadAge=439 sowAge=410 lpsyAge=400
2015-11-18T09:30:00.000-05:00,LPS STOP: mode=LPS Low price=109.152 stack=0 vwapW=111.83 vwapM=112.946 VAL=108.184
2015-11-18T09:30:00.000-05:00,COMP VP: VPOC=104.495 VAH=NaN hvnAbove=NaN lvnAbove=113.714
2015-12-09T09:30:00.000-05:00,SCORE_FAM: total=73.94 display=74 gate=77 cap=100 scaled=73.94 | Struct=20.4(0.68) Vol=3.75(-0.18) Phase=13(0.65) VP=9.6(0.8) Spring=3.99(0.798) Ctx=4.03(0.31)
2015-12-09T09:30:00.000-05:00,SCORE_DETAIL_STRUCT: HL=25(1) Spread=0(0) PB=8(0.53) Power=1 Mid=1 Slope=1 Flip=0
2015-12-09T09:30:00.000-05:00,SCORE_DETAIL_VOL: Dry=8(0.32) Supply=-5(-0.33) Effort=-10(0/-1) Decl=0 Con=1
2015-12-09T09:30:00.000-05:00,SCORE_DETAIL_PHASE: Events=1 Accum=1 SOS=0 PhB=1 SOT=0 STup=0
2015-12-09T09:30:00.000-05:00,SCORE_DETAIL_VP: Ctx=1 VPOCmig=1 VAprog=1 PShape=1 FinAuc=1 HVNsup=0 | bShape=0 Unfin=0 HVNoh=-1 valid=true
2015-12-09T09:30:00.000-05:00,SCORE_DETAIL_SPRING: Spring=13(0.887) Ctrl=0
2015-12-09T09:30:00.000-05:00,SCORE_DETAIL_CTX: HTF=1 RS=0 OEL=0(0) VWAP=0(pt=0 proxW=1.095 proxM=1.173) RSI=1
2015-12-09T09:30:00.000-05:00,SCORE_PENALTY: Ghost=0 Climax=0 Stall=0 Failed=0 totalPen=0 | regime=1 vpBins=47 vpRatio=2.66
2015-12-10T09:30:00.000-05:00,SCORE_FAM: total=87.001 display=87 gate=90 cap=100 scaled=87.001 | Struct=22.875(0.762) Vol=10.95(0.438) Phase=13(0.65) VP=9.6(0.8) Spring=3.99(0.798) Ctx=4.03(0.31)
2015-12-10T09:30:00.000-05:00,SCORE_DETAIL_STRUCT: HL=25(1) Spread=5(0.33) PB=8(0.53) Power=1 Mid=1 Slope=1 Flip=0
2015-12-10T09:30:00.000-05:00,SCORE_DETAIL_VOL: Dry=15(0.6) Supply=0(0) Effort=0(0/0) Decl=0 Con=1
2015-12-10T09:30:00.000-05:00,SCORE_DETAIL_PHASE: Events=1 Accum=1 SOS=0 PhB=1 SOT=1 STup=0
2015-12-10T09:30:00.000-05:00,SCORE_DETAIL_VP: Ctx=1 VPOCmig=1 VAprog=1 PShape=1 FinAuc=1 HVNsup=0 | bShape=0 Unfin=0 HVNoh=-1 valid=true
2015-12-10T09:30:00.000-05:00,SCORE_DETAIL_SPRING: Spring=13(0.887) Ctrl=0
2015-12-10T09:30:00.000-05:00,SCORE_DETAIL_CTX: HTF=1 RS=0 OEL=0(0) VWAP=0(pt=0 proxW=1.039 proxM=1.143) RSI=1
2015-12-10T09:30:00.000-05:00,SCORE_PENALTY: Ghost=0 Climax=0 Stall=0 Failed=0 totalPen=0 | regime=1 vpBins=47 vpRatio=2.741
2015-12-10T09:30:00.000-05:00,LPS ENTRY: price=113.4 score=87 gate=90 mode=Close Above SOS Midpoint spring=true(conf=0.887) closeStr=0.437 volOk=true bars=2 pullback=9.807% prelimRisk=1.058%
2015-12-10T09:30:00.000-05:00,LPS DIST: warnLevel=0 liveCnt=0 bcAge=674 utadAge=454 sowAge=425 lpsyAge=415
2015-12-10T09:30:00.000-05:00,LPS STOP: mode=LPS Low price=111.863 stack=0 vwapW=113.825 vwapM=113.987 VAL=110.594
2015-12-10T09:30:00.000-05:00,COMP VP: VPOC=108.219 VAH=NaN hvnAbove=NaN lvnAbove=114.864
2015-12-14T09:30:00.000-05:00,SPRING: conf=0.932 [close=0.293 reclaim=0.234 vol=0.171 age=0.133 tests=0.1] pivot=109.48 pivotAge=19b
2015-12-30T09:30:00.000-05:00,SCORE_FAM: total=96.218 display=96 gate=100 cap=100 scaled=96.218 | Struct=21(0.7) Vol=18.25(0.73) Phase=13(0.65) VP=10.8(0.9) Spring=4.192(0.838) Ctx=4.03(0.31)
2015-12-30T09:30:00.000-05:00,SCORE_DETAIL_STRUCT: HL=25(1) Spread=15(1) PB=0(0) Power=0 Mid=0 Slope=1 Flip=1
2015-12-30T09:30:00.000-05:00,SCORE_DETAIL_VOL: Dry=25(1) Supply=0(0) Effort=0(0/0) Decl=0 Con=0
2015-12-30T09:30:00.000-05:00,SCORE_DETAIL_PHASE: Events=1 Accum=1 SOS=0 PhB=1 SOT=0 STup=0
2015-12-30T09:30:00.000-05:00,SCORE_DETAIL_VP: Ctx=1 VPOCmig=1 VAprog=1 PShape=1 FinAuc=1 HVNsup=1 | bShape=0 Unfin=0 HVNoh=-1 valid=true
2015-12-30T09:30:00.000-05:00,SCORE_DETAIL_SPRING: Spring=14(0.932) Ctrl=0
2015-12-30T09:30:00.000-05:00,SCORE_DETAIL_CTX: HTF=1 RS=0 OEL=0(0) VWAP=0(pt=0 proxW=0.068 proxM=0.316) RSI=1
2015-12-30T09:30:00.000-05:00,SCORE_PENALTY: Ghost=0 Climax=0 Stall=0 Failed=0 totalPen=0 | regime=1 vpBins=47 vpRatio=3.976
2015-12-31T09:30:00.000-05:00,SCORE_FAM: total=103.103 display=100 gate=100 cap=100 scaled=103.103 | Struct=27.9(0.93) Vol=18.25(0.73) Phase=13(0.65) VP=9(0.75) Spring=4.192(0.838) Ctx=4.03(0.31)
2015-12-31T09:30:00.000-05:00,SCORE_DETAIL_STRUCT: HL=25(1) Spread=15(1) PB=0(0) Power=1 Mid=1 Slope=1 Flip=0
2015-12-31T09:30:00.000-05:00,SCORE_DETAIL_VOL: Dry=25(1) Supply=0(0) Effort=0(0/0) Decl=0 Con=0
2015-12-31T09:30:00.000-05:00,SCORE_DETAIL_PHASE: Events=1 Accum=1 SOS=0 PhB=1 SOT=0 STup=0
2015-12-31T09:30:00.000-05:00,SCORE_DETAIL_VP: Ctx=0.5 VPOCmig=1 VAprog=1 PShape=1 FinAuc=1 HVNsup=1 | bShape=0 Unfin=0 HVNoh=-1 valid=true
2015-12-31T09:30:00.000-05:00,SCORE_DETAIL_SPRING: Spring=14(0.932) Ctrl=0
2015-12-31T09:30:00.000-05:00,SCORE_DETAIL_CTX: HTF=1 RS=0 OEL=0(0) VWAP=0(pt=0 proxW=0.774 proxM=0.598) RSI=1
2015-12-31T09:30:00.000-05:00,SCORE_PENALTY: Ghost=0 Climax=0 Stall=0 Failed=0 totalPen=0 | regime=1 vpBins=47 vpRatio=4.056
2016-01-04T09:30:00.000-05:00,SPRING: conf=0.68 [close=0.28 reclaim=0.02 vol=0.142 age=0.138 tests=0.1] pivot=109.38 pivotAge=13b
2016-01-04T09:30:00.000-05:00,SCORE_FAM: total=88.71 display=89 gate=92 cap=100 scaled=88.71 | Struct=24.9(0.83) Vol=10.95(0.438) Phase=13(0.65) VP=6(0.5) Spring=3.061(0.612) Ctx=7.8(0.6)
2016-01-04T09:30:00.000-05:00,SCORE_DETAIL_STRUCT: HL=25(1) Spread=15(1) PB=15(1) Power=0 Mid=0 Slope=1 Flip=0
2016-01-04T09:30:00.000-05:00,SCORE_DETAIL_VOL: Dry=15(0.6) Supply=0(0) Effort=0(0/0) Decl=0 Con=0
2016-01-04T09:30:00.000-05:00,SCORE_DETAIL_PHASE: Events=1 Accum=1 SOS=0 PhB=1 SOT=0 STup=0
2016-01-04T09:30:00.000-05:00,SCORE_DETAIL_VP: Ctx=0 VPOCmig=1 VAprog=1 PShape=1 FinAuc=1 HVNsup=0 | bShape=0 Unfin=0 HVNoh=-1 valid=true
2016-01-04T09:30:00.000-05:00,SCORE_DETAIL_SPRING: Spring=9(0.68) Ctrl=0
2016-01-04T09:30:00.000-05:00,SCORE_DETAIL_CTX: HTF=1 RS=0 OEL=0(0) VWAP=1(pt=5 proxW=0.569 proxM=0.569) RSI=1
2016-01-04T09:30:00.000-05:00,SCORE_PENALTY: Ghost=0 Climax=0 Stall=0 Failed=0 totalPen=0 | regime=1 vpBins=47 vpRatio=3.568
2016-01-04T09:30:00.000-05:00,LPS ENTRY: price=109.5 score=89 gate=92 mode=Close Above SOS Midpoint spring=true(conf=0.68) closeStr=0.932 volOk=true bars=3 pullback=17.965% prelimRisk=1.26%
2016-01-04T09:30:00.000-05:00,LPS DIST: warnLevel=0 liveCnt=0 bcAge=689 utadAge=469 sowAge=440 lpsyAge=430
2016-01-04T09:30:00.000-05:00,LPS STOP: mode=LPS Low price=107.796 stack=0 vwapW=109.073 vwapM=109.073 VAL=110.594
2016-01-04T09:30:00.000-05:00,COMP VP: VPOC=108.219 VAH=111.32 hvnAbove=110.434 lvnAbove=114.864
2016-01-20T09:30:00.000-05:00,SPRING: conf=0.724 [close=0.229 reclaim=0.109 vol=0.187 age=0.099 tests=0.1] pivot=98.75 pivotAge=77b
2016-01-25T09:30:00.000-05:00,SCORE_FAM: total=71.31 display=71 gate=78 cap=100 scaled=86.31 | Struct=22.5(0.75) Vol=18.25(0.73) Phase=13(0.65) VP=7.8(0.65) Spring=4.192(0.838) Ctx=0.65(0.05)
2016-01-25T09:30:00.000-05:00,SCORE_DETAIL_STRUCT: HL=25(1) Spread=15(1) PB=15(1) Power=0 Mid=0 Slope=0 Flip=0
2016-01-25T09:30:00.000-05:00,SCORE_DETAIL_VOL: Dry=25(1) Supply=0(0) Effort=0(0/0) Decl=0 Con=0
2016-01-25T09:30:00.000-05:00,SCORE_DETAIL_PHASE: Events=1 Accum=1 SOS=0 PhB=1 SOT=0 STup=0
2016-01-25T09:30:00.000-05:00,SCORE_DETAIL_VP: Ctx=1 VPOCmig=1 VAprog=1 PShape=0 FinAuc=1 HVNsup=1 | bShape=0 Unfin=0 HVNoh=-1 valid=true
2016-01-25T09:30:00.000-05:00,SCORE_DETAIL_SPRING: Spring=14(0.932) Ctrl=0
2016-01-25T09:30:00.000-05:00,SCORE_DETAIL_CTX: HTF=0 RS=0 OEL=0(0) VWAP=0(pt=0 proxW=0.255 proxM=0.59) RSI=1
2016-01-25T09:30:00.000-05:00,SCORE_PENALTY: Ghost=0 Climax=0 Stall=-15 Failed=0 totalPen=-15 | regime=1.3 vpBins=75 vpRatio=0.971
2016-01-26T09:30:00.000-05:00,SCORE_FAM: total=74.251 display=74 gate=81 cap=100 scaled=89.251 | Struct=22.5(0.75) Vol=18.25(0.73) Phase=13(0.65) VP=7.8(0.65) Spring=4.192(0.838) Ctx=2.912(0.224)
2016-01-26T09:30:00.000-05:00,SCORE_DETAIL_STRUCT: HL=25(1) Spread=15(1) PB=15(1) Power=0 Mid=0 Slope=0 Flip=0
2016-01-26T09:30:00.000-05:00,SCORE_DETAIL_VOL: Dry=25(1) Supply=0(0) Effort=0(0/0) Decl=0 Con=0
2016-01-26T09:30:00.000-05:00,SCORE_DETAIL_PHASE: Events=1 Accum=1 SOS=0 PhB=1 SOT=0 STup=0
2016-01-26T09:30:00.000-05:00,SCORE_DETAIL_VP: Ctx=1 VPOCmig=1 VAprog=1 PShape=0 FinAuc=1 HVNsup=1 | bShape=0 Unfin=0 HVNoh=-1 valid=true
2016-01-26T09:30:00.000-05:00,SCORE_DETAIL_SPRING: Spring=14(0.932) Ctrl=0
2016-01-26T09:30:00.000-05:00,SCORE_DETAIL_CTX: HTF=0 RS=0 OEL=0(0) VWAP=0.6(pt=3 proxW=0.422 proxM=0.742) RSI=1
2016-01-26T09:30:00.000-05:00,SCORE_PENALTY: Ghost=0 Climax=0 Stall=-15 Failed=0 totalPen=-15 | regime=1.3 vpBins=75 vpRatio=0.953
2016-01-27T09:30:00.000-05:00,SCORE_FAM: total=67.41 display=67 gate=74 cap=100 scaled=82.41 | Struct=22.5(0.75) Vol=18.25(0.73) Phase=13(0.65) VP=4.8(0.4) Spring=4.192(0.838) Ctx=0.65(0.05)
2016-01-27T09:30:00.000-05:00,SCORE_DETAIL_STRUCT: HL=25(1) Spread=15(1) PB=15(1) Power=0 Mid=0 Slope=0 Flip=0
2016-01-27T09:30:00.000-05:00,SCORE_DETAIL_VOL: Dry=25(1) Supply=0(0) Effort=0(0/0) Decl=0 Con=0
2016-01-27T09:30:00.000-05:00,SCORE_DETAIL_PHASE: Events=1 Accum=1 SOS=0 PhB=1 SOT=0 STup=0
2016-01-27T09:30:00.000-05:00,SCORE_DETAIL_VP: Ctx=0.5 VPOCmig=1 VAprog=1 PShape=0 FinAuc=1 HVNsup=0 | bShape=0 Unfin=0 HVNoh=-1 valid=true
2016-01-27T09:30:00.000-05:00,SCORE_DETAIL_SPRING: Spring=14(0.932) Ctrl=0
2016-01-27T09:30:00.000-05:00,SCORE_DETAIL_CTX: HTF=0 RS=0 OEL=0(0) VWAP=0(pt=0 proxW=0.793 proxM=1.318) RSI=1
2016-01-27T09:30:00.000-05:00,SCORE_PENALTY: Ghost=0 Climax=0 Stall=-15 Failed=0 totalPen=-15 | regime=1.3 vpBins=75 vpRatio=0.929
2016-01-28T09:30:00.000-05:00,SCORE_FAM: total=63.201 display=63 gate=69 cap=100 scaled=78.201 | Struct=22.5(0.75) Vol=10.95(0.438) Phase=13(0.65) VP=6.6(0.55) Spring=4.192(0.838) Ctx=2.912(0.224)
2016-01-28T09:30:00.000-05:00,SCORE_DETAIL_STRUCT: HL=25(1) Spread=15(1) PB=15(1) Power=0 Mid=0 Slope=0 Flip=0
2016-01-28T09:30:00.000-05:00,SCORE_DETAIL_VOL: Dry=15(0.6) Supply=0(0) Effort=0(0/0) Decl=0 Con=0
2016-01-28T09:30:00.000-05:00,SCORE_DETAIL_PHASE: Events=1 Accum=1 SOS=0 PhB=1 SOT=0 STup=0
2016-01-28T09:30:00.000-05:00,SCORE_DETAIL_VP: Ctx=1 VPOCmig=1 VAprog=1 PShape=0 FinAuc=1 HVNsup=0 | bShape=0 Unfin=0 HVNoh=-1 valid=true
2016-01-28T09:30:00.000-05:00,SCORE_DETAIL_SPRING: Spring=14(0.932) Ctrl=0
2016-01-28T09:30:00.000-05:00,SCORE_DETAIL_CTX: HTF=0 RS=0 OEL=0(0) VWAP=0.6(pt=3 proxW=0.736 proxM=1.3) RSI=1
2016-01-28T09:30:00.000-05:00,SCORE_PENALTY: Ghost=0 Climax=0 Stall=-15 Failed=0 totalPen=-15 | regime=1.3 vpBins=75 vpRatio=0.908
2016-01-29T09:30:00.000-05:00,SCORE_FAM: total=63.552 display=64 gate=70 cap=100 scaled=78.552 | Struct=22.5(0.75) Vol=9.713(0.389) Phase=13(0.65) VP=6.6(0.55) Spring=4.192(0.838) Ctx=4.42(0.34)
2016-01-29T09:30:00.000-05:00,SCORE_DETAIL_STRUCT: HL=25(1) Spread=15(1) PB=15(1) Power=0 Mid=0 Slope=0 Flip=0
2016-01-29T09:30:00.000-05:00,SCORE_DETAIL_VOL: Dry=15(0.6) Supply=-5(-0.33) Effort=0(0/0) Decl=0 Con=0
2016-01-29T09:30:00.000-05:00,SCORE_DETAIL_PHASE: Events=1 Accum=1 SOS=0 PhB=1 SOT=0 STup=0
2016-01-29T09:30:00.000-05:00,SCORE_DETAIL_VP: Ctx=1 VPOCmig=1 VAprog=1 PShape=0 FinAuc=1 HVNsup=0 | bShape=0 Unfin=0 HVNoh=-1 valid=true
2016-01-29T09:30:00.000-05:00,SCORE_DETAIL_SPRING: Spring=14(0.932) Ctrl=0
2016-01-29T09:30:00.000-05:00,SCORE_DETAIL_CTX: HTF=0 RS=0 OEL=0(0) VWAP=1(pt=5 proxW=0.878 proxM=1.31) RSI=1
2016-01-29T09:30:00.000-05:00,SCORE_PENALTY: Ghost=0 Climax=0 Stall=-15 Failed=0 totalPen=-15 | regime=1.3 vpBins=75 vpRatio=0.886
2016-01-29T09:30:00.000-05:00,LPS ENTRY: price=104.13 score=64 gate=70 mode=Close Above SOS Midpoint spring=true(conf=0.932) closeStr=0.982 volOk=true bars=5 pullback=45.93% prelimRisk=3.822%
2016-01-29T09:30:00.000-05:00,LPS DIST: warnLevel=0 liveCnt=0 bcAge=707 utadAge=487 sowAge=458 lpsyAge=448
2016-01-29T09:30:00.000-05:00,LPS STOP: mode=LPS Low price=99.85 stack=0 vwapW=102.315 vwapM=103.382 VAL=97.25
2016-01-29T09:30:00.000-05:00,COMP VP: VPOC=101.131 VAH=111.32 hvnAbove=104.232 lvnAbove=114.864
2016-02-24T09:30:00.000-05:00,SCORE_FAM: total=75.334 display=75 gate=82 cap=100 scaled=90.334 | Struct=20.025(0.667) Vol=18.25(0.73) Phase=13(0.65) VP=9.6(0.8) Spring=4.192(0.838) Ctx=4.42(0.34)
2016-02-24T09:30:00.000-05:00,SCORE_DETAIL_STRUCT: HL=25(1) Spread=10(0.67) PB=15(1) Power=0 Mid=0 Slope=0 Flip=0
2016-02-24T09:30:00.000-05:00,SCORE_DETAIL_VOL: Dry=25(1) Supply=0(0) Effort=0(0/0) Decl=0 Con=0
2016-02-24T09:30:00.000-05:00,SCORE_DETAIL_PHASE: Events=1 Accum=1 SOS=0 PhB=1 SOT=0 STup=0
2016-02-24T09:30:00.000-05:00,SCORE_DETAIL_VP: Ctx=1 VPOCmig=1 VAprog=1 PShape=1 FinAuc=1 HVNsup=0 | bShape=0 Unfin=0 HVNoh=-1 valid=true
2016-02-24T09:30:00.000-05:00,SCORE_DETAIL_SPRING: Spring=14(0.932) Ctrl=0
2016-02-24T09:30:00.000-05:00,SCORE_DETAIL_CTX: HTF=0 RS=0 OEL=0(0) VWAP=1(pt=5 proxW=1.031 proxM=0.122) RSI=1
2016-02-24T09:30:00.000-05:00,SCORE_PENALTY: Ghost=0 Climax=0 Stall=-15 Failed=0 totalPen=-15 | regime=1.3 vpBins=34 vpRatio=2.042
2016-02-25T09:30:00.000-05:00,SCORE_FAM: total=80.51 display=81 gate=83 cap=100 scaled=80.51 | Struct=17.475(0.583) Vol=10.95(0.438) Phase=13(0.65) VP=9.6(0.8) Spring=4.192(0.838) Ctx=4.42(0.34)
2016-02-25T09:30:00.000-05:00,SCORE_DETAIL_STRUCT: HL=25(1) Spread=5(0.33) PB=15(1) Power=0 Mid=0 Slope=0 Flip=0
2016-02-25T09:30:00.000-05:00,SCORE_DETAIL_VOL: Dry=15(0.6) Supply=0(0) Effort=0(0/0) Decl=1 Con=0
2016-02-25T09:30:00.000-05:00,SCORE_DETAIL_PHASE: Events=1 Accum=1 SOS=0 PhB=1 SOT=0 STup=0
2016-02-25T09:30:00.000-05:00,SCORE_DETAIL_VP: Ctx=1 VPOCmig=1 VAprog=1 PShape=1 FinAuc=1 HVNsup=0 | bShape=0 Unfin=0 HVNoh=-1 valid=true
2016-02-25T09:30:00.000-05:00,SCORE_DETAIL_SPRING: Spring=14(0.932) Ctrl=0
2016-02-25T09:30:00.000-05:00,SCORE_DETAIL_CTX: HTF=0 RS=0 OEL=0(0) VWAP=1(pt=5 proxW=1.141 proxM=0.073) RSI=1
2016-02-25T09:30:00.000-05:00,SCORE_PENALTY: Ghost=0 Climax=0 Stall=0 Failed=0 totalPen=0 | regime=1 vpBins=34 vpRatio=2.095
2016-02-26T09:30:00.000-05:00,SCORE_FAM: total=83.953 display=84 gate=87 cap=100 scaled=83.953 | Struct=20.025(0.667) Vol=10.95(0.438) Phase=13(0.65) VP=9.6(0.8) Spring=4.192(0.838) Ctx=4.42(0.34)
2016-02-26T09:30:00.000-05:00,SCORE_DETAIL_STRUCT: HL=25(1) Spread=10(0.67) PB=15(1) Power=0 Mid=0 Slope=0 Flip=0
2016-02-26T09:30:00.000-05:00,SCORE_DETAIL_VOL: Dry=15(0.6) Supply=0(0) Effort=0(0/0) Decl=1 Con=0
2016-02-26T09:30:00.000-05:00,SCORE_DETAIL_PHASE: Events=1 Accum=1 SOS=0 PhB=1 SOT=0 STup=0
2016-02-26T09:30:00.000-05:00,SCORE_DETAIL_VP: Ctx=1 VPOCmig=1 VAprog=1 PShape=1 FinAuc=1 HVNsup=0 | bShape=0 Unfin=0 HVNoh=-1 valid=true
2016-02-26T09:30:00.000-05:00,SCORE_DETAIL_SPRING: Spring=14(0.932) Ctrl=0
2016-02-26T09:30:00.000-05:00,SCORE_DETAIL_CTX: HTF=0 RS=0 OEL=0(0) VWAP=1(pt=5 proxW=1.303 proxM=0.012) RSI=1
2016-02-26T09:30:00.000-05:00,SCORE_PENALTY: Ghost=0 Climax=0 Stall=0 Failed=0 totalPen=0 | regime=1 vpBins=34 vpRatio=2.151
2016-02-29T09:30:00.000-05:00,SCORE_FAM: total=88.718 display=89 gate=92 cap=100 scaled=88.718 | Struct=20.025(0.667) Vol=18.25(0.73) Phase=13(0.65) VP=9.6(0.8) Spring=4.192(0.838) Ctx=0.65(0.05)
2016-02-29T09:30:00.000-05:00,SCORE_DETAIL_STRUCT: HL=25(1) Spread=10(0.67) PB=15(1) Power=0 Mid=0 Slope=0 Flip=0
2016-02-29T09:30:00.000-05:00,SCORE_DETAIL_VOL: Dry=25(1) Supply=0(0) Effort=0(0/0) Decl=0 Con=0
2016-02-29T09:30:00.000-05:00,SCORE_DETAIL_PHASE: Events=1 Accum=1 SOS=0 PhB=1 SOT=0 STup=0
2016-02-29T09:30:00.000-05:00,SCORE_DETAIL_VP: Ctx=1 VPOCmig=1 VAprog=1 PShape=1 FinAuc=1 HVNsup=0 | bShape=0 Unfin=0 HVNoh=-1 valid=true
2016-02-29T09:30:00.000-05:00,SCORE_DETAIL_SPRING: Spring=14(0.932) Ctrl=0
2016-02-29T09:30:00.000-05:00,SCORE_DETAIL_CTX: HTF=0 RS=0 OEL=0(0) VWAP=0(pt=0 proxW=1.533 proxM=0.033) RSI=1
2016-02-29T09:30:00.000-05:00,SCORE_PENALTY: Ghost=0 Climax=0 Stall=0 Failed=0 totalPen=0 | regime=1 vpBins=34 vpRatio=2.202
2016-03-01T09:30:00.000-05:00,SCORE_FAM: total=85.573 display=86 gate=89 cap=100 scaled=85.573 | Struct=20.025(0.667) Vol=10.95(0.438) Phase=13(0.65) VP=10.8(0.9) Spring=4.192(0.838) Ctx=4.42(0.34)
2016-03-01T09:30:00.000-05:00,SCORE_DETAIL_STRUCT: HL=25(1) Spread=10(0.67) PB=15(1) Power=0 Mid=0 Slope=0 Flip=0
2016-03-01T09:30:00.000-05:00,SCORE_DETAIL_VOL: Dry=15(0.6) Supply=0(0) Effort=0(0/0) Decl=1 Con=0
2016-03-01T09:30:00.000-05:00,SCORE_DETAIL_PHASE: Events=1 Accum=1 SOS=0 PhB=1 SOT=0 STup=0
2016-03-01T09:30:00.000-05:00,SCORE_DETAIL_VP: Ctx=1 VPOCmig=1 VAprog=1 PShape=1 FinAuc=1 HVNsup=0 | bShape=0 Unfin=0 HVNoh=0 valid=true
2016-03-01T09:30:00.000-05:00,SCORE_DETAIL_SPRING: Spring=14(0.932) Ctrl=0
2016-03-01T09:30:00.000-05:00,SCORE_DETAIL_CTX: HTF=0 RS=0 OEL=0(0) VWAP=1(pt=5 proxW=1.967 proxM=2.326) RSI=1
2016-03-01T09:30:00.000-05:00,SCORE_PENALTY: Ghost=0 Climax=0 Stall=0 Failed=0 totalPen=0 | regime=1 vpBins=34 vpRatio=2.27
2016-03-02T09:30:00.000-05:00,SCORE_FAM: total=92.374 display=92 gate=96 cap=100 scaled=92.374 | Struct=20.025(0.667) Vol=18.25(0.73) Phase=13(0.65) VP=10.8(0.9) Spring=4.192(0.838) Ctx=2.158(0.166)
2016-03-02T09:30:00.000-05:00,SCORE_DETAIL_STRUCT: HL=25(1) Spread=10(0.67) PB=15(1) Power=0 Mid=0 Slope=0 Flip=0
2016-03-02T09:30:00.000-05:00,SCORE_DETAIL_VOL: Dry=25(1) Supply=0(0) Effort=0(0/0) Decl=0 Con=0
2016-03-02T09:30:00.000-05:00,SCORE_DETAIL_PHASE: Events=1 Accum=1 SOS=0 PhB=1 SOT=0 STup=0
2016-03-02T09:30:00.000-05:00,SCORE_DETAIL_VP: Ctx=1 VPOCmig=1 VAprog=1 PShape=1 FinAuc=1 HVNsup=0 | bShape=0 Unfin=0 HVNoh=0 valid=true
2016-03-02T09:30:00.000-05:00,SCORE_DETAIL_SPRING: Spring=14(0.932) Ctrl=0
2016-03-02T09:30:00.000-05:00,SCORE_DETAIL_CTX: HTF=0 RS=0 OEL=0(0) VWAP=0.4(pt=2 proxW=2.269 proxM=2.568) RSI=1
2016-03-02T09:30:00.000-05:00,SCORE_PENALTY: Ghost=0 Climax=0 Stall=0 Failed=0 totalPen=0 | regime=1 vpBins=34 vpRatio=2.324
2016-03-03T09:30:00.000-05:00,SCORE_FAM: total=95.716 display=96 gate=99 cap=100 scaled=95.716 | Struct=22.5(0.75) Vol=18.25(0.73) Phase=13(0.65) VP=10.8(0.9) Spring=4.192(0.838) Ctx=2.158(0.166)
2016-03-03T09:30:00.000-05:00,SCORE_DETAIL_STRUCT: HL=25(1) Spread=15(1) PB=15(1) Power=0 Mid=0 Slope=0 Flip=0
2016-03-03T09:30:00.000-05:00,SCORE_DETAIL_VOL: Dry=25(1) Supply=0(0) Effort=0(0/0) Decl=0 Con=0
2016-03-03T09:30:00.000-05:00,SCORE_DETAIL_PHASE: Events=1 Accum=1 SOS=0 PhB=1 SOT=0 STup=0
2016-03-03T09:30:00.000-05:00,SCORE_DETAIL_VP: Ctx=1 VPOCmig=1 VAprog=1 PShape=1 FinAuc=1 HVNsup=0 | bShape=0 Unfin=0 HVNoh=0 valid=true
2016-03-03T09:30:00.000-05:00,SCORE_DETAIL_SPRING: Spring=14(0.932) Ctrl=0
2016-03-03T09:30:00.000-05:00,SCORE_DETAIL_CTX: HTF=0 RS=0 OEL=0(0) VWAP=0.4(pt=2 proxW=2.45 proxM=2.702) RSI=1
2016-03-03T09:30:00.000-05:00,SCORE_PENALTY: Ghost=0 Climax=0 Stall=0 Failed=0 totalPen=0 | regime=1 vpBins=34 vpRatio=2.37
2016-03-04T09:30:00.000-05:00,SCORE_FAM: total=95.716 display=96 gate=99 cap=100 scaled=95.716 | Struct=22.5(0.75) Vol=18.25(0.73) Phase=13(0.65) VP=10.8(0.9) Spring=4.192(0.838) Ctx=2.158(0.166)
2016-03-04T09:30:00.000-05:00,SCORE_DETAIL_STRUCT: HL=25(1) Spread=15(1) PB=15(1) Power=0 Mid=0 Slope=0 Flip=0
2016-03-04T09:30:00.000-05:00,SCORE_DETAIL_VOL: Dry=25(1) Supply=0(0) Effort=0(0/0) Decl=0 Con=0
2016-03-04T09:30:00.000-05:00,SCORE_DETAIL_PHASE: Events=1 Accum=1 SOS=0 PhB=1 SOT=0 STup=0
2016-03-04T09:30:00.000-05:00,SCORE_DETAIL_VP: Ctx=1 VPOCmig=1 VAprog=1 PShape=1 FinAuc=1 HVNsup=0 | bShape=0 Unfin=0 HVNoh=0 valid=true
2016-03-04T09:30:00.000-05:00,SCORE_DETAIL_SPRING: Spring=14(0.932) Ctrl=0
2016-03-04T09:30:00.000-05:00,SCORE_DETAIL_CTX: HTF=0 RS=0 OEL=0(0) VWAP=0.4(pt=2 proxW=2.604 proxM=2.817) RSI=1
2016-03-04T09:30:00.000-05:00,SCORE_PENALTY: Ghost=0 Climax=0 Stall=0 Failed=0 totalPen=0 | regime=1 vpBins=47 vpRatio=2.142
2016-05-02T09:30:00.000-04:00,SPRING: conf=0.555 [close=0.266 reclaim=0.036 vol=0.092 age=0.128 tests=0.033] pivot=106.53 pivotAge=26b
2016-06-28T09:30:00.000-04:00,SPRING: conf=0.565 [close=0.288 reclaim=0.012 vol=0.11 age=0.121 tests=0.033] pivot=104.4 pivotAge=36b
2016-08-23T09:30:00.000-04:00,"SOS CONFIRMED: rally=15.98% low=101.75 high=118.01 bars=27 avgVol=19,579,726.259 adjMinRally=2.8"
2016-08-23T09:30:00.000-04:00,SCORE_FAM: total=111.667 display=100 gate=100 cap=100 scaled=111.667 | Struct=30(1) Vol=10.95(0.438) Phase=13(0.65) VP=12(1) Spring=4.192(0.838) Ctx=9.62(0.74)
2016-08-23T09:30:00.000-04:00,SCORE_DETAIL_STRUCT: HL=25(1) Spread=15(1) PB=0(0) Power=1 Mid=1 Slope=1 Flip=1
2016-08-23T09:30:00.000-04:00,SCORE_DETAIL_VOL: Dry=15(0.6) Supply=0(0) Effort=0(0/0) Decl=1 Con=1
2016-08-23T09:30:00.000-04:00,SCORE_DETAIL_PHASE: Events=1 Accum=1 SOS=0 PhB=1 SOT=0 STup=0
2016-08-23T09:30:00.000-04:00,SCORE_DETAIL_VP: Ctx=1 VPOCmig=1 VAprog=1 PShape=1 FinAuc=1 HVNsup=1 | bShape=0 Unfin=0 HVNoh=0 valid=true
2016-08-23T09:30:00.000-04:00,SCORE_DETAIL_SPRING: Spring=14(0.932) Ctrl=0
2016-08-23T09:30:00.000-04:00,SCORE_DETAIL_CTX: HTF=1 RS=1 OEL=0(0) VWAP=1(pt=5 proxW=0.067 proxM=1.062) RSI=1
2016-08-23T09:30:00.000-04:00,SCORE_PENALTY: Ghost=0 Climax=0 Stall=0 Failed=0 totalPen=0 | regime=0.8 vpBins=34 vpRatio=1.484
2016-08-24T09:30:00.000-04:00,SCORE_FAM: total=91.08 display=91 gate=91 cap=100 scaled=91.08 | Struct=24.975(0.833) Vol=9.24(0.37) Phase=13(0.65) VP=7.8(0.65) Spring=4.192(0.838) Ctx=5.85(0.45)
2016-08-24T09:30:00.000-04:00,SCORE_DETAIL_STRUCT: HL=25(1) Spread=5(0.33) PB=8(0.53) Power=1 Mid=1 Slope=1 Flip=1
2016-08-24T09:30:00.000-04:00,SCORE_DETAIL_VOL: Dry=8(0.32) Supply=0(0) Effort=0(0/0) Decl=1 Con=1
2016-08-24T09:30:00.000-04:00,SCORE_DETAIL_PHASE: Events=1 Accum=1 SOS=0 PhB=1 SOT=0 STup=0
2016-08-24T09:30:00.000-04:00,SCORE_DETAIL_VP: Ctx=0.5 VPOCmig=1 VAprog=1 PShape=1 FinAuc=1 HVNsup=0 | bShape=0 Unfin=0 HVNoh=-1 valid=true
2016-08-24T09:30:00.000-04:00,SCORE_DETAIL_SPRING: Spring=14(0.932) Ctrl=0
2016-08-24T09:30:00.000-04:00,SCORE_DETAIL_CTX: HTF=1 RS=1 OEL=0(0) VWAP=0(pt=0 proxW=0.977 proxM=0.274) RSI=1
2016-08-24T09:30:00.000-04:00,SCORE_PENALTY: Ghost=0 Climax=0 Stall=0 Failed=0 totalPen=0 | regime=0.8 vpBins=34 vpRatio=1.62
2016-08-25T09:30:00.000-04:00,SCORE_FAM: total=82.526 display=83 gate=83 cap=100 scaled=82.526 | Struct=24.975(0.833) Vol=3.75(-0.136) Phase=13(0.65) VP=9(0.75) Spring=4.192(0.838) Ctx=4.03(0.31)
2016-08-25T09:30:00.000-04:00,SCORE_DETAIL_STRUCT: HL=25(1) Spread=5(0.33) PB=15(1) Power=0 Mid=1 Slope=1 Flip=1
2016-08-25T09:30:00.000-04:00,SCORE_DETAIL_VOL: Dry=3(0.12) Supply=0(0) Effort=-10(0/-1) Decl=1 Con=1
2016-08-25T09:30:00.000-04:00,SCORE_DETAIL_PHASE: Events=1 Accum=1 SOS=0 PhB=1 SOT=0 STup=0
2016-08-25T09:30:00.000-04:00,SCORE_DETAIL_VP: Ctx=0.5 VPOCmig=1 VAprog=1 PShape=1 FinAuc=1 HVNsup=1 | bShape=0 Unfin=0 HVNoh=-1 valid=true
2016-08-25T09:30:00.000-04:00,SCORE_DETAIL_SPRING: Spring=14(0.932) Ctrl=0
2016-08-25T09:30:00.000-04:00,SCORE_DETAIL_CTX: HTF=1 RS=0 OEL=0(0) VWAP=0(pt=0 proxW=0.803 proxM=0.34) RSI=1
2016-08-25T09:30:00.000-04:00,SCORE_PENALTY: Ghost=0 Climax=0 Stall=0 Failed=0 totalPen=0 | regime=0.8 vpBins=34 vpRatio=1.807
2016-08-25T09:30:00.000-04:00,LPS ENTRY: price=116.61 score=83 gate=83 mode=Close Above SOS Midpoint spring=true(conf=0.932) closeStr=0.41 volOk=true bars=3 pullback=10.145% prelimRisk=0.214%
2016-08-25T09:30:00.000-04:00,LPS DIST: warnLevel=0 liveCnt=0 bcAge=852 utadAge=632 sowAge=603 lpsyAge=593
2016-08-25T09:30:00.000-04:00,LPS STOP: mode=LPS Low price=116.011 stack=0 vwapW=117.038 vwapM=116.646 VAL=115.135
2016-08-25T09:30:00.000-04:00,COMP VP: VPOC=108.029 VAH=NaN hvnAbove=NaN lvnAbove=117.059
2016-09-19T09:30:00.000-04:00,SCORE_FAM: total=75.946 display=76 gate=79 cap=80 scaled=90.946 | Struct=22.575(0.752) Vol=10.95(0.438) Phase=13(0.65) VP=10.8(0.9) Spring=4.192(0.838) Ctx=5.85(0.45)
2016-09-19T09:30:00.000-04:00,SCORE_DETAIL_STRUCT: HL=25(1) Spread=5(0.33) PB=8(0.53) Power=1 Mid=1 Slope=0 Flip=1
2016-09-19T09:30:00.000-04:00,SCORE_DETAIL_VOL: Dry=15(0.6) Supply=0(0) Effort=0(0/0) Decl=0 Con=1
2016-09-19T09:30:00.000-04:00,SCORE_DETAIL_PHASE: Events=1 Accum=1 SOS=0 PhB=1 SOT=0 STup=0
2016-09-19T09:30:00.000-04:00,SCORE_DETAIL_VP: Ctx=1 VPOCmig=1 VAprog=1 PShape=1 FinAuc=1 HVNsup=1 | bShape=0 Unfin=0 HVNoh=-1 valid=true
2016-09-19T09:30:00.000-04:00,SCORE_DETAIL_SPRING: Spring=14(0.932) Ctrl=0
2016-09-19T09:30:00.000-04:00,SCORE_DETAIL_CTX: HTF=1 RS=1 OEL=0(0) VWAP=0(pt=0 proxW=0.446 proxM=0.193) RSI=1
2016-09-19T09:30:00.000-04:00,SCORE_PENALTY: Ghost=0 Climax=-15 Stall=0 Failed=0 totalPen=-15 | regime=1 vpBins=41 vpRatio=2.572
2016-09-20T09:30:00.000-04:00,SCORE_FAM: total=68.03 display=68 gate=68 cap=80 scaled=83.03 | Struct=22.575(0.752) Vol=4.09(0.164) Phase=13(0.65) VP=9.6(0.8) Spring=4.192(0.838) Ctx=5.85(0.45)
2016-09-20T09:30:00.000-04:00,SCORE_DETAIL_STRUCT: HL=25(1) Spread=5(0.33) PB=8(0.53) Power=1 Mid=1 Slope=0 Flip=1
2016-09-20T09:30:00.000-04:00,SCORE_DETAIL_VOL: Dry=3(0.12) Supply=0(0) Effort=0(0/0) Decl=0 Con=1
2016-09-20T09:30:00.000-04:00,SCORE_DETAIL_PHASE: Events=1 Accum=1 SOS=0 PhB=1 SOT=0 STup=0
2016-09-20T09:30:00.000-04:00,SCORE_DETAIL_VP: Ctx=1 VPOCmig=1 VAprog=1 PShape=1 FinAuc=1 HVNsup=0 | bShape=0 Unfin=0 HVNoh=-1 valid=true
2016-09-20T09:30:00.000-04:00,SCORE_DETAIL_SPRING: Spring=14(0.932) Ctrl=0
2016-09-20T09:30:00.000-04:00,SCORE_DETAIL_CTX: HTF=1 RS=1 OEL=0(0) VWAP=0(pt=0 proxW=0.46 proxM=0.166) RSI=1
2016-09-20T09:30:00.000-04:00,SCORE_PENALTY: Ghost=0 Climax=-15 Stall=0 Failed=0 totalPen=-15 | regime=0.8 vpBins=41 vpRatio=2.662
2016-09-21T09:30:00.000-04:00,SCORE_FAM: total=77.998 display=78 gate=80 cap=80 scaled=92.998 | Struct=27.525(0.917) Vol=3.75(0.063) Phase=13(0.65) VP=10.8(0.9) Spring=4.192(0.838) Ctx=9.62(0.74)
2016-09-21T09:30:00.000-04:00,SCORE_DETAIL_STRUCT: HL=25(1) Spread=10(0.67) PB=8(0.53) Power=1 Mid=1 Slope=1 Flip=1
2016-09-21T09:30:00.000-04:00,SCORE_DETAIL_VOL: Dry=3(0.12) Supply=-10(-0.67) Effort=0(0/0) Decl=0 Con=1
2016-09-21T09:30:00.000-04:00,SCORE_DETAIL_PHASE: Events=1 Accum=1 SOS=0 PhB=1 SOT=0 STup=0
2016-09-21T09:30:00.000-04:00,SCORE_DETAIL_VP: Ctx=1 VPOCmig=1 VAprog=1 PShape=1 FinAuc=1 HVNsup=0 | bShape=0 Unfin=0 HVNoh=0 valid=true
2016-09-21T09:30:00.000-04:00,SCORE_DETAIL_SPRING: Spring=14(0.932) Ctrl=0
2016-09-21T09:30:00.000-04:00,SCORE_DETAIL_CTX: HTF=1 RS=1 OEL=0(0) VWAP=1(pt=5 proxW=0.716 proxM=0.069) RSI=1
2016-09-21T09:30:00.000-04:00,SCORE_PENALTY: Ghost=0 Climax=-15 Stall=0 Failed=0 totalPen=-15 | regime=1 vpBins=53 vpRatio=3.556
2016-09-21T09:30:00.000-04:00,LPS ENTRY: price=118.15 score=78 gate=80 mode=Close Above SOS Midpoint spring=true(conf=0.932) closeStr=0.887 volOk=true bars=3 pullback=8.976% prelimRisk=1.354%
2016-09-21T09:30:00.000-04:00,LPS DIST: warnLevel=0 liveCnt=0 bcAge=870 utadAge=650 sowAge=621 lpsyAge=611
2016-09-21T09:30:00.000-04:00,LPS STOP: mode=LPS Low price=116.2 stack=0 vwapW=117.413 vwapM=116.467 VAL=111.21
2016-09-21T09:30:00.000-04:00,COMP VP: VPOC=110.165 VAH=NaN hvnAbove=NaN lvnAbove=NaN
2016-10-12T09:30:00.000-04:00,SCORE_FAM: total=74.587 display=75 gate=75 cap=100 scaled=94.587 | Struct=30(1) Vol=6.74(0.27) Phase=13(0.65) VP=9.6(0.8) Spring=4.192(0.838) Ctx=4.03(0.31)
2016-10-12T09:30:00.000-04:00,SCORE_DETAIL_STRUCT: HL=25(1) Spread=15(1) PB=15(1) Power=0 Mid=1 Slope=1 Flip=1
2016-10-12T09:30:00.000-04:00,SCORE_DETAIL_VOL: Dry=8(0.32) Supply=0(0) Effort=0(0/0) Decl=0 Con=1
2016-10-12T09:30:00.000-04:00,SCORE_DETAIL_PHASE: Events=1 Accum=1 SOS=0 PhB=1 SOT=0 STup=0
2016-10-12T09:30:00.000-04:00,SCORE_DETAIL_VP: Ctx=1 VPOCmig=1 VAprog=1 PShape=1 FinAuc=1 HVNsup=0 | bShape=0 Unfin=0 HVNoh=-1 valid=true
2016-10-12T09:30:00.000-04:00,SCORE_DETAIL_SPRING: Spring=14(0.932) Ctrl=0
2016-10-12T09:30:00.000-04:00,SCORE_DETAIL_CTX: HTF=1 RS=0 OEL=0(0) VWAP=0(pt=0 proxW=1.009 proxM=1.182) RSI=1
2016-10-12T09:30:00.000-04:00,SCORE_PENALTY: Ghost=0 Climax=-15 Stall=-5 Failed=0 totalPen=-20 | regime=0.8 vpBins=58 vpRatio=2.128
2016-10-13T09:30:00.000-04:00,SCORE_FAM: total=59.228 display=59 gate=62 cap=100 scaled=79.228 | Struct=25.425(0.847) Vol=4.24(0.17) Phase=13(0.65) VP=7.8(0.65) Spring=4.192(0.838) Ctx=4.03(0.31)
2016-10-13T09:30:00.000-04:00,SCORE_DETAIL_STRUCT: HL=25(1) Spread=10(0.67) PB=15(1) Power=0 Mid=1 Slope=1 Flip=0
2016-10-13T09:30:00.000-04:00,SCORE_DETAIL_VOL: Dry=8(0.32) Supply=0(0) Effort=0(0/0) Decl=0 Con=0
2016-10-13T09:30:00.000-04:00,SCORE_DETAIL_PHASE: Events=1 Accum=1 SOS=0 PhB=1 SOT=0 STup=0
2016-10-13T09:30:00.000-04:00,SCORE_DETAIL_VP: Ctx=0.5 VPOCmig=1 VAprog=1 PShape=1 FinAuc=1 HVNsup=0 | bShape=0 Unfin=0 HVNoh=-1 valid=true
2016-10-13T09:30:00.000-04:00,SCORE_DETAIL_SPRING: Spring=14(0.932) Ctrl=0
2016-10-13T09:30:00.000-04:00,SCORE_DETAIL_CTX: HTF=1 RS=0 OEL=0(0) VWAP=0(pt=0 proxW=1.609 proxM=1.927) RSI=1
2016-10-13T09:30:00.000-04:00,SCORE_PENALTY: Ghost=0 Climax=-15 Stall=-5 Failed=0 totalPen=-20 | regime=1 vpBins=58 vpRatio=2.185
2016-10-13T09:30:00.000-04:00,LPS ENTRY: price=117 score=59 gate=62 mode=Close Above SOS Midpoint spring=true(conf=0.932) closeStr=0.768 volOk=true bars=2 pullback=19.681% prelimRisk=0.906%
2016-10-13T09:30:00.000-04:00,LPS DIST: warnLevel=0 liveCnt=0 bcAge=886 utadAge=666 sowAge=637 lpsyAge=627
2016-10-13T09:30:00.000-04:00,LPS STOP: mode=LPS Low price=115.592 stack=0 vwapW=117.82 vwapM=118.192 VAL=114.876
2016-10-13T09:30:00.000-04:00,COMP VP: VPOC=110.051 VAH=NaN hvnAbove=NaN lvnAbove=118.487
2016-11-01T09:30:00.000-04:00,SPRING: conf=0.522 [close=0.143 reclaim=0.02 vol=0.121 age=0.138 tests=0.1] pivot=115.94 pivotAge=13b
2016-11-02T09:30:00.000-04:00,SCORE_FAM: total=35.404 display=35 gate=38 cap=100 scaled=65.404 | Struct=19.875(0.662) Vol=3.75(-0.55) Phase=8.8(0.44) VP=7.8(0.65) Spring=4.192(0.838) Ctx=4.03(0.31)
2016-11-02T09:30:00.000-04:00,SCORE_DETAIL_STRUCT: HL=25(1) Spread=5(0.33) PB=15(1) Power=0 Mid=0 Slope=1 Flip=0
2016-11-02T09:30:00.000-04:00,SCORE_DETAIL_VOL: Dry=0(0) Supply=-15(-1) Effort=-10(0/-1) Decl=0 Con=0
2016-11-02T09:30:00.000-04:00,SCORE_DETAIL_PHASE: Events=1 Accum=0 SOS=0 PhB=1 SOT=0 STup=0
2016-11-02T09:30:00.000-04:00,SCORE_DETAIL_VP: Ctx=0.5 VPOCmig=1 VAprog=1 PShape=1 FinAuc=1 HVNsup=0 | bShape=0 Unfin=0 HVNoh=-1 valid=true
2016-11-02T09:30:00.000-04:00,SCORE_DETAIL_SPRING: Spring=14(0.932) Ctrl=0
2016-11-02T09:30:00.000-04:00,SCORE_DETAIL_CTX: HTF=1 RS=0 OEL=0(0) VWAP=0(pt=0 proxW=1.078 proxM=0.759) RSI=1
2016-11-02T09:30:00.000-04:00,SCORE_PENALTY: Ghost=0 Climax=-15 Stall=-15 Failed=0 totalPen=-30 | regime=1 vpBins=63 vpRatio=2.783
2016-11-03T09:30:00.000-04:00,SCORE_FAM: total=32.974 display=33 gate=35 cap=100 scaled=62.974 | Struct=19.875(0.662) Vol=3.75(-0.55) Phase=8.8(0.44) VP=6(0.5) Spring=4.192(0.838) Ctx=4.03(0.31)
2016-11-03T09:30:00.000-04:00,SCORE_DETAIL_STRUCT: HL=25(1) Spread=5(0.33) PB=15(1) Power=0 Mid=0 Slope=1 Flip=0
2016-11-03T09:30:00.000-04:00,SCORE_DETAIL_VOL: Dry=0(0) Supply=-15(-1) Effort=-10(0/-1) Decl=0 Con=0
2016-11-03T09:30:00.000-04:00,SCORE_DETAIL_PHASE: Events=1 Accum=0 SOS=0 PhB=1 SOT=0 STup=0
2016-11-03T09:30:00.000-04:00,SCORE_DETAIL_VP: Ctx=0 VPOCmig=1 VAprog=1 PShape=1 FinAuc=1 HVNsup=0 | bShape=0 Unfin=0 HVNoh=-1 valid=true
2016-11-03T09:30:00.000-04:00,SCORE_DETAIL_SPRING: Spring=14(0.932) Ctrl=0
2016-11-03T09:30:00.000-04:00,SCORE_DETAIL_CTX: HTF=1 RS=0 OEL=0(0) VWAP=0(pt=0 proxW=1.384 proxM=1.095) RSI=1
2016-11-03T09:30:00.000-04:00,SCORE_PENALTY: Ghost=0 Climax=-15 Stall=-15 Failed=0 totalPen=-30 | regime=1 vpBins=63 vpRatio=2.557
2016-11-04T09:30:00.000-04:00,SPRING: conf=0.403 [close=0.055 reclaim=0.005 vol=0.124 age=0.119 tests=0.1] pivot=113.63 pivotAge=39b
2016-11-04T09:30:00.000-04:00,SCORE_FAM: total=24.323 display=24 gate=26 cap=85 scaled=54.323 | Struct=19.875(0.662) Vol=3.75(-0.55) Phase=8.8(0.44) VP=6(0.5) Spring=1.814(0.363) Ctx=0(0)
2016-11-04T09:30:00.000-04:00,SCORE_DETAIL_STRUCT: HL=25(1) Spread=5(0.33) PB=15(1) Power=0 Mid=0 Slope=1 Flip=0
2016-11-04T09:30:00.000-04:00,SCORE_DETAIL_VOL: Dry=0(0) Supply=-15(-1) Effort=-10(0/-1) Decl=0 Con=0
2016-11-04T09:30:00.000-04:00,SCORE_DETAIL_PHASE: Events=1 Accum=0 SOS=0 PhB=1 SOT=0 STup=0
2016-11-04T09:30:00.000-04:00,SCORE_DETAIL_VP: Ctx=0 VPOCmig=1 VAprog=1 PShape=1 FinAuc=1 HVNsup=0 | bShape=0 Unfin=0 HVNoh=-1 valid=true
2016-11-04T09:30:00.000-04:00,SCORE_DETAIL_SPRING: Spring=5(0.403) Ctrl=0
2016-11-04T09:30:00.000-04:00,SCORE_DETAIL_CTX: HTF=0 RS=0 OEL=0(0) VWAP=0(pt=0 proxW=1.5 proxM=1.23) RSI=0
2016-11-04T09:30:00.000-04:00,SCORE_PENALTY: Ghost=0 Climax=-15 Stall=-15 Failed=0 totalPen=-30 | regime=1 vpBins=63 vpRatio=2.411
2016-11-07T09:30:00.000-05:00,SCORE_FAM: total=36.163 display=36 gate=39 cap=85 scaled=66.163 | Struct=22.425(0.747) Vol=3.75(-0.15) Phase=8.8(0.44) VP=7.8(0.65) Spring=1.814(0.363) Ctx=4.42(0.34)
2016-11-07T09:30:00.000-05:00,SCORE_DETAIL_STRUCT: HL=25(1) Spread=10(0.67) PB=15(1) Power=0 Mid=0 Slope=1 Flip=0
2016-11-07T09:30:00.000-05:00,SCORE_DETAIL_VOL: Dry=0(0) Supply=-15(-1) Effort=0(0/0) Decl=0 Con=0
2016-11-07T09:30:00.000-05:00,SCORE_DETAIL_PHASE: Events=1 Accum=0 SOS=0 PhB=1 SOT=0 STup=0
2016-11-07T09:30:00.000-05:00,SCORE_DETAIL_VP: Ctx=0.5 VPOCmig=1 VAprog=1 PShape=1 FinAuc=1 HVNsup=0 | bShape=0 Unfin=0 HVNoh=-1 valid=true
2016-11-07T09:30:00.000-05:00,SCORE_DETAIL_SPRING: Spring=5(0.403) Ctrl=0
2016-11-07T09:30:00.000-05:00,SCORE_DETAIL_CTX: HTF=0 RS=0 OEL=0(0) VWAP=1(pt=5 proxW=1.996 proxM=1.285) RSI=1
2016-11-07T09:30:00.000-05:00,SCORE_PENALTY: Ghost=0 Climax=-15 Stall=-15 Failed=0 totalPen=-30 | regime=1 vpBins=63 vpRatio=2.467
2016-11-08T09:30:00.000-05:00,SCORE_FAM: total=35.15 display=35 gate=38 cap=85 scaled=65.15 | Struct=19.875(0.662) Vol=3.75(-0.55) Phase=8.8(0.44) VP=9.6(0.8) Spring=1.814(0.363) Ctx=4.42(0.34)
2016-11-08T09:30:00.000-05:00,SCORE_DETAIL_STRUCT: HL=25(1) Spread=5(0.33) PB=15(1) Power=0 Mid=0 Slope=1 Flip=0
2016-11-08T09:30:00.000-05:00,SCORE_DETAIL_VOL: Dry=0(0) Supply=-15(-1) Effort=-10(0/-1) Decl=0 Con=0
2016-11-08T09:30:00.000-05:00,SCORE_DETAIL_PHASE: Events=1 Accum=0 SOS=0 PhB=1 SOT=0 STup=0
2016-11-08T09:30:00.000-05:00,SCORE_DETAIL_VP: Ctx=1 VPOCmig=1 VAprog=1 PShape=1 FinAuc=1 HVNsup=0 | bShape=0 Unfin=0 HVNoh=-1 valid=true
2016-11-08T09:30:00.000-05:00,SCORE_DETAIL_SPRING: Spring=5(0.403) Ctrl=0
2016-11-08T09:30:00.000-05:00,SCORE_DETAIL_CTX: HTF=0 RS=0 OEL=0(0) VWAP=1(pt=5 proxW=2.241 proxM=1.433) RSI=1
2016-11-08T09:30:00.000-05:00,SCORE_PENALTY: Ghost=0 Climax=-15 Stall=-15 Failed=0 totalPen=-30 | regime=1 vpBins=63 vpRatio=2.511
2016-11-09T09:30:00.000-05:00,SCORE_FAM: total=42.44 display=42 gate=45 cap=85 scaled=72.44 | Struct=19.875(0.662) Vol=3.75(-0.55) Phase=13(0.65) VP=10.8(0.9) Spring=1.814(0.363) Ctx=4.42(0.34)
2016-11-09T09:30:00.000-05:00,SCORE_DETAIL_STRUCT: HL=25(1) Spread=5(0.33) PB=15(1) Power=0 Mid=0 Slope=1 Flip=0
2016-11-09T09:30:00.000-05:00,SCORE_DETAIL_VOL: Dry=0(0) Supply=-15(-1) Effort=-10(0/-1) Decl=0 Con=0
2016-11-09T09:30:00.000-05:00,SCORE_DETAIL_PHASE: Events=1 Accum=1 SOS=0 PhB=1 SOT=0 STup=0
2016-11-09T09:30:00.000-05:00,SCORE_DETAIL_VP: Ctx=1 VPOCmig=1 VAprog=1 PShape=1 FinAuc=1 HVNsup=0 | bShape=0 Unfin=0 HVNoh=0 valid=true
2016-11-09T09:30:00.000-05:00,SCORE_DETAIL_SPRING: Spring=5(0.403) Ctrl=0
2016-11-09T09:30:00.000-05:00,SCORE_DETAIL_CTX: HTF=0 RS=0 OEL=0(0) VWAP=1(pt=5 proxW=2.398 proxM=1.733) RSI=1
2016-11-09T09:30:00.000-05:00,SCORE_PENALTY: Ghost=0 Climax=-15 Stall=-15 Failed=0 totalPen=-30 | regime=1 vpBins=63 vpRatio=2.66
2016-11-10T09:30:00.000-05:00,SCORE_FAM: total=27.631 display=28 gate=30 cap=85 scaled=57.631 | Struct=19.875(0.662) Vol=3.75(-0.55) Phase=8.8(0.44) VP=7.8(0.65) Spring=1.814(0.363) Ctx=0.65(0.05)
2016-11-10T09:30:00.000-05:00,SCORE_DETAIL_STRUCT: HL=25(1) Spread=5(0.33) PB=15(1) Power=0 Mid=0 Slope=1 Flip=0
2016-11-10T09:30:00.000-05:00,SCORE_DETAIL_VOL: Dry=0(0) Supply=-15(-1) Effort=-10(0/-1) Decl=0 Con=0
2016-11-10T09:30:00.000-05:00,SCORE_DETAIL_PHASE: Events=1 Accum=0 SOS=0 PhB=1 SOT=0 STup=0
2016-11-10T09:30:00.000-05:00,SCORE_DETAIL_VP: Ctx=0.5 VPOCmig=1 VAprog=1 PShape=1 FinAuc=1 HVNsup=0 | bShape=0 Unfin=0 HVNoh=-1 valid=true
2016-11-10T09:30:00.000-05:00,SCORE_DETAIL_SPRING: Spring=5(0.403) Ctrl=0
2016-11-10T09:30:00.000-05:00,SCORE_DETAIL_CTX: HTF=0 RS=0 OEL=0(0) VWAP=0(pt=0 proxW=1.934 proxM=1.553) RSI=1
2016-11-10T09:30:00.000-05:00,SCORE_PENALTY: Ghost=0 Climax=-15 Stall=-15 Failed=0 totalPen=-30 | regime=1 vpBins=63 vpRatio=2.813
2016-11-11T09:30:00.000-05:00,SCORE_FAM: total=32.194 display=32 gate=34 cap=85 scaled=62.194 | Struct=19.875(0.662) Vol=3.75(-0.55) Phase=8.8(0.44) VP=7.8(0.65) Spring=1.814(0.363) Ctx=4.03(0.31)
2016-11-11T09:30:00.000-05:00,SCORE_DETAIL_STRUCT: HL=25(1) Spread=5(0.33) PB=15(1) Power=0 Mid=0 Slope=1 Flip=0
2016-11-11T09:30:00.000-05:00,SCORE_DETAIL_VOL: Dry=0(0) Supply=-15(-1) Effort=-10(0/-1) Decl=0 Con=0
2016-11-11T09:30:00.000-05:00,SCORE_DETAIL_PHASE: Events=1 Accum=0 SOS=0 PhB=1 SOT=0 STup=0
2016-11-11T09:30:00.000-05:00,SCORE_DETAIL_VP: Ctx=0.5 VPOCmig=1 VAprog=1 PShape=1 FinAuc=1 HVNsup=0 | bShape=0 Unfin=0 HVNoh=-1 valid=true
2016-11-11T09:30:00.000-05:00,SCORE_DETAIL_SPRING: Spring=5(0.403) Ctrl=0
2016-11-11T09:30:00.000-05:00,SCORE_DETAIL_CTX: HTF=1 RS=0 OEL=0(0) VWAP=0(pt=0 proxW=1.859 proxM=1.553) RSI=1
2016-11-11T09:30:00.000-05:00,SCORE_PENALTY: Ghost=0 Climax=-15 Stall=-15 Failed=0 totalPen=-30 | regime=1 vpBins=63 vpRatio=2.589
2016-11-14T09:30:00.000-05:00,SCORE_FAM: total=29.764 display=30 gate=32 cap=85 scaled=59.764 | Struct=19.875(0.662) Vol=3.75(-0.55) Phase=8.8(0.44) VP=6(0.5) Spring=1.814(0.363) Ctx=4.03(0.31)
2016-11-14T09:30:00.000-05:00,SCORE_DETAIL_STRUCT: HL=25(1) Spread=5(0.33) PB=15(1) Power=0 Mid=0 Slope=1 Flip=0
2016-11-14T09:30:00.000-05:00,SCORE_DETAIL_VOL: Dry=0(0) Supply=-15(-1) Effort=-10(0/-1) Decl=0 Con=0
2016-11-14T09:30:00.000-05:00,SCORE_DETAIL_PHASE: Events=1 Accum=0 SOS=0 PhB=1 SOT=0 STup=0
2016-11-14T09:30:00.000-05:00,SCORE_DETAIL_VP: Ctx=0 VPOCmig=1 VAprog=1 PShape=1 FinAuc=1 HVNsup=0 | bShape=0 Unfin=0 HVNoh=-1 valid=true
2016-11-14T09:30:00.000-05:00,SCORE_DETAIL_SPRING: Spring=5(0.403) Ctrl=0
2016-11-14T09:30:00.000-05:00,SCORE_DETAIL_CTX: HTF=1 RS=0 OEL=0(0) VWAP=0(pt=0 proxW=0.892 proxM=1.468) RSI=1
2016-11-14T09:30:00.000-05:00,SCORE_PENALTY: Ghost=0 Climax=-15 Stall=-15 Failed=0 totalPen=-30 | regime=1 vpBins=63 vpRatio=2.42
2016-11-15T09:30:00.000-05:00,SCORE_FAM: total=37.283 display=37 gate=40 cap=85 scaled=67.283 | Struct=19.875(0.662) Vol=3.75(-0.55) Phase=8.8(0.44) VP=7.8(0.65) Spring=1.814(0.363) Ctx=7.8(0.6)
2016-11-15T09:30:00.000-05:00,SCORE_DETAIL_STRUCT: HL=25(1) Spread=5(0.33) PB=15(1) Power=0 Mid=0 Slope=1 Flip=0
2016-11-15T09:30:00.000-05:00,SCORE_DETAIL_VOL: Dry=0(0) Supply=-15(-1) Effort=-10(0/-1) Decl=0 Con=0
2016-11-15T09:30:00.000-05:00,SCORE_DETAIL_PHASE: Events=1 Accum=0 SOS=0 PhB=1 SOT=0 STup=0
2016-11-15T09:30:00.000-05:00,SCORE_DETAIL_VP: Ctx=0.5 VPOCmig=1 VAprog=1 PShape=1 FinAuc=1 HVNsup=0 | bShape=0 Unfin=0 HVNoh=-1 valid=true
2016-11-15T09:30:00.000-05:00,SCORE_DETAIL_SPRING: Spring=5(0.403) Ctrl=0
2016-11-15T09:30:00.000-05:00,SCORE_DETAIL_CTX: HTF=1 RS=0 OEL=0(0) VWAP=1(pt=5 proxW=1.222 proxM=1.455) RSI=1
2016-11-15T09:30:00.000-05:00,SCORE_PENALTY: Ghost=0 Climax=-15 Stall=-15 Failed=0 totalPen=-30 | regime=1 vpBins=63 vpRatio=2.478
2016-11-16T09:30:00.000-05:00,SCORE_FAM: total=41.995 display=42 gate=45 cap=85 scaled=71.995 | Struct=19.875(0.662) Vol=3.75(-0.55) Phase=8.8(0.44) VP=9.6(0.8) Spring=1.814(0.363) Ctx=9.49(0.73)
2016-11-16T09:30:00.000-05:00,SCORE_DETAIL_STRUCT: HL=25(1) Spread=5(0.33) PB=15(1) Power=0 Mid=0 Slope=1 Flip=0
2016-11-16T09:30:00.000-05:00,SCORE_DETAIL_VOL: Dry=0(0) Supply=-15(-1) Effort=-10(0/-1) Decl=0 Con=0
2016-11-16T09:30:00.000-05:00,SCORE_DETAIL_PHASE: Events=1 Accum=0 SOS=0 PhB=1 SOT=0 STup=0
2016-11-16T09:30:00.000-05:00,SCORE_DETAIL_VP: Ctx=1 VPOCmig=1 VAprog=1 PShape=1 FinAuc=1 HVNsup=0 | bShape=0 Unfin=0 HVNoh=-1 valid=true
2016-11-16T09:30:00.000-05:00,SCORE_DETAIL_SPRING: Spring=5(0.403) Ctrl=0
2016-11-16T09:30:00.000-05:00,SCORE_DETAIL_CTX: HTF=1 RS=0 OEL=0.5(5) VWAP=1(pt=5 proxW=1.374 proxM=1.492) RSI=1
2016-11-16T09:30:00.000-05:00,SCORE_PENALTY: Ghost=0 Climax=-15 Stall=-15 Failed=0 totalPen=-30 | regime=1 vpBins=63 vpRatio=2.508
2016-11-17T09:30:00.000-05:00,SCORE_FAM: total=49.96 display=50 gate=53 cap=85 scaled=79.96 | Struct=19.875(0.662) Vol=3.75(-0.55) Phase=13(0.65) VP=10.8(0.9) Spring=2.314(0.463) Ctx=9.49(0.73)
2016-11-17T09:30:00.000-05:00,SCORE_DETAIL_STRUCT: HL=25(1) Spread=5(0.33) PB=15(1) Power=0 Mid=0 Slope=1 Flip=0
2016-11-17T09:30:00.000-05:00,SCORE_DETAIL_VOL: Dry=0(0) Supply=-15(-1) Effort=-10(0/-1) Decl=0 Con=0
2016-11-17T09:30:00.000-05:00,SCORE_DETAIL_PHASE: Events=1 Accum=1 SOS=0 PhB=1 SOT=0 STup=0
2016-11-17T09:30:00.000-05:00,SCORE_DETAIL_VP: Ctx=1 VPOCmig=1 VAprog=1 PShape=1 FinAuc=1 HVNsup=0 | bShape=0 Unfin=0 HVNoh=0 valid=true
2016-11-17T09:30:00.000-05:00,SCORE_DETAIL_SPRING: Spring=5(0.403) Ctrl=1
2016-11-17T09:30:00.000-05:00,SCORE_DETAIL_CTX: HTF=1 RS=0 OEL=0.5(5) VWAP=1(pt=5 proxW=1.619 proxM=1.566) RSI=1
2016-11-17T09:30:00.000-05:00,SCORE_PENALTY: Ghost=0 Climax=-15 Stall=-15 Failed=0 totalPen=-30 | regime=1 vpBins=63 vpRatio=2.545
2016-11-18T09:30:00.000-05:00,SCORE_FAM: total=44.29 display=44 gate=47 cap=85 scaled=74.29 | Struct=19.875(0.662) Vol=3.75(-0.55) Phase=8.8(0.44) VP=10.8(0.9) Spring=2.314(0.463) Ctx=9.49(0.73)
2016-11-18T09:30:00.000-05:00,SCORE_DETAIL_STRUCT: HL=25(1) Spread=5(0.33) PB=15(1) Power=0 Mid=0 Slope=1 Flip=0
2016-11-18T09:30:00.000-05:00,SCORE_DETAIL_VOL: Dry=0(0) Supply=-15(-1) Effort=-10(0/-1) Decl=0 Con=0
2016-11-18T09:30:00.000-05:00,SCORE_DETAIL_PHASE: Events=1 Accum=0 SOS=0 PhB=1 SOT=0 STup=0
2016-11-18T09:30:00.000-05:00,SCORE_DETAIL_VP: Ctx=1 VPOCmig=1 VAprog=1 PShape=1 FinAuc=1 HVNsup=0 | bShape=0 Unfin=0 HVNoh=0 valid=true
2016-11-18T09:30:00.000-05:00,SCORE_DETAIL_SPRING: Spring=5(0.403) Ctrl=1
2016-11-18T09:30:00.000-05:00,SCORE_DETAIL_CTX: HTF=1 RS=0 OEL=0.5(5) VWAP=1(pt=5 proxW=1.81 proxM=1.654) RSI=1
2016-11-18T09:30:00.000-05:00,SCORE_PENALTY: Ghost=0 Climax=-15 Stall=-15 Failed=0 totalPen=-30 | regime=1 vpBins=63 vpRatio=2.575
2016-11-21T09:30:00.000-05:00,SCORE_FAM: total=49.96 display=50 gate=53 cap=85 scaled=79.96 | Struct=19.875(0.662) Vol=3.75(-0.55) Phase=13(0.65) VP=10.8(0.9) Spring=2.314(0.463) Ctx=9.49(0.73)
2016-11-21T09:30:00.000-05:00,SCORE_DETAIL_STRUCT: HL=25(1) Spread=5(0.33) PB=15(1) Power=0 Mid=0 Slope=1 Flip=0
2016-11-21T09:30:00.000-05:00,SCORE_DETAIL_VOL: Dry=0(0) Supply=-15(-1) Effort=-10(0/-1) Decl=0 Con=0
2016-11-21T09:30:00.000-05:00,SCORE_DETAIL_PHASE: Events=1 Accum=1 SOS=0 PhB=1 SOT=0 STup=0
2016-11-21T09:30:00.000-05:00,SCORE_DETAIL_VP: Ctx=1 VPOCmig=1 VAprog=1 PShape=1 FinAuc=1 HVNsup=0 | bShape=0 Unfin=0 HVNoh=0 valid=true
2016-11-21T09:30:00.000-05:00,SCORE_DETAIL_SPRING: Spring=5(0.403) Ctrl=1
2016-11-21T09:30:00.000-05:00,SCORE_DETAIL_CTX: HTF=1 RS=0 OEL=0.5(5) VWAP=1(pt=5 proxW=3.195 proxM=1.732) RSI=1
2016-11-21T09:30:00.000-05:00,SCORE_PENALTY: Ghost=0 Climax=-15 Stall=-15 Failed=0 totalPen=-30 | regime=1 vpBins=63 vpRatio=2.612
2016-11-22T09:30:00.000-05:00,SCORE_FAM: total=44.29 display=44 gate=47 cap=85 scaled=74.29 | Struct=19.875(0.662) Vol=3.75(-0.55) Phase=8.8(0.44) VP=10.8(0.9) Spring=2.314(0.463) Ctx=9.49(0.73)
2016-11-22T09:30:00.000-05:00,SCORE_DETAIL_STRUCT: HL=25(1) Spread=5(0.33) PB=15(1) Power=0 Mid=0 Slope=1 Flip=0
2016-11-22T09:30:00.000-05:00,SCORE_DETAIL_VOL: Dry=0(0) Supply=-15(-1) Effort=-10(0/-1) Decl=0 Con=0
2016-11-22T09:30:00.000-05:00,SCORE_DETAIL_PHASE: Events=1 Accum=0 SOS=0 PhB=1 SOT=0 STup=0
2016-11-22T09:30:00.000-05:00,SCORE_DETAIL_VP: Ctx=1 VPOCmig=1 VAprog=1 PShape=1 FinAuc=1 HVNsup=0 | bShape=0 Unfin=0 HVNoh=0 valid=true
2016-11-22T09:30:00.000-05:00,SCORE_DETAIL_SPRING: Spring=5(0.403) Ctrl=1
2016-11-22T09:30:00.000-05:00,SCORE_DETAIL_CTX: HTF=1 RS=0 OEL=0.5(5) VWAP=1(pt=5 proxW=3.546 proxM=1.879) RSI=1
2016-11-22T09:30:00.000-05:00,SCORE_PENALTY: Ghost=0 Climax=-15 Stall=-15 Failed=0 totalPen=-30 | regime=1 vpBins=63 vpRatio=2.646
2016-11-23T09:30:00.000-05:00,SCORE_FAM: total=39.2 display=39 gate=42 cap=85 scaled=69.2 | Struct=19.875(0.662) Vol=3.75(-0.55) Phase=8.8(0.44) VP=10.8(0.9) Spring=2.314(0.463) Ctx=5.72(0.44)
2016-11-23T09:30:00.000-05:00,SCORE_DETAIL_STRUCT: HL=25(1) Spread=5(0.33) PB=15(1) Power=0 Mid=0 Slope=1 Flip=0
2016-11-23T09:30:00.000-05:00,SCORE_DETAIL_VOL: Dry=0(0) Supply=-15(-1) Effort=-10(0/-1) Decl=0 Con=0
2016-11-23T09:30:00.000-05:00,SCORE_DETAIL_PHASE: Events=1 Accum=0 SOS=0 PhB=1 SOT=0 STup=0
2016-11-23T09:30:00.000-05:00,SCORE_DETAIL_VP: Ctx=1 VPOCmig=1 VAprog=1 PShape=1 FinAuc=1 HVNsup=0 | bShape=0 Unfin=0 HVNoh=0 valid=true
2016-11-23T09:30:00.000-05:00,SCORE_DETAIL_SPRING: Spring=5(0.403) Ctrl=1
2016-11-23T09:30:00.000-05:00,SCORE_DETAIL_CTX: HTF=1 RS=0 OEL=0.5(5) VWAP=0(pt=0 proxW=3.561 proxM=1.988) RSI=1
2016-11-23T09:30:00.000-05:00,SCORE_PENALTY: Ghost=0 Climax=-15 Stall=-15 Failed=0 totalPen=-30 | regime=1 vpBins=63 vpRatio=2.688
2016-11-25T09:30:00.000-05:00,SCORE_FAM: total=41.236 display=41 gate=44 cap=85 scaled=71.236 | Struct=19.875(0.662) Vol=3.75(-0.55) Phase=8.8(0.44) VP=10.8(0.9) Spring=2.314(0.463) Ctx=7.228(0.556)
2016-11-25T09:30:00.000-05:00,SCORE_DETAIL_STRUCT: HL=25(1) Spread=5(0.33) PB=15(1) Power=0 Mid=0 Slope=1 Flip=0
2016-11-25T09:30:00.000-05:00,SCORE_DETAIL_VOL: Dry=0(0) Supply=-15(-1) Effort=-10(0/-1) Decl=0 Con=0
2016-11-25T09:30:00.000-05:00,SCORE_DETAIL_PHASE: Events=1 Accum=0 SOS=0 PhB=1 SOT=0 STup=0
2016-11-25T09:30:00.000-05:00,SCORE_DETAIL_VP: Ctx=1 VPOCmig=1 VAprog=1 PShape=1 FinAuc=1 HVNsup=0 | bShape=0 Unfin=0 HVNoh=0 valid=true
2016-11-25T09:30:00.000-05:00,SCORE_DETAIL_SPRING: Spring=5(0.403) Ctrl=1
2016-11-25T09:30:00.000-05:00,SCORE_DETAIL_CTX: HTF=1 RS=0 OEL=0.5(5) VWAP=0.4(pt=2 proxW=3.764 proxM=2.116) RSI=1
2016-11-25T09:30:00.000-05:00,SCORE_PENALTY: Ghost=0 Climax=-15 Stall=-15 Failed=0 totalPen=-30 | regime=1 vpBins=63 vpRatio=2.701
2016-11-28T09:30:00.000-05:00,SCORE_FAM: total=39.2 display=39 gate=42 cap=85 scaled=69.2 | Struct=19.875(0.662) Vol=3.75(-0.55) Phase=8.8(0.44) VP=10.8(0.9) Spring=2.314(0.463) Ctx=5.72(0.44)
2016-11-28T09:30:00.000-05:00,SCORE_DETAIL_STRUCT: HL=25(1) Spread=5(0.33) PB=15(1) Power=0 Mid=0 Slope=1 Flip=0
2016-11-28T09:30:00.000-05:00,SCORE_DETAIL_VOL: Dry=0(0) Supply=-15(-1) Effort=-10(0/-1) Decl=0 Con=0
2016-11-28T09:30:00.000-05:00,SCORE_DETAIL_PHASE: Events=1 Accum=0 SOS=0 PhB=1 SOT=0 STup=0
2016-11-28T09:30:00.000-05:00,SCORE_DETAIL_VP: Ctx=1 VPOCmig=1 VAprog=1 PShape=1 FinAuc=1 HVNsup=0 | bShape=0 Unfin=0 HVNoh=0 valid=true
2016-11-28T09:30:00.000-05:00,SCORE_DETAIL_SPRING: Spring=5(0.403) Ctrl=1
2016-11-28T09:30:00.000-05:00,SCORE_DETAIL_CTX: HTF=1 RS=0 OEL=0.5(5) VWAP=0(pt=0 proxW=4.04 proxM=2.24) RSI=1
2016-11-28T09:30:00.000-05:00,SCORE_PENALTY: Ghost=0 Climax=-15 Stall=-15 Failed=0 totalPen=-30 | regime=1 vpBins=63 vpRatio=2.725
2016-11-29T09:30:00.000-05:00,SCORE_FAM: total=41.236 display=41 gate=44 cap=85 scaled=71.236 | Struct=19.875(0.662) Vol=3.75(-0.55) Phase=8.8(0.44) VP=10.8(0.9) Spring=2.314(0.463) Ctx=7.228(0.556)
2016-11-29T09:30:00.000-05:00,SCORE_DETAIL_STRUCT: HL=25(1) Spread=5(0.33) PB=15(1) Power=0 Mid=0 Slope=1 Flip=0
2016-11-29T09:30:00.000-05:00,SCORE_DETAIL_VOL: Dry=0(0) Supply=-15(-1) Effort=-10(0/-1) Decl=0 Con=0
2016-11-29T09:30:00.000-05:00,SCORE_DETAIL_PHASE: Events=1 Accum=0 SOS=0 PhB=1 SOT=0 STup=0
2016-11-29T09:30:00.000-05:00,SCORE_DETAIL_VP: Ctx=1 VPOCmig=1 VAprog=1 PShape=1 FinAuc=1 HVNsup=0 | bShape=0 Unfin=0 HVNoh=0 valid=true
2016-11-29T09:30:00.000-05:00,SCORE_DETAIL_SPRING: Spring=5(0.403) Ctrl=1
2016-11-29T09:30:00.000-05:00,SCORE_DETAIL_CTX: HTF=1 RS=0 OEL=0.5(5) VWAP=0.4(pt=2 proxW=4.168 proxM=2.315) RSI=1
2016-11-29T09:30:00.000-05:00,SCORE_PENALTY: Ghost=0 Climax=-15 Stall=-15 Failed=0 totalPen=-30 | regime=1 vpBins=63 vpRatio=2.759
2016-11-30T09:30:00.000-05:00,SCORE_FAM: total=39.2 display=39 gate=42 cap=85 scaled=69.2 | Struct=19.875(0.662) Vol=3.75(-0.55) Phase=8.8(0.44) VP=10.8(0.9) Spring=2.314(0.463) Ctx=5.72(0.44)
2016-11-30T09:30:00.000-05:00,SCORE_DETAIL_STRUCT: HL=25(1) Spread=5(0.33) PB=15(1) Power=0 Mid=0 Slope=1 Flip=0
2016-11-30T09:30:00.000-05:00,SCORE_DETAIL_VOL: Dry=0(0) Supply=-15(-1) Effort=-10(0/-1) Decl=0 Con=0
2016-11-30T09:30:00.000-05:00,SCORE_DETAIL_PHASE: Events=1 Accum=0 SOS=0 PhB=1 SOT=0 STup=0
2016-11-30T09:30:00.000-05:00,SCORE_DETAIL_VP: Ctx=1 VPOCmig=1 VAprog=1 PShape=1 FinAuc=1 HVNsup=0 | bShape=0 Unfin=0 HVNoh=0 valid=true
2016-11-30T09:30:00.000-05:00,SCORE_DETAIL_SPRING: Spring=5(0.403) Ctrl=1
2016-11-30T09:30:00.000-05:00,SCORE_DETAIL_CTX: HTF=1 RS=0 OEL=0.5(5) VWAP=0(pt=0 proxW=3.791 proxM=2.329) RSI=1
2016-11-30T09:30:00.000-05:00,SCORE_PENALTY: Ghost=0 Climax=-15 Stall=-15 Failed=0 totalPen=-30 | regime=1 vpBins=63 vpRatio=2.814
2016-12-01T09:30:00.000-05:00,SCORE_FAM: total=32.72 display=33 gate=35 cap=85 scaled=62.72 | Struct=19.875(0.662) Vol=3.75(-0.55) Phase=8.8(0.44) VP=6(0.5) Spring=2.314(0.463) Ctx=5.72(0.44)
2016-12-01T09:30:00.000-05:00,SCORE_DETAIL_STRUCT: HL=25(1) Spread=5(0.33) PB=15(1) Power=0 Mid=0 Slope=1 Flip=0
2016-12-01T09:30:00.000-05:00,SCORE_DETAIL_VOL: Dry=0(0) Supply=-15(-1) Effort=-10(0/-1) Decl=0 Con=0
2016-12-01T09:30:00.000-05:00,SCORE_DETAIL_PHASE: Events=1 Accum=0 SOS=0 PhB=1 SOT=0 STup=0
2016-12-01T09:30:00.000-05:00,SCORE_DETAIL_VP: Ctx=0 VPOCmig=1 VAprog=1 PShape=1 FinAuc=1 HVNsup=0 | bShape=0 Unfin=0 HVNoh=-1 valid=true
2016-12-01T09:30:00.000-05:00,SCORE_DETAIL_SPRING: Spring=5(0.403) Ctrl=1
2016-12-01T09:30:00.000-05:00,SCORE_DETAIL_CTX: HTF=1 RS=0 OEL=0.5(5) VWAP=0(pt=0 proxW=2.949 proxM=1.905) RSI=1
2016-12-01T09:30:00.000-05:00,SCORE_PENALTY: Ghost=0 Climax=-15 Stall=-15 Failed=0 totalPen=-30 | regime=1 vpBins=63 vpRatio=2.886
2016-12-02T09:30:00.000-05:00,SCORE_FAM: total=39.758 display=40 gate=42 cap=100 scaled=69.758 | Struct=24.9(0.83) Vol=3.75(-0.15) Phase=8.8(0.44) VP=6(0.5) Spring=4.192(0.838) Ctx=4.03(0.31)
2016-12-02T09:30:00.000-05:00,SCORE_DETAIL_STRUCT: HL=25(1) Spread=15(1) PB=15(1) Power=0 Mid=0 Slope=1 Flip=0
2016-12-02T09:30:00.000-05:00,SCORE_DETAIL_VOL: Dry=0(0) Supply=-15(-1) Effort=0(0/0) Decl=0 Con=0
2016-12-02T09:30:00.000-05:00,SCORE_DETAIL_PHASE: Events=1 Accum=0 SOS=0 PhB=1 SOT=0 STup=0
2016-12-02T09:30:00.000-05:00,SCORE_DETAIL_VP: Ctx=0 VPOCmig=1 VAprog=1 PShape=1 FinAuc=1 HVNsup=0 | bShape=0 Unfin=0 HVNoh=-1 valid=true
2016-12-02T09:30:00.000-05:00,SCORE_DETAIL_SPRING: Spring=14(0.932) Ctrl=0
2016-12-02T09:30:00.000-05:00,SCORE_DETAIL_CTX: HTF=1 RS=0 OEL=0(0) VWAP=0(pt=0 proxW=1.375 proxM=0.507) RSI=1
2016-12-02T09:30:00.000-05:00,SCORE_PENALTY: Ghost=0 Climax=-15 Stall=-15 Failed=0 totalPen=-30 | regime=1 vpBins=63 vpRatio=2.724
2016-12-05T09:30:00.000-05:00,SCORE_FAM: total=47.277 display=47 gate=50 cap=100 scaled=77.277 | Struct=24.9(0.83) Vol=3.75(-0.15) Phase=8.8(0.44) VP=7.8(0.65) Spring=4.192(0.838) Ctx=7.8(0.6)
2016-12-05T09:30:00.000-05:00,SCORE_DETAIL_STRUCT: HL=25(1) Spread=15(1) PB=15(1) Power=0 Mid=0 Slope=1 Flip=0
2016-12-05T09:30:00.000-05:00,SCORE_DETAIL_VOL: Dry=0(0) Supply=-15(-1) Effort=0(0/0) Decl=0 Con=0
2016-12-05T09:30:00.000-05:00,SCORE_DETAIL_PHASE: Events=1 Accum=0 SOS=0 PhB=1 SOT=0 STup=0
2016-12-05T09:30:00.000-05:00,SCORE_DETAIL_VP: Ctx=0.5 VPOCmig=1 VAprog=1 PShape=1 FinAuc=1 HVNsup=0 | bShape=0 Unfin=0 HVNoh=-1 valid=true
2016-12-05T09:30:00.000-05:00,SCORE_DETAIL_SPRING: Spring=14(0.932) Ctrl=0
2016-12-05T09:30:00.000-05:00,SCORE_DETAIL_CTX: HTF=1 RS=0 OEL=0(0) VWAP=1(pt=5 proxW=0.932 proxM=0.604) RSI=1
2016-12-05T09:30:00.000-05:00,SCORE_PENALTY: Ghost=0 Climax=-15 Stall=-15 Failed=0 totalPen=-30 | regime=1 vpBins=63 vpRatio=2.76
2016-12-06T09:30:00.000-05:00,SCORE_FAM: total=49.707 display=50 gate=53 cap=100 scaled=79.707 | Struct=24.9(0.83) Vol=3.75(-0.15) Phase=8.8(0.44) VP=9.6(0.8) Spring=4.192(0.838) Ctx=7.8(0.6)
2016-12-06T09:30:00.000-05:00,SCORE_DETAIL_STRUCT: HL=25(1) Spread=15(1) PB=15(1) Power=0 Mid=0 Slope=1 Flip=0
2016-12-06T09:30:00.000-05:00,SCORE_DETAIL_VOL: Dry=0(0) Supply=-15(-1) Effort=0(0/0) Decl=0 Con=0
2016-12-06T09:30:00.000-05:00,SCORE_DETAIL_PHASE: Events=1 Accum=0 SOS=0 PhB=1 SOT=0 STup=0
2016-12-06T09:30:00.000-05:00,SCORE_DETAIL_VP: Ctx=1 VPOCmig=1 VAprog=1 PShape=1 FinAuc=1 HVNsup=0 | bShape=0 Unfin=0 HVNoh=-1 valid=true
2016-12-06T09:30:00.000-05:00,SCORE_DETAIL_SPRING: Spring=14(0.932) Ctrl=0
2016-12-06T09:30:00.000-05:00,SCORE_DETAIL_CTX: HTF=1 RS=0 OEL=0(0) VWAP=1(pt=5 proxW=1.098 proxM=0.755) RSI=1
2016-12-06T09:30:00.000-05:00,SCORE_PENALTY: Ghost=0 Climax=-15 Stall=-15 Failed=0 totalPen=-30 | regime=1 vpBins=63 vpRatio=2.807
2016-12-07T09:30:00.000-05:00,SCORE_FAM: total=47.986 display=48 gate=51 cap=100 scaled=77.986 | Struct=22.425(0.747) Vol=3.75(-0.15) Phase=8.8(0.44) VP=10.8(0.9) Spring=4.192(0.838) Ctx=7.8(0.6)
2016-12-07T09:30:00.000-05:00,SCORE_DETAIL_STRUCT: HL=25(1) Spread=10(0.67) PB=15(1) Power=0 Mid=0 Slope=1 Flip=0
2016-12-07T09:30:00.000-05:00,SCORE_DETAIL_VOL: Dry=0(0) Supply=-15(-1) Effort=0(0/0) Decl=0 Con=0
2016-12-07T09:30:00.000-05:00,SCORE_DETAIL_PHASE: Events=1 Accum=0 SOS=0 PhB=1 SOT=0 STup=0
2016-12-07T09:30:00.000-05:00,SCORE_DETAIL_VP: Ctx=1 VPOCmig=1 VAprog=1 PShape=1 FinAuc=1 HVNsup=0 | bShape=0 Unfin=0 HVNoh=0 valid=true
2016-12-07T09:30:00.000-05:00,SCORE_DETAIL_SPRING: Spring=14(0.932) Ctrl=0
2016-12-07T09:30:00.000-05:00,SCORE_DETAIL_CTX: HTF=1 RS=0 OEL=0(0) VWAP=1(pt=5 proxW=1.323 proxM=0.919) RSI=1
2016-12-07T09:30:00.000-05:00,SCORE_PENALTY: Ghost=0 Climax=-15 Stall=-15 Failed=0 totalPen=-30 | regime=1 vpBins=63 vpRatio=2.853
2016-12-08T09:30:00.000-05:00,SCORE_FAM: total=47.986 display=48 gate=51 cap=100 scaled=77.986 | Struct=22.425(0.747) Vol=3.75(-0.101) Phase=8.8(0.44) VP=10.8(0.9) Spring=4.192(0.838) Ctx=7.8(0.6)
2016-12-08T09:30:00.000-05:00,SCORE_DETAIL_STRUCT: HL=25(1) Spread=10(0.67) PB=15(1) Power=0 Mid=0 Slope=1 Flip=0
2016-12-08T09:30:00.000-05:00,SCORE_DETAIL_VOL: Dry=0(0) Supply=-10(-0.67) Effort=0(0/0) Decl=0 Con=0
2016-12-08T09:30:00.000-05:00,SCORE_DETAIL_PHASE: Events=1 Accum=0 SOS=0 PhB=1 SOT=0 STup=0
2016-12-08T09:30:00.000-05:00,SCORE_DETAIL_VP: Ctx=1 VPOCmig=1 VAprog=1 PShape=1 FinAuc=1 HVNsup=0 | bShape=0 Unfin=0 HVNoh=0 valid=true
2016-12-08T09:30:00.000-05:00,SCORE_DETAIL_SPRING: Spring=14(0.932) Ctrl=0
2016-12-08T09:30:00.000-05:00,SCORE_DETAIL_CTX: HTF=1 RS=0 OEL=0(0) VWAP=1(pt=5 proxW=1.598 proxM=1.127) RSI=1
2016-12-08T09:30:00.000-05:00,SCORE_PENALTY: Ghost=0 Climax=-15 Stall=-15 Failed=0 totalPen=-30 | regime=1 vpBins=63 vpRatio=2.885
2016-12-09T09:30:00.000-05:00,SCORE_FAM: total=59.279 display=59 gate=63 cap=100 scaled=89.279 | Struct=24.9(0.83) Vol=3.75(-0.101) Phase=13(0.65) VP=10.8(0.9) Spring=4.192(0.838) Ctx=9.49(0.73)
2016-12-09T09:30:00.000-05:00,SCORE_DETAIL_STRUCT: HL=25(1) Spread=15(1) PB=15(1) Power=0 Mid=0 Slope=1 Flip=0
2016-12-09T09:30:00.000-05:00,SCORE_DETAIL_VOL: Dry=0(0) Supply=-10(-0.67) Effort=0(0/0) Decl=0 Con=0
2016-12-09T09:30:00.000-05:00,SCORE_DETAIL_PHASE: Events=1 Accum=1 SOS=0 PhB=1 SOT=0 STup=0
2016-12-09T09:30:00.000-05:00,SCORE_DETAIL_VP: Ctx=1 VPOCmig=1 VAprog=1 PShape=1 FinAuc=1 HVNsup=0 | bShape=0 Unfin=0 HVNoh=0 valid=true
2016-12-09T09:30:00.000-05:00,SCORE_DETAIL_SPRING: Spring=14(0.932) Ctrl=0
2016-12-09T09:30:00.000-05:00,SCORE_DETAIL_CTX: HTF=1 RS=0 OEL=0.5(5) VWAP=1(pt=5 proxW=1.924 proxM=1.386) RSI=1
2016-12-09T09:30:00.000-05:00,SCORE_PENALTY: Ghost=0 Climax=-15 Stall=-15 Failed=0 totalPen=-30 | regime=1 vpBins=63 vpRatio=2.922
2016-12-09T09:30:00.000-05:00,LPS ENTRY: price=119.5 score=59 gate=63 mode=Close Above SOS Midpoint spring=true(conf=0.932) closeStr=0.926 volOk=true bars=6 pullback=13.838% prelimRisk=3.582%
2016-12-09T09:30:00.000-05:00,LPS DIST: warnLevel=0 liveCnt=0 bcAge=926 utadAge=706 sowAge=677 lpsyAge=667
2016-12-09T09:30:00.000-05:00,LPS STOP: mode=LPS Low price=114.874 stack=0 vwapW=117.708 vwapM=117.012 VAL=115.856
2016-12-09T09:30:00.000-05:00,COMP VP: VPOC=105.193 VAH=NaN hvnAbove=NaN lvnAbove=NaN
2016-12-30T09:30:00.000-05:00,SCORE_FAM: total=58.403 display=58 gate=61 cap=80 scaled=73.403 | Struct=20.4(0.68) Vol=3.75(-0.55) Phase=13(0.65) VP=9(0.75) Spring=4.192(0.838) Ctx=4.03(0.31)
2016-12-30T09:30:00.000-05:00,SCORE_DETAIL_STRUCT: HL=25(1) Spread=0(0) PB=15(1) Power=0 Mid=1 Slope=1 Flip=0
2016-12-30T09:30:00.000-05:00,SCORE_DETAIL_VOL: Dry=0(0) Supply=-15(-1) Effort=-10(0/-1) Decl=0 Con=0
2016-12-30T09:30:00.000-05:00,SCORE_DETAIL_PHASE: Events=1 Accum=1 SOS=0 PhB=1 SOT=0 STup=0
2016-12-30T09:30:00.000-05:00,SCORE_DETAIL_VP: Ctx=1 VPOCmig=1 VAprog=1 PShape=0 FinAuc=1 HVNsup=1 | bShape=0 Unfin=0 HVNoh=0 valid=true
2016-12-30T09:30:00.000-05:00,SCORE_DETAIL_SPRING: Spring=14(0.932) Ctrl=0
2016-12-30T09:30:00.000-05:00,SCORE_DETAIL_CTX: HTF=1 RS=0 OEL=0(0) VWAP=0(pt=0 proxW=1.281 proxM=0.607) RSI=1
2016-12-30T09:30:00.000-05:00,SCORE_PENALTY: Ghost=0 Climax=-15 Stall=0 Failed=0 totalPen=-15 | regime=1 vpBins=79 vpRatio=0.944
2017-01-03T09:30:00.000-05:00,SCORE_FAM: total=66.833 display=67 gate=70 cap=80 scaled=81.833 | Struct=22.875(0.762) Vol=3.75(-0.45) Phase=13(0.65) VP=9(0.75) Spring=4.192(0.838) Ctx=7.8(0.6)
2017-01-03T09:30:00.000-05:00,SCORE_DETAIL_STRUCT: HL=25(1) Spread=5(0.33) PB=15(1) Power=0 Mid=1 Slope=1 Flip=0
2017-01-03T09:30:00.000-05:00,SCORE_DETAIL_VOL: Dry=0(0) Supply=-15(-1) Effort=-10(0/-1) Decl=0 Con=1
2017-01-03T09:30:00.000-05:00,SCORE_DETAIL_PHASE: Events=1 Accum=1 SOS=0 PhB=1 SOT=0 STup=0
2017-01-03T09:30:00.000-05:00,SCORE_DETAIL_VP: Ctx=1 VPOCmig=1 VAprog=1 PShape=0 FinAuc=1 HVNsup=1 | bShape=0 Unfin=0 HVNoh=0 valid=true
2017-01-03T09:30:00.000-05:00,SCORE_DETAIL_SPRING: Spring=14(0.932) Ctrl=0
2017-01-03T09:30:00.000-05:00,SCORE_DETAIL_CTX: HTF=1 RS=0 OEL=0(0) VWAP=1(pt=5 proxW=1.111 proxM=1.111) RSI=1
2017-01-03T09:30:00.000-05:00,SCORE_PENALTY: Ghost=0 Climax=-15 Stall=0 Failed=0 totalPen=-15 | regime=1 vpBins=79 vpRatio=0.961
2017-01-03T09:30:00.000-05:00,LPS ENTRY: price=119.54 score=67 gate=70 mode=Close Above SOS Midpoint spring=true(conf=0.932) closeStr=0.591 volOk=true bars=2 pullback=12.239% prelimRisk=1.171%
2017-01-03T09:30:00.000-05:00,LPS DIST: warnLevel=0 liveCnt=0 bcAge=941 utadAge=721 sowAge=692 lpsyAge=682
2017-01-03T09:30:00.000-05:00,LPS STOP: mode=LPS Low price=117.786 stack=0 vwapW=119.473 vwapM=119.473 VAL=112.911
2017-01-03T09:30:00.000-05:00,COMP VP: VPOC=105.232 VAH=NaN hvnAbove=NaN lvnAbove=120.469
2017-03-22T09:30:00.000-04:00,SPRING: conf=0.751 [close=0.266 reclaim=0.121 vol=0.157 age=0.142 tests=0.067] pivot=130.14 pivotAge=9b
2017-06-29T09:30:00.000-04:00,SPRING: conf=0.559 [close=0.126 reclaim=0.009 vol=0.186 age=0.138 tests=0.1] pivot=137.47 pivotAge=13b
2017-07-06T09:30:00.000-04:00,SPRING: conf=0.515 [close=0.117 reclaim=0.083 vol=0.092 age=0.123 tests=0.1] pivot=135.87 pivotAge=33b
2017-08-18T09:30:00.000-04:00,SPRING: conf=0.571 [close=0.112 reclaim=0.055 vol=0.16 age=0.144 tests=0.1] pivot=140.89 pivotAge=6b
2017-10-23T09:30:00.000-04:00,"SOS CONFIRMED: rally=9.742% low=135.8 high=149.03 bars=40 avgVol=29,578,761.675 adjMinRally=3.5"
2017-10-23T09:30:00.000-04:00,SCORE_FAM: total=71.884 display=72 gate=75 cap=100 scaled=71.884 | Struct=23.475(0.782) Vol=3.75(-0.28) Phase=8.8(0.44) VP=9(0.75) Spring=4.192(0.838) Ctx=4.03(0.31)
2017-10-23T09:30:00.000-04:00,SCORE_DETAIL_STRUCT: HL=25(1) Spread=2(0.13) PB=15(1) Power=0 Mid=1 Slope=1 Flip=1
2017-10-23T09:30:00.000-04:00,SCORE_DETAIL_VOL: Dry=8(0.32) Supply=-5(-0.33) Effort=-10(0/-1) Decl=0 Con=0
2017-10-23T09:30:00.000-04:00,SCORE_DETAIL_PHASE: Events=1 Accum=0 SOS=0 PhB=1 SOT=0 STup=0
2017-10-23T09:30:00.000-04:00,SCORE_DETAIL_VP: Ctx=1 VPOCmig=1 VAprog=1 PShape=0 FinAuc=1 HVNsup=1 | bShape=0 Unfin=0 HVNoh=0 valid=true
2017-10-23T09:30:00.000-04:00,SCORE_DETAIL_SPRING: Spring=14(0.932) Ctrl=0
2017-10-23T09:30:00.000-04:00,SCORE_DETAIL_CTX: HTF=1 RS=0 OEL=0(0) VWAP=0(pt=0 proxW=0.545 proxM=0.033) RSI=1
2017-10-23T09:30:00.000-04:00,SCORE_PENALTY: Ghost=0 Climax=0 Stall=0 Failed=0 totalPen=0 | regime=1 vpBins=82 vpRatio=0.902
2017-10-24T09:30:00.000-04:00,SCORE_FAM: total=83.629 display=84 gate=87 cap=100 scaled=83.629 | Struct=24.975(0.833) Vol=10.95(0.438) Phase=8.8(0.44) VP=9(0.75) Spring=4.192(0.838) Ctx=4.03(0.31)
2017-10-24T09:30:00.000-04:00,SCORE_DETAIL_STRUCT: HL=25(1) Spread=5(0.33) PB=15(1) Power=0 Mid=1 Slope=1 Flip=1
2017-10-24T09:30:00.000-04:00,SCORE_DETAIL_VOL: Dry=15(0.6) Supply=0(0) Effort=0(0/0) Decl=0 Con=0
2017-10-24T09:30:00.000-04:00,SCORE_DETAIL_PHASE: Events=1 Accum=0 SOS=0 PhB=1 SOT=0 STup=0
2017-10-24T09:30:00.000-04:00,SCORE_DETAIL_VP: Ctx=1 VPOCmig=1 VAprog=1 PShape=0 FinAuc=1 HVNsup=1 | bShape=0 Unfin=0 HVNoh=0 valid=true
2017-10-24T09:30:00.000-04:00,SCORE_DETAIL_SPRING: Spring=14(0.932) Ctrl=0
2017-10-24T09:30:00.000-04:00,SCORE_DETAIL_CTX: HTF=1 RS=0 OEL=0(0) VWAP=0(pt=0 proxW=0.564 proxM=0.139) RSI=1
2017-10-24T09:30:00.000-04:00,SCORE_PENALTY: Ghost=0 Climax=0 Stall=0 Failed=0 totalPen=0 | regime=1 vpBins=82 vpRatio=0.912
2017-10-25T09:30:00.000-04:00,SCORE_FAM: total=71.884 display=72 gate=75 cap=100 scaled=71.884 | Struct=23.475(0.782) Vol=3.75(-0.28) Phase=8.8(0.44) VP=9(0.75) Spring=4.192(0.838) Ctx=4.03(0.31)
2017-10-25T09:30:00.000-04:00,SCORE_DETAIL_STRUCT: HL=25(1) Spread=2(0.13) PB=15(1) Power=0 Mid=1 Slope=1 Flip=1
2017-10-25T09:30:00.000-04:00,SCORE_DETAIL_VOL: Dry=8(0.32) Supply=-5(-0.33) Effort=-10(0/-1) Decl=0 Con=0
2017-10-25T09:30:00.000-04:00,SCORE_DETAIL_PHASE: Events=1 Accum=0 SOS=0 PhB=1 SOT=0 STup=0
2017-10-25T09:30:00.000-04:00,SCORE_DETAIL_VP: Ctx=1 VPOCmig=1 VAprog=1 PShape=0 FinAuc=1 HVNsup=1 | bShape=0 Unfin=0 HVNoh=0 valid=true
2017-10-25T09:30:00.000-04:00,SCORE_DETAIL_SPRING: Spring=14(0.932) Ctrl=0
2017-10-25T09:30:00.000-04:00,SCORE_DETAIL_CTX: HTF=1 RS=0 OEL=0(0) VWAP=0(pt=0 proxW=1.276 proxM=1.126) RSI=1
2017-10-25T09:30:00.000-04:00,SCORE_PENALTY: Ghost=0 Climax=0 Stall=0 Failed=0 totalPen=0 | regime=1 vpBins=82 vpRatio=0.929
2017-10-25T09:30:00.000-04:00,LPS ENTRY: price=147.43 score=72 gate=75 mode=Close Above SOS Midpoint spring=true(conf=0.932) closeStr=0.595 volOk=true bars=3 pullback=20.408% prelimRisk=0.746%
2017-10-25T09:30:00.000-04:00,"LPS DIST: warnLevel=0 liveCnt=0 bcAge=1,146 utadAge=926 sowAge=897 lpsyAge=887"
2017-10-25T09:30:00.000-04:00,LPS STOP: mode=LPS Low price=145.891 stack=0 vwapW=147.723 vwapM=147.559 VAL=135.8
2017-10-25T09:30:00.000-04:00,COMP VP: VPOC=117.344 VAH=NaN hvnAbove=NaN lvnAbove=NaN
2017-11-14T09:30:00.000-05:00,SCORE_FAM: total=91.074 display=91 gate=94 cap=100 scaled=91.074 | Struct=30(1) Vol=4.24(0.17) Phase=13(0.65) VP=12(1) Spring=4.192(0.838) Ctx=4.03(0.31)
2017-11-14T09:30:00.000-05:00,SCORE_DETAIL_STRUCT: HL=25(1) Spread=15(1) PB=15(1) Power=0 Mid=1 Slope=1 Flip=1
2017-11-14T09:30:00.000-05:00,SCORE_DETAIL_VOL: Dry=8(0.32) Supply=0(0) Effort=0(0/0) Decl=0 Con=0
2017-11-14T09:30:00.000-05:00,SCORE_DETAIL_PHASE: Events=1 Accum=1 SOS=0 PhB=1 SOT=0 STup=0
2017-11-14T09:30:00.000-05:00,SCORE_DETAIL_VP: Ctx=1 VPOCmig=1 VAprog=1 PShape=1 FinAuc=1 HVNsup=1 | bShape=0 Unfin=0 HVNoh=0 valid=true
2017-11-14T09:30:00.000-05:00,SCORE_DETAIL_SPRING: Spring=14(0.932) Ctrl=0
2017-11-14T09:30:00.000-05:00,SCORE_DETAIL_CTX: HTF=1 RS=0 OEL=0(0) VWAP=0(pt=0 proxW=0.602 proxM=0.374) RSI=1
2017-11-14T09:30:00.000-05:00,SCORE_PENALTY: Ghost=0 Climax=0 Stall=0 Failed=0 totalPen=0 | regime=1 vpBins=119 vpRatio=2.16
2017-11-15T09:30:00.000-05:00,SCORE_FAM: total=87.733 display=88 gate=91 cap=100 scaled=87.733 | Struct=27.525(0.917) Vol=4.24(0.17) Phase=13(0.65) VP=12(1) Spring=4.192(0.838) Ctx=4.03(0.31)
2017-11-15T09:30:00.000-05:00,SCORE_DETAIL_STRUCT: HL=25(1) Spread=10(0.67) PB=15(1) Power=0 Mid=1 Slope=1 Flip=1
2017-11-15T09:30:00.000-05:00,SCORE_DETAIL_VOL: Dry=8(0.32) Supply=0(0) Effort=0(0/0) Decl=0 Con=0
2017-11-15T09:30:00.000-05:00,SCORE_DETAIL_PHASE: Events=1 Accum=1 SOS=0 PhB=1 SOT=0 STup=0
2017-11-15T09:30:00.000-05:00,SCORE_DETAIL_VP: Ctx=1 VPOCmig=1 VAprog=1 PShape=1 FinAuc=1 HVNsup=1 | bShape=0 Unfin=0 HVNoh=0 valid=true
2017-11-15T09:30:00.000-05:00,SCORE_DETAIL_SPRING: Spring=14(0.932) Ctrl=0
2017-11-15T09:30:00.000-05:00,SCORE_DETAIL_CTX: HTF=1 RS=0 OEL=0(0) VWAP=0(pt=0 proxW=0.952 proxM=0.958) RSI=1
2017-11-15T09:30:00.000-05:00,SCORE_PENALTY: Ghost=0 Climax=0 Stall=0 Failed=0 totalPen=0 | regime=1 vpBins=119 vpRatio=2.172
2017-11-16T09:30:00.000-05:00,SCORE_FAM: total=92.849 display=93 gate=96 cap=100 scaled=92.849 | Struct=27.525(0.917) Vol=3.75(0.12) Phase=13(0.65) VP=9(0.75) Spring=4.192(0.838) Ctx=11.31(0.87)
2017-11-16T09:30:00.000-05:00,SCORE_DETAIL_STRUCT: HL=25(1) Spread=10(0.67) PB=15(1) Power=0 Mid=1 Slope=1 Flip=1
2017-11-16T09:30:00.000-05:00,SCORE_DETAIL_VOL: Dry=8(0.32) Supply=-5(-0.33) Effort=0(0/0) Decl=0 Con=0
2017-11-16T09:30:00.000-05:00,SCORE_DETAIL_PHASE: Events=1 Accum=1 SOS=0 PhB=1 SOT=0 STup=0
2017-11-16T09:30:00.000-05:00,SCORE_DETAIL_VP: Ctx=1 VPOCmig=1 VAprog=1 PShape=0 FinAuc=1 HVNsup=1 | bShape=0 Unfin=0 HVNoh=0 valid=true
2017-11-16T09:30:00.000-05:00,SCORE_DETAIL_SPRING: Spring=14(0.932) Ctrl=0
2017-11-16T09:30:00.000-05:00,SCORE_DETAIL_CTX: HTF=1 RS=1 OEL=0.5(5) VWAP=1(pt=5 proxW=1.244 proxM=1.011) RSI=1
2017-11-16T09:30:00.000-05:00,SCORE_PENALTY: Ghost=0 Climax=0 Stall=0 Failed=0 totalPen=0 | regime=1 vpBins=41 vpRatio=0.959
2017-11-16T09:30:00.000-05:00,LPS ENTRY: price=154.54 score=93 gate=96 mode=Close Above SOS Midpoint spring=true(conf=0.932) closeStr=0.776 volOk=true bars=3 pullback=17.304% prelimRisk=1.786%
2017-11-16T09:30:00.000-05:00,"LPS DIST: warnLevel=0 liveCnt=0 bcAge=1,162 utadAge=942 sowAge=913 lpsyAge=903"
2017-11-16T09:30:00.000-05:00,LPS STOP: mode=LPS Low price=151.325 stack=0 vwapW=153.43 vwapM=153.121 VAL=146.33
2017-11-16T09:30:00.000-05:00,COMP VP: VPOC=117.692 VAH=NaN hvnAbove=NaN lvnAbove=NaN
2017-12-07T09:30:00.000-05:00,SCORE_FAM: total=68.226 display=68 gate=75 cap=80 scaled=83.226 | Struct=27(0.9) Vol=4.228(0.169) Phase=13(0.65) VP=7.8(0.65) Spring=4.192(0.838) Ctx=7.8(0.6)
2017-12-07T09:30:00.000-05:00,SCORE_DETAIL_STRUCT: HL=25(1) Spread=15(1) PB=0(0) Power=1 Mid=0 Slope=1 Flip=1
2017-12-07T09:30:00.000-05:00,SCORE_DETAIL_VOL: Dry=8(0.32) Supply=-10(-0.67) Effort=0(0/0) Decl=0 Con=1
2017-12-07T09:30:00.000-05:00,SCORE_DETAIL_PHASE: Events=1 Accum=1 SOS=0 PhB=1 SOT=0 STup=0
2017-12-07T09:30:00.000-05:00,SCORE_DETAIL_VP: Ctx=0.5 VPOCmig=1 VAprog=1 PShape=1 FinAuc=1 HVNsup=0 | bShape=0 Unfin=0 HVNoh=-1 valid=true
2017-12-07T09:30:00.000-05:00,SCORE_DETAIL_SPRING: Spring=14(0.932) Ctrl=0
2017-12-07T09:30:00.000-05:00,SCORE_DETAIL_CTX: HTF=1 RS=0 OEL=0(0) VWAP=1(pt=5 proxW=0.088 proxM=0.18) RSI=1
2017-12-07T09:30:00.000-05:00,SCORE_PENALTY: Ghost=0 Climax=-15 Stall=0 Failed=0 totalPen=-15 | regime=1.3 vpBins=34 vpRatio=1.314
2017-12-08T09:30:00.000-05:00,SCORE_FAM: total=77.696 display=78 gate=80 cap=80 scaled=92.696 | Struct=27(0.9) Vol=9.713(0.389) Phase=13(0.65) VP=9.6(0.8) Spring=4.192(0.838) Ctx=7.8(0.6)
2017-12-08T09:30:00.000-05:00,SCORE_DETAIL_STRUCT: HL=25(1) Spread=15(1) PB=0(0) Power=1 Mid=0 Slope=1 Flip=1
2017-12-08T09:30:00.000-05:00,SCORE_DETAIL_VOL: Dry=15(0.6) Supply=-5(-0.33) Effort=0(0/0) Decl=0 Con=1
2017-12-08T09:30:00.000-05:00,SCORE_DETAIL_PHASE: Events=1 Accum=1 SOS=0 PhB=1 SOT=0 STup=0
2017-12-08T09:30:00.000-05:00,SCORE_DETAIL_VP: Ctx=1 VPOCmig=1 VAprog=1 PShape=1 FinAuc=1 HVNsup=0 | bShape=0 Unfin=0 HVNoh=-1 valid=true
2017-12-08T09:30:00.000-05:00,SCORE_DETAIL_SPRING: Spring=14(0.932) Ctrl=0
2017-12-08T09:30:00.000-05:00,SCORE_DETAIL_CTX: HTF=1 RS=0 OEL=0(0) VWAP=1(pt=5 proxW=0.228 proxM=0.275) RSI=1
2017-12-08T09:30:00.000-05:00,SCORE_PENALTY: Ghost=0 Climax=-15 Stall=0 Failed=0 totalPen=-15 | regime=1.3 vpBins=34 vpRatio=1.393
2017-12-11T09:30:00.000-05:00,SCORE_FAM: total=83.062 display=80 gate=80 cap=80 scaled=98.062 | Struct=27(0.9) Vol=10.95(0.438) Phase=13(0.65) VP=10.8(0.9) Spring=4.192(0.838) Ctx=9.49(0.73)
2017-12-11T09:30:00.000-05:00,SCORE_DETAIL_STRUCT: HL=25(1) Spread=15(1) PB=0(0) Power=1 Mid=0 Slope=1 Flip=1
2017-12-11T09:30:00.000-05:00,SCORE_DETAIL_VOL: Dry=15(0.6) Supply=0(0) Effort=0(0/0) Decl=0 Con=1
2017-12-11T09:30:00.000-05:00,SCORE_DETAIL_PHASE: Events=1 Accum=1 SOS=0 PhB=1 SOT=0 STup=0
2017-12-11T09:30:00.000-05:00,SCORE_DETAIL_VP: Ctx=1 VPOCmig=1 VAprog=1 PShape=1 FinAuc=1 HVNsup=0 | bShape=0 Unfin=0 HVNoh=0 valid=true
2017-12-11T09:30:00.000-05:00,SCORE_DETAIL_SPRING: Spring=14(0.932) Ctrl=0
2017-12-11T09:30:00.000-05:00,SCORE_DETAIL_CTX: HTF=1 RS=0 OEL=0.5(5) VWAP=1(pt=5 proxW=1.414 proxM=0.37) RSI=1
2017-12-11T09:30:00.000-05:00,SCORE_PENALTY: Ghost=0 Climax=-15 Stall=0 Failed=0 totalPen=-15 | regime=1.3 vpBins=34 vpRatio=1.451
2017-12-12T09:30:00.000-05:00,SCORE_FAM: total=101.327 display=80 gate=80 cap=80 scaled=116.327 | Struct=27(0.9) Vol=25(1) Phase=13(0.65) VP=10.8(0.9) Spring=4.192(0.838) Ctx=9.49(0.73)
2017-12-12T09:30:00.000-05:00,SCORE_DETAIL_STRUCT: HL=25(1) Spread=15(1) PB=0(0) Power=1 Mid=0 Slope=1 Flip=1
2017-12-12T09:30:00.000-05:00,SCORE_DETAIL_VOL: Dry=25(1) Supply=0(0) Effort=10(1/0) Decl=0 Con=0
2017-12-12T09:30:00.000-05:00,SCORE_DETAIL_PHASE: Events=1 Accum=1 SOS=0 PhB=1 SOT=0 STup=0
2017-12-12T09:30:00.000-05:00,SCORE_DETAIL_VP: Ctx=1 VPOCmig=1 VAprog=1 PShape=1 FinAuc=1 HVNsup=0 | bShape=0 Unfin=0 HVNoh=0 valid=true
2017-12-12T09:30:00.000-05:00,SCORE_DETAIL_SPRING: Spring=14(0.932) Ctrl=0
2017-12-12T09:30:00.000-05:00,SCORE_DETAIL_CTX: HTF=1 RS=0 OEL=0.5(5) VWAP=1(pt=5 proxW=1.53 proxM=0.471) RSI=1
2017-12-12T09:30:00.000-05:00,SCORE_PENALTY: Ghost=0 Climax=-15 Stall=0 Failed=0 totalPen=-15 | regime=1.3 vpBins=34 vpRatio=1.509
2017-12-13T09:30:00.000-05:00,SCORE_FAM: total=81.15 display=80 gate=80 cap=80 scaled=96.15 | Struct=27(0.9) Vol=6.74(0.27) Phase=13(0.65) VP=10.8(0.9) Spring=4.192(0.838) Ctx=9.49(0.73)
2017-12-13T09:30:00.000-05:00,SCORE_DETAIL_STRUCT: HL=25(1) Spread=15(1) PB=0(0) Power=1 Mid=0 Slope=1 Flip=1
2017-12-13T09:30:00.000-05:00,SCORE_DETAIL_VOL: Dry=8(0.32) Supply=0(0) Effort=0(0/0) Decl=0 Con=1
2017-12-13T09:30:00.000-05:00,SCORE_DETAIL_PHASE: Events=1 Accum=1 SOS=0 PhB=1 SOT=0 STup=0
2017-12-13T09:30:00.000-05:00,SCORE_DETAIL_VP: Ctx=1 VPOCmig=1 VAprog=1 PShape=1 FinAuc=1 HVNsup=0 | bShape=0 Unfin=0 HVNoh=0 valid=true
2017-12-13T09:30:00.000-05:00,SCORE_DETAIL_SPRING: Spring=14(0.932) Ctrl=0
2017-12-13T09:30:00.000-05:00,SCORE_DETAIL_CTX: HTF=1 RS=0 OEL=0.5(5) VWAP=1(pt=5 proxW=1.697 proxM=0.599) RSI=1
2017-12-13T09:30:00.000-05:00,SCORE_PENALTY: Ghost=0 Climax=-15 Stall=0 Failed=0 totalPen=-15 | regime=1 vpBins=34 vpRatio=1.577
2017-12-14T09:30:00.000-05:00,SCORE_FAM: total=81.15 display=80 gate=80 cap=80 scaled=96.15 | Struct=27(0.9) Vol=6.74(0.27) Phase=13(0.65) VP=10.8(0.9) Spring=4.192(0.838) Ctx=9.49(0.73)
2017-12-14T09:30:00.000-05:00,SCORE_DETAIL_STRUCT: HL=25(1) Spread=15(1) PB=0(0) Power=1 Mid=0 Slope=1 Flip=1
2017-12-14T09:30:00.000-05:00,SCORE_DETAIL_VOL: Dry=8(0.32) Supply=0(0) Effort=0(0/0) Decl=0 Con=1
2017-12-14T09:30:00.000-05:00,SCORE_DETAIL_PHASE: Events=1 Accum=1 SOS=0 PhB=1 SOT=0 STup=0
2017-12-14T09:30:00.000-05:00,SCORE_DETAIL_VP: Ctx=1 VPOCmig=1 VAprog=1 PShape=1 FinAuc=1 HVNsup=0 | bShape=0 Unfin=0 HVNoh=0 valid=true
2017-12-14T09:30:00.000-05:00,SCORE_DETAIL_SPRING: Spring=14(0.932) Ctrl=0
2017-12-14T09:30:00.000-05:00,SCORE_DETAIL_CTX: HTF=1 RS=0 OEL=0.5(5) VWAP=1(pt=5 proxW=1.795 proxM=0.713) RSI=1
2017-12-14T09:30:00.000-05:00,SCORE_PENALTY: Ghost=0 Climax=-15 Stall=0 Failed=0 totalPen=-15 | regime=1 vpBins=34 vpRatio=1.646
2017-12-15T09:30:00.000-05:00,SCORE_FAM: total=64.495 display=64 gate=67 cap=80 scaled=79.495 | Struct=18.9(0.63) Vol=5.503(0.22) Phase=13(0.65) VP=7.8(0.65) Spring=4.192(0.838) Ctx=9.49(0.73)
2017-12-15T09:30:00.000-05:00,SCORE_DETAIL_STRUCT: HL=25(1) Spread=15(1) PB=0(0) Power=0 Mid=0 Slope=1 Flip=0
2017-12-15T09:30:00.000-05:00,SCORE_DETAIL_VOL: Dry=8(0.32) Supply=-5(-0.33) Effort=0(0/0) Decl=0 Con=1
2017-12-15T09:30:00.000-05:00,SCORE_DETAIL_PHASE: Events=1 Accum=1 SOS=0 PhB=1 SOT=0 STup=0
2017-12-15T09:30:00.000-05:00,SCORE_DETAIL_VP: Ctx=1 VPOCmig=1 VAprog=1 PShape=0 FinAuc=1 HVNsup=0 | bShape=0 Unfin=0 HVNoh=0 valid=true
2017-12-15T09:30:00.000-05:00,SCORE_DETAIL_SPRING: Spring=14(0.932) Ctrl=0
2017-12-15T09:30:00.000-05:00,SCORE_DETAIL_CTX: HTF=1 RS=0 OEL=0.5(5) VWAP=1(pt=5 proxW=2.08 proxM=0.955) RSI=1
2017-12-15T09:30:00.000-05:00,SCORE_PENALTY: Ghost=0 Climax=-15 Stall=0 Failed=0 totalPen=-15 | regime=1 vpBins=41 vpRatio=0.759
2017-12-15T09:30:00.000-05:00,LPS ENTRY: price=157.65 score=64 gate=67 mode=Close Above SOS Midpoint spring=true(conf=0.932) closeStr=0.893 volOk=true bars=7 pullback=3.061% prelimRisk=2.74%
2017-12-15T09:30:00.000-05:00,"LPS DIST: warnLevel=0 liveCnt=0 bcAge=1,182 utadAge=962 sowAge=933 lpsyAge=923"
2017-12-15T09:30:00.000-05:00,LPS STOP: mode=LPS Low price=152.87 stack=0 vwapW=156.36 vwapM=154.721 VAL=152.811
2017-12-15T09:30:00.000-05:00,COMP VP: VPOC=143.939 VAH=NaN hvnAbove=NaN lvnAbove=NaN
2018-01-08T09:30:00.000-05:00,SCORE_FAM: total=76.304 display=76 gate=80 cap=80 scaled=91.304 | Struct=21(0.7) Vol=10.95(0.438) Phase=13(0.65) VP=9(0.75) Spring=4.192(0.838) Ctx=9.49(0.73)
2018-01-08T09:30:00.000-05:00,SCORE_DETAIL_STRUCT: HL=25(1) Spread=15(1) PB=0(0) Power=0 Mid=0 Slope=1 Flip=1
2018-01-08T09:30:00.000-05:00,SCORE_DETAIL_VOL: Dry=15(0.6) Supply=0(0) Effort=0(0/0) Decl=0 Con=0
2018-01-08T09:30:00.000-05:00,SCORE_DETAIL_PHASE: Events=1 Accum=1 SOS=0 PhB=1 SOT=0 STup=0
2018-01-08T09:30:00.000-05:00,SCORE_DETAIL_VP: Ctx=1 VPOCmig=1 VAprog=1 PShape=0 FinAuc=1 HVNsup=1 | bShape=0 Unfin=0 HVNoh=0 valid=true
2018-01-08T09:30:00.000-05:00,SCORE_DETAIL_SPRING: Spring=14(0.932) Ctrl=0
2018-01-08T09:30:00.000-05:00,SCORE_DETAIL_CTX: HTF=1 RS=0 OEL=0.5(5) VWAP=1(pt=5 proxW=0.373 proxM=1.308) RSI=1
2018-01-08T09:30:00.000-05:00,SCORE_PENALTY: Ghost=0 Climax=-15 Stall=0 Failed=0 totalPen=-15 | regime=1 vpBins=47 vpRatio=0.302
2018-01-09T09:30:00.000-05:00,SCORE_FAM: total=76.304 display=76 gate=80 cap=80 scaled=91.304 | Struct=21(0.7) Vol=10.95(0.438) Phase=13(0.65) VP=9(0.75) Spring=4.192(0.838) Ctx=9.49(0.73)
2018-01-09T09:30:00.000-05:00,SCORE_DETAIL_STRUCT: HL=25(1) Spread=15(1) PB=0(0) Power=0 Mid=0 Slope=1 Flip=1
2018-01-09T09:30:00.000-05:00,SCORE_DETAIL_VOL: Dry=15(0.6) Supply=0(0) Effort=0(0/0) Decl=0 Con=0
2018-01-09T09:30:00.000-05:00,SCORE_DETAIL_PHASE: Events=1 Accum=1 SOS=0 PhB=1 SOT=0 STup=0
2018-01-09T09:30:00.000-05:00,SCORE_DETAIL_VP: Ctx=1 VPOCmig=1 VAprog=1 PShape=0 FinAuc=1 HVNsup=1 | bShape=0 Unfin=0 HVNoh=0 valid=true
2018-01-09T09:30:00.000-05:00,SCORE_DETAIL_SPRING: Spring=14(0.932) Ctrl=0
2018-01-09T09:30:00.000-05:00,SCORE_DETAIL_CTX: HTF=1 RS=0 OEL=0.5(5) VWAP=1(pt=5 proxW=0.465 proxM=1.045) RSI=1
2018-01-09T09:30:00.000-05:00,SCORE_PENALTY: Ghost=0 Climax=-15 Stall=0 Failed=0 totalPen=-15 | regime=1 vpBins=47 vpRatio=0.31
2018-01-10T09:30:00.000-05:00,SCORE_FAM: total=66.206 display=66 gate=69 cap=80 scaled=81.206 | Struct=24(0.8) Vol=4.24(0.17) Phase=13(0.65) VP=9(0.75) Spring=4.192(0.838) Ctx=5.72(0.44)
2018-01-10T09:30:00.000-05:00,SCORE_DETAIL_STRUCT: HL=25(1) Spread=15(1) PB=0(0) Power=0 Mid=1 Slope=1 Flip=1
2018-01-10T09:30:00.000-05:00,SCORE_DETAIL_VOL: Dry=8(0.32) Supply=0(0) Effort=0(0/0) Decl=0 Con=0
2018-01-10T09:30:00.000-05:00,SCORE_DETAIL_PHASE: Events=1 Accum=1 SOS=0 PhB=1 SOT=0 STup=0
2018-01-10T09:30:00.000-05:00,SCORE_DETAIL_VP: Ctx=1 VPOCmig=1 VAprog=1 PShape=0 FinAuc=1 HVNsup=1 | bShape=0 Unfin=0 HVNoh=0 valid=true
2018-01-10T09:30:00.000-05:00,SCORE_DETAIL_SPRING: Spring=14(0.932) Ctrl=0
2018-01-10T09:30:00.000-05:00,SCORE_DETAIL_CTX: HTF=1 RS=0 OEL=0.5(5) VWAP=0(pt=0 proxW=0.835 proxM=0.286) RSI=1
2018-01-10T09:30:00.000-05:00,SCORE_PENALTY: Ghost=0 Climax=-15 Stall=0 Failed=0 totalPen=-15 | regime=1 vpBins=47 vpRatio=0.348
2018-01-10T09:30:00.000-05:00,LPS ENTRY: price=162.18 score=66 gate=69 mode=Close Above SOS Midpoint spring=true(conf=0.932) closeStr=0.972 volOk=true bars=3 pullback=6.878% prelimRisk=0.654%
2018-01-10T09:30:00.000-05:00,"LPS DIST: warnLevel=0 liveCnt=0 bcAge=1,198 utadAge=978 sowAge=949 lpsyAge=939"
2018-01-10T09:30:00.000-05:00,LPS STOP: mode=LPS Low price=160.637 stack=0 vwapW=162.199 vwapM=160.75 VAL=153.697
2018-01-10T09:30:00.000-05:00,COMP VP: VPOC=116.992 VAH=NaN hvnAbove=NaN lvnAbove=NaN
2018-01-31T09:30:00.000-05:00,SCORE_FAM: total=69.399 display=69 gate=76 cap=80 scaled=84.399 | Struct=27.18(0.906) Vol=3.75(-0.086) Phase=13(0.65) VP=9(0.75) Spring=4.192(0.838) Ctx=7.8(0.6)
2018-01-31T09:30:00.000-05:00,SCORE_DETAIL_STRUCT: HL=25(1) Spread=15(1) PB=8(0.53) Power=0 Mid=1 Slope=1 Flip=1
2018-01-31T09:30:00.000-05:00,SCORE_DETAIL_VOL: Dry=3(0.12) Supply=-15(-1) Effort=0(0/0) Decl=0 Con=0
2018-01-31T09:30:00.000-05:00,SCORE_DETAIL_PHASE: Events=1 Accum=1 SOS=0 PhB=1 SOT=0 STup=0
2018-01-31T09:30:00.000-05:00,SCORE_DETAIL_VP: Ctx=1 VPOCmig=1 VAprog=1 PShape=0 FinAuc=1 HVNsup=1 | bShape=0 Unfin=0 HVNoh=0 valid=true
2018-01-31T09:30:00.000-05:00,SCORE_DETAIL_SPRING: Spring=14(0.932) Ctrl=0
2018-01-31T09:30:00.000-05:00,SCORE_DETAIL_CTX: HTF=1 RS=0 OEL=0(0) VWAP=1(pt=5 proxW=0.594 proxM=1.674) RSI=1
2018-01-31T09:30:00.000-05:00,SCORE_PENALTY: Ghost=0 Climax=-15 Stall=0 Failed=0 totalPen=-15 | regime=1.3 vpBins=119 vpRatio=0.567
2018-02-01T09:30:00.000-05:00,SCORE_FAM: total=64.947 display=65 gate=71 cap=80 scaled=79.947 | Struct=27.525(0.917) Vol=3.75(0.02) Phase=13(0.65) VP=9(0.75) Spring=4.192(0.838) Ctx=4.03(0.31)
2018-02-01T09:30:00.000-05:00,SCORE_DETAIL_STRUCT: HL=25(1) Spread=10(0.67) PB=15(1) Power=0 Mid=1 Slope=1 Flip=1
2018-02-01T09:30:00.000-05:00,SCORE_DETAIL_VOL: Dry=8(0.32) Supply=-15(-1) Effort=0(0/0) Decl=0 Con=0
2018-02-01T09:30:00.000-05:00,SCORE_DETAIL_PHASE: Events=1 Accum=1 SOS=0 PhB=1 SOT=0 STup=0
2018-02-01T09:30:00.000-05:00,SCORE_DETAIL_VP: Ctx=1 VPOCmig=1 VAprog=1 PShape=0 FinAuc=1 HVNsup=1 | bShape=0 Unfin=0 HVNoh=0 valid=true
2018-02-01T09:30:00.000-05:00,SCORE_DETAIL_SPRING: Spring=14(0.932) Ctrl=0
2018-02-01T09:30:00.000-05:00,SCORE_DETAIL_CTX: HTF=1 RS=0 OEL=0(0) VWAP=0(pt=0 proxW=0.985 proxM=0.556) RSI=1
2018-02-01T09:30:00.000-05:00,SCORE_PENALTY: Ghost=0 Climax=-15 Stall=0 Failed=0 totalPen=-15 | regime=1.3 vpBins=119 vpRatio=0.569
2018-02-02T09:30:00.000-05:00,SCORE_FAM: total=56.757 display=57 gate=62 cap=80 scaled=71.757 | Struct=22.425(0.747) Vol=3.75(-0.55) Phase=13(0.65) VP=7.8(0.65) Spring=4.192(0.838) Ctx=4.03(0.31)
2018-02-02T09:30:00.000-05:00,SCORE_DETAIL_STRUCT: HL=25(1) Spread=10(0.67) PB=15(1) Power=0 Mid=0 Slope=1 Flip=0
2018-02-02T09:30:00.000-05:00,SCORE_DETAIL_VOL: Dry=0(0) Supply=-15(-1) Effort=-10(0/-1) Decl=0 Con=0
2018-02-02T09:30:00.000-05:00,SCORE_DETAIL_PHASE: Events=1 Accum=1 SOS=0 PhB=1 SOT=0 STup=0
2018-02-02T09:30:00.000-05:00,SCORE_DETAIL_VP: Ctx=0.5 VPOCmig=1 VAprog=1 PShape=1 FinAuc=0 HVNsup=0 | bShape=0 Unfin=0 HVNoh=-1 valid=true
2018-02-02T09:30:00.000-05:00,SCORE_DETAIL_SPRING: Spring=14(0.932) Ctrl=0
2018-02-02T09:30:00.000-05:00,SCORE_DETAIL_CTX: HTF=1 RS=0 OEL=0(0) VWAP=0(pt=0 proxW=1.957 proxM=1.151) RSI=1
2018-02-02T09:30:00.000-05:00,SCORE_PENALTY: Ghost=0 Climax=-15 Stall=0 Failed=0 totalPen=-15 | regime=1.3 vpBins=34 vpRatio=1.673
2018-02-05T09:30:00.000-05:00,SCORE_FAM: total=33.162 display=33 gate=37 cap=80 scaled=48.162 | Struct=4.875(0.163) Vol=3.75(-0.55) Phase=13(0.65) VP=7.2(0.6) Spring=4.192(0.838) Ctx=4.03(0.31)
2018-02-05T09:30:00.000-05:00,SCORE_DETAIL_STRUCT: HL=0(0) Spread=5(0.33) PB=0(0) Power=0 Mid=0 Slope=1 Flip=0
2018-02-05T09:30:00.000-05:00,SCORE_DETAIL_VOL: Dry=0(0) Supply=-15(-1) Effort=-10(0/-1) Decl=0 Con=0
2018-02-05T09:30:00.000-05:00,SCORE_DETAIL_PHASE: Events=1 Accum=1 SOS=0 PhB=1 SOT=0 STup=0
2018-02-05T09:30:00.000-05:00,SCORE_DETAIL_VP: Ctx=0 VPOCmig=1 VAprog=1 PShape=1 FinAuc=1 HVNsup=0 | bShape=0 Unfin=0 HVNoh=0 valid=true
2018-02-05T09:30:00.000-05:00,SCORE_DETAIL_SPRING: Spring=14(0.932) Ctrl=0
2018-02-05T09:30:00.000-05:00,SCORE_DETAIL_CTX: HTF=1 RS=0 OEL=0(0) VWAP=0(pt=0 proxW=1.161 proxM=2.487) RSI=1
2018-02-05T09:30:00.000-05:00,SCORE_PENALTY: Ghost=0 Climax=-15 Stall=0 Failed=0 totalPen=-15 | regime=1.3 vpBins=34 vpRatio=1.295
2018-02-06T09:30:00.000-05:00,SPRING: conf=0.943 [close=0.292 reclaim=0.223 vol=0.2 age=0.129 tests=0.1] pivot=155.7 pivotAge=25b
2018-02-09T09:30:00.000-05:00,SPRING: conf=0.81 [close=0.252 reclaim=0.142 vol=0.2 age=0.116 tests=0.1] pivot=152.06 pivotAge=44b
2018-03-26T09:30:00.000-04:00,SPRING: conf=0.726 [close=0.289 reclaim=0.112 vol=0.123 age=0.136 tests=0.067] pivot=161.96 pivotAge=16b
2018-06-01T09:30:00.000-04:00,"SOS CONFIRMED: rally=12.321% low=153.88 high=172.84 bars=23 avgVol=37,002,127.217 adjMinRally=3.5"
2018-06-01T09:30:00.000-04:00,SCORE_FAM: total=91.301 display=91 gate=95 cap=100 scaled=91.301 | Struct=27.525(0.917) Vol=3.75(0.063) Phase=8.8(0.44) VP=12(1) Spring=4.246(0.849) Ctx=11.31(0.87)
2018-06-01T09:30:00.000-04:00,SCORE_DETAIL_STRUCT: HL=25(1) Spread=10(0.67) PB=15(1) Power=0 Mid=1 Slope=1 Flip=1
2018-06-01T09:30:00.000-04:00,SCORE_DETAIL_VOL: Dry=3(0.12) Supply=-10(-0.67) Effort=0(0/0) Decl=0 Con=1
2018-06-01T09:30:00.000-04:00,SCORE_DETAIL_PHASE: Events=1 Accum=0 SOS=0 PhB=1 SOT=0 STup=0
2018-06-01T09:30:00.000-04:00,SCORE_DETAIL_VP: Ctx=1 VPOCmig=1 VAprog=1 PShape=1 FinAuc=1 HVNsup=1 | bShape=0 Unfin=0 HVNoh=0 valid=true
2018-06-01T09:30:00.000-04:00,SCORE_DETAIL_SPRING: Spring=14(0.943) Ctrl=0
2018-06-01T09:30:00.000-04:00,SCORE_DETAIL_CTX: HTF=1 RS=1 OEL=0.5(5) VWAP=1(pt=5 proxW=0.193 proxM=0.579) RSI=1
2018-06-01T09:30:00.000-04:00,SCORE_PENALTY: Ghost=0 Climax=0 Stall=0 Failed=0 totalPen=0 | regime=1 vpBins=119 vpRatio=1.201
2018-06-04T09:30:00.000-04:00,SCORE_FAM: total=98.679 display=99 gate=100 cap=100 scaled=98.679 | Struct=30(1) Vol=6.74(0.27) Phase=8.8(0.44) VP=12(1) Spring=4.246(0.849) Ctx=11.31(0.87)
2018-06-04T09:30:00.000-04:00,SCORE_DETAIL_STRUCT: HL=25(1) Spread=15(1) PB=15(1) Power=0 Mid=1 Slope=1 Flip=1
2018-06-04T09:30:00.000-04:00,SCORE_DETAIL_VOL: Dry=8(0.32) Supply=0(0) Effort=0(0/0) Decl=0 Con=1
2018-06-04T09:30:00.000-04:00,SCORE_DETAIL_PHASE: Events=1 Accum=0 SOS=0 PhB=1 SOT=0 STup=0
2018-06-04T09:30:00.000-04:00,SCORE_DETAIL_VP: Ctx=1 VPOCmig=1 VAprog=1 PShape=1 FinAuc=1 HVNsup=1 | bShape=0 Unfin=0 HVNoh=0 valid=true
2018-06-04T09:30:00.000-04:00,SCORE_DETAIL_SPRING: Spring=14(0.943) Ctrl=0
2018-06-04T09:30:00.000-04:00,SCORE_DETAIL_CTX: HTF=1 RS=1 OEL=0.5(5) VWAP=1(pt=5 proxW=1.4 proxM=0.842) RSI=1
2018-06-04T09:30:00.000-04:00,SCORE_PENALTY: Ghost=0 Climax=0 Stall=0 Failed=0 totalPen=0 | regime=1 vpBins=119 vpRatio=1.205
2018-06-05T09:30:00.000-04:00,SCORE_FAM: total=104.363 display=100 gate=100 cap=100 scaled=104.363 | Struct=30(1) Vol=10.95(0.438) Phase=8.8(0.44) VP=12(1) Spring=4.246(0.849) Ctx=11.31(0.87)
2018-06-05T09:30:00.000-04:00,SCORE_DETAIL_STRUCT: HL=25(1) Spread=15(1) PB=15(1) Power=0 Mid=1 Slope=1 Flip=1
2018-06-05T09:30:00.000-04:00,SCORE_DETAIL_VOL: Dry=15(0.6) Supply=0(0) Effort=0(0/0) Decl=0 Con=1
2018-06-05T09:30:00.000-04:00,SCORE_DETAIL_PHASE: Events=1 Accum=0 SOS=0 PhB=1 SOT=0 STup=0
2018-06-05T09:30:00.000-04:00,SCORE_DETAIL_VP: Ctx=1 VPOCmig=1 VAprog=1 PShape=1 FinAuc=1 HVNsup=1 | bShape=0 Unfin=0 HVNoh=0 valid=true
2018-06-05T09:30:00.000-04:00,SCORE_DETAIL_SPRING: Spring=14(0.943) Ctrl=0
2018-06-05T09:30:00.000-04:00,SCORE_DETAIL_CTX: HTF=1 RS=1 OEL=0.5(5) VWAP=1(pt=5 proxW=1.656 proxM=1.133) RSI=1
2018-06-05T09:30:00.000-04:00,SCORE_PENALTY: Ghost=0 Climax=0 Stall=0 Failed=0 totalPen=0 | regime=1 vpBins=119 vpRatio=1.21
2018-06-06T09:30:00.000-04:00,SCORE_FAM: total=103.148 display=100 gate=100 cap=100 scaled=103.148 | Struct=27.9(0.93) Vol=10.95(0.438) Phase=13(0.65) VP=9(0.75) Spring=4.246(0.849) Ctx=11.31(0.87)
2018-06-06T09:30:00.000-04:00,SCORE_DETAIL_STRUCT: HL=25(1) Spread=15(1) PB=15(1) Power=0 Mid=1 Slope=1 Flip=0
2018-06-06T09:30:00.000-04:00,SCORE_DETAIL_VOL: Dry=15(0.6) Supply=0(0) Effort=0(0/0) Decl=0 Con=1
2018-06-06T09:30:00.000-04:00,SCORE_DETAIL_PHASE: Events=1 Accum=1 SOS=0 PhB=1 SOT=0 STup=0
2018-06-06T09:30:00.000-04:00,SCORE_DETAIL_VP: Ctx=1 VPOCmig=1 VAprog=1 PShape=0 FinAuc=1 HVNsup=1 | bShape=0 Unfin=0 HVNoh=0 valid=true
2018-06-06T09:30:00.000-04:00,SCORE_DETAIL_SPRING: Spring=14(0.943) Ctrl=0
2018-06-06T09:30:00.000-04:00,SCORE_DETAIL_CTX: HTF=1 RS=1 OEL=0.5(5) VWAP=1(pt=5 proxW=1.843 proxM=1.362) RSI=1
2018-06-06T09:30:00.000-04:00,SCORE_PENALTY: Ghost=0 Climax=0 Stall=0 Failed=0 totalPen=0 | regime=1 vpBins=34 vpRatio=0.256
2018-06-07T09:30:00.000-04:00,SCORE_FAM: total=83.33 display=83 gate=86 cap=100 scaled=83.33 | Struct=24.9(0.83) Vol=4.24(0.17) Phase=13(0.65) VP=7.8(0.65) Spring=4.246(0.849) Ctx=7.54(0.58)
2018-06-07T09:30:00.000-04:00,SCORE_DETAIL_STRUCT: HL=25(1) Spread=15(1) PB=15(1) Power=0 Mid=0 Slope=1 Flip=0
2018-06-07T09:30:00.000-04:00,SCORE_DETAIL_VOL: Dry=8(0.32) Supply=0(0) Effort=0(0/0) Decl=0 Con=0
2018-06-07T09:30:00.000-04:00,SCORE_DETAIL_PHASE: Events=1 Accum=1 SOS=0 PhB=1 SOT=0 STup=0
2018-06-07T09:30:00.000-04:00,SCORE_DETAIL_VP: Ctx=1 VPOCmig=1 VAprog=1 PShape=0 FinAuc=1 HVNsup=0 | bShape=0 Unfin=0 HVNoh=0 valid=true
2018-06-07T09:30:00.000-04:00,SCORE_DETAIL_SPRING: Spring=14(0.943) Ctrl=0
2018-06-07T09:30:00.000-04:00,SCORE_DETAIL_CTX: HTF=1 RS=1 OEL=0.5(5) VWAP=0(pt=0 proxW=1.816 proxM=1.464) RSI=1
2018-06-07T09:30:00.000-04:00,SCORE_PENALTY: Ghost=0 Climax=0 Stall=0 Failed=0 totalPen=0 | regime=1 vpBins=34 vpRatio=0.367
2018-06-08T09:30:00.000-04:00,SCORE_FAM: total=80.873 display=81 gate=84 cap=100 scaled=80.873 | Struct=24.9(0.83) Vol=4.24(0.17) Phase=13(0.65) VP=7.8(0.65) Spring=4.246(0.849) Ctx=5.72(0.44)
2018-06-08T09:30:00.000-04:00,SCORE_DETAIL_STRUCT: HL=25(1) Spread=15(1) PB=15(1) Power=0 Mid=0 Slope=1 Flip=0
2018-06-08T09:30:00.000-04:00,SCORE_DETAIL_VOL: Dry=8(0.32) Supply=0(0) Effort=0(0/0) Decl=0 Con=0
2018-06-08T09:30:00.000-04:00,SCORE_DETAIL_PHASE: Events=1 Accum=1 SOS=0 PhB=1 SOT=0 STup=0
2018-06-08T09:30:00.000-04:00,SCORE_DETAIL_VP: Ctx=1 VPOCmig=1 VAprog=1 PShape=0 FinAuc=1 HVNsup=0 | bShape=0 Unfin=0 HVNoh=0 valid=true
2018-06-08T09:30:00.000-04:00,SCORE_DETAIL_SPRING: Spring=14(0.943) Ctrl=0
2018-06-08T09:30:00.000-04:00,SCORE_DETAIL_CTX: HTF=1 RS=0 OEL=0.5(5) VWAP=0(pt=0 proxW=1.787 proxM=1.504) RSI=1
2018-06-08T09:30:00.000-04:00,SCORE_PENALTY: Ghost=0 Climax=0 Stall=0 Failed=0 totalPen=0 | regime=1 vpBins=34 vpRatio=0.442
2018-06-08T09:30:00.000-04:00,LPS ENTRY: price=174.44 score=81 gate=84 mode=Close Above SOS Midpoint spring=true(conf=0.943) closeStr=0.741 volOk=true bars=6 pullback=10.39% prelimRisk=2.047%
2018-06-08T09:30:00.000-04:00,"LPS DIST: warnLevel=0 liveCnt=0 bcAge=1,301 utadAge=1,081 sowAge=1,052 lpsyAge=1,042"
2018-06-08T09:30:00.000-04:00,LPS STOP: mode=LPS Low price=170.357 stack=0 vwapW=174.549 vwapM=173.966 VAL=166.88
2018-06-08T09:30:00.000-04:00,COMP VP: VPOC=142.97 VAH=NaN hvnAbove=NaN lvnAbove=NaN
2018-07-12T09:30:00.000-04:00,SCORE_FAM: total=84.767 display=85 gate=88 cap=100 scaled=84.767 | Struct=15.975(0.532) Vol=10.95(0.438) Phase=13(0.65) VP=9(0.75) Spring=4.246(0.849) Ctx=9.62(0.74)
2018-07-12T09:30:00.000-04:00,SCORE_DETAIL_STRUCT: HL=25(1) Spread=5(0.33) PB=0(0) Power=0 Mid=0 Slope=1 Flip=1
2018-07-12T09:30:00.000-04:00,SCORE_DETAIL_VOL: Dry=15(0.6) Supply=0(0) Effort=0(0/0) Decl=0 Con=0
2018-07-12T09:30:00.000-04:00,SCORE_DETAIL_PHASE: Events=1 Accum=1 SOS=0 PhB=1 SOT=0 STup=0
2018-07-12T09:30:00.000-04:00,SCORE_DETAIL_VP: Ctx=1 VPOCmig=1 VAprog=1 PShape=0 FinAuc=1 HVNsup=1 | bShape=0 Unfin=0 HVNoh=0 valid=true
2018-07-12T09:30:00.000-04:00,SCORE_DETAIL_SPRING: Spring=14(0.943) Ctrl=0
2018-07-12T09:30:00.000-04:00,SCORE_DETAIL_CTX: HTF=1 RS=1 OEL=0(0) VWAP=1(pt=5 proxW=0.079 proxM=0.98) RSI=1
2018-07-12T09:30:00.000-04:00,SCORE_PENALTY: Ghost=0 Climax=0 Stall=0 Failed=0 totalPen=0 | regime=1 vpBins=47 vpRatio=0.921
2018-07-13T09:30:00.000-04:00,SCORE_FAM: total=91.551 display=92 gate=95 cap=100 scaled=91.551 | Struct=21(0.7) Vol=10.95(0.438) Phase=13(0.65) VP=9(0.75) Spring=4.246(0.849) Ctx=9.62(0.74)
2018-07-13T09:30:00.000-04:00,SCORE_DETAIL_STRUCT: HL=25(1) Spread=15(1) PB=0(0) Power=0 Mid=0 Slope=1 Flip=1
2018-07-13T09:30:00.000-04:00,SCORE_DETAIL_VOL: Dry=15(0.6) Supply=0(0) Effort=0(0/0) Decl=0 Con=0
2018-07-13T09:30:00.000-04:00,SCORE_DETAIL_PHASE: Events=1 Accum=1 SOS=0 PhB=1 SOT=0 STup=0
2018-07-13T09:30:00.000-04:00,SCORE_DETAIL_VP: Ctx=1 VPOCmig=1 VAprog=1 PShape=0 FinAuc=1 HVNsup=1 | bShape=0 Unfin=0 HVNoh=0 valid=true
2018-07-13T09:30:00.000-04:00,SCORE_DETAIL_SPRING: Spring=14(0.943) Ctrl=0
2018-07-13T09:30:00.000-04:00,SCORE_DETAIL_CTX: HTF=1 RS=1 OEL=0(0) VWAP=1(pt=5 proxW=0.291 proxM=0.796) RSI=1
2018-07-13T09:30:00.000-04:00,SCORE_PENALTY: Ghost=0 Climax=0 Stall=0 Failed=0 totalPen=0 | regime=1 vpBins=47 vpRatio=0.995
2018-07-16T09:30:00.000-04:00,SCORE_FAM: total=93.86 display=94 gate=97 cap=100 scaled=93.86 | Struct=21(0.7) Vol=18.25(0.73) Phase=13(0.65) VP=9(0.75) Spring=4.246(0.849) Ctx=4.03(0.31)
2018-07-16T09:30:00.000-04:00,SCORE_DETAIL_STRUCT: HL=25(1) Spread=15(1) PB=0(0) Power=0 Mid=0 Slope=1 Flip=1
2018-07-16T09:30:00.000-04:00,SCORE_DETAIL_VOL: Dry=25(1) Supply=0(0) Effort=0(0/0) Decl=0 Con=0
2018-07-16T09:30:00.000-04:00,SCORE_DETAIL_PHASE: Events=1 Accum=1 SOS=0 PhB=1 SOT=0 STup=0
2018-07-16T09:30:00.000-04:00,SCORE_DETAIL_VP: Ctx=1 VPOCmig=1 VAprog=1 PShape=0 FinAuc=1 HVNsup=1 | bShape=0 Unfin=0 HVNoh=0 valid=true
2018-07-16T09:30:00.000-04:00,SCORE_DETAIL_SPRING: Spring=14(0.943) Ctrl=0
2018-07-16T09:30:00.000-04:00,SCORE_DETAIL_CTX: HTF=1 RS=0 OEL=0(0) VWAP=0(pt=0 proxW=1.077 proxM=0.682) RSI=1
2018-07-16T09:30:00.000-04:00,SCORE_PENALTY: Ghost=0 Climax=0 Stall=0 Failed=0 totalPen=0 | regime=1 vpBins=47 vpRatio=1.071
2018-07-17T09:30:00.000-04:00,SCORE_FAM: total=90.464 display=90 gate=94 cap=100 scaled=90.464 | Struct=18.525(0.617) Vol=10.95(0.438) Phase=13(0.65) VP=10.8(0.9) Spring=4.246(0.849) Ctx=9.49(0.73)
2018-07-17T09:30:00.000-04:00,SCORE_DETAIL_STRUCT: HL=25(1) Spread=10(0.67) PB=0(0) Power=0 Mid=0 Slope=1 Flip=1
2018-07-17T09:30:00.000-04:00,SCORE_DETAIL_VOL: Dry=15(0.6) Supply=0(0) Effort=0(0/0) Decl=0 Con=0
2018-07-17T09:30:00.000-04:00,SCORE_DETAIL_PHASE: Events=1 Accum=1 SOS=0 PhB=1 SOT=0 STup=0
2018-07-17T09:30:00.000-04:00,SCORE_DETAIL_VP: Ctx=1 VPOCmig=1 VAprog=1 PShape=1 FinAuc=1 HVNsup=0 | bShape=0 Unfin=0 HVNoh=0 valid=true
2018-07-17T09:30:00.000-04:00,SCORE_DETAIL_SPRING: Spring=14(0.943) Ctrl=0
2018-07-17T09:30:00.000-04:00,SCORE_DETAIL_CTX: HTF=1 RS=0 OEL=0.5(5) VWAP=1(pt=5 proxW=1.049 proxM=0.486) RSI=1
2018-07-17T09:30:00.000-04:00,SCORE_PENALTY: Ghost=0 Climax=0 Stall=0 Failed=0 totalPen=0 | regime=1 vpBins=47 vpRatio=1.168
2018-07-18T09:30:00.000-04:00,SCORE_FAM: total=93.806 display=94 gate=97 cap=100 scaled=93.806 | Struct=21(0.7) Vol=10.95(0.438) Phase=13(0.65) VP=10.8(0.9) Spring=4.246(0.849) Ctx=9.49(0.73)
2018-07-18T09:30:00.000-04:00,SCORE_DETAIL_STRUCT: HL=25(1) Spread=15(1) PB=0(0) Power=0 Mid=0 Slope=1 Flip=1
2018-07-18T09:30:00.000-04:00,SCORE_DETAIL_VOL: Dry=15(0.6) Supply=0(0) Effort=0(0/0) Decl=0 Con=0
2018-07-18T09:30:00.000-04:00,SCORE_DETAIL_PHASE: Events=1 Accum=1 SOS=0 PhB=1 SOT=0 STup=0
2018-07-18T09:30:00.000-04:00,SCORE_DETAIL_VP: Ctx=1 VPOCmig=1 VAprog=1 PShape=1 FinAuc=1 HVNsup=0 | bShape=0 Unfin=0 HVNoh=0 valid=true
2018-07-18T09:30:00.000-04:00,SCORE_DETAIL_SPRING: Spring=14(0.943) Ctrl=0
2018-07-18T09:30:00.000-04:00,SCORE_DETAIL_CTX: HTF=1 RS=0 OEL=0.5(5) VWAP=1(pt=5 proxW=1.169 proxM=0.377) RSI=1
2018-07-18T09:30:00.000-04:00,SCORE_PENALTY: Ghost=0 Climax=0 Stall=0 Failed=0 totalPen=0 | regime=1 vpBins=47 vpRatio=1.206
2018-07-19T09:30:00.000-04:00,SCORE_FAM: total=88.716 display=89 gate=92 cap=100 scaled=88.716 | Struct=21(0.7) Vol=10.95(0.438) Phase=13(0.65) VP=10.8(0.9) Spring=4.246(0.849) Ctx=5.72(0.44)
2018-07-19T09:30:00.000-04:00,SCORE_DETAIL_STRUCT: HL=25(1) Spread=15(1) PB=0(0) Power=0 Mid=0 Slope=1 Flip=1
2018-07-19T09:30:00.000-04:00,SCORE_DETAIL_VOL: Dry=15(0.6) Supply=0(0) Effort=0(0/0) Decl=0 Con=0
2018-07-19T09:30:00.000-04:00,SCORE_DETAIL_PHASE: Events=1 Accum=1 SOS=0 PhB=1 SOT=0 STup=0
2018-07-19T09:30:00.000-04:00,SCORE_DETAIL_VP: Ctx=1 VPOCmig=1 VAprog=1 PShape=1 FinAuc=1 HVNsup=0 | bShape=0 Unfin=0 HVNoh=0 valid=true
2018-07-19T09:30:00.000-04:00,SCORE_DETAIL_SPRING: Spring=14(0.943) Ctrl=0
2018-07-19T09:30:00.000-04:00,SCORE_DETAIL_CTX: HTF=1 RS=0 OEL=0.5(5) VWAP=0(pt=0 proxW=1.167 proxM=0.268) RSI=1
2018-07-19T09:30:00.000-04:00,SCORE_PENALTY: Ghost=0 Climax=0 Stall=0 Failed=0 totalPen=0 | regime=1 vpBins=47 vpRatio=1.257
2018-07-20T09:30:00.000-04:00,SCORE_FAM: total=88.716 display=89 gate=92 cap=100 scaled=88.716 | Struct=21(0.7) Vol=10.95(0.438) Phase=13(0.65) VP=10.8(0.9) Spring=4.246(0.849) Ctx=5.72(0.44)
2018-07-20T09:30:00.000-04:00,SCORE_DETAIL_STRUCT: HL=25(1) Spread=15(1) PB=0(0) Power=0 Mid=0 Slope=1 Flip=1
2018-07-20T09:30:00.000-04:00,SCORE_DETAIL_VOL: Dry=15(0.6) Supply=0(0) Effort=0(0/0) Decl=0 Con=0
2018-07-20T09:30:00.000-04:00,SCORE_DETAIL_PHASE: Events=1 Accum=1 SOS=0 PhB=1 SOT=0 STup=0
2018-07-20T09:30:00.000-04:00,SCORE_DETAIL_VP: Ctx=1 VPOCmig=1 VAprog=1 PShape=1 FinAuc=1 HVNsup=0 | bShape=0 Unfin=0 HVNoh=0 valid=true
2018-07-20T09:30:00.000-04:00,SCORE_DETAIL_SPRING: Spring=14(0.943) Ctrl=0
2018-07-20T09:30:00.000-04:00,SCORE_DETAIL_CTX: HTF=1 RS=0 OEL=0.5(5) VWAP=0(pt=0 proxW=1.177 proxM=0.151) RSI=1
2018-07-20T09:30:00.000-04:00,SCORE_PENALTY: Ghost=0 Climax=0 Stall=0 Failed=0 totalPen=0 | regime=1 vpBins=47 vpRatio=1.316
2018-07-23T09:30:00.000-04:00,SCORE_FAM: total=93.806 display=94 gate=97 cap=100 scaled=93.806 | Struct=21(0.7) Vol=10.95(0.438) Phase=13(0.65) VP=10.8(0.9) Spring=4.246(0.849) Ctx=9.49(0.73)
2018-07-23T09:30:00.000-04:00,SCORE_DETAIL_STRUCT: HL=25(1) Spread=15(1) PB=0(0) Power=0 Mid=0 Slope=1 Flip=1
2018-07-23T09:30:00.000-04:00,SCORE_DETAIL_VOL: Dry=15(0.6) Supply=0(0) Effort=0(0/0) Decl=0 Con=0
2018-07-23T09:30:00.000-04:00,SCORE_DETAIL_PHASE: Events=1 Accum=1 SOS=0 PhB=1 SOT=0 STup=0
2018-07-23T09:30:00.000-04:00,SCORE_DETAIL_VP: Ctx=1 VPOCmig=1 VAprog=1 PShape=1 FinAuc=1 HVNsup=0 | bShape=0 Unfin=0 HVNoh=0 valid=true
2018-07-23T09:30:00.000-04:00,SCORE_DETAIL_SPRING: Spring=14(0.943) Ctrl=0
2018-07-23T09:30:00.000-04:00,SCORE_DETAIL_CTX: HTF=1 RS=0 OEL=0.5(5) VWAP=1(pt=5 proxW=0.959 proxM=0.094) RSI=1
2018-07-23T09:30:00.000-04:00,SCORE_PENALTY: Ghost=0 Climax=0 Stall=0 Failed=0 totalPen=0 | regime=1 vpBins=47 vpRatio=1.352
2018-07-24T09:30:00.000-04:00,SCORE_FAM: total=85.199 display=85 gate=88 cap=100 scaled=85.199 | Struct=16.425(0.547) Vol=10.95(0.438) Phase=13(0.65) VP=9(0.75) Spring=4.246(0.849) Ctx=9.49(0.73)
2018-07-24T09:30:00.000-04:00,SCORE_DETAIL_STRUCT: HL=25(1) Spread=10(0.67) PB=0(0) Power=0 Mid=0 Slope=1 Flip=0
2018-07-24T09:30:00.000-04:00,SCORE_DETAIL_VOL: Dry=15(0.6) Supply=0(0) Effort=0(0/0) Decl=0 Con=0
2018-07-24T09:30:00.000-04:00,SCORE_DETAIL_PHASE: Events=1 Accum=1 SOS=0 PhB=1 SOT=0 STup=0
2018-07-24T09:30:00.000-04:00,SCORE_DETAIL_VP: Ctx=1 VPOCmig=1 VAprog=1 PShape=0 FinAuc=1 HVNsup=1 | bShape=0 Unfin=0 HVNoh=0 valid=true
2018-07-24T09:30:00.000-04:00,SCORE_DETAIL_SPRING: Spring=14(0.943) Ctrl=0
2018-07-24T09:30:00.000-04:00,SCORE_DETAIL_CTX: HTF=1 RS=0 OEL=0.5(5) VWAP=1(pt=5 proxW=1.454 proxM=0.055) RSI=1
2018-07-24T09:30:00.000-04:00,SCORE_PENALTY: Ghost=0 Climax=0 Stall=0 Failed=0 totalPen=0 | regime=1 vpBins=53 vpRatio=1
2018-07-25T09:30:00.000-04:00,SCORE_FAM: total=83.579 display=84 gate=87 cap=100 scaled=83.579 | Struct=16.425(0.547) Vol=10.95(0.438) Phase=13(0.65) VP=7.8(0.65) Spring=4.246(0.849) Ctx=9.49(0.73)
2018-07-25T09:30:00.000-04:00,SCORE_DETAIL_STRUCT: HL=25(1) Spread=10(0.67) PB=0(0) Power=0 Mid=0 Slope=1 Flip=0
2018-07-25T09:30:00.000-04:00,SCORE_DETAIL_VOL: Dry=15(0.6) Supply=0(0) Effort=0(0/0) Decl=0 Con=0
2018-07-25T09:30:00.000-04:00,SCORE_DETAIL_PHASE: Events=1 Accum=1 SOS=0 PhB=1 SOT=0 STup=0
2018-07-25T09:30:00.000-04:00,SCORE_DETAIL_VP: Ctx=1 VPOCmig=1 VAprog=1 PShape=0 FinAuc=0 HVNsup=0 | bShape=0 Unfin=0 HVNoh=0 valid=true
2018-07-25T09:30:00.000-04:00,SCORE_DETAIL_SPRING: Spring=14(0.943) Ctrl=0
2018-07-25T09:30:00.000-04:00,SCORE_DETAIL_CTX: HTF=1 RS=0 OEL=0.5(5) VWAP=1(pt=5 proxW=1.79 proxM=0.222) RSI=1
2018-07-25T09:30:00.000-04:00,SCORE_PENALTY: Ghost=0 Climax=0 Stall=0 Failed=0 totalPen=0 | regime=1 vpBins=53 vpRatio=0.837
2018-07-26T09:30:00.000-04:00,SCORE_FAM: total=81.831 display=82 gate=85 cap=100 scaled=81.831 | Struct=18.9(0.63) Vol=10.95(0.438) Phase=13(0.65) VP=7.8(0.65) Spring=4.246(0.849) Ctx=5.72(0.44)
2018-07-26T09:30:00.000-04:00,SCORE_DETAIL_STRUCT: HL=25(1) Spread=15(1) PB=0(0) Power=0 Mid=0 Slope=1 Flip=0
2018-07-26T09:30:00.000-04:00,SCORE_DETAIL_VOL: Dry=15(0.6) Supply=0(0) Effort=0(0/0) Decl=0 Con=0
2018-07-26T09:30:00.000-04:00,SCORE_DETAIL_PHASE: Events=1 Accum=1 SOS=0 PhB=1 SOT=0 STup=0
2018-07-26T09:30:00.000-04:00,SCORE_DETAIL_VP: Ctx=1 VPOCmig=1 VAprog=1 PShape=0 FinAuc=0 HVNsup=0 | bShape=0 Unfin=0 HVNoh=0 valid=true
2018-07-26T09:30:00.000-04:00,SCORE_DETAIL_SPRING: Spring=14(0.943) Ctrl=0
2018-07-26T09:30:00.000-04:00,SCORE_DETAIL_CTX: HTF=1 RS=0 OEL=0.5(5) VWAP=0(pt=0 proxW=1.661 proxM=0.311) RSI=1
2018-07-26T09:30:00.000-04:00,SCORE_PENALTY: Ghost=0 Climax=0 Stall=0 Failed=0 totalPen=0 | regime=1 vpBins=53 vpRatio=0.883
2018-07-27T09:30:00.000-04:00,SCORE_FAM: total=63.761 display=64 gate=66 cap=100 scaled=63.761 | Struct=16.425(0.547) Vol=4.24(0.17) Phase=8.8(0.44) VP=7.8(0.65) Spring=4.246(0.849) Ctx=5.72(0.44)
2018-07-27T09:30:00.000-04:00,SCORE_DETAIL_STRUCT: HL=25(1) Spread=10(0.67) PB=0(0) Power=0 Mid=0 Slope=1 Flip=0
2018-07-27T09:30:00.000-04:00,SCORE_DETAIL_VOL: Dry=8(0.32) Supply=0(0) Effort=0(0/0) Decl=0 Con=0
2018-07-27T09:30:00.000-04:00,SCORE_DETAIL_PHASE: Events=1 Accum=0 SOS=0 PhB=1 SOT=0 STup=0
2018-07-27T09:30:00.000-04:00,SCORE_DETAIL_VP: Ctx=1 VPOCmig=1 VAprog=1 PShape=0 FinAuc=0 HVNsup=1 | bShape=0 Unfin=0 HVNoh=-1 valid=true
2018-07-27T09:30:00.000-04:00,SCORE_DETAIL_SPRING: Spring=14(0.943) Ctrl=0
2018-07-27T09:30:00.000-04:00,SCORE_DETAIL_CTX: HTF=1 RS=0 OEL=0.5(5) VWAP=0(pt=0 proxW=1.459 proxM=0.527) RSI=1
2018-07-27T09:30:00.000-04:00,SCORE_PENALTY: Ghost=0 Climax=0 Stall=0 Failed=0 totalPen=0 | regime=1 vpBins=53 vpRatio=0.95
2018-07-30T09:30:00.000-04:00,SCORE_FAM: total=63.761 display=64 gate=66 cap=100 scaled=63.761 | Struct=16.425(0.547) Vol=4.24(0.17) Phase=8.8(0.44) VP=7.8(0.65) Spring=4.246(0.849) Ctx=5.72(0.44)
2018-07-30T09:30:00.000-04:00,SCORE_DETAIL_STRUCT: HL=25(1) Spread=10(0.67) PB=0(0) Power=0 Mid=0 Slope=1 Flip=0
2018-07-30T09:30:00.000-04:00,SCORE_DETAIL_VOL: Dry=8(0.32) Supply=0(0) Effort=0(0/0) Decl=0 Con=0
2018-07-30T09:30:00.000-04:00,SCORE_DETAIL_PHASE: Events=1 Accum=0 SOS=0 PhB=1 SOT=0 STup=0
2018-07-30T09:30:00.000-04:00,SCORE_DETAIL_VP: Ctx=1 VPOCmig=1 VAprog=1 PShape=0 FinAuc=0 HVNsup=1 | bShape=0 Unfin=0 HVNoh=-1 valid=true
2018-07-30T09:30:00.000-04:00,SCORE_DETAIL_SPRING: Spring=14(0.943) Ctrl=0
2018-07-30T09:30:00.000-04:00,SCORE_DETAIL_CTX: HTF=1 RS=0 OEL=0.5(5) VWAP=0(pt=0 proxW=0.598 proxM=1.401) RSI=1
2018-07-30T09:30:00.000-04:00,SCORE_PENALTY: Ghost=0 Climax=0 Stall=0 Failed=0 totalPen=0 | regime=1 vpBins=53 vpRatio=1.017
2018-07-31T09:30:00.000-04:00,SCORE_FAM: total=64.534 display=65 gate=67 cap=100 scaled=64.534 | Struct=16.425(0.547) Vol=3.75(0.12) Phase=8.8(0.44) VP=6.6(0.55) Spring=4.246(0.849) Ctx=7.982(0.614)
2018-07-31T09:30:00.000-04:00,SCORE_DETAIL_STRUCT: HL=25(1) Spread=10(0.67) PB=0(0) Power=0 Mid=0 Slope=1 Flip=0
2018-07-31T09:30:00.000-04:00,SCORE_DETAIL_VOL: Dry=8(0.32) Supply=-5(-0.33) Effort=0(0/0) Decl=0 Con=0
2018-07-31T09:30:00.000-04:00,SCORE_DETAIL_PHASE: Events=1 Accum=0 SOS=0 PhB=1 SOT=0 STup=0
2018-07-31T09:30:00.000-04:00,SCORE_DETAIL_VP: Ctx=1 VPOCmig=1 VAprog=1 PShape=0 FinAuc=0 HVNsup=0 | bShape=0 Unfin=0 HVNoh=-1 valid=true
2018-07-31T09:30:00.000-04:00,SCORE_DETAIL_SPRING: Spring=14(0.943) Ctrl=0
2018-07-31T09:30:00.000-04:00,SCORE_DETAIL_CTX: HTF=1 RS=0 OEL=0.5(5) VWAP=0.6(pt=3 proxW=0.679 proxM=1.363) RSI=1
2018-07-31T09:30:00.000-04:00,SCORE_PENALTY: Ghost=0 Climax=0 Stall=0 Failed=0 totalPen=0 | regime=1 vpBins=53 vpRatio=1.07
2018-08-01T09:30:00.000-04:00,SCORE_FAM: total=68.935 display=69 gate=71 cap=100 scaled=68.935 | Struct=16.425(0.547) Vol=5.503(0.22) Phase=8.8(0.44) VP=6.6(0.55) Spring=4.246(0.849) Ctx=9.49(0.73)
2018-08-01T09:30:00.000-04:00,SCORE_DETAIL_STRUCT: HL=25(1) Spread=10(0.67) PB=0(0) Power=0 Mid=0 Slope=1 Flip=0
2018-08-01T09:30:00.000-04:00,SCORE_DETAIL_VOL: Dry=8(0.32) Supply=-5(-0.33) Effort=0(0/0) Decl=0 Con=1
2018-08-01T09:30:00.000-04:00,SCORE_DETAIL_PHASE: Events=1 Accum=0 SOS=0 PhB=1 SOT=0 STup=0
2018-08-01T09:30:00.000-04:00,SCORE_DETAIL_VP: Ctx=1 VPOCmig=1 VAprog=1 PShape=0 FinAuc=0 HVNsup=0 | bShape=0 Unfin=0 HVNoh=-1 valid=true
2018-08-01T09:30:00.000-04:00,SCORE_DETAIL_SPRING: Spring=14(0.943) Ctrl=0
2018-08-01T09:30:00.000-04:00,SCORE_DETAIL_CTX: HTF=1 RS=0 OEL=0.5(5) VWAP=1(pt=5 proxW=0.813 proxM=1.153) RSI=1
2018-08-01T09:30:00.000-04:00,SCORE_PENALTY: Ghost=0 Climax=0 Stall=0 Failed=0 totalPen=0 | regime=1 vpBins=53 vpRatio=1.112
2018-08-02T09:30:00.000-04:00,SCORE_FAM: total=80.275 display=80 gate=83 cap=100 scaled=80.275 | Struct=16.425(0.547) Vol=5.503(0.22) Phase=13(0.65) VP=10.8(0.9) Spring=4.246(0.849) Ctx=9.49(0.73)
2018-08-02T09:30:00.000-04:00,SCORE_DETAIL_STRUCT: HL=25(1) Spread=10(0.67) PB=0(0) Power=0 Mid=0 Slope=1 Flip=0
2018-08-02T09:30:00.000-04:00,SCORE_DETAIL_VOL: Dry=8(0.32) Supply=-5(-0.33) Effort=0(0/0) Decl=0 Con=1
2018-08-02T09:30:00.000-04:00,SCORE_DETAIL_PHASE: Events=1 Accum=1 SOS=0 PhB=1 SOT=0 STup=0
2018-08-02T09:30:00.000-04:00,SCORE_DETAIL_VP: Ctx=1 VPOCmig=1 VAprog=1 PShape=1 FinAuc=0 HVNsup=0 | bShape=0 Unfin=0 HVNoh=0 valid=true
2018-08-02T09:30:00.000-04:00,SCORE_DETAIL_SPRING: Spring=14(0.943) Ctrl=0
2018-08-02T09:30:00.000-04:00,SCORE_DETAIL_CTX: HTF=1 RS=0 OEL=0.5(5) VWAP=1(pt=5 proxW=0.995 proxM=1.418) RSI=1
2018-08-02T09:30:00.000-04:00,SCORE_PENALTY: Ghost=0 Climax=0 Stall=0 Failed=0 totalPen=0 | regime=1 vpBins=53 vpRatio=1.165
2018-08-03T09:30:00.000-04:00,SCORE_FAM: total=80.275 display=80 gate=83 cap=100 scaled=80.275 | Struct=16.425(0.547) Vol=5.503(0.22) Phase=13(0.65) VP=10.8(0.9) Spring=4.246(0.849) Ctx=9.49(0.73)
2018-08-03T09:30:00.000-04:00,SCORE_DETAIL_STRUCT: HL=25(1) Spread=10(0.67) PB=0(0) Power=0 Mid=0 Slope=1 Flip=0
2018-08-03T09:30:00.000-04:00,SCORE_DETAIL_VOL: Dry=8(0.32) Supply=-5(-0.33) Effort=0(0/0) Decl=0 Con=1
2018-08-03T09:30:00.000-04:00,SCORE_DETAIL_PHASE: Events=1 Accum=1 SOS=0 PhB=1 SOT=0 STup=0
2018-08-03T09:30:00.000-04:00,SCORE_DETAIL_VP: Ctx=1 VPOCmig=1 VAprog=1 PShape=1 FinAuc=0 HVNsup=0 | bShape=0 Unfin=0 HVNoh=0 valid=true
2018-08-03T09:30:00.000-04:00,SCORE_DETAIL_SPRING: Spring=14(0.943) Ctrl=0
2018-08-03T09:30:00.000-04:00,SCORE_DETAIL_CTX: HTF=1 RS=0 OEL=0.5(5) VWAP=1(pt=5 proxW=1.209 proxM=1.699) RSI=1
2018-08-03T09:30:00.000-04:00,SCORE_PENALTY: Ghost=0 Climax=0 Stall=0 Failed=0 totalPen=0 | regime=1 vpBins=53 vpRatio=1.197
2018-08-06T09:30:00.000-04:00,SCORE_FAM: total=80.275 display=80 gate=83 cap=100 scaled=80.275 | Struct=16.425(0.547) Vol=5.503(0.22) Phase=13(0.65) VP=10.8(0.9) Spring=4.246(0.849) Ctx=9.49(0.73)
2018-08-06T09:30:00.000-04:00,SCORE_DETAIL_STRUCT: HL=25(1) Spread=10(0.67) PB=0(0) Power=0 Mid=0 Slope=1 Flip=0
2018-08-06T09:30:00.000-04:00,SCORE_DETAIL_VOL: Dry=8(0.32) Supply=-5(-0.33) Effort=0(0/0) Decl=0 Con=1
2018-08-06T09:30:00.000-04:00,SCORE_DETAIL_PHASE: Events=1 Accum=1 SOS=0 PhB=1 SOT=0 STup=0
2018-08-06T09:30:00.000-04:00,SCORE_DETAIL_VP: Ctx=1 VPOCmig=1 VAprog=1 PShape=1 FinAuc=0 HVNsup=0 | bShape=0 Unfin=0 HVNoh=0 valid=true
2018-08-06T09:30:00.000-04:00,SCORE_DETAIL_SPRING: Spring=14(0.943) Ctrl=0
2018-08-06T09:30:00.000-04:00,SCORE_DETAIL_CTX: HTF=1 RS=0 OEL=0.5(5) VWAP=1(pt=5 proxW=2.816 proxM=1.939) RSI=1
2018-08-06T09:30:00.000-04:00,SCORE_PENALTY: Ghost=0 Climax=0 Stall=0 Failed=0 totalPen=0 | regime=1 vpBins=53 vpRatio=1.225
2018-08-07T09:30:00.000-04:00,SCORE_FAM: total=77.222 display=77 gate=80 cap=100 scaled=77.222 | Struct=16.425(0.547) Vol=5.503(0.22) Phase=13(0.65) VP=10.8(0.9) Spring=4.246(0.849) Ctx=7.228(0.556)
2018-08-07T09:30:00.000-04:00,SCORE_DETAIL_STRUCT: HL=25(1) Spread=10(0.67) PB=0(0) Power=0 Mid=0 Slope=1 Flip=0
2018-08-07T09:30:00.000-04:00,SCORE_DETAIL_VOL: Dry=8(0.32) Supply=-5(-0.33) Effort=0(0/0) Decl=0 Con=1
2018-08-07T09:30:00.000-04:00,SCORE_DETAIL_PHASE: Events=1 Accum=1 SOS=0 PhB=1 SOT=0 STup=0
2018-08-07T09:30:00.000-04:00,SCORE_DETAIL_VP: Ctx=1 VPOCmig=1 VAprog=1 PShape=1 FinAuc=0 HVNsup=0 | bShape=0 Unfin=0 HVNoh=0 valid=true
2018-08-07T09:30:00.000-04:00,SCORE_DETAIL_SPRING: Spring=14(0.943) Ctrl=0
2018-08-07T09:30:00.000-04:00,SCORE_DETAIL_CTX: HTF=1 RS=0 OEL=0.5(5) VWAP=0.4(pt=2 proxW=3.195 proxM=2.268) RSI=1
2018-08-07T09:30:00.000-04:00,SCORE_PENALTY: Ghost=0 Climax=0 Stall=0 Failed=0 totalPen=0 | regime=1 vpBins=53 vpRatio=1.259
2018-08-08T09:30:00.000-04:00,SCORE_FAM: total=78.892 display=79 gate=82 cap=100 scaled=78.892 | Struct=16.425(0.547) Vol=6.74(0.27) Phase=13(0.65) VP=10.8(0.9) Spring=4.246(0.849) Ctx=7.228(0.556)
2018-08-08T09:30:00.000-04:00,SCORE_DETAIL_STRUCT: HL=25(1) Spread=10(0.67) PB=0(0) Power=0 Mid=0 Slope=1 Flip=0
2018-08-08T09:30:00.000-04:00,SCORE_DETAIL_VOL: Dry=8(0.32) Supply=0(0) Effort=0(0/0) Decl=0 Con=1
2018-08-08T09:30:00.000-04:00,SCORE_DETAIL_PHASE: Events=1 Accum=1 SOS=0 PhB=1 SOT=0 STup=0
2018-08-08T09:30:00.000-04:00,SCORE_DETAIL_VP: Ctx=1 VPOCmig=1 VAprog=1 PShape=1 FinAuc=0 HVNsup=0 | bShape=0 Unfin=0 HVNoh=0 valid=true
2018-08-08T09:30:00.000-04:00,SCORE_DETAIL_SPRING: Spring=14(0.943) Ctrl=0
2018-08-08T09:30:00.000-04:00,SCORE_DETAIL_CTX: HTF=1 RS=0 OEL=0.5(5) VWAP=0.4(pt=2 proxW=3.367 proxM=2.481) RSI=1
2018-08-08T09:30:00.000-04:00,SCORE_PENALTY: Ghost=0 Climax=0 Stall=0 Failed=0 totalPen=0 | regime=1 vpBins=53 vpRatio=1.284
2018-08-09T09:30:00.000-04:00,SCORE_FAM: total=78.892 display=79 gate=82 cap=100 scaled=78.892 | Struct=16.425(0.547) Vol=6.74(0.27) Phase=13(0.65) VP=10.8(0.9) Spring=4.246(0.849) Ctx=7.228(0.556)
2018-08-09T09:30:00.000-04:00,SCORE_DETAIL_STRUCT: HL=25(1) Spread=10(0.67) PB=0(0) Power=0 Mid=0 Slope=1 Flip=0
2018-08-09T09:30:00.000-04:00,SCORE_DETAIL_VOL: Dry=8(0.32) Supply=0(0) Effort=0(0/0) Decl=0 Con=1
2018-08-09T09:30:00.000-04:00,SCORE_DETAIL_PHASE: Events=1 Accum=1 SOS=0 PhB=1 SOT=0 STup=0
2018-08-09T09:30:00.000-04:00,SCORE_DETAIL_VP: Ctx=1 VPOCmig=1 VAprog=1 PShape=1 FinAuc=0 HVNsup=0 | bShape=0 Unfin=0 HVNoh=0 valid=true
2018-08-09T09:30:00.000-04:00,SCORE_DETAIL_SPRING: Spring=14(0.943) Ctrl=0
2018-08-09T09:30:00.000-04:00,SCORE_DETAIL_CTX: HTF=1 RS=0 OEL=0.5(5) VWAP=0.4(pt=2 proxW=3.562 proxM=2.69) RSI=1
2018-08-09T09:30:00.000-04:00,SCORE_PENALTY: Ghost=0 Climax=0 Stall=0 Failed=0 totalPen=0 | regime=1 vpBins=53 vpRatio=1.306
2018-08-10T09:30:00.000-04:00,SCORE_FAM: total=94.521 display=95 gate=98 cap=100 scaled=94.521 | Struct=30(1) Vol=6.74(0.27) Phase=13(0.65) VP=12(1) Spring=4.246(0.849) Ctx=4.03(0.31)
2018-08-10T09:30:00.000-04:00,SCORE_DETAIL_STRUCT: HL=25(1) Spread=15(1) PB=15(1) Power=0 Mid=1 Slope=1 Flip=1
2018-08-10T09:30:00.000-04:00,SCORE_DETAIL_VOL: Dry=8(0.32) Supply=0(0) Effort=0(0/0) Decl=0 Con=1
2018-08-10T09:30:00.000-04:00,SCORE_DETAIL_PHASE: Events=1 Accum=1 SOS=0 PhB=1 SOT=0 STup=0
2018-08-10T09:30:00.000-04:00,SCORE_DETAIL_VP: Ctx=1 VPOCmig=1 VAprog=1 PShape=1 FinAuc=0 HVNsup=1 | bShape=0 Unfin=0 HVNoh=0 valid=true
2018-08-10T09:30:00.000-04:00,SCORE_DETAIL_SPRING: Spring=14(0.943) Ctrl=0
2018-08-10T09:30:00.000-04:00,SCORE_DETAIL_CTX: HTF=1 RS=0 OEL=0(0) VWAP=0(pt=0 proxW=0.705 proxM=0.015) RSI=1
2018-08-10T09:30:00.000-04:00,SCORE_PENALTY: Ghost=0 Climax=0 Stall=0 Failed=0 totalPen=0 | regime=1 vpBins=53 vpRatio=1.344
2018-08-13T09:30:00.000-04:00,SCORE_FAM: total=100.205 display=100 gate=100 cap=100 scaled=100.205 | Struct=30(1) Vol=10.95(0.438) Phase=13(0.65) VP=12(1) Spring=4.246(0.849) Ctx=4.03(0.31)
2018-08-13T09:30:00.000-04:00,SCORE_DETAIL_STRUCT: HL=25(1) Spread=15(1) PB=15(1) Power=0 Mid=1 Slope=1 Flip=1
2018-08-13T09:30:00.000-04:00,SCORE_DETAIL_VOL: Dry=15(0.6) Supply=0(0) Effort=0(0/0) Decl=0 Con=1
2018-08-13T09:30:00.000-04:00,SCORE_DETAIL_PHASE: Events=1 Accum=1 SOS=0 PhB=1 SOT=0 STup=0
2018-08-13T09:30:00.000-04:00,SCORE_DETAIL_VP: Ctx=1 VPOCmig=1 VAprog=1 PShape=1 FinAuc=0 HVNsup=1 | bShape=0 Unfin=0 HVNoh=0 valid=true
2018-08-13T09:30:00.000-04:00,SCORE_DETAIL_SPRING: Spring=14(0.943) Ctrl=0
2018-08-13T09:30:00.000-04:00,SCORE_DETAIL_CTX: HTF=1 RS=0 OEL=0(0) VWAP=0(pt=0 proxW=0.502 proxM=0.063) RSI=1
2018-08-13T09:30:00.000-04:00,SCORE_PENALTY: Ghost=0 Climax=0 Stall=0 Failed=0 totalPen=0 | regime=1 vpBins=53 vpRatio=1.373
2018-08-14T09:30:00.000-04:00,SCORE_FAM: total=105.294 display=100 gate=100 cap=100 scaled=105.294 | Struct=30(1) Vol=10.95(0.438) Phase=13(0.65) VP=12(1) Spring=4.246(0.849) Ctx=7.8(0.6)
2018-08-14T09:30:00.000-04:00,SCORE_DETAIL_STRUCT: HL=25(1) Spread=15(1) PB=15(1) Power=0 Mid=1 Slope=1 Flip=1
2018-08-14T09:30:00.000-04:00,SCORE_DETAIL_VOL: Dry=15(0.6) Supply=0(0) Effort=0(0/0) Decl=0 Con=1
2018-08-14T09:30:00.000-04:00,SCORE_DETAIL_PHASE: Events=1 Accum=1 SOS=0 PhB=1 SOT=0 STup=0
2018-08-14T09:30:00.000-04:00,SCORE_DETAIL_VP: Ctx=1 VPOCmig=1 VAprog=1 PShape=1 FinAuc=0 HVNsup=1 | bShape=0 Unfin=0 HVNoh=0 valid=true
2018-08-14T09:30:00.000-04:00,SCORE_DETAIL_SPRING: Spring=14(0.943) Ctrl=0
2018-08-14T09:30:00.000-04:00,SCORE_DETAIL_CTX: HTF=1 RS=0 OEL=0(0) VWAP=1(pt=5 proxW=0.552 proxM=0.103) RSI=1
2018-08-14T09:30:00.000-04:00,SCORE_PENALTY: Ghost=0 Climax=0 Stall=0 Failed=0 totalPen=0 | regime=1 vpBins=53 vpRatio=1.396
2018-08-15T09:30:00.000-04:00,SCORE_FAM: total=78.625 display=79 gate=82 cap=100 scaled=78.625 | Struct=25.425(0.847) Vol=6.74(0.27) Phase=8.8(0.44) VP=9(0.75) Spring=4.246(0.849) Ctx=4.03(0.31)
2018-08-15T09:30:00.000-04:00,SCORE_DETAIL_STRUCT: HL=25(1) Spread=10(0.67) PB=15(1) Power=0 Mid=1 Slope=1 Flip=0
2018-08-15T09:30:00.000-04:00,SCORE_DETAIL_VOL: Dry=8(0.32) Supply=0(0) Effort=0(0/0) Decl=0 Con=1
2018-08-15T09:30:00.000-04:00,SCORE_DETAIL_PHASE: Events=1 Accum=0 SOS=0 PhB=1 SOT=0 STup=0
2018-08-15T09:30:00.000-04:00,SCORE_DETAIL_VP: Ctx=0.5 VPOCmig=1 VAprog=1 PShape=1 FinAuc=0 HVNsup=1 | bShape=0 Unfin=0 HVNoh=-1 valid=true
2018-08-15T09:30:00.000-04:00,SCORE_DETAIL_SPRING: Spring=14(0.943) Ctrl=0
2018-08-15T09:30:00.000-04:00,SCORE_DETAIL_CTX: HTF=1 RS=0 OEL=0(0) VWAP=0(pt=0 proxW=0.917 proxM=0.861) RSI=1
2018-08-15T09:30:00.000-04:00,SCORE_PENALTY: Ghost=0 Climax=0 Stall=0 Failed=0 totalPen=0 | regime=1 vpBins=53 vpRatio=1.462
2018-08-15T09:30:00.000-04:00,LPS ENTRY: price=179.23 score=79 gate=82 mode=Close Above SOS Midpoint spring=true(conf=0.943) closeStr=0.451 volOk=true bars=4 pullback=23.787% prelimRisk=0.619%
2018-08-15T09:30:00.000-04:00,"LPS DIST: warnLevel=0 liveCnt=0 bcAge=1,348 utadAge=1,128 sowAge=1,099 lpsyAge=1,089"
2018-08-15T09:30:00.000-04:00,LPS STOP: mode=LPS Low price=177.586 stack=0 vwapW=180.037 vwapM=179.922 VAL=170.211
2018-08-15T09:30:00.000-04:00,COMP VP: VPOC=143.93 VAH=NaN hvnAbove=NaN lvnAbove=181.401
2018-09-05T09:30:00.000-04:00,SCORE_FAM: total=69.121 display=69 gate=72 cap=100 scaled=69.121 | Struct=21.375(0.712) Vol=3.75(-0.437) Phase=8.8(0.44) VP=9(0.75) Spring=4.246(0.849) Ctx=4.03(0.31)
2018-09-05T09:30:00.000-04:00,SCORE_DETAIL_STRUCT: HL=25(1) Spread=2(0.13) PB=15(1) Power=0 Mid=1 Slope=1 Flip=0
2018-09-05T09:30:00.000-04:00,SCORE_DETAIL_VOL: Dry=3(0.12) Supply=-10(-0.67) Effort=-10(0/-1) Decl=0 Con=0
2018-09-05T09:30:00.000-04:00,SCORE_DETAIL_PHASE: Events=1 Accum=0 SOS=0 PhB=1 SOT=0 STup=0
2018-09-05T09:30:00.000-04:00,SCORE_DETAIL_VP: Ctx=1 VPOCmig=1 VAprog=1 PShape=0 FinAuc=1 HVNsup=1 | bShape=0 Unfin=0 HVNoh=0 valid=true
2018-09-05T09:30:00.000-04:00,SCORE_DETAIL_SPRING: Spring=14(0.943) Ctrl=0
2018-09-05T09:30:00.000-04:00,SCORE_DETAIL_CTX: HTF=1 RS=0 OEL=0(0) VWAP=0(pt=0 proxW=0.967 proxM=0.967) RSI=1
2018-09-05T09:30:00.000-04:00,SCORE_PENALTY: Ghost=0 Climax=0 Stall=0 Failed=0 totalPen=0 | regime=1 vpBins=119 vpRatio=0.883
2018-09-06T09:30:00.000-04:00,SCORE_FAM: total=69.121 display=69 gate=72 cap=100 scaled=69.121 | Struct=21.375(0.712) Vol=3.75(-0.437) Phase=8.8(0.44) VP=9(0.75) Spring=4.246(0.849) Ctx=4.03(0.31)
2018-09-06T09:30:00.000-04:00,SCORE_DETAIL_STRUCT: HL=25(1) Spread=2(0.13) PB=15(1) Power=0 Mid=1 Slope=1 Flip=0
2018-09-06T09:30:00.000-04:00,SCORE_DETAIL_VOL: Dry=3(0.12) Supply=-10(-0.67) Effort=-10(0/-1) Decl=0 Con=0
2018-09-06T09:30:00.000-04:00,SCORE_DETAIL_PHASE: Events=1 Accum=0 SOS=0 PhB=1 SOT=0 STup=0
2018-09-06T09:30:00.000-04:00,SCORE_DETAIL_VP: Ctx=1 VPOCmig=1 VAprog=1 PShape=0 FinAuc=1 HVNsup=1 | bShape=0 Unfin=0 HVNoh=0 valid=true
2018-09-06T09:30:00.000-04:00,SCORE_DETAIL_SPRING: Spring=14(0.943) Ctrl=0
2018-09-06T09:30:00.000-04:00,SCORE_DETAIL_CTX: HTF=1 RS=0 OEL=0(0) VWAP=0(pt=0 proxW=1.536 proxM=1.536) RSI=1
2018-09-06T09:30:00.000-04:00,SCORE_PENALTY: Ghost=0 Climax=0 Stall=0 Failed=0 totalPen=0 | regime=1 vpBins=119 vpRatio=0.893
2018-09-07T09:30:00.000-04:00,SCORE_FAM: total=69.121 display=69 gate=72 cap=100 scaled=69.121 | Struct=21.375(0.712) Vol=3.75(-0.437) Phase=8.8(0.44) VP=9(0.75) Spring=4.246(0.849) Ctx=4.03(0.31)
2018-09-07T09:30:00.000-04:00,SCORE_DETAIL_STRUCT: HL=25(1) Spread=2(0.13) PB=15(1) Power=0 Mid=1 Slope=1 Flip=0
2018-09-07T09:30:00.000-04:00,SCORE_DETAIL_VOL: Dry=3(0.12) Supply=-10(-0.67) Effort=-10(0/-1) Decl=0 Con=0
2018-09-07T09:30:00.000-04:00,SCORE_DETAIL_PHASE: Events=1 Accum=0 SOS=0 PhB=1 SOT=0 STup=0
2018-09-07T09:30:00.000-04:00,SCORE_DETAIL_VP: Ctx=1 VPOCmig=1 VAprog=1 PShape=0 FinAuc=1 HVNsup=1 | bShape=0 Unfin=0 HVNoh=0 valid=true
2018-09-07T09:30:00.000-04:00,SCORE_DETAIL_SPRING: Spring=14(0.943) Ctrl=0
2018-09-07T09:30:00.000-04:00,SCORE_DETAIL_CTX: HTF=1 RS=0 OEL=0(0) VWAP=0(pt=0 proxW=1.278 proxM=1.278) RSI=1
2018-09-07T09:30:00.000-04:00,SCORE_PENALTY: Ghost=0 Climax=0 Stall=0 Failed=0 totalPen=0 | regime=1 vpBins=119 vpRatio=0.902
2018-09-10T09:30:00.000-04:00,SCORE_FAM: total=74.2 display=74 gate=77 cap=100 scaled=74.2 | Struct=22.875(0.762) Vol=3.75(-0.386) Phase=8.8(0.44) VP=9(0.75) Spring=4.246(0.849) Ctx=6.292(0.484)
2018-09-10T09:30:00.000-04:00,SCORE_DETAIL_STRUCT: HL=25(1) Spread=5(0.33) PB=15(1) Power=0 Mid=1 Slope=1 Flip=0
2018-09-10T09:30:00.000-04:00,SCORE_DETAIL_VOL: Dry=3(0.12) Supply=-5(-0.33) Effort=-10(0/-1) Decl=0 Con=0
2018-09-10T09:30:00.000-04:00,SCORE_DETAIL_PHASE: Events=1 Accum=0 SOS=0 PhB=1 SOT=0 STup=0
2018-09-10T09:30:00.000-04:00,SCORE_DETAIL_VP: Ctx=1 VPOCmig=1 VAprog=1 PShape=0 FinAuc=1 HVNsup=1 | bShape=0 Unfin=0 HVNoh=0 valid=true
2018-09-10T09:30:00.000-04:00,SCORE_DETAIL_SPRING: Spring=14(0.943) Ctrl=0
2018-09-10T09:30:00.000-04:00,SCORE_DETAIL_CTX: HTF=1 RS=0 OEL=0(0) VWAP=0.6(pt=3 proxW=0.571 proxM=1.2) RSI=1
2018-09-10T09:30:00.000-04:00,SCORE_PENALTY: Ghost=0 Climax=0 Stall=0 Failed=0 totalPen=0 | regime=1 vpBins=119 vpRatio=0.908
2018-09-11T09:30:00.000-04:00,SCORE_FAM: total=76.235 display=76 gate=79 cap=100 scaled=76.235 | Struct=22.875(0.762) Vol=3.75(-0.28) Phase=8.8(0.44) VP=9(0.75) Spring=4.246(0.849) Ctx=7.8(0.6)
2018-09-11T09:30:00.000-04:00,SCORE_DETAIL_STRUCT: HL=25(1) Spread=5(0.33) PB=15(1) Power=0 Mid=1 Slope=1 Flip=0
2018-09-11T09:30:00.000-04:00,SCORE_DETAIL_VOL: Dry=8(0.32) Supply=-5(-0.33) Effort=-10(0/-1) Decl=0 Con=0
2018-09-11T09:30:00.000-04:00,SCORE_DETAIL_PHASE: Events=1 Accum=0 SOS=0 PhB=1 SOT=0 STup=0
2018-09-11T09:30:00.000-04:00,SCORE_DETAIL_VP: Ctx=1 VPOCmig=1 VAprog=1 PShape=0 FinAuc=1 HVNsup=1 | bShape=0 Unfin=0 HVNoh=0 valid=true
2018-09-11T09:30:00.000-04:00,SCORE_DETAIL_SPRING: Spring=14(0.943) Ctrl=0
2018-09-11T09:30:00.000-04:00,SCORE_DETAIL_CTX: HTF=1 RS=0 OEL=0(0) VWAP=1(pt=5 proxW=0.76 proxM=1.131) RSI=1
2018-09-11T09:30:00.000-04:00,SCORE_PENALTY: Ghost=0 Climax=0 Stall=0 Failed=0 totalPen=0 | regime=1 vpBins=119 vpRatio=0.914
2018-09-11T09:30:00.000-04:00,LPS ENTRY: price=183.12 score=76 gate=79 mode=Close Above SOS Midpoint spring=true(conf=0.943) closeStr=0.897 volOk=true bars=5 pullback=31.435% prelimRisk=1.464%
2018-09-11T09:30:00.000-04:00,"LPS DIST: warnLevel=0 liveCnt=0 bcAge=1,366 utadAge=1,146 sowAge=1,117 lpsyAge=1,107"
2018-09-11T09:30:00.000-04:00,LPS STOP: mode=LPS Low price=179.899 stack=0 vwapW=181.987 vwapM=182.743 VAL=142.1
2018-09-11T09:30:00.000-04:00,COMP VP: VPOC=144.257 VAH=NaN hvnAbove=NaN lvnAbove=184.255
2018-10-01T09:30:00.000-04:00,SCORE_FAM: total=83.093 display=83 gate=86 cap=100 scaled=83.093 | Struct=21.525(0.718) Vol=10.95(0.438) Phase=13(0.65) VP=7.8(0.65) Spring=4.246(0.849) Ctx=4.03(0.31)
2018-10-01T09:30:00.000-04:00,SCORE_DETAIL_STRUCT: HL=25(1) Spread=10(0.67) PB=0(0) Power=0 Mid=1 Slope=1 Flip=1
2018-10-01T09:30:00.000-04:00,SCORE_DETAIL_VOL: Dry=15(0.6) Supply=0(0) Effort=0(0/0) Decl=0 Con=1
2018-10-01T09:30:00.000-04:00,SCORE_DETAIL_PHASE: Events=1 Accum=1 SOS=0 PhB=1 SOT=0 STup=0
2018-10-01T09:30:00.000-04:00,SCORE_DETAIL_VP: Ctx=1 VPOCmig=1 VAprog=1 PShape=0 FinAuc=1 HVNsup=0 | bShape=0 Unfin=0 HVNoh=0 valid=true
2018-10-01T09:30:00.000-04:00,SCORE_DETAIL_SPRING: Spring=14(0.943) Ctrl=0
2018-10-01T09:30:00.000-04:00,SCORE_DETAIL_CTX: HTF=1 RS=0 OEL=0(0) VWAP=0(pt=0 proxW=0.382 proxM=0.382) RSI=1
2018-10-01T09:30:00.000-04:00,SCORE_PENALTY: Ghost=0 Climax=0 Stall=0 Failed=0 totalPen=0 | regime=1 vpBins=47 vpRatio=0.671
2018-10-02T09:30:00.000-04:00,SCORE_FAM: total=83.093 display=83 gate=86 cap=100 scaled=83.093 | Struct=21.525(0.718) Vol=10.95(0.438) Phase=13(0.65) VP=7.8(0.65) Spring=4.246(0.849) Ctx=4.03(0.31)
2018-10-02T09:30:00.000-04:00,SCORE_DETAIL_STRUCT: HL=25(1) Spread=10(0.67) PB=0(0) Power=0 Mid=1 Slope=1 Flip=1
2018-10-02T09:30:00.000-04:00,SCORE_DETAIL_VOL: Dry=15(0.6) Supply=0(0) Effort=0(0/0) Decl=0 Con=1
2018-10-02T09:30:00.000-04:00,SCORE_DETAIL_PHASE: Events=1 Accum=1 SOS=0 PhB=1 SOT=0 STup=0
2018-10-02T09:30:00.000-04:00,SCORE_DETAIL_VP: Ctx=1 VPOCmig=1 VAprog=1 PShape=0 FinAuc=1 HVNsup=0 | bShape=0 Unfin=0 HVNoh=0 valid=true
2018-10-02T09:30:00.000-04:00,SCORE_DETAIL_SPRING: Spring=14(0.943) Ctrl=0
2018-10-02T09:30:00.000-04:00,SCORE_DETAIL_CTX: HTF=1 RS=0 OEL=0(0) VWAP=0(pt=0 proxW=0.482 proxM=0.482) RSI=1
2018-10-02T09:30:00.000-04:00,SCORE_PENALTY: Ghost=0 Climax=0 Stall=0 Failed=0 totalPen=0 | regime=1 vpBins=47 vpRatio=0.706
2018-10-03T09:30:00.000-04:00,SCORE_FAM: total=77.423 display=77 gate=80 cap=100 scaled=77.423 | Struct=21.525(0.718) Vol=10.95(0.438) Phase=8.8(0.44) VP=7.8(0.65) Spring=4.246(0.849) Ctx=4.03(0.31)
2018-10-03T09:30:00.000-04:00,SCORE_DETAIL_STRUCT: HL=25(1) Spread=10(0.67) PB=0(0) Power=0 Mid=1 Slope=1 Flip=1
2018-10-03T09:30:00.000-04:00,SCORE_DETAIL_VOL: Dry=15(0.6) Supply=0(0) Effort=0(0/0) Decl=0 Con=1
2018-10-03T09:30:00.000-04:00,SCORE_DETAIL_PHASE: Events=1 Accum=0 SOS=0 PhB=1 SOT=0 STup=0
2018-10-03T09:30:00.000-04:00,SCORE_DETAIL_VP: Ctx=1 VPOCmig=1 VAprog=1 PShape=0 FinAuc=1 HVNsup=0 | bShape=0 Unfin=0 HVNoh=0 valid=true
2018-10-03T09:30:00.000-04:00,SCORE_DETAIL_SPRING: Spring=14(0.943) Ctrl=0
2018-10-03T09:30:00.000-04:00,SCORE_DETAIL_CTX: HTF=1 RS=0 OEL=0(0) VWAP=0(pt=0 proxW=0.478 proxM=0.478) RSI=1
2018-10-03T09:30:00.000-04:00,SCORE_PENALTY: Ghost=0 Climax=0 Stall=0 Failed=0 totalPen=0 | regime=1 vpBins=47 vpRatio=0.745
2018-10-04T09:30:00.000-04:00,SCORE_FAM: total=61.426 display=61 gate=64 cap=100 scaled=61.426 | Struct=19.875(0.662) Vol=3.75(-0.286) Phase=8.8(0.44) VP=4.8(0.4) Spring=4.246(0.849) Ctx=4.03(0.31)
2018-10-04T09:30:00.000-04:00,SCORE_DETAIL_STRUCT: HL=25(1) Spread=5(0.33) PB=15(1) Power=0 Mid=0 Slope=1 Flip=0
2018-10-04T09:30:00.000-04:00,SCORE_DETAIL_VOL: Dry=3(0.12) Supply=-5(-0.33) Effort=-10(0/-1) Decl=0 Con=1
2018-10-04T09:30:00.000-04:00,SCORE_DETAIL_PHASE: Events=1 Accum=0 SOS=0 PhB=1 SOT=0 STup=0
2018-10-04T09:30:00.000-04:00,SCORE_DETAIL_VP: Ctx=0.5 VPOCmig=1 VAprog=1 PShape=0 FinAuc=1 HVNsup=0 | bShape=0 Unfin=0 HVNoh=-1 valid=true
2018-10-04T09:30:00.000-04:00,SCORE_DETAIL_SPRING: Spring=14(0.943) Ctrl=0
2018-10-04T09:30:00.000-04:00,SCORE_DETAIL_CTX: HTF=1 RS=0 OEL=0(0) VWAP=0(pt=0 proxW=1.642 proxM=1.642) RSI=1
2018-10-04T09:30:00.000-04:00,SCORE_PENALTY: Ghost=0 Climax=0 Stall=0 Failed=0 totalPen=0 | regime=1 vpBins=47 vpRatio=0.855
2018-10-05T09:30:00.000-04:00,SCORE_FAM: total=55.837 display=56 gate=58 cap=100 scaled=55.837 | Struct=16.275(0.542) Vol=3.75(-0.55) Phase=8.8(0.44) VP=4.26(0.355) Spring=4.246(0.849) Ctx=4.03(0.31)
2018-10-05T09:30:00.000-04:00,SCORE_DETAIL_STRUCT: HL=15(0.6) Spread=5(0.33) PB=15(1) Power=0 Mid=0 Slope=1 Flip=0
2018-10-05T09:30:00.000-04:00,SCORE_DETAIL_VOL: Dry=0(0) Supply=-15(-1) Effort=-10(0/-1) Decl=0 Con=0
2018-10-05T09:30:00.000-04:00,SCORE_DETAIL_PHASE: Events=1 Accum=0 SOS=0 PhB=1 SOT=0 STup=0
2018-10-05T09:30:00.000-04:00,SCORE_DETAIL_VP: Ctx=0.5 VPOCmig=1 VAprog=1 PShape=0 FinAuc=1 HVNsup=0 | bShape=-0.15 Unfin=0 HVNoh=-1 valid=true
2018-10-05T09:30:00.000-04:00,SCORE_DETAIL_SPRING: Spring=14(0.943) Ctrl=0
2018-10-05T09:30:00.000-04:00,SCORE_DETAIL_CTX: HTF=1 RS=0 OEL=0(0) VWAP=0(pt=0 proxW=2.058 proxM=2.058) RSI=1
2018-10-05T09:30:00.000-04:00,SCORE_PENALTY: Ghost=0 Climax=0 Stall=0 Failed=0 totalPen=0 | regime=1 vpBins=47 vpRatio=0.768
2018-10-08T09:30:00.000-04:00,SPRING: conf=0.628 [close=0.171 reclaim=0.063 vol=0.174 age=0.12 tests=0.1] pivot=178.12 pivotAge=37b
2018-10-08T09:30:00.000-04:00,SCORE_FAM: total=72.286 display=72 gate=75 cap=100 scaled=72.286 | Struct=22.875(0.762) Vol=3.75(-0.55) Phase=8.8(0.44) VP=9(0.75) Spring=2.828(0.566) Ctx=6.292(0.484)
2018-10-08T09:30:00.000-04:00,SCORE_DETAIL_STRUCT: HL=25(1) Spread=5(0.33) PB=15(1) Power=0 Mid=1 Slope=1 Flip=0
2018-10-08T09:30:00.000-04:00,SCORE_DETAIL_VOL: Dry=0(0) Supply=-15(-1) Effort=-10(0/-1) Decl=0 Con=0
2018-10-08T09:30:00.000-04:00,SCORE_DETAIL_PHASE: Events=1 Accum=0 SOS=0 PhB=1 SOT=0 STup=0
2018-10-08T09:30:00.000-04:00,SCORE_DETAIL_VP: Ctx=1 VPOCmig=1 VAprog=1 PShape=0 FinAuc=1 HVNsup=1 | bShape=0 Unfin=0 HVNoh=0 valid=true
2018-10-08T09:30:00.000-04:00,SCORE_DETAIL_SPRING: Spring=9(0.628) Ctrl=0
2018-10-08T09:30:00.000-04:00,SCORE_DETAIL_CTX: HTF=1 RS=0 OEL=0(0) VWAP=0.6(pt=3 proxW=0.802 proxM=2.21) RSI=1
2018-10-08T09:30:00.000-04:00,SCORE_PENALTY: Ghost=0 Climax=0 Stall=0 Failed=0 totalPen=0 | regime=1 vpBins=119 vpRatio=0.951
2018-10-08T09:30:00.000-04:00,LPS ENTRY: price=179.05 score=72 gate=75 mode=Close Above SOS Midpoint spring=true(conf=0.628) closeStr=0.571 volOk=true bars=6 pullback=49.314% prelimRisk=1.184%
2018-10-08T09:30:00.000-04:00,"LPS DIST: warnLevel=0 liveCnt=0 bcAge=1,385 utadAge=1,165 sowAge=1,136 lpsyAge=1,126"
2018-10-08T09:30:00.000-04:00,LPS STOP: mode=LPS Low price=176.399 stack=0 vwapW=178.874 vwapM=182.289 VAL=146.33
2018-10-08T09:30:00.000-04:00,COMP VP: VPOC=143.929 VAH=NaN hvnAbove=NaN lvnAbove=184.574
2018-10-11T09:30:00.000-04:00,SPRING: conf=0.516 [close=0.096 reclaim=0.019 vol=0.2 age=0.101 tests=0.1] pivot=169.17 pivotAge=73b
2018-10-12T09:30:00.000-04:00,SPRING: conf=0.601 [close=0.259 reclaim=0.003 vol=0.195 age=0.111 tests=0.033] pivot=174.27 pivotAge=53b
2018-10-25T09:30:00.000-04:00,SPRING: conf=0.727 [close=0.238 reclaim=0.165 vol=0.116 age=0.141 tests=0.067] pivot=167.81 pivotAge=10b
2018-10-26T09:30:00.000-04:00,SCORE_FAM: total=62.557 display=63 gate=67 cap=100 scaled=62.557 | Struct=19.875(0.662) Vol=3.75(-0.55) Phase=8.8(0.44) VP=10.8(0.9) Spring=4.246(0.849) Ctx=0.65(0.05)
2018-10-26T09:30:00.000-04:00,SCORE_DETAIL_STRUCT: HL=25(1) Spread=5(0.33) PB=15(1) Power=0 Mid=0 Slope=1 Flip=0
2018-10-26T09:30:00.000-04:00,SCORE_DETAIL_VOL: Dry=0(0) Supply=-15(-1) Effort=-10(0/-1) Decl=0 Con=0
2018-10-26T09:30:00.000-04:00,SCORE_DETAIL_PHASE: Events=1 Accum=0 SOS=0 PhB=1 SOT=0 STup=0
2018-10-26T09:30:00.000-04:00,SCORE_DETAIL_VP: Ctx=1 VPOCmig=1 VAprog=1 PShape=1 FinAuc=1 HVNsup=0 | bShape=0 Unfin=0 HVNoh=0 valid=true
2018-10-26T09:30:00.000-04:00,SCORE_DETAIL_SPRING: Spring=14(0.943) Ctrl=0
2018-10-26T09:30:00.000-04:00,SCORE_DETAIL_CTX: HTF=0 RS=0 OEL=0(0) VWAP=0(pt=0 proxW=1.234 proxM=2.379) RSI=1
2018-10-26T09:30:00.000-04:00,SCORE_PENALTY: Ghost=0 Climax=0 Stall=0 Failed=0 totalPen=0 | regime=1.3 vpBins=119 vpRatio=1.207
2018-10-29T09:30:00.000-04:00,SCORE_FAM: total=55.381 display=55 gate=60 cap=100 scaled=55.381 | Struct=15.555(0.518) Vol=3.75(-0.55) Phase=8.8(0.44) VP=9.6(0.8) Spring=4.246(0.849) Ctx=0.65(0.05)
2018-10-29T09:30:00.000-04:00,SCORE_DETAIL_STRUCT: HL=25(1) Spread=2(0.13) PB=8(0.53) Power=0 Mid=0 Slope=1 Flip=0
2018-10-29T09:30:00.000-04:00,SCORE_DETAIL_VOL: Dry=0(0) Supply=-15(-1) Effort=-10(0/-1) Decl=0 Con=0
2018-10-29T09:30:00.000-04:00,SCORE_DETAIL_PHASE: Events=1 Accum=0 SOS=0 PhB=1 SOT=0 STup=0
2018-10-29T09:30:00.000-04:00,SCORE_DETAIL_VP: Ctx=1 VPOCmig=1 VAprog=1 PShape=1 FinAuc=1 HVNsup=0 | bShape=0 Unfin=0 HVNoh=-1 valid=true
2018-10-29T09:30:00.000-04:00,SCORE_DETAIL_SPRING: Spring=14(0.943) Ctrl=0
2018-10-29T09:30:00.000-04:00,SCORE_DETAIL_CTX: HTF=0 RS=0 OEL=0(0) VWAP=0(pt=0 proxW=0.927 proxM=2.923) RSI=1
2018-10-29T09:30:00.000-04:00,SCORE_PENALTY: Ghost=0 Climax=0 Stall=0 Failed=0 totalPen=0 | regime=1.3 vpBins=119 vpRatio=1.18
2018-10-30T09:30:00.000-04:00,SCORE_FAM: total=61.831 display=62 gate=67 cap=100 scaled=61.831 | Struct=17.055(0.569) Vol=3.75(-0.55) Phase=8.8(0.44) VP=10.8(0.9) Spring=4.246(0.849) Ctx=2.912(0.224)
2018-10-30T09:30:00.000-04:00,SCORE_DETAIL_STRUCT: HL=25(1) Spread=5(0.33) PB=8(0.53) Power=0 Mid=0 Slope=1 Flip=0
2018-10-30T09:30:00.000-04:00,SCORE_DETAIL_VOL: Dry=0(0) Supply=-15(-1) Effort=-10(0/-1) Decl=0 Con=0
2018-10-30T09:30:00.000-04:00,SCORE_DETAIL_PHASE: Events=1 Accum=0 SOS=0 PhB=1 SOT=0 STup=0
2018-10-30T09:30:00.000-04:00,SCORE_DETAIL_VP: Ctx=1 VPOCmig=1 VAprog=1 PShape=1 FinAuc=1 HVNsup=0 | bShape=0 Unfin=0 HVNoh=0 valid=true
2018-10-30T09:30:00.000-04:00,SCORE_DETAIL_SPRING: Spring=14(0.943) Ctrl=0
2018-10-30T09:30:00.000-04:00,SCORE_DETAIL_CTX: HTF=0 RS=0 OEL=0(0) VWAP=0.6(pt=3 proxW=0.962 proxM=2.848) RSI=1
2018-10-30T09:30:00.000-04:00,SCORE_PENALTY: Ghost=0 Climax=0 Stall=0 Failed=0 totalPen=0 | regime=1.3 vpBins=119 vpRatio=1.158
2018-10-30T09:30:00.000-04:00,LPS ENTRY: price=165.92 score=62 gate=67 mode=Close Above SOS Midpoint spring=true(conf=0.943) closeStr=0.971 volOk=true bars=3 pullback=67.247% prelimRisk=3.514%
2018-10-30T09:30:00.000-04:00,"LPS DIST: warnLevel=0 liveCnt=0 bcAge=1,401 utadAge=1,181 sowAge=1,152 lpsyAge=1,142"
2018-10-30T09:30:00.000-04:00,LPS STOP: mode=LPS Low price=159.61 stack=0 vwapW=164.513 vwapM=173.178 VAL=146.33
2018-10-30T09:30:00.000-04:00,COMP VP: VPOC=169.055 VAH=184.574 hvnAbove=168.316 lvnAbove=177.184
2018-11-19T09:30:00.000-05:00,SCORE_FAM: total=64.312 display=64 gate=69 cap=100 scaled=64.312 | Struct=22.425(0.747) Vol=3.75(-0.15) Phase=8.8(0.44) VP=9.6(0.8) Spring=4.246(0.849) Ctx=0.65(0.05)
2018-11-19T09:30:00.000-05:00,SCORE_DETAIL_STRUCT: HL=25(1) Spread=10(0.67) PB=15(1) Power=0 Mid=0 Slope=1 Flip=0
2018-11-19T09:30:00.000-05:00,SCORE_DETAIL_VOL: Dry=0(0) Supply=-15(-1) Effort=0(0/0) Decl=0 Con=0
2018-11-19T09:30:00.000-05:00,SCORE_DETAIL_PHASE: Events=1 Accum=0 SOS=0 PhB=1 SOT=0 STup=0
2018-11-19T09:30:00.000-05:00,SCORE_DETAIL_VP: Ctx=1 VPOCmig=1 VAprog=1 PShape=1 FinAuc=1 HVNsup=0 | bShape=0 Unfin=0 HVNoh=-1 valid=true
2018-11-19T09:30:00.000-05:00,SCORE_DETAIL_SPRING: Spring=14(0.943) Ctrl=0
2018-11-19T09:30:00.000-05:00,SCORE_DETAIL_CTX: HTF=0 RS=0 OEL=0(0) VWAP=0(pt=0 proxW=0.457 proxM=1.666) RSI=1
2018-11-19T09:30:00.000-05:00,SCORE_PENALTY: Ghost=0 Climax=0 Stall=0 Failed=0 totalPen=0 | regime=1.3 vpBins=119 vpRatio=1.227
2018-11-20T09:30:00.000-05:00,SCORE_FAM: total=61.972 display=62 gate=67 cap=100 scaled=61.972 | Struct=22.425(0.747) Vol=3.75(-0.15) Phase=8.8(0.44) VP=7.8(0.65) Spring=4.246(0.849) Ctx=0.65(0.05)
2018-11-20T09:30:00.000-05:00,SCORE_DETAIL_STRUCT: HL=25(1) Spread=10(0.67) PB=15(1) Power=0 Mid=0 Slope=1 Flip=0
2018-11-20T09:30:00.000-05:00,SCORE_DETAIL_VOL: Dry=0(0) Supply=-15(-1) Effort=0(0/0) Decl=0 Con=0
2018-11-20T09:30:00.000-05:00,SCORE_DETAIL_PHASE: Events=1 Accum=0 SOS=0 PhB=1 SOT=0 STup=0
2018-11-20T09:30:00.000-05:00,SCORE_DETAIL_VP: Ctx=0.5 VPOCmig=1 VAprog=1 PShape=1 FinAuc=1 HVNsup=0 | bShape=0 Unfin=0 HVNoh=-1 valid=true
2018-11-20T09:30:00.000-05:00,SCORE_DETAIL_SPRING: Spring=14(0.943) Ctrl=0
2018-11-20T09:30:00.000-05:00,SCORE_DETAIL_CTX: HTF=0 RS=0 OEL=0(0) VWAP=0(pt=0 proxW=0.873 proxM=2.404) RSI=1
2018-11-20T09:30:00.000-05:00,SCORE_PENALTY: Ghost=0 Climax=0 Stall=0 Failed=0 totalPen=0 | regime=1.3 vpBins=119 vpRatio=1.203
2018-11-21T09:30:00.000-05:00,SPRING: conf=0.413 [close=0.125 reclaim=0.026 vol=0.062 age=0.135 tests=0.067] pivot=160.09 pivotAge=17b
2018-11-21T09:30:00.000-05:00,SCORE_FAM: total=62.088 display=62 gate=67 cap=100 scaled=62.088 | Struct=24.9(0.83) Vol=3.75(-0.15) Phase=8.8(0.44) VP=7.8(0.65) Spring=1.86(0.372) Ctx=0.65(0.05)
2018-11-21T09:30:00.000-05:00,SCORE_DETAIL_STRUCT: HL=25(1) Spread=15(1) PB=15(1) Power=0 Mid=0 Slope=1 Flip=0
2018-11-21T09:30:00.000-05:00,SCORE_DETAIL_VOL: Dry=0(0) Supply=-15(-1) Effort=0(0/0) Decl=0 Con=0
2018-11-21T09:30:00.000-05:00,SCORE_DETAIL_PHASE: Events=1 Accum=0 SOS=0 PhB=1 SOT=0 STup=0
2018-11-21T09:30:00.000-05:00,SCORE_DETAIL_VP: Ctx=0.5 VPOCmig=1 VAprog=1 PShape=1 FinAuc=1 HVNsup=0 | bShape=0 Unfin=0 HVNoh=-1 valid=true
2018-11-21T09:30:00.000-05:00,SCORE_DETAIL_SPRING: Spring=5(0.413) Ctrl=0
2018-11-21T09:30:00.000-05:00,SCORE_DETAIL_CTX: HTF=0 RS=0 OEL=0(0) VWAP=0(pt=0 proxW=0.877 proxM=2.386) RSI=1
2018-11-21T09:30:00.000-05:00,SCORE_PENALTY: Ghost=0 Climax=0 Stall=0 Failed=0 totalPen=0 | regime=1.3 vpBins=119 vpRatio=1.194
2018-11-23T09:30:00.000-05:00,SCORE_FAM: total=64.285 display=64 gate=69 cap=100 scaled=64.285 | Struct=24.9(0.83) Vol=3.75(-0.086) Phase=8.8(0.44) VP=7.8(0.65) Spring=1.86(0.372) Ctx=2.34(0.18)
2018-11-23T09:30:00.000-05:00,SCORE_DETAIL_STRUCT: HL=25(1) Spread=15(1) PB=15(1) Power=0 Mid=0 Slope=1 Flip=0
2018-11-23T09:30:00.000-05:00,SCORE_DETAIL_VOL: Dry=3(0.12) Supply=-15(-1) Effort=0(0/0) Decl=0 Con=0
2018-11-23T09:30:00.000-05:00,SCORE_DETAIL_PHASE: Events=1 Accum=0 SOS=0 PhB=1 SOT=0 STup=0
2018-11-23T09:30:00.000-05:00,SCORE_DETAIL_VP: Ctx=0.5 VPOCmig=1 VAprog=1 PShape=1 FinAuc=1 HVNsup=0 | bShape=0 Unfin=0 HVNoh=-1 valid=true
2018-11-23T09:30:00.000-05:00,SCORE_DETAIL_SPRING: Spring=5(0.413) Ctrl=0
2018-11-23T09:30:00.000-05:00,SCORE_DETAIL_CTX: HTF=0 RS=0 OEL=0.5(5) VWAP=0(pt=0 proxW=0.888 proxM=2.443) RSI=1
2018-11-23T09:30:00.000-05:00,SCORE_PENALTY: Ghost=0 Climax=0 Stall=0 Failed=0 totalPen=0 | regime=1.3 vpBins=119 vpRatio=1.188
2018-11-26T09:30:00.000-05:00,SCORE_FAM: total=69.566 display=70 gate=75 cap=100 scaled=69.566 | Struct=24.9(0.83) Vol=3.75(-0.086) Phase=8.8(0.44) VP=9.6(0.8) Spring=1.86(0.372) Ctx=4.602(0.354)
2018-11-26T09:30:00.000-05:00,SCORE_DETAIL_STRUCT: HL=25(1) Spread=15(1) PB=15(1) Power=0 Mid=0 Slope=1 Flip=0
2018-11-26T09:30:00.000-05:00,SCORE_DETAIL_VOL: Dry=3(0.12) Supply=-15(-1) Effort=0(0/0) Decl=0 Con=0
2018-11-26T09:30:00.000-05:00,SCORE_DETAIL_PHASE: Events=1 Accum=0 SOS=0 PhB=1 SOT=0 STup=0
2018-11-26T09:30:00.000-05:00,SCORE_DETAIL_VP: Ctx=1 VPOCmig=1 VAprog=1 PShape=1 FinAuc=1 HVNsup=0 | bShape=0 Unfin=0 HVNoh=-1 valid=true
2018-11-26T09:30:00.000-05:00,SCORE_DETAIL_SPRING: Spring=5(0.413) Ctrl=0
2018-11-26T09:30:00.000-05:00,SCORE_DETAIL_CTX: HTF=0 RS=0 OEL=0.5(5) VWAP=0.6(pt=3 proxW=1.26 proxM=2.404) RSI=1
2018-11-26T09:30:00.000-05:00,SCORE_PENALTY: Ghost=0 Climax=0 Stall=0 Failed=0 totalPen=0 | regime=1.3 vpBins=119 vpRatio=1.179
2018-11-27T09:30:00.000-05:00,SCORE_FAM: total=69.566 display=70 gate=75 cap=100 scaled=69.566 | Struct=24.9(0.83) Vol=3.75(-0.086) Phase=8.8(0.44) VP=9.6(0.8) Spring=1.86(0.372) Ctx=4.602(0.354)
2018-11-27T09:30:00.000-05:00,SCORE_DETAIL_STRUCT: HL=25(1) Spread=15(1) PB=15(1) Power=0 Mid=0 Slope=1 Flip=0
2018-11-27T09:30:00.000-05:00,SCORE_DETAIL_VOL: Dry=3(0.12) Supply=-15(-1) Effort=0(0/0) Decl=0 Con=0
2018-11-27T09:30:00.000-05:00,SCORE_DETAIL_PHASE: Events=1 Accum=0 SOS=0 PhB=1 SOT=0 STup=0
2018-11-27T09:30:00.000-05:00,SCORE_DETAIL_VP: Ctx=1 VPOCmig=1 VAprog=1 PShape=1 FinAuc=1 HVNsup=0 | bShape=0 Unfin=0 HVNoh=-1 valid=true
2018-11-27T09:30:00.000-05:00,SCORE_DETAIL_SPRING: Spring=5(0.413) Ctrl=0
2018-11-27T09:30:00.000-05:00,SCORE_DETAIL_CTX: HTF=0 RS=0 OEL=0.5(5) VWAP=0.6(pt=3 proxW=1.364 proxM=2.426) RSI=1
2018-11-27T09:30:00.000-05:00,SCORE_PENALTY: Ghost=0 Climax=0 Stall=0 Failed=0 totalPen=0 | regime=1.3 vpBins=119 vpRatio=1.171
2018-11-28T09:30:00.000-05:00,SCORE_FAM: total=73.086 display=73 gate=79 cap=100 scaled=73.086 | Struct=24.9(0.83) Vol=3.75(-0.086) Phase=8.8(0.44) VP=10.8(0.9) Spring=1.86(0.372) Ctx=6.11(0.47)
2018-11-28T09:30:00.000-05:00,SCORE_DETAIL_STRUCT: HL=25(1) Spread=15(1) PB=15(1) Power=0 Mid=0 Slope=1 Flip=0
2018-11-28T09:30:00.000-05:00,SCORE_DETAIL_VOL: Dry=3(0.12) Supply=-15(-1) Effort=0(0/0) Decl=0 Con=0
2018-11-28T09:30:00.000-05:00,SCORE_DETAIL_PHASE: Events=1 Accum=0 SOS=0 PhB=1 SOT=0 STup=0
2018-11-28T09:30:00.000-05:00,SCORE_DETAIL_VP: Ctx=1 VPOCmig=1 VAprog=1 PShape=1 FinAuc=1 HVNsup=0 | bShape=0 Unfin=0 HVNoh=0 valid=true
2018-11-28T09:30:00.000-05:00,SCORE_DETAIL_SPRING: Spring=5(0.413) Ctrl=0
2018-11-28T09:30:00.000-05:00,SCORE_DETAIL_CTX: HTF=0 RS=0 OEL=0.5(5) VWAP=1(pt=5 proxW=1.855 proxM=2.373) RSI=1
2018-11-28T09:30:00.000-05:00,SCORE_PENALTY: Ghost=0 Climax=0 Stall=0 Failed=0 totalPen=0 | regime=1.3 vpBins=119 vpRatio=1.156
2018-11-28T09:30:00.000-05:00,LPS ENTRY: price=168.7 score=73 gate=79 mode=Close Above SOS Midpoint spring=true(conf=0.413) closeStr=1 volOk=true bars=7 pullback=58.966% prelimRisk=6.858%
2018-11-28T09:30:00.000-05:00,"LPS DIST: warnLevel=0 liveCnt=0 bcAge=1,421 utadAge=1,201 sowAge=1,172 lpsyAge=1,162"
2018-11-28T09:30:00.000-05:00,LPS STOP: mode=LPS Low price=156.659 stack=0 vwapW=164.598 vwapM=166.688 VAL=146.33
2018-11-28T09:30:00.000-05:00,COMP VP: VPOC=169.055 VAH=181.618 hvnAbove=NaN lvnAbove=177.184
2018-12-17T09:30:00.000-05:00,SPRING: conf=0.445 [close=0.069 reclaim=0.014 vol=0.128 age=0.135 tests=0.1] pivot=157.13 pivotAge=17b
2018-12-19T09:30:00.000-05:00,SPRING: conf=0.377 [close=0.048 reclaim=0.022 vol=0.138 age=0.068 tests=0.1] pivot=153.88 pivotAge=182b
2018-12-20T09:30:00.000-05:00,SPRING: conf=0.448 [close=0.104 reclaim=0.023 vol=0.168 age=0.053 tests=0.1] pivot=151.78 pivotAge=275b
2018-12-26T09:30:00.000-05:00,SPRING: conf=0.605 [close=0.297 reclaim=0.069 vol=0.145 age=0.061 tests=0.033] pivot=150.125 pivotAge=220b
2019-01-04T09:30:00.000-05:00,SCORE_FAM: total=59.17 display=59 gate=64 cap=100 scaled=59.17 | Struct=16.5(0.55) Vol=3.75(-0.15) Phase=8.8(0.44) VP=7.8(0.65) Spring=4.246(0.849) Ctx=4.42(0.34)
2019-01-04T09:30:00.000-05:00,SCORE_DETAIL_STRUCT: HL=25(1) Spread=15(1) PB=0(0) Power=0 Mid=0 Slope=0 Flip=0
2019-01-04T09:30:00.000-05:00,SCORE_DETAIL_VOL: Dry=0(0) Supply=-15(-1) Effort=0(0/0) Decl=0 Con=0
2019-01-04T09:30:00.000-05:00,SCORE_DETAIL_PHASE: Events=1 Accum=0 SOS=0 PhB=1 SOT=0 STup=0
2019-01-04T09:30:00.000-05:00,SCORE_DETAIL_VP: Ctx=0.5 VPOCmig=1 VAprog=1 PShape=1 FinAuc=1 HVNsup=0 | bShape=0 Unfin=0 HVNoh=-1 valid=true
2019-01-04T09:30:00.000-05:00,SCORE_DETAIL_SPRING: Spring=14(0.943) Ctrl=0
2019-01-04T09:30:00.000-05:00,SCORE_DETAIL_CTX: HTF=0 RS=0 OEL=0(0) VWAP=1(pt=5 proxW=0.322 proxM=0.289) RSI=1
2019-01-04T09:30:00.000-05:00,SCORE_PENALTY: Ghost=0 Climax=0 Stall=0 Failed=0 totalPen=0 | regime=1.3 vpBins=119 vpRatio=1.593
2019-05-23T09:30:00.000-04:00,SPRING: conf=0.556 [close=0.177 reclaim=0.025 vol=0.112 age=0.142 tests=0.1] pivot=178.06 pivotAge=8b
2019-05-30T09:30:00.000-04:00,SPRING: conf=0.485 [close=0.2 reclaim=0.028 vol=0.074 age=0.116 tests=0.067] pivot=176.6 pivotAge=44b
2019-06-03T09:30:00.000-04:00,SPRING: conf=0.479 [close=0.054 reclaim=0.042 vol=0.175 age=0.108 tests=0.1] pivot=169.338 pivotAge=59b
2019-07-22T09:30:00.000-04:00,"SOS CONFIRMED: rally=13.984% low=169.27 high=192.94 bars=19 avgVol=27,270,147.895 adjMinRally=2.8"
2019-07-22T09:30:00.000-04:00,SCORE_FAM: total=101.655 display=100 gate=100 cap=100 scaled=101.655 | Struct=27.525(0.917) Vol=9.24(0.37) Phase=13(0.65) VP=10.8(0.9) Spring=4.246(0.849) Ctx=7.8(0.6)
2019-07-22T09:30:00.000-04:00,SCORE_DETAIL_STRUCT: HL=25(1) Spread=10(0.67) PB=0(0) Power=1 Mid=1 Slope=1 Flip=1
2019-07-22T09:30:00.000-04:00,SCORE_DETAIL_VOL: Dry=8(0.32) Supply=0(0) Effort=0(0/0) Decl=1 Con=1
2019-07-22T09:30:00.000-04:00,SCORE_DETAIL_PHASE: Events=1 Accum=1 SOS=0 PhB=1 SOT=0 STup=0
2019-07-22T09:30:00.000-04:00,SCORE_DETAIL_VP: Ctx=1 VPOCmig=1 VAprog=1 PShape=1 FinAuc=1 HVNsup=0 | bShape=0 Unfin=0 HVNoh=0 valid=true
2019-07-22T09:30:00.000-04:00,SCORE_DETAIL_SPRING: Spring=14(0.943) Ctrl=0
2019-07-22T09:30:00.000-04:00,SCORE_DETAIL_CTX: HTF=1 RS=0 OEL=0(0) VWAP=1(pt=5 proxW=0.423 proxM=0.069) RSI=1
2019-07-22T09:30:00.000-04:00,SCORE_PENALTY: Ghost=0 Climax=0 Stall=0 Failed=0 totalPen=0 | regime=0.8 vpBins=34 vpRatio=1.417
2019-07-23T09:30:00.000-04:00,SCORE_FAM: total=101.655 display=100 gate=100 cap=100 scaled=101.655 | Struct=27.525(0.917) Vol=9.24(0.37) Phase=13(0.65) VP=10.8(0.9) Spring=4.246(0.849) Ctx=7.8(0.6)
2019-07-23T09:30:00.000-04:00,SCORE_DETAIL_STRUCT: HL=25(1) Spread=10(0.67) PB=0(0) Power=1 Mid=1 Slope=1 Flip=1
2019-07-23T09:30:00.000-04:00,SCORE_DETAIL_VOL: Dry=8(0.32) Supply=0(0) Effort=0(0/0) Decl=1 Con=1
2019-07-23T09:30:00.000-04:00,SCORE_DETAIL_PHASE: Events=1 Accum=1 SOS=0 PhB=1 SOT=0 STup=0
2019-07-23T09:30:00.000-04:00,SCORE_DETAIL_VP: Ctx=1 VPOCmig=1 VAprog=1 PShape=1 FinAuc=1 HVNsup=0 | bShape=0 Unfin=0 HVNoh=0 valid=true
2019-07-23T09:30:00.000-04:00,SCORE_DETAIL_SPRING: Spring=14(0.943) Ctrl=0
2019-07-23T09:30:00.000-04:00,SCORE_DETAIL_CTX: HTF=1 RS=0 OEL=0(0) VWAP=1(pt=5 proxW=0.707 proxM=0.129) RSI=1
2019-07-23T09:30:00.000-04:00,SCORE_PENALTY: Ghost=0 Climax=0 Stall=0 Failed=0 totalPen=0 | regime=0.8 vpBins=34 vpRatio=1.509
2019-07-23T09:30:00.000-04:00,LPS ENTRY: price=193.79 score=100 gate=100 mode=Close Above SOS Midpoint spring=true(conf=0.943) closeStr=0.987 volOk=true bars=2 pullback=6.337% prelimRisk=1.213%
2019-07-23T09:30:00.000-04:00,"LPS DIST: warnLevel=0 liveCnt=0 bcAge=1,582 utadAge=1,362 sowAge=1,333 lpsyAge=1,323"
2019-07-23T09:30:00.000-04:00,LPS STOP: mode=LPS Low price=190.866 stack=0 vwapW=192.856 vwapM=191.698 VAL=182.835
2019-07-23T09:30:00.000-04:00,COMP VP: VPOC=171.724 VAH=NaN hvnAbove=NaN lvnAbove=NaN
2019-07-31T09:30:00.000-04:00,SPRING: conf=0.553 [close=0.105 reclaim=0.02 vol=0.187 age=0.142 tests=0.1] pivot=190.69 pivotAge=9b
2019-08-08T09:30:00.000-04:00,SPRING: conf=0.78 [close=0.295 reclaim=0.241 vol=0.12 age=0.124 tests=0] pivot=184.65 pivotAge=31b
2019-08-16T09:30:00.000-04:00,SCORE_FAM: total=58.961 display=59 gate=62 cap=80 scaled=73.961 | Struct=22.5(0.75) Vol=3.75(-0.101) Phase=8.8(0.44) VP=6(0.5) Spring=4.246(0.849) Ctx=9.49(0.73)
2019-08-16T09:30:00.000-04:00,SCORE_DETAIL_STRUCT: HL=25(1) Spread=15(1) PB=15(1) Power=0 Mid=0 Slope=0 Flip=0
2019-08-16T09:30:00.000-04:00,SCORE_DETAIL_VOL: Dry=0(0) Supply=-10(-0.67) Effort=0(0/0) Decl=0 Con=0
2019-08-16T09:30:00.000-04:00,SCORE_DETAIL_PHASE: Events=1 Accum=0 SOS=0 PhB=1 SOT=0 STup=0
2019-08-16T09:30:00.000-04:00,SCORE_DETAIL_VP: Ctx=0.5 VPOCmig=1 VAprog=1 PShape=0 FinAuc=1 HVNsup=1 | bShape=0 Unfin=0 HVNoh=-1 valid=true
2019-08-16T09:30:00.000-04:00,SCORE_DETAIL_SPRING: Spring=14(0.943) Ctrl=0
2019-08-16T09:30:00.000-04:00,SCORE_DETAIL_CTX: HTF=1 RS=0 OEL=0.5(5) VWAP=1(pt=5 proxW=0.155 proxM=0.323) RSI=1
2019-08-16T09:30:00.000-04:00,SCORE_PENALTY: Ghost=0 Climax=-15 Stall=0 Failed=0 totalPen=-15 | regime=1 vpBins=47 vpRatio=0.913
2019-08-19T09:30:00.000-04:00,SCORE_FAM: total=59.771 display=60 gate=63 cap=80 scaled=74.771 | Struct=22.5(0.75) Vol=3.75(0.014) Phase=8.8(0.44) VP=6.6(0.55) Spring=4.246(0.849) Ctx=9.49(0.73)
2019-08-19T09:30:00.000-04:00,SCORE_DETAIL_STRUCT: HL=25(1) Spread=15(1) PB=15(1) Power=0 Mid=0 Slope=0 Flip=0
2019-08-19T09:30:00.000-04:00,SCORE_DETAIL_VOL: Dry=3(0.12) Supply=-5(-0.33) Effort=0(0/0) Decl=0 Con=0
2019-08-19T09:30:00.000-04:00,SCORE_DETAIL_PHASE: Events=1 Accum=0 SOS=0 PhB=1 SOT=0 STup=0
2019-08-19T09:30:00.000-04:00,SCORE_DETAIL_VP: Ctx=1 VPOCmig=1 VAprog=1 PShape=0 FinAuc=1 HVNsup=0 | bShape=0 Unfin=0 HVNoh=-1 valid=true
2019-08-19T09:30:00.000-04:00,SCORE_DETAIL_SPRING: Spring=14(0.943) Ctrl=0
2019-08-19T09:30:00.000-04:00,SCORE_DETAIL_CTX: HTF=1 RS=0 OEL=0.5(5) VWAP=1(pt=5 proxW=1.207 proxM=0.359) RSI=1
2019-08-19T09:30:00.000-04:00,SCORE_PENALTY: Ghost=0 Climax=-15 Stall=0 Failed=0 totalPen=-15 | regime=1 vpBins=47 vpRatio=0.942
2019-08-20T09:30:00.000-04:00,SCORE_FAM: total=55.343 display=55 gate=58 cap=80 scaled=70.343 | Struct=22.5(0.75) Vol=4.24(0.17) Phase=8.8(0.44) VP=6.6(0.55) Spring=4.246(0.849) Ctx=5.72(0.44)
2019-08-20T09:30:00.000-04:00,SCORE_DETAIL_STRUCT: HL=25(1) Spread=15(1) PB=15(1) Power=0 Mid=0 Slope=0 Flip=0
2019-08-20T09:30:00.000-04:00,SCORE_DETAIL_VOL: Dry=8(0.32) Supply=0(0) Effort=0(0/0) Decl=0 Con=0
2019-08-20T09:30:00.000-04:00,SCORE_DETAIL_PHASE: Events=1 Accum=0 SOS=0 PhB=1 SOT=0 STup=0
2019-08-20T09:30:00.000-04:00,SCORE_DETAIL_VP: Ctx=1 VPOCmig=1 VAprog=1 PShape=0 FinAuc=1 HVNsup=0 | bShape=0 Unfin=0 HVNoh=-1 valid=true
2019-08-20T09:30:00.000-04:00,SCORE_DETAIL_SPRING: Spring=14(0.943) Ctrl=0
2019-08-20T09:30:00.000-04:00,SCORE_DETAIL_CTX: HTF=1 RS=0 OEL=0.5(5) VWAP=0(pt=0 proxW=1.147 proxM=0.395) RSI=1
2019-08-20T09:30:00.000-04:00,SCORE_PENALTY: Ghost=0 Climax=-15 Stall=0 Failed=0 totalPen=-15 | regime=1 vpBins=47 vpRatio=0.967
2019-08-21T09:30:00.000-04:00,SCORE_FAM: total=69.545 display=70 gate=73 cap=80 scaled=84.545 | Struct=22.5(0.75) Vol=10.99(0.44) Phase=8.8(0.44) VP=6.6(0.55) Spring=4.246(0.849) Ctx=9.49(0.73)
2019-08-21T09:30:00.000-04:00,SCORE_DETAIL_STRUCT: HL=25(1) Spread=15(1) PB=15(1) Power=0 Mid=0 Slope=0 Flip=0
2019-08-21T09:30:00.000-04:00,SCORE_DETAIL_VOL: Dry=8(0.32) Supply=0(0) Effort=10(1/0) Decl=0 Con=0
2019-08-21T09:30:00.000-04:00,SCORE_DETAIL_PHASE: Events=1 Accum=0 SOS=0 PhB=1 SOT=0 STup=0
2019-08-21T09:30:00.000-04:00,SCORE_DETAIL_VP: Ctx=1 VPOCmig=1 VAprog=1 PShape=0 FinAuc=1 HVNsup=0 | bShape=0 Unfin=0 HVNoh=-1 valid=true
2019-08-21T09:30:00.000-04:00,SCORE_DETAIL_SPRING: Spring=14(0.943) Ctrl=0
2019-08-21T09:30:00.000-04:00,SCORE_DETAIL_CTX: HTF=1 RS=0 OEL=0.5(5) VWAP=1(pt=5 proxW=1.245 proxM=0.437) RSI=1
2019-08-21T09:30:00.000-04:00,SCORE_PENALTY: Ghost=0 Climax=-15 Stall=0 Failed=0 totalPen=-15 | regime=1 vpBins=47 vpRatio=0.994
2019-08-22T09:30:00.000-04:00,SCORE_FAM: total=55.343 display=55 gate=58 cap=80 scaled=70.343 | Struct=22.5(0.75) Vol=4.24(0.17) Phase=8.8(0.44) VP=6.6(0.55) Spring=4.246(0.849) Ctx=5.72(0.44)
2019-08-22T09:30:00.000-04:00,SCORE_DETAIL_STRUCT: HL=25(1) Spread=15(1) PB=15(1) Power=0 Mid=0 Slope=0 Flip=0
2019-08-22T09:30:00.000-04:00,SCORE_DETAIL_VOL: Dry=8(0.32) Supply=0(0) Effort=0(0/0) Decl=0 Con=0
2019-08-22T09:30:00.000-04:00,SCORE_DETAIL_PHASE: Events=1 Accum=0 SOS=0 PhB=1 SOT=0 STup=0
2019-08-22T09:30:00.000-04:00,SCORE_DETAIL_VP: Ctx=1 VPOCmig=1 VAprog=1 PShape=0 FinAuc=1 HVNsup=0 | bShape=0 Unfin=0 HVNoh=-1 valid=true
2019-08-22T09:30:00.000-04:00,SCORE_DETAIL_SPRING: Spring=14(0.943) Ctrl=0
2019-08-22T09:30:00.000-04:00,SCORE_DETAIL_CTX: HTF=1 RS=0 OEL=0.5(5) VWAP=0(pt=0 proxW=1.243 proxM=0.47) RSI=1
2019-08-22T09:30:00.000-04:00,SCORE_PENALTY: Ghost=0 Climax=-15 Stall=0 Failed=0 totalPen=-15 | regime=1 vpBins=47 vpRatio=1.025
2019-08-23T09:30:00.000-04:00,SCORE_FAM: total=47.688 display=48 gate=50 cap=80 scaled=62.688 | Struct=22.5(0.75) Vol=3.75(0.014) Phase=8.8(0.44) VP=4.8(0.4) Spring=4.246(0.849) Ctx=2.34(0.18)
2019-08-23T09:30:00.000-04:00,SCORE_DETAIL_STRUCT: HL=25(1) Spread=15(1) PB=15(1) Power=0 Mid=0 Slope=0 Flip=0
2019-08-23T09:30:00.000-04:00,SCORE_DETAIL_VOL: Dry=3(0.12) Supply=-5(-0.33) Effort=0(0/0) Decl=0 Con=0
2019-08-23T09:30:00.000-04:00,SCORE_DETAIL_PHASE: Events=1 Accum=0 SOS=0 PhB=1 SOT=0 STup=0
2019-08-23T09:30:00.000-04:00,SCORE_DETAIL_VP: Ctx=0.5 VPOCmig=1 VAprog=1 PShape=0 FinAuc=1 HVNsup=0 | bShape=0 Unfin=0 HVNoh=-1 valid=true
2019-08-23T09:30:00.000-04:00,SCORE_DETAIL_SPRING: Spring=14(0.943) Ctrl=0
2019-08-23T09:30:00.000-04:00,SCORE_DETAIL_CTX: HTF=0 RS=0 OEL=0.5(5) VWAP=0(pt=0 proxW=1.425 proxM=1.128) RSI=1
2019-08-23T09:30:00.000-04:00,SCORE_PENALTY: Ghost=0 Climax=-15 Stall=0 Failed=0 totalPen=-15 | regime=1 vpBins=47 vpRatio=0.957
2019-08-26T09:30:00.000-04:00,SCORE_FAM: total=50.742 display=51 gate=53 cap=80 scaled=65.742 | Struct=22.5(0.75) Vol=3.75(0.014) Phase=8.8(0.44) VP=4.8(0.4) Spring=4.246(0.849) Ctx=4.602(0.354)
2019-08-26T09:30:00.000-04:00,SCORE_DETAIL_STRUCT: HL=25(1) Spread=15(1) PB=15(1) Power=0 Mid=0 Slope=0 Flip=0
2019-08-26T09:30:00.000-04:00,SCORE_DETAIL_VOL: Dry=3(0.12) Supply=-5(-0.33) Effort=0(0/0) Decl=0 Con=0
2019-08-26T09:30:00.000-04:00,SCORE_DETAIL_PHASE: Events=1 Accum=0 SOS=0 PhB=1 SOT=0 STup=0
2019-08-26T09:30:00.000-04:00,SCORE_DETAIL_VP: Ctx=0.5 VPOCmig=1 VAprog=1 PShape=0 FinAuc=1 HVNsup=0 | bShape=0 Unfin=0 HVNoh=-1 valid=true
2019-08-26T09:30:00.000-04:00,SCORE_DETAIL_SPRING: Spring=14(0.943) Ctrl=0
2019-08-26T09:30:00.000-04:00,SCORE_DETAIL_CTX: HTF=0 RS=0 OEL=0.5(5) VWAP=0.6(pt=3 proxW=0.786 proxM=1.13) RSI=1
2019-08-26T09:30:00.000-04:00,SCORE_PENALTY: Ghost=0 Climax=-15 Stall=0 Failed=0 totalPen=-15 | regime=1 vpBins=47 vpRatio=0.926
2019-08-27T09:30:00.000-04:00,SCORE_FAM: total=47.688 display=48 gate=50 cap=80 scaled=62.688 | Struct=22.5(0.75) Vol=3.75(0.014) Phase=8.8(0.44) VP=4.8(0.4) Spring=4.246(0.849) Ctx=2.34(0.18)
2019-08-27T09:30:00.000-04:00,SCORE_DETAIL_STRUCT: HL=25(1) Spread=15(1) PB=15(1) Power=0 Mid=0 Slope=0 Flip=0
2019-08-27T09:30:00.000-04:00,SCORE_DETAIL_VOL: Dry=3(0.12) Supply=-5(-0.33) Effort=0(0/0) Decl=0 Con=0
2019-08-27T09:30:00.000-04:00,SCORE_DETAIL_PHASE: Events=1 Accum=0 SOS=0 PhB=1 SOT=0 STup=0
2019-08-27T09:30:00.000-04:00,SCORE_DETAIL_VP: Ctx=0.5 VPOCmig=1 VAprog=1 PShape=0 FinAuc=1 HVNsup=0 | bShape=0 Unfin=0 HVNoh=-1 valid=true
2019-08-27T09:30:00.000-04:00,SCORE_DETAIL_SPRING: Spring=14(0.943) Ctrl=0
2019-08-27T09:30:00.000-04:00,SCORE_DETAIL_CTX: HTF=0 RS=0 OEL=0.5(5) VWAP=0(pt=0 proxW=0.887 proxM=1.141) RSI=1
2019-08-27T09:30:00.000-04:00,SCORE_PENALTY: Ghost=0 Climax=-15 Stall=0 Failed=0 totalPen=-15 | regime=1 vpBins=47 vpRatio=0.897
2019-08-28T09:30:00.000-04:00,SCORE_FAM: total=50.742 display=51 gate=53 cap=80 scaled=65.742 | Struct=22.5(0.75) Vol=3.75(0.12) Phase=8.8(0.44) VP=4.8(0.4) Spring=4.246(0.849) Ctx=4.602(0.354)
2019-08-28T09:30:00.000-04:00,SCORE_DETAIL_STRUCT: HL=25(1) Spread=15(1) PB=15(1) Power=0 Mid=0 Slope=0 Flip=0
2019-08-28T09:30:00.000-04:00,SCORE_DETAIL_VOL: Dry=8(0.32) Supply=-5(-0.33) Effort=0(0/0) Decl=0 Con=0
2019-08-28T09:30:00.000-04:00,SCORE_DETAIL_PHASE: Events=1 Accum=0 SOS=0 PhB=1 SOT=0 STup=0
2019-08-28T09:30:00.000-04:00,SCORE_DETAIL_VP: Ctx=0.5 VPOCmig=1 VAprog=1 PShape=0 FinAuc=1 HVNsup=0 | bShape=0 Unfin=0 HVNoh=-1 valid=true
2019-08-28T09:30:00.000-04:00,SCORE_DETAIL_SPRING: Spring=14(0.943) Ctrl=0
2019-08-28T09:30:00.000-04:00,SCORE_DETAIL_CTX: HTF=0 RS=0 OEL=0.5(5) VWAP=0.6(pt=3 proxW=0.896 proxM=1.154) RSI=1
2019-08-28T09:30:00.000-04:00,SCORE_PENALTY: Ghost=0 Climax=-15 Stall=0 Failed=0 totalPen=-15 | regime=1 vpBins=47 vpRatio=0.876
2019-08-29T09:30:00.000-04:00,SCORE_FAM: total=57.574 display=58 gate=60 cap=80 scaled=72.574 | Struct=22.5(0.75) Vol=5.503(0.22) Phase=8.8(0.44) VP=6.6(0.55) Spring=4.246(0.849) Ctx=6.11(0.47)
2019-08-29T09:30:00.000-04:00,SCORE_DETAIL_STRUCT: HL=25(1) Spread=15(1) PB=15(1) Power=0 Mid=0 Slope=0 Flip=0
2019-08-29T09:30:00.000-04:00,SCORE_DETAIL_VOL: Dry=8(0.32) Supply=-5(-0.33) Effort=0(0/0) Decl=0 Con=1
2019-08-29T09:30:00.000-04:00,SCORE_DETAIL_PHASE: Events=1 Accum=0 SOS=0 PhB=1 SOT=0 STup=0
2019-08-29T09:30:00.000-04:00,SCORE_DETAIL_VP: Ctx=1 VPOCmig=1 VAprog=1 PShape=0 FinAuc=1 HVNsup=0 | bShape=0 Unfin=0 HVNoh=-1 valid=true
2019-08-29T09:30:00.000-04:00,SCORE_DETAIL_SPRING: Spring=14(0.943) Ctrl=0
2019-08-29T09:30:00.000-04:00,SCORE_DETAIL_CTX: HTF=0 RS=0 OEL=0.5(5) VWAP=1(pt=5 proxW=1.129 proxM=1.175) RSI=1
2019-08-29T09:30:00.000-04:00,SCORE_PENALTY: Ghost=0 Climax=-15 Stall=0 Failed=0 totalPen=-15 | regime=1 vpBins=47 vpRatio=0.903
2019-08-30T09:30:00.000-04:00,SCORE_FAM: total=62.137 display=62 gate=65 cap=80 scaled=77.137 | Struct=22.5(0.75) Vol=5.503(0.22) Phase=8.8(0.44) VP=6.6(0.55) Spring=4.246(0.849) Ctx=9.49(0.73)
2019-08-30T09:30:00.000-04:00,SCORE_DETAIL_STRUCT: HL=25(1) Spread=15(1) PB=15(1) Power=0 Mid=0 Slope=0 Flip=0
2019-08-30T09:30:00.000-04:00,SCORE_DETAIL_VOL: Dry=8(0.32) Supply=-5(-0.33) Effort=0(0/0) Decl=0 Con=1
2019-08-30T09:30:00.000-04:00,SCORE_DETAIL_PHASE: Events=1 Accum=0 SOS=0 PhB=1 SOT=0 STup=0
2019-08-30T09:30:00.000-04:00,SCORE_DETAIL_VP: Ctx=1 VPOCmig=1 VAprog=1 PShape=0 FinAuc=1 HVNsup=0 | bShape=0 Unfin=0 HVNoh=-1 valid=true
2019-08-30T09:30:00.000-04:00,SCORE_DETAIL_SPRING: Spring=14(0.943) Ctrl=0
2019-08-30T09:30:00.000-04:00,SCORE_DETAIL_CTX: HTF=1 RS=0 OEL=0.5(5) VWAP=1(pt=5 proxW=1.292 proxM=1.216) RSI=1
2019-08-30T09:30:00.000-04:00,SCORE_PENALTY: Ghost=0 Climax=-15 Stall=0 Failed=0 totalPen=-15 | regime=1 vpBins=47 vpRatio=0.932
2019-09-03T09:30:00.000-04:00,SCORE_FAM: total=54.617 display=55 gate=57 cap=80 scaled=69.617 | Struct=22.5(0.75) Vol=5.503(0.22) Phase=8.8(0.44) VP=4.8(0.4) Spring=4.246(0.849) Ctx=5.72(0.44)
2019-09-03T09:30:00.000-04:00,SCORE_DETAIL_STRUCT: HL=25(1) Spread=15(1) PB=15(1) Power=0 Mid=0 Slope=0 Flip=0
2019-09-03T09:30:00.000-04:00,SCORE_DETAIL_VOL: Dry=8(0.32) Supply=-5(-0.33) Effort=0(0/0) Decl=0 Con=1
2019-09-03T09:30:00.000-04:00,SCORE_DETAIL_PHASE: Events=1 Accum=0 SOS=0 PhB=1 SOT=0 STup=0
2019-09-03T09:30:00.000-04:00,SCORE_DETAIL_VP: Ctx=0.5 VPOCmig=1 VAprog=1 PShape=0 FinAuc=1 HVNsup=0 | bShape=0 Unfin=0 HVNoh=-1 valid=true
2019-09-03T09:30:00.000-04:00,SCORE_DETAIL_SPRING: Spring=14(0.943) Ctrl=0
2019-09-03T09:30:00.000-04:00,SCORE_DETAIL_CTX: HTF=1 RS=0 OEL=0.5(5) VWAP=0(pt=0 proxW=1.37 proxM=1.37) RSI=1
2019-09-03T09:30:00.000-04:00,SCORE_PENALTY: Ghost=0 Climax=-15 Stall=0 Failed=0 totalPen=-15 | regime=1 vpBins=47 vpRatio=0.905
2019-09-04T09:30:00.000-04:00,SCORE_FAM: total=62.137 display=62 gate=65 cap=80 scaled=77.137 | Struct=22.5(0.75) Vol=5.503(0.22) Phase=8.8(0.44) VP=6.6(0.55) Spring=4.246(0.849) Ctx=9.49(0.73)
2019-09-04T09:30:00.000-04:00,SCORE_DETAIL_STRUCT: HL=25(1) Spread=15(1) PB=15(1) Power=0 Mid=0 Slope=0 Flip=0
2019-09-04T09:30:00.000-04:00,SCORE_DETAIL_VOL: Dry=8(0.32) Supply=-5(-0.33) Effort=0(0/0) Decl=0 Con=1
2019-09-04T09:30:00.000-04:00,SCORE_DETAIL_PHASE: Events=1 Accum=0 SOS=0 PhB=1 SOT=0 STup=0
2019-09-04T09:30:00.000-04:00,SCORE_DETAIL_VP: Ctx=1 VPOCmig=1 VAprog=1 PShape=0 FinAuc=1 HVNsup=0 | bShape=0 Unfin=0 HVNoh=-1 valid=true
2019-09-04T09:30:00.000-04:00,SCORE_DETAIL_SPRING: Spring=14(0.943) Ctrl=0
2019-09-04T09:30:00.000-04:00,SCORE_DETAIL_CTX: HTF=1 RS=0 OEL=0.5(5) VWAP=1(pt=5 proxW=1.649 proxM=1.649) RSI=1
2019-09-04T09:30:00.000-04:00,SCORE_PENALTY: Ghost=0 Climax=-15 Stall=0 Failed=0 totalPen=-15 | regime=1 vpBins=47 vpRatio=0.928
2019-09-05T09:30:00.000-04:00,SCORE_FAM: total=59.083 display=59 gate=62 cap=80 scaled=74.083 | Struct=22.5(0.75) Vol=5.503(0.22) Phase=8.8(0.44) VP=6.6(0.55) Spring=4.246(0.849) Ctx=7.228(0.556)
2019-09-05T09:30:00.000-04:00,SCORE_DETAIL_STRUCT: HL=25(1) Spread=15(1) PB=15(1) Power=0 Mid=0 Slope=0 Flip=0
2019-09-05T09:30:00.000-04:00,SCORE_DETAIL_VOL: Dry=8(0.32) Supply=-5(-0.33) Effort=0(0/0) Decl=0 Con=1
2019-09-05T09:30:00.000-04:00,SCORE_DETAIL_PHASE: Events=1 Accum=0 SOS=0 PhB=1 SOT=0 STup=0
2019-09-05T09:30:00.000-04:00,SCORE_DETAIL_VP: Ctx=1 VPOCmig=1 VAprog=1 PShape=0 FinAuc=1 HVNsup=0 | bShape=0 Unfin=0 HVNoh=-1 valid=true
2019-09-05T09:30:00.000-04:00,SCORE_DETAIL_SPRING: Spring=14(0.943) Ctrl=0
2019-09-05T09:30:00.000-04:00,SCORE_DETAIL_CTX: HTF=1 RS=0 OEL=0.5(5) VWAP=0.4(pt=2 proxW=2.207 proxM=2.207) RSI=1
2019-09-05T09:30:00.000-04:00,SCORE_PENALTY: Ghost=0 Climax=-15 Stall=0 Failed=0 totalPen=-15 | regime=1 vpBins=47 vpRatio=0.964
2019-09-05T09:30:00.000-04:00,LPS ENTRY: price=191.78 score=59 gate=62 mode=Close Above SOS Midpoint spring=true(conf=0.943) closeStr=0.725 volOk=true bars=14 pullback=48.078% prelimRisk=5.329%
2019-09-05T09:30:00.000-04:00,"LPS DIST: warnLevel=0 liveCnt=0 bcAge=1,613 utadAge=1,393 sowAge=1,364 lpsyAge=1,354"
2019-09-05T09:30:00.000-04:00,LPS STOP: mode=LPS Low price=181.015 stack=0 vwapW=188.707 vwapM=188.707 VAL=179.2
2019-09-05T09:30:00.000-04:00,COMP VP: VPOC=170.993 VAH=NaN hvnAbove=NaN lvnAbove=192.573
2019-09-25T09:30:00.000-04:00,SCORE_FAM: total=39.378 display=39 gate=42 cap=100 scaled=64.378 | Struct=15(0.5) Vol=3.75(-0.45) Phase=8.8(0.44) VP=9.6(0.8) Spring=4.246(0.849) Ctx=6.292(0.484)
2019-09-25T09:30:00.000-04:00,SCORE_DETAIL_STRUCT: HL=25(1) Spread=0(0) PB=15(1) Power=0 Mid=0 Slope=0 Flip=0
2019-09-25T09:30:00.000-04:00,SCORE_DETAIL_VOL: Dry=0(0) Supply=-15(-1) Effort=-10(0/-1) Decl=0 Con=1
2019-09-25T09:30:00.000-04:00,SCORE_DETAIL_PHASE: Events=1 Accum=0 SOS=0 PhB=1 SOT=0 STup=0
2019-09-25T09:30:00.000-04:00,SCORE_DETAIL_VP: Ctx=1 VPOCmig=1 VAprog=1 PShape=1 FinAuc=1 HVNsup=0 | bShape=0 Unfin=0 HVNoh=-1 valid=true
2019-09-25T09:30:00.000-04:00,SCORE_DETAIL_SPRING: Spring=14(0.943) Ctrl=0
2019-09-25T09:30:00.000-04:00,SCORE_DETAIL_CTX: HTF=1 RS=0 OEL=0(0) VWAP=0.6(pt=3 proxW=1.139 proxM=1.692) RSI=1
2019-09-25T09:30:00.000-04:00,SCORE_PENALTY: Ghost=0 Climax=-15 Stall=-10 Failed=0 totalPen=-25 | regime=1 vpBins=47 vpRatio=1.365
2019-09-26T09:30:00.000-04:00,SCORE_FAM: total=42.72 display=43 gate=45 cap=100 scaled=67.72 | Struct=17.475(0.583) Vol=3.75(-0.337) Phase=8.8(0.44) VP=9.6(0.8) Spring=4.246(0.849) Ctx=6.292(0.484)
2019-09-26T09:30:00.000-04:00,SCORE_DETAIL_STRUCT: HL=25(1) Spread=5(0.33) PB=15(1) Power=0 Mid=0 Slope=0 Flip=0
2019-09-26T09:30:00.000-04:00,SCORE_DETAIL_VOL: Dry=3(0.12) Supply=-10(-0.67) Effort=-10(0/-1) Decl=0 Con=1
2019-09-26T09:30:00.000-04:00,SCORE_DETAIL_PHASE: Events=1 Accum=0 SOS=0 PhB=1 SOT=0 STup=0
2019-09-26T09:30:00.000-04:00,SCORE_DETAIL_VP: Ctx=1 VPOCmig=1 VAprog=1 PShape=1 FinAuc=1 HVNsup=0 | bShape=0 Unfin=0 HVNoh=-1 valid=true
2019-09-26T09:30:00.000-04:00,SCORE_DETAIL_SPRING: Spring=14(0.943) Ctrl=0
2019-09-26T09:30:00.000-04:00,SCORE_DETAIL_CTX: HTF=1 RS=0 OEL=0(0) VWAP=0.6(pt=3 proxW=1.143 proxM=1.685) RSI=1
2019-09-26T09:30:00.000-04:00,SCORE_PENALTY: Ghost=0 Climax=-15 Stall=-10 Failed=0 totalPen=-25 | regime=1 vpBins=47 vpRatio=1.394
2019-09-27T09:30:00.000-04:00,SCORE_FAM: total=37.236 display=37 gate=40 cap=100 scaled=62.236 | Struct=17.475(0.583) Vol=3.75(-0.401) Phase=8.8(0.44) VP=7.8(0.65) Spring=4.246(0.849) Ctx=4.03(0.31)
2019-09-27T09:30:00.000-04:00,SCORE_DETAIL_STRUCT: HL=25(1) Spread=5(0.33) PB=15(1) Power=0 Mid=0 Slope=0 Flip=0
2019-09-27T09:30:00.000-04:00,SCORE_DETAIL_VOL: Dry=0(0) Supply=-10(-0.67) Effort=-10(0/-1) Decl=0 Con=1
2019-09-27T09:30:00.000-04:00,SCORE_DETAIL_PHASE: Events=1 Accum=0 SOS=0 PhB=1 SOT=0 STup=0
2019-09-27T09:30:00.000-04:00,SCORE_DETAIL_VP: Ctx=0.5 VPOCmig=1 VAprog=1 PShape=1 FinAuc=1 HVNsup=0 | bShape=0 Unfin=0 HVNoh=-1 valid=true
2019-09-27T09:30:00.000-04:00,SCORE_DETAIL_SPRING: Spring=14(0.943) Ctrl=0
2019-09-27T09:30:00.000-04:00,SCORE_DETAIL_CTX: HTF=1 RS=0 OEL=0(0) VWAP=0(pt=0 proxW=1.117 proxM=1.702) RSI=1
2019-09-27T09:30:00.000-04:00,SCORE_PENALTY: Ghost=0 Climax=-15 Stall=-10 Failed=0 totalPen=-25 | regime=1 vpBins=47 vpRatio=1.437
2019-09-30T09:30:00.000-04:00,SCORE_FAM: total=42.72 display=43 gate=45 cap=100 scaled=67.72 | Struct=17.475(0.583) Vol=3.75(-0.337) Phase=8.8(0.44) VP=9.6(0.8) Spring=4.246(0.849) Ctx=6.292(0.484)
2019-09-30T09:30:00.000-04:00,SCORE_DETAIL_STRUCT: HL=25(1) Spread=5(0.33) PB=15(1) Power=0 Mid=0 Slope=0 Flip=0
2019-09-30T09:30:00.000-04:00,SCORE_DETAIL_VOL: Dry=3(0.12) Supply=-10(-0.67) Effort=-10(0/-1) Decl=0 Con=1
2019-09-30T09:30:00.000-04:00,SCORE_DETAIL_PHASE: Events=1 Accum=0 SOS=0 PhB=1 SOT=0 STup=0
2019-09-30T09:30:00.000-04:00,SCORE_DETAIL_VP: Ctx=1 VPOCmig=1 VAprog=1 PShape=1 FinAuc=1 HVNsup=0 | bShape=0 Unfin=0 HVNoh=-1 valid=true
2019-09-30T09:30:00.000-04:00,SCORE_DETAIL_SPRING: Spring=14(0.943) Ctrl=0
2019-09-30T09:30:00.000-04:00,SCORE_DETAIL_CTX: HTF=1 RS=0 OEL=0(0) VWAP=0.6(pt=3 proxW=0.989 proxM=1.697) RSI=1
2019-09-30T09:30:00.000-04:00,SCORE_PENALTY: Ghost=0 Climax=-15 Stall=-10 Failed=0 totalPen=-25 | regime=1 vpBins=47 vpRatio=1.465
2019-10-01T09:30:00.000-04:00,SCORE_FAM: total=37.236 display=37 gate=40 cap=100 scaled=62.236 | Struct=17.475(0.583) Vol=3.75(-0.337) Phase=8.8(0.44) VP=7.8(0.65) Spring=4.246(0.849) Ctx=4.03(0.31)
2019-10-01T09:30:00.000-04:00,SCORE_DETAIL_STRUCT: HL=25(1) Spread=5(0.33) PB=15(1) Power=0 Mid=0 Slope=0 Flip=0
2019-10-01T09:30:00.000-04:00,SCORE_DETAIL_VOL: Dry=3(0.12) Supply=-10(-0.67) Effort=-10(0/-1) Decl=0 Con=1
2019-10-01T09:30:00.000-04:00,SCORE_DETAIL_PHASE: Events=1 Accum=0 SOS=0 PhB=1 SOT=0 STup=0
2019-10-01T09:30:00.000-04:00,SCORE_DETAIL_VP: Ctx=0.5 VPOCmig=1 VAprog=1 PShape=1 FinAuc=1 HVNsup=0 | bShape=0 Unfin=0 HVNoh=-1 valid=true
2019-10-01T09:30:00.000-04:00,SCORE_DETAIL_SPRING: Spring=14(0.943) Ctrl=0
2019-10-01T09:30:00.000-04:00,SCORE_DETAIL_CTX: HTF=1 RS=0 OEL=0(0) VWAP=0(pt=0 proxW=0.933 proxM=0.905) RSI=1
2019-10-01T09:30:00.000-04:00,SCORE_PENALTY: Ghost=0 Climax=-15 Stall=-10 Failed=0 totalPen=-25 | regime=1 vpBins=47 vpRatio=1.5
2019-10-02T09:30:00.000-04:00,SCORE_FAM: total=37.236 display=37 gate=40 cap=100 scaled=62.236 | Struct=17.475(0.583) Vol=3.75(-0.401) Phase=8.8(0.44) VP=7.8(0.65) Spring=4.246(0.849) Ctx=4.03(0.31)
2019-10-02T09:30:00.000-04:00,SCORE_DETAIL_STRUCT: HL=25(1) Spread=5(0.33) PB=15(1) Power=0 Mid=0 Slope=0 Flip=0
2019-10-02T09:30:00.000-04:00,SCORE_DETAIL_VOL: Dry=0(0) Supply=-10(-0.67) Effort=-10(0/-1) Decl=0 Con=1
2019-10-02T09:30:00.000-04:00,SCORE_DETAIL_PHASE: Events=1 Accum=0 SOS=0 PhB=1 SOT=0 STup=0
2019-10-02T09:30:00.000-04:00,SCORE_DETAIL_VP: Ctx=0.5 VPOCmig=1 VAprog=1 PShape=1 FinAuc=1 HVNsup=0 | bShape=0 Unfin=0 HVNoh=-1 valid=true
2019-10-02T09:30:00.000-04:00,SCORE_DETAIL_SPRING: Spring=14(0.943) Ctrl=0
2019-10-02T09:30:00.000-04:00,SCORE_DETAIL_CTX: HTF=1 RS=0 OEL=0(0) VWAP=0(pt=0 proxW=1.282 proxM=1.088) RSI=1
2019-10-02T09:30:00.000-04:00,SCORE_PENALTY: Ghost=0 Climax=-15 Stall=-10 Failed=0 totalPen=-25 | regime=1 vpBins=47 vpRatio=1.426
2019-10-03T09:30:00.000-04:00,SCORE_FAM: total=37.236 display=37 gate=40 cap=100 scaled=62.236 | Struct=17.475(0.583) Vol=3.75(-0.45) Phase=8.8(0.44) VP=7.8(0.65) Spring=4.246(0.849) Ctx=4.03(0.31)
2019-10-03T09:30:00.000-04:00,SCORE_DETAIL_STRUCT: HL=25(1) Spread=5(0.33) PB=15(1) Power=0 Mid=0 Slope=0 Flip=0
2019-10-03T09:30:00.000-04:00,SCORE_DETAIL_VOL: Dry=0(0) Supply=-15(-1) Effort=-10(0/-1) Decl=0 Con=1
2019-10-03T09:30:00.000-04:00,SCORE_DETAIL_PHASE: Events=1 Accum=0 SOS=0 PhB=1 SOT=0 STup=0
2019-10-03T09:30:00.000-04:00,SCORE_DETAIL_VP: Ctx=0.5 VPOCmig=1 VAprog=1 PShape=1 FinAuc=1 HVNsup=0 | bShape=0 Unfin=0 HVNoh=-1 valid=true
2019-10-03T09:30:00.000-04:00,SCORE_DETAIL_SPRING: Spring=14(0.943) Ctrl=0
2019-10-03T09:30:00.000-04:00,SCORE_DETAIL_CTX: HTF=1 RS=0 OEL=0(0) VWAP=0(pt=0 proxW=1.455 proxM=1.29) RSI=1
2019-10-03T09:30:00.000-04:00,SCORE_PENALTY: Ghost=0 Climax=-15 Stall=-10 Failed=0 totalPen=-25 | regime=1 vpBins=47 vpRatio=1.371
2019-10-04T09:30:00.000-04:00,SCORE_FAM: total=46.375 display=46 gate=49 cap=100 scaled=71.375 | Struct=17.475(0.583) Vol=3.75(-0.45) Phase=8.8(0.44) VP=10.8(0.9) Spring=4.246(0.849) Ctx=7.8(0.6)
2019-10-04T09:30:00.000-04:00,SCORE_DETAIL_STRUCT: HL=25(1) Spread=5(0.33) PB=15(1) Power=0 Mid=0 Slope=0 Flip=0
2019-10-04T09:30:00.000-04:00,SCORE_DETAIL_VOL: Dry=0(0) Supply=-15(-1) Effort=-10(0/-1) Decl=0 Con=1
2019-10-04T09:30:00.000-04:00,SCORE_DETAIL_PHASE: Events=1 Accum=0 SOS=0 PhB=1 SOT=0 STup=0
2019-10-04T09:30:00.000-04:00,SCORE_DETAIL_VP: Ctx=1 VPOCmig=1 VAprog=1 PShape=1 FinAuc=1 HVNsup=0 | bShape=0 Unfin=0 HVNoh=0 valid=true
2019-10-04T09:30:00.000-04:00,SCORE_DETAIL_SPRING: Spring=14(0.943) Ctrl=0
2019-10-04T09:30:00.000-04:00,SCORE_DETAIL_CTX: HTF=1 RS=0 OEL=0(0) VWAP=1(pt=5 proxW=1.58 proxM=1.472) RSI=1
2019-10-04T09:30:00.000-04:00,SCORE_PENALTY: Ghost=0 Climax=-15 Stall=-10 Failed=0 totalPen=-25 | regime=1 vpBins=47 vpRatio=1.403
2019-10-07T09:30:00.000-04:00,SCORE_FAM: total=41.286 display=41 gate=44 cap=100 scaled=66.286 | Struct=17.475(0.583) Vol=3.75(-0.337) Phase=8.8(0.44) VP=10.8(0.9) Spring=4.246(0.849) Ctx=4.03(0.31)
2019-10-07T09:30:00.000-04:00,SCORE_DETAIL_STRUCT: HL=25(1) Spread=5(0.33) PB=15(1) Power=0 Mid=0 Slope=0 Flip=0
2019-10-07T09:30:00.000-04:00,SCORE_DETAIL_VOL: Dry=3(0.12) Supply=-10(-0.67) Effort=-10(0/-1) Decl=0 Con=1
2019-10-07T09:30:00.000-04:00,SCORE_DETAIL_PHASE: Events=1 Accum=0 SOS=0 PhB=1 SOT=0 STup=0
2019-10-07T09:30:00.000-04:00,SCORE_DETAIL_VP: Ctx=1 VPOCmig=1 VAprog=1 PShape=1 FinAuc=1 HVNsup=0 | bShape=0 Unfin=0 HVNoh=0 valid=true
2019-10-07T09:30:00.000-04:00,SCORE_DETAIL_SPRING: Spring=14(0.943) Ctrl=0
2019-10-07T09:30:00.000-04:00,SCORE_DETAIL_CTX: HTF=1 RS=0 OEL=0(0) VWAP=0(pt=0 proxW=2.337 proxM=1.615) RSI=1
2019-10-07T09:30:00.000-04:00,SCORE_PENALTY: Ghost=0 Climax=-15 Stall=-10 Failed=0 totalPen=-25 | regime=1 vpBins=47 vpRatio=1.424
2019-10-08T09:30:00.000-04:00,SCORE_FAM: total=37.236 display=37 gate=40 cap=100 scaled=62.236 | Struct=17.475(0.583) Vol=3.75(-0.437) Phase=8.8(0.44) VP=7.8(0.65) Spring=4.246(0.849) Ctx=4.03(0.31)
2019-10-08T09:30:00.000-04:00,SCORE_DETAIL_STRUCT: HL=25(1) Spread=5(0.33) PB=15(1) Power=0 Mid=0 Slope=0 Flip=0
2019-10-08T09:30:00.000-04:00,SCORE_DETAIL_VOL: Dry=3(0.12) Supply=-10(-0.67) Effort=-10(0/-1) Decl=0 Con=0
2019-10-08T09:30:00.000-04:00,SCORE_DETAIL_PHASE: Events=1 Accum=0 SOS=0 PhB=1 SOT=0 STup=0
2019-10-08T09:30:00.000-04:00,SCORE_DETAIL_VP: Ctx=0.5 VPOCmig=1 VAprog=1 PShape=1 FinAuc=1 HVNsup=0 | bShape=0 Unfin=0 HVNoh=-1 valid=true
2019-10-08T09:30:00.000-04:00,SCORE_DETAIL_SPRING: Spring=14(0.943) Ctrl=0
2019-10-08T09:30:00.000-04:00,SCORE_DETAIL_CTX: HTF=1 RS=0 OEL=0(0) VWAP=0(pt=0 proxW=1.824 proxM=1.594) RSI=1
2019-10-08T09:30:00.000-04:00,SCORE_PENALTY: Ghost=0 Climax=-15 Stall=-10 Failed=0 totalPen=-25 | regime=1 vpBins=47 vpRatio=1.379
2019-10-09T09:30:00.000-04:00,SCORE_FAM: total=44.755 display=45 gate=47 cap=100 scaled=69.755 | Struct=17.475(0.583) Vol=3.75(-0.437) Phase=8.8(0.44) VP=9.6(0.8) Spring=4.246(0.849) Ctx=7.8(0.6)
2019-10-09T09:30:00.000-04:00,SCORE_DETAIL_STRUCT: HL=25(1) Spread=5(0.33) PB=15(1) Power=0 Mid=0 Slope=0 Flip=0
2019-10-09T09:30:00.000-04:00,SCORE_DETAIL_VOL: Dry=3(0.12) Supply=-10(-0.67) Effort=-10(0/-1) Decl=0 Con=0
2019-10-09T09:30:00.000-04:00,SCORE_DETAIL_PHASE: Events=1 Accum=0 SOS=0 PhB=1 SOT=0 STup=0
2019-10-09T09:30:00.000-04:00,SCORE_DETAIL_VP: Ctx=1 VPOCmig=1 VAprog=1 PShape=1 FinAuc=1 HVNsup=0 | bShape=0 Unfin=0 HVNoh=-1 valid=true
2019-10-09T09:30:00.000-04:00,SCORE_DETAIL_SPRING: Spring=14(0.943) Ctrl=0
2019-10-09T09:30:00.000-04:00,SCORE_DETAIL_CTX: HTF=1 RS=0 OEL=0(0) VWAP=1(pt=5 proxW=1.845 proxM=1.628) RSI=1
2019-10-09T09:30:00.000-04:00,SCORE_PENALTY: Ghost=0 Climax=-15 Stall=-10 Failed=0 totalPen=-25 | regime=1 vpBins=47 vpRatio=1.399
2019-10-10T09:30:00.000-04:00,SCORE_FAM: total=49.818 display=50 gate=53 cap=100 scaled=74.818 | Struct=20.025(0.667) Vol=3.75(-0.437) Phase=8.8(0.44) VP=10.8(0.9) Spring=4.246(0.849) Ctx=7.8(0.6)
2019-10-10T09:30:00.000-04:00,SCORE_DETAIL_STRUCT: HL=25(1) Spread=10(0.67) PB=15(1) Power=0 Mid=0 Slope=0 Flip=0
2019-10-10T09:30:00.000-04:00,SCORE_DETAIL_VOL: Dry=3(0.12) Supply=-10(-0.67) Effort=-10(0/-1) Decl=0 Con=0
2019-10-10T09:30:00.000-04:00,SCORE_DETAIL_PHASE: Events=1 Accum=0 SOS=0 PhB=1 SOT=1 STup=0
2019-10-10T09:30:00.000-04:00,SCORE_DETAIL_VP: Ctx=1 VPOCmig=1 VAprog=1 PShape=1 FinAuc=1 HVNsup=0 | bShape=0 Unfin=0 HVNoh=0 valid=true
2019-10-10T09:30:00.000-04:00,SCORE_DETAIL_SPRING: Spring=14(0.943) Ctrl=0
2019-10-10T09:30:00.000-04:00,SCORE_DETAIL_CTX: HTF=1 RS=0 OEL=0(0) VWAP=1(pt=5 proxW=1.986 proxM=1.72) RSI=1
2019-10-10T09:30:00.000-04:00,SCORE_PENALTY: Ghost=0 Climax=-15 Stall=-10 Failed=0 totalPen=-25 | regime=1 vpBins=47 vpRatio=1.424
2019-10-11T09:30:00.000-04:00,SCORE_FAM: total=49.818 display=50 gate=53 cap=100 scaled=74.818 | Struct=20.025(0.667) Vol=3.75(-0.037) Phase=8.8(0.44) VP=10.8(0.9) Spring=4.246(0.849) Ctx=7.8(0.6)
2019-10-11T09:30:00.000-04:00,SCORE_DETAIL_STRUCT: HL=25(1) Spread=10(0.67) PB=15(1) Power=0 Mid=0 Slope=0 Flip=0
2019-10-11T09:30:00.000-04:00,SCORE_DETAIL_VOL: Dry=3(0.12) Supply=-10(-0.67) Effort=0(0/0) Decl=0 Con=0
2019-10-11T09:30:00.000-04:00,SCORE_DETAIL_PHASE: Events=1 Accum=0 SOS=0 PhB=1 SOT=1 STup=0
2019-10-11T09:30:00.000-04:00,SCORE_DETAIL_VP: Ctx=1 VPOCmig=1 VAprog=1 PShape=1 FinAuc=1 HVNsup=0 | bShape=0 Unfin=0 HVNoh=0 valid=true
2019-10-11T09:30:00.000-04:00,SCORE_DETAIL_SPRING: Spring=14(0.943) Ctrl=0
2019-10-11T09:30:00.000-04:00,SCORE_DETAIL_CTX: HTF=1 RS=0 OEL=0(0) VWAP=1(pt=5 proxW=2.326 proxM=1.9) RSI=1
2019-10-11T09:30:00.000-04:00,SCORE_PENALTY: Ghost=0 Climax=-15 Stall=-10 Failed=0 totalPen=-25 | regime=1 vpBins=47 vpRatio=1.463
2019-10-14T09:30:00.000-04:00,SCORE_FAM: total=59.728 display=60 gate=62 cap=100 scaled=69.728 | Struct=20.025(0.667) Vol=3.75(-0.037) Phase=8.8(0.44) VP=10.8(0.9) Spring=4.246(0.849) Ctx=4.03(0.31)
2019-10-14T09:30:00.000-04:00,SCORE_DETAIL_STRUCT: HL=25(1) Spread=10(0.67) PB=15(1) Power=0 Mid=0 Slope=0 Flip=0
2019-10-14T09:30:00.000-04:00,SCORE_DETAIL_VOL: Dry=3(0.12) Supply=-10(-0.67) Effort=0(0/0) Decl=0 Con=0
2019-10-14T09:30:00.000-04:00,SCORE_DETAIL_PHASE: Events=1 Accum=0 SOS=0 PhB=1 SOT=1 STup=0
2019-10-14T09:30:00.000-04:00,SCORE_DETAIL_VP: Ctx=1 VPOCmig=1 VAprog=1 PShape=1 FinAuc=1 HVNsup=0 | bShape=0 Unfin=0 HVNoh=0 valid=true
2019-10-14T09:30:00.000-04:00,SCORE_DETAIL_SPRING: Spring=14(0.943) Ctrl=0
2019-10-14T09:30:00.000-04:00,SCORE_DETAIL_CTX: HTF=1 RS=0 OEL=0(0) VWAP=0(pt=0 proxW=3.329 proxM=2.057) RSI=1
2019-10-14T09:30:00.000-04:00,SCORE_PENALTY: Ghost=0 Climax=0 Stall=-10 Failed=0 totalPen=-10 | regime=1 vpBins=47 vpRatio=1.477
2019-10-15T09:30:00.000-04:00,SCORE_FAM: total=62.439 display=62 gate=65 cap=100 scaled=72.439 | Struct=20.025(0.667) Vol=3.75(-0.037) Phase=8.8(0.44) VP=10.8(0.9) Spring=4.746(0.949) Ctx=5.538(0.426)
2019-10-15T09:30:00.000-04:00,SCORE_DETAIL_STRUCT: HL=25(1) Spread=10(0.67) PB=15(1) Power=0 Mid=0 Slope=0 Flip=0
2019-10-15T09:30:00.000-04:00,SCORE_DETAIL_VOL: Dry=3(0.12) Supply=-10(-0.67) Effort=0(0/0) Decl=0 Con=0
2019-10-15T09:30:00.000-04:00,SCORE_DETAIL_PHASE: Events=1 Accum=0 SOS=0 PhB=1 SOT=1 STup=0
2019-10-15T09:30:00.000-04:00,SCORE_DETAIL_VP: Ctx=1 VPOCmig=1 VAprog=1 PShape=1 FinAuc=1 HVNsup=0 | bShape=0 Unfin=0 HVNoh=0 valid=true
2019-10-15T09:30:00.000-04:00,SCORE_DETAIL_SPRING: Spring=14(0.943) Ctrl=1
2019-10-15T09:30:00.000-04:00,SCORE_DETAIL_CTX: HTF=1 RS=0 OEL=0(0) VWAP=0.4(pt=2 proxW=3.727 proxM=2.189) RSI=1
2019-10-15T09:30:00.000-04:00,SCORE_PENALTY: Ghost=0 Climax=0 Stall=-10 Failed=0 totalPen=-10 | regime=1 vpBins=47 vpRatio=1.5
2019-10-16T09:30:00.000-04:00,SCORE_FAM: total=62.439 display=62 gate=65 cap=100 scaled=72.439 | Struct=20.025(0.667) Vol=3.75(-0.037) Phase=8.8(0.44) VP=10.8(0.9) Spring=4.746(0.949) Ctx=5.538(0.426)
2019-10-16T09:30:00.000-04:00,SCORE_DETAIL_STRUCT: HL=25(1) Spread=10(0.67) PB=15(1) Power=0 Mid=0 Slope=0 Flip=0
2019-10-16T09:30:00.000-04:00,SCORE_DETAIL_VOL: Dry=3(0.12) Supply=-10(-0.67) Effort=0(0/0) Decl=0 Con=0
2019-10-16T09:30:00.000-04:00,SCORE_DETAIL_PHASE: Events=1 Accum=0 SOS=0 PhB=1 SOT=1 STup=0
2019-10-16T09:30:00.000-04:00,SCORE_DETAIL_VP: Ctx=1 VPOCmig=1 VAprog=1 PShape=1 FinAuc=1 HVNsup=0 | bShape=0 Unfin=0 HVNoh=0 valid=true
2019-10-16T09:30:00.000-04:00,SCORE_DETAIL_SPRING: Spring=14(0.943) Ctrl=1
2019-10-16T09:30:00.000-04:00,SCORE_DETAIL_CTX: HTF=1 RS=0 OEL=0(0) VWAP=0.4(pt=2 proxW=3.989 proxM=2.397) RSI=1
2019-10-16T09:30:00.000-04:00,SCORE_PENALTY: Ghost=0 Climax=0 Stall=-10 Failed=0 totalPen=-10 | regime=1 vpBins=47 vpRatio=1.519
2019-10-17T09:30:00.000-04:00,SCORE_FAM: total=62.439 display=62 gate=65 cap=100 scaled=72.439 | Struct=20.025(0.667) Vol=3.75(0.014) Phase=8.8(0.44) VP=10.8(0.9) Spring=4.746(0.949) Ctx=5.538(0.426)
2019-10-17T09:30:00.000-04:00,SCORE_DETAIL_STRUCT: HL=25(1) Spread=10(0.67) PB=15(1) Power=0 Mid=0 Slope=0 Flip=0
2019-10-17T09:30:00.000-04:00,SCORE_DETAIL_VOL: Dry=3(0.12) Supply=-5(-0.33) Effort=0(0/0) Decl=0 Con=0
2019-10-17T09:30:00.000-04:00,SCORE_DETAIL_PHASE: Events=1 Accum=0 SOS=0 PhB=1 SOT=1 STup=0
2019-10-17T09:30:00.000-04:00,SCORE_DETAIL_VP: Ctx=1 VPOCmig=1 VAprog=1 PShape=1 FinAuc=1 HVNsup=0 | bShape=0 Unfin=0 HVNoh=0 valid=true
2019-10-17T09:30:00.000-04:00,SCORE_DETAIL_SPRING: Spring=14(0.943) Ctrl=1
2019-10-17T09:30:00.000-04:00,SCORE_DETAIL_CTX: HTF=1 RS=0 OEL=0(0) VWAP=0.4(pt=2 proxW=4.198 proxM=2.567) RSI=1
2019-10-17T09:30:00.000-04:00,SCORE_PENALTY: Ghost=0 Climax=0 Stall=-10 Failed=0 totalPen=-10 | regime=1 vpBins=47 vpRatio=1.537
2019-10-18T09:30:00.000-04:00,SCORE_FAM: total=58.783 display=59 gate=61 cap=100 scaled=68.783 | Struct=20.025(0.667) Vol=3.75(0.014) Phase=8.8(0.44) VP=9.6(0.8) Spring=4.746(0.949) Ctx=4.03(0.31)
2019-10-18T09:30:00.000-04:00,SCORE_DETAIL_STRUCT: HL=25(1) Spread=10(0.67) PB=15(1) Power=0 Mid=0 Slope=0 Flip=0
2019-10-18T09:30:00.000-04:00,SCORE_DETAIL_VOL: Dry=3(0.12) Supply=-5(-0.33) Effort=0(0/0) Decl=0 Con=0
2019-10-18T09:30:00.000-04:00,SCORE_DETAIL_PHASE: Events=1 Accum=0 SOS=0 PhB=1 SOT=1 STup=0
2019-10-18T09:30:00.000-04:00,SCORE_DETAIL_VP: Ctx=1 VPOCmig=1 VAprog=1 PShape=1 FinAuc=1 HVNsup=0 | bShape=0 Unfin=0 HVNoh=-1 valid=true
2019-10-18T09:30:00.000-04:00,SCORE_DETAIL_SPRING: Spring=14(0.943) Ctrl=1
2019-10-18T09:30:00.000-04:00,SCORE_DETAIL_CTX: HTF=1 RS=0 OEL=0(0) VWAP=0(pt=0 proxW=4.083 proxM=2.633) RSI=1
2019-10-18T09:30:00.000-04:00,SCORE_PENALTY: Ghost=0 Climax=0 Stall=-10 Failed=0 totalPen=-10 | regime=1 vpBins=47 vpRatio=1.563
2019-10-21T09:30:00.000-04:00,SCORE_FAM: total=62.439 display=62 gate=65 cap=100 scaled=72.439 | Struct=20.025(0.667) Vol=3.75(0.014) Phase=8.8(0.44) VP=10.8(0.9) Spring=4.746(0.949) Ctx=5.538(0.426)
2019-10-21T09:30:00.000-04:00,SCORE_DETAIL_STRUCT: HL=25(1) Spread=10(0.67) PB=15(1) Power=0 Mid=0 Slope=0 Flip=0
2019-10-21T09:30:00.000-04:00,SCORE_DETAIL_VOL: Dry=3(0.12) Supply=-5(-0.33) Effort=0(0/0) Decl=0 Con=0
2019-10-21T09:30:00.000-04:00,SCORE_DETAIL_PHASE: Events=1 Accum=0 SOS=0 PhB=1 SOT=1 STup=0
2019-10-21T09:30:00.000-04:00,SCORE_DETAIL_VP: Ctx=1 VPOCmig=1 VAprog=1 PShape=1 FinAuc=1 HVNsup=0 | bShape=0 Unfin=0 HVNoh=0 valid=true
2019-10-21T09:30:00.000-04:00,SCORE_DETAIL_SPRING: Spring=14(0.943) Ctrl=1
2019-10-21T09:30:00.000-04:00,SCORE_DETAIL_CTX: HTF=1 RS=0 OEL=0(0) VWAP=0.4(pt=2 proxW=4.338 proxM=2.754) RSI=1
2019-10-21T09:30:00.000-04:00,SCORE_PENALTY: Ghost=0 Climax=0 Stall=-10 Failed=0 totalPen=-10 | regime=1 vpBins=47 vpRatio=1.578
2019-10-22T09:30:00.000-04:00,SCORE_FAM: total=58.783 display=59 gate=61 cap=100 scaled=68.783 | Struct=20.025(0.667) Vol=3.75(0.014) Phase=8.8(0.44) VP=9.6(0.8) Spring=4.746(0.949) Ctx=4.03(0.31)
2019-10-22T09:30:00.000-04:00,SCORE_DETAIL_STRUCT: HL=25(1) Spread=10(0.67) PB=15(1) Power=0 Mid=0 Slope=0 Flip=0
2019-10-22T09:30:00.000-04:00,SCORE_DETAIL_VOL: Dry=3(0.12) Supply=-5(-0.33) Effort=0(0/0) Decl=0 Con=0
2019-10-22T09:30:00.000-04:00,SCORE_DETAIL_PHASE: Events=1 Accum=0 SOS=0 PhB=1 SOT=1 STup=0
2019-10-22T09:30:00.000-04:00,SCORE_DETAIL_VP: Ctx=1 VPOCmig=1 VAprog=1 PShape=1 FinAuc=1 HVNsup=0 | bShape=0 Unfin=0 HVNoh=-1 valid=true
2019-10-22T09:30:00.000-04:00,SCORE_DETAIL_SPRING: Spring=14(0.943) Ctrl=1
2019-10-22T09:30:00.000-04:00,SCORE_DETAIL_CTX: HTF=1 RS=0 OEL=0(0) VWAP=0(pt=0 proxW=4.256 proxM=2.826) RSI=1
2019-10-22T09:30:00.000-04:00,SCORE_PENALTY: Ghost=0 Climax=0 Stall=-10 Failed=0 totalPen=-10 | regime=1 vpBins=47 vpRatio=1.6
2019-10-23T09:30:00.000-04:00,SCORE_FAM: total=60.403 display=60 gate=63 cap=100 scaled=70.403 | Struct=20.025(0.667) Vol=3.75(0.12) Phase=8.8(0.44) VP=10.8(0.9) Spring=4.746(0.949) Ctx=4.03(0.31)
2019-10-23T09:30:00.000-04:00,SCORE_DETAIL_STRUCT: HL=25(1) Spread=10(0.67) PB=15(1) Power=0 Mid=0 Slope=0 Flip=0
2019-10-23T09:30:00.000-04:00,SCORE_DETAIL_VOL: Dry=8(0.32) Supply=-5(-0.33) Effort=0(0/0) Decl=0 Con=0
2019-10-23T09:30:00.000-04:00,SCORE_DETAIL_PHASE: Events=1 Accum=0 SOS=0 PhB=1 SOT=1 STup=0
2019-10-23T09:30:00.000-04:00,SCORE_DETAIL_VP: Ctx=1 VPOCmig=1 VAprog=1 PShape=1 FinAuc=1 HVNsup=0 | bShape=0 Unfin=0 HVNoh=0 valid=true
2019-10-23T09:30:00.000-04:00,SCORE_DETAIL_SPRING: Spring=14(0.943) Ctrl=1
2019-10-23T09:30:00.000-04:00,SCORE_DETAIL_CTX: HTF=1 RS=0 OEL=0(0) VWAP=0(pt=0 proxW=4.33 proxM=2.983) RSI=1
2019-10-23T09:30:00.000-04:00,SCORE_PENALTY: Ghost=0 Climax=0 Stall=-10 Failed=0 totalPen=-10 | regime=1 vpBins=47 vpRatio=1.614
2019-10-24T09:30:00.000-04:00,SCORE_FAM: total=72.614 display=73 gate=76 cap=100 scaled=82.614 | Struct=18.6(0.62) Vol=10.95(0.438) Phase=8.8(0.44) VP=10.8(0.9) Spring=4.246(0.849) Ctx=7.8(0.6)
2019-10-24T09:30:00.000-04:00,SCORE_DETAIL_STRUCT: HL=25(1) Spread=15(1) PB=0(0) Power=0 Mid=0 Slope=0 Flip=1
2019-10-24T09:30:00.000-04:00,SCORE_DETAIL_VOL: Dry=15(0.6) Supply=0(0) Effort=0(0/0) Decl=0 Con=0
2019-10-24T09:30:00.000-04:00,SCORE_DETAIL_PHASE: Events=1 Accum=0 SOS=0 PhB=1 SOT=1 STup=0
2019-10-24T09:30:00.000-04:00,SCORE_DETAIL_VP: Ctx=1 VPOCmig=1 VAprog=1 PShape=1 FinAuc=1 HVNsup=0 | bShape=0 Unfin=0 HVNoh=0 valid=true
2019-10-24T09:30:00.000-04:00,SCORE_DETAIL_SPRING: Spring=14(0.943) Ctrl=0
2019-10-24T09:30:00.000-04:00,SCORE_DETAIL_CTX: HTF=1 RS=0 OEL=0(0) VWAP=1(pt=5 proxW=0.243 proxM=1.171) RSI=1
2019-10-24T09:30:00.000-04:00,SCORE_PENALTY: Ghost=0 Climax=0 Stall=-10 Failed=0 totalPen=-10 | regime=1 vpBins=47 vpRatio=1.632
2019-10-25T09:30:00.000-04:00,SCORE_FAM: total=74.896 display=75 gate=78 cap=100 scaled=84.896 | Struct=18.6(0.62) Vol=10.95(0.438) Phase=8.8(0.44) VP=10.8(0.9) Spring=4.246(0.849) Ctx=9.49(0.73)
2019-10-25T09:30:00.000-04:00,SCORE_DETAIL_STRUCT: HL=25(1) Spread=15(1) PB=0(0) Power=0 Mid=0 Slope=0 Flip=1
2019-10-25T09:30:00.000-04:00,SCORE_DETAIL_VOL: Dry=15(0.6) Supply=0(0) Effort=0(0/0) Decl=0 Con=0
2019-10-25T09:30:00.000-04:00,SCORE_DETAIL_PHASE: Events=1 Accum=0 SOS=0 PhB=1 SOT=1 STup=0
2019-10-25T09:30:00.000-04:00,SCORE_DETAIL_VP: Ctx=1 VPOCmig=1 VAprog=1 PShape=1 FinAuc=1 HVNsup=0 | bShape=0 Unfin=0 HVNoh=0 valid=true
2019-10-25T09:30:00.000-04:00,SCORE_DETAIL_SPRING: Spring=14(0.943) Ctrl=0
2019-10-25T09:30:00.000-04:00,SCORE_DETAIL_CTX: HTF=1 RS=0 OEL=0.5(5) VWAP=1(pt=5 proxW=0.421 proxM=1.068) RSI=1
2019-10-25T09:30:00.000-04:00,SCORE_PENALTY: Ghost=0 Climax=0 Stall=-10 Failed=0 totalPen=-10 | regime=1 vpBins=47 vpRatio=1.719
2019-10-28T09:30:00.000-04:00,SCORE_FAM: total=84.896 display=85 gate=88 cap=100 scaled=84.896 | Struct=18.6(0.62) Vol=10.95(0.438) Phase=8.8(0.44) VP=10.8(0.9) Spring=4.246(0.849) Ctx=9.49(0.73)
2019-10-28T09:30:00.000-04:00,SCORE_DETAIL_STRUCT: HL=25(1) Spread=15(1) PB=0(0) Power=0 Mid=0 Slope=0 Flip=1
2019-10-28T09:30:00.000-04:00,SCORE_DETAIL_VOL: Dry=15(0.6) Supply=0(0) Effort=0(0/0) Decl=0 Con=0
2019-10-28T09:30:00.000-04:00,SCORE_DETAIL_PHASE: Events=1 Accum=0 SOS=0 PhB=1 SOT=1 STup=0
2019-10-28T09:30:00.000-04:00,SCORE_DETAIL_VP: Ctx=1 VPOCmig=1 VAprog=1 PShape=1 FinAuc=1 HVNsup=0 | bShape=0 Unfin=0 HVNoh=0 valid=true
2019-10-28T09:30:00.000-04:00,SCORE_DETAIL_SPRING: Spring=14(0.943) Ctrl=0
2019-10-28T09:30:00.000-04:00,SCORE_DETAIL_CTX: HTF=1 RS=0 OEL=0.5(5) VWAP=1(pt=5 proxW=2.071 proxM=0.962) RSI=1
2019-10-28T09:30:00.000-04:00,SCORE_PENALTY: Ghost=0 Climax=0 Stall=0 Failed=0 totalPen=0 | regime=1 vpBins=47 vpRatio=1.792
2019-10-29T09:30:00.000-04:00,SCORE_FAM: total=74.541 display=75 gate=77 cap=100 scaled=74.541 | Struct=16.5(0.55) Vol=10.95(0.438) Phase=8.8(0.44) VP=9(0.75) Spring=4.246(0.849) Ctx=5.72(0.44)
2019-10-29T09:30:00.000-04:00,SCORE_DETAIL_STRUCT: HL=25(1) Spread=15(1) PB=0(0) Power=0 Mid=0 Slope=0 Flip=0
2019-10-29T09:30:00.000-04:00,SCORE_DETAIL_VOL: Dry=15(0.6) Supply=0(0) Effort=0(0/0) Decl=0 Con=0
2019-10-29T09:30:00.000-04:00,SCORE_DETAIL_PHASE: Events=1 Accum=0 SOS=0 PhB=1 SOT=1 STup=0
2019-10-29T09:30:00.000-04:00,SCORE_DETAIL_VP: Ctx=1 VPOCmig=1 VAprog=1 PShape=0 FinAuc=1 HVNsup=1 | bShape=0 Unfin=0 HVNoh=0 valid=true
2019-10-29T09:30:00.000-04:00,SCORE_DETAIL_SPRING: Spring=14(0.943) Ctrl=0
2019-10-29T09:30:00.000-04:00,SCORE_DETAIL_CTX: HTF=1 RS=0 OEL=0.5(5) VWAP=0(pt=0 proxW=1.962 proxM=0.891) RSI=1
2019-10-29T09:30:00.000-04:00,SCORE_PENALTY: Ghost=0 Climax=0 Stall=0 Failed=0 totalPen=0 | regime=1 vpBins=75 vpRatio=1.005
2019-10-30T09:30:00.000-04:00,SCORE_FAM: total=79.631 display=80 gate=83 cap=100 scaled=79.631 | Struct=16.5(0.55) Vol=10.95(0.438) Phase=8.8(0.44) VP=9(0.75) Spring=4.246(0.849) Ctx=9.49(0.73)
2019-10-30T09:30:00.000-04:00,SCORE_DETAIL_STRUCT: HL=25(1) Spread=15(1) PB=0(0) Power=0 Mid=0 Slope=0 Flip=0
2019-10-30T09:30:00.000-04:00,SCORE_DETAIL_VOL: Dry=15(0.6) Supply=0(0) Effort=0(0/0) Decl=0 Con=0
2019-10-30T09:30:00.000-04:00,SCORE_DETAIL_PHASE: Events=1 Accum=0 SOS=0 PhB=1 SOT=1 STup=0
2019-10-30T09:30:00.000-04:00,SCORE_DETAIL_VP: Ctx=1 VPOCmig=1 VAprog=1 PShape=0 FinAuc=1 HVNsup=1 | bShape=0 Unfin=0 HVNoh=0 valid=true
2019-10-30T09:30:00.000-04:00,SCORE_DETAIL_SPRING: Spring=14(0.943) Ctrl=0
2019-10-30T09:30:00.000-04:00,SCORE_DETAIL_CTX: HTF=1 RS=0 OEL=0.5(5) VWAP=1(pt=5 proxW=1.921 proxM=0.795) RSI=1
2019-10-30T09:30:00.000-04:00,SCORE_PENALTY: Ghost=0 Climax=0 Stall=0 Failed=0 totalPen=0 | regime=1 vpBins=75 vpRatio=1.02
2019-10-31T09:30:00.000-04:00,SCORE_FAM: total=79.631 display=80 gate=83 cap=100 scaled=79.631 | Struct=16.5(0.55) Vol=10.95(0.438) Phase=8.8(0.44) VP=9(0.75) Spring=4.246(0.849) Ctx=9.49(0.73)
2019-10-31T09:30:00.000-04:00,SCORE_DETAIL_STRUCT: HL=25(1) Spread=15(1) PB=0(0) Power=0 Mid=0 Slope=0 Flip=0
2019-10-31T09:30:00.000-04:00,SCORE_DETAIL_VOL: Dry=15(0.6) Supply=0(0) Effort=0(0/0) Decl=0 Con=0
2019-10-31T09:30:00.000-04:00,SCORE_DETAIL_PHASE: Events=1 Accum=0 SOS=0 PhB=1 SOT=1 STup=0
2019-10-31T09:30:00.000-04:00,SCORE_DETAIL_VP: Ctx=1 VPOCmig=1 VAprog=1 PShape=0 FinAuc=1 HVNsup=1 | bShape=0 Unfin=0 HVNoh=0 valid=true
2019-10-31T09:30:00.000-04:00,SCORE_DETAIL_SPRING: Spring=14(0.943) Ctrl=0
2019-10-31T09:30:00.000-04:00,SCORE_DETAIL_CTX: HTF=1 RS=0 OEL=0.5(5) VWAP=1(pt=5 proxW=1.974 proxM=0.681) RSI=1
2019-10-31T09:30:00.000-04:00,SCORE_PENALTY: Ghost=0 Climax=0 Stall=0 Failed=0 totalPen=0 | regime=1 vpBins=75 vpRatio=1.039
2019-11-01T09:30:00.000-04:00,SCORE_FAM: total=76.577 display=77 gate=79 cap=100 scaled=76.577 | Struct=16.5(0.55) Vol=10.95(0.438) Phase=8.8(0.44) VP=9(0.75) Spring=4.246(0.849) Ctx=7.228(0.556)
2019-11-01T09:30:00.000-04:00,SCORE_DETAIL_STRUCT: HL=25(1) Spread=15(1) PB=0(0) Power=0 Mid=0 Slope=0 Flip=0
2019-11-01T09:30:00.000-04:00,SCORE_DETAIL_VOL: Dry=15(0.6) Supply=0(0) Effort=0(0/0) Decl=0 Con=0
2019-11-01T09:30:00.000-04:00,SCORE_DETAIL_PHASE: Events=1 Accum=0 SOS=0 PhB=1 SOT=1 STup=0
2019-11-01T09:30:00.000-04:00,SCORE_DETAIL_VP: Ctx=1 VPOCmig=1 VAprog=1 PShape=0 FinAuc=1 HVNsup=1 | bShape=0 Unfin=0 HVNoh=0 valid=true
2019-11-01T09:30:00.000-04:00,SCORE_DETAIL_SPRING: Spring=14(0.943) Ctrl=0
2019-11-01T09:30:00.000-04:00,SCORE_DETAIL_CTX: HTF=1 RS=0 OEL=0.5(5) VWAP=0.4(pt=2 proxW=2.154 proxM=2.73) RSI=1
2019-11-01T09:30:00.000-04:00,SCORE_PENALTY: Ghost=0 Climax=0 Stall=0 Failed=0 totalPen=0 | regime=1 vpBins=75 vpRatio=0.921
2019-11-04T09:30:00.000-05:00,SCORE_FAM: total=76.577 display=77 gate=79 cap=100 scaled=76.577 | Struct=16.5(0.55) Vol=10.95(0.438) Phase=8.8(0.44) VP=9(0.75) Spring=4.246(0.849) Ctx=7.228(0.556)
2019-11-04T09:30:00.000-05:00,SCORE_DETAIL_STRUCT: HL=25(1) Spread=15(1) PB=0(0) Power=0 Mid=0 Slope=0 Flip=0
2019-11-04T09:30:00.000-05:00,SCORE_DETAIL_VOL: Dry=15(0.6) Supply=0(0) Effort=0(0/0) Decl=0 Con=0
2019-11-04T09:30:00.000-05:00,SCORE_DETAIL_PHASE: Events=1 Accum=0 SOS=0 PhB=1 SOT=1 STup=0
2019-11-04T09:30:00.000-05:00,SCORE_DETAIL_VP: Ctx=1 VPOCmig=1 VAprog=1 PShape=0 FinAuc=1 HVNsup=1 | bShape=0 Unfin=0 HVNoh=0 valid=true
2019-11-04T09:30:00.000-05:00,SCORE_DETAIL_SPRING: Spring=14(0.943) Ctrl=0
2019-11-04T09:30:00.000-05:00,SCORE_DETAIL_CTX: HTF=1 RS=0 OEL=0.5(5) VWAP=0.4(pt=2 proxW=3.398 proxM=3.067) RSI=1
2019-11-04T09:30:00.000-05:00,SCORE_PENALTY: Ghost=0 Climax=0 Stall=0 Failed=0 totalPen=0 | regime=1 vpBins=75 vpRatio=0.738
2019-11-05T09:30:00.000-05:00,SCORE_FAM: total=66.554 display=67 gate=67 cap=100 scaled=66.554 | Struct=14.025(0.468) Vol=4.24(0.17) Phase=8.8(0.44) VP=9(0.75) Spring=4.246(0.849) Ctx=7.228(0.556)
2019-11-05T09:30:00.000-05:00,SCORE_DETAIL_STRUCT: HL=25(1) Spread=10(0.67) PB=0(0) Power=0 Mid=0 Slope=0 Flip=0
2019-11-05T09:30:00.000-05:00,SCORE_DETAIL_VOL: Dry=8(0.32) Supply=0(0) Effort=0(0/0) Decl=0 Con=0
2019-11-05T09:30:00.000-05:00,SCORE_DETAIL_PHASE: Events=1 Accum=0 SOS=0 PhB=1 SOT=1 STup=0
2019-11-05T09:30:00.000-05:00,SCORE_DETAIL_VP: Ctx=1 VPOCmig=1 VAprog=1 PShape=0 FinAuc=1 HVNsup=1 | bShape=0 Unfin=0 HVNoh=0 valid=true
2019-11-05T09:30:00.000-05:00,SCORE_DETAIL_SPRING: Spring=14(0.943) Ctrl=0
2019-11-05T09:30:00.000-05:00,SCORE_DETAIL_CTX: HTF=1 RS=0 OEL=0.5(5) VWAP=0.4(pt=2 proxW=3.594 proxM=3.319) RSI=1
2019-11-05T09:30:00.000-05:00,SCORE_PENALTY: Ghost=0 Climax=0 Stall=0 Failed=0 totalPen=0 | regime=0.8 vpBins=75 vpRatio=0.758
2019-11-06T09:30:00.000-05:00,SCORE_FAM: total=62.763 display=63 gate=63 cap=100 scaled=62.763 | Struct=14.025(0.468) Vol=4.24(0.17) Phase=8.8(0.44) VP=7.8(0.65) Spring=4.246(0.849) Ctx=5.72(0.44)
2019-11-06T09:30:00.000-05:00,SCORE_DETAIL_STRUCT: HL=25(1) Spread=10(0.67) PB=0(0) Power=0 Mid=0 Slope=0 Flip=0
2019-11-06T09:30:00.000-05:00,SCORE_DETAIL_VOL: Dry=8(0.32) Supply=0(0) Effort=0(0/0) Decl=0 Con=0
2019-11-06T09:30:00.000-05:00,SCORE_DETAIL_PHASE: Events=1 Accum=0 SOS=0 PhB=1 SOT=1 STup=0
2019-11-06T09:30:00.000-05:00,SCORE_DETAIL_VP: Ctx=1 VPOCmig=1 VAprog=1 PShape=0 FinAuc=1 HVNsup=0 | bShape=0 Unfin=0 HVNoh=0 valid=true
2019-11-06T09:30:00.000-05:00,SCORE_DETAIL_SPRING: Spring=14(0.943) Ctrl=0
2019-11-06T09:30:00.000-05:00,SCORE_DETAIL_CTX: HTF=1 RS=0 OEL=0.5(5) VWAP=0(pt=0 proxW=3.605 proxM=3.419) RSI=1
2019-11-06T09:30:00.000-05:00,SCORE_PENALTY: Ghost=0 Climax=0 Stall=0 Failed=0 totalPen=0 | regime=0.8 vpBins=75 vpRatio=0.771
2019-11-07T09:30:00.000-05:00,SCORE_FAM: total=64.874 display=65 gate=65 cap=100 scaled=64.874 | Struct=14.025(0.468) Vol=4.24(0.17) Phase=8.8(0.44) VP=7.8(0.65) Spring=4.246(0.849) Ctx=7.228(0.556)
2019-11-07T09:30:00.000-05:00,SCORE_DETAIL_STRUCT: HL=25(1) Spread=10(0.67) PB=0(0) Power=0 Mid=0 Slope=0 Flip=0
2019-11-07T09:30:00.000-05:00,SCORE_DETAIL_VOL: Dry=8(0.32) Supply=0(0) Effort=0(0/0) Decl=0 Con=0
2019-11-07T09:30:00.000-05:00,SCORE_DETAIL_PHASE: Events=1 Accum=0 SOS=0 PhB=1 SOT=1 STup=0
2019-11-07T09:30:00.000-05:00,SCORE_DETAIL_VP: Ctx=1 VPOCmig=1 VAprog=1 PShape=0 FinAuc=1 HVNsup=0 | bShape=0 Unfin=0 HVNoh=0 valid=true
2019-11-07T09:30:00.000-05:00,SCORE_DETAIL_SPRING: Spring=14(0.943) Ctrl=0
2019-11-07T09:30:00.000-05:00,SCORE_DETAIL_CTX: HTF=1 RS=0 OEL=0.5(5) VWAP=0.4(pt=2 proxW=3.726 proxM=3.55) RSI=1
2019-11-07T09:30:00.000-05:00,SCORE_PENALTY: Ghost=0 Climax=0 Stall=0 Failed=0 totalPen=0 | regime=0.8 vpBins=75 vpRatio=0.781
2019-11-08T09:30:00.000-05:00,SCORE_FAM: total=77.614 display=78 gate=78 cap=100 scaled=77.614 | Struct=16.425(0.547) Vol=6.74(0.27) Phase=13(0.65) VP=7.8(0.65) Spring=4.246(0.849) Ctx=7.228(0.556)
2019-11-08T09:30:00.000-05:00,SCORE_DETAIL_STRUCT: HL=25(1) Spread=10(0.67) PB=0(0) Power=0 Mid=0 Slope=1 Flip=0
2019-11-08T09:30:00.000-05:00,SCORE_DETAIL_VOL: Dry=8(0.32) Supply=0(0) Effort=0(0/0) Decl=1 Con=0
2019-11-08T09:30:00.000-05:00,SCORE_DETAIL_PHASE: Events=1 Accum=1 SOS=0 PhB=1 SOT=1 STup=0
2019-11-08T09:30:00.000-05:00,SCORE_DETAIL_VP: Ctx=1 VPOCmig=1 VAprog=1 PShape=0 FinAuc=1 HVNsup=0 | bShape=0 Unfin=0 HVNoh=0 valid=true
2019-11-08T09:30:00.000-05:00,SCORE_DETAIL_SPRING: Spring=14(0.943) Ctrl=0
2019-11-08T09:30:00.000-05:00,SCORE_DETAIL_CTX: HTF=1 RS=0 OEL=0.5(5) VWAP=0.4(pt=2 proxW=3.831 proxM=3.666) RSI=1
2019-11-08T09:30:00.000-05:00,SCORE_PENALTY: Ghost=0 Climax=0 Stall=0 Failed=0 totalPen=0 | regime=0.8 vpBins=34 vpRatio=0.968
2019-11-11T09:30:00.000-05:00,SCORE_FAM: total=77.614 display=78 gate=78 cap=100 scaled=77.614 | Struct=16.425(0.547) Vol=6.74(0.27) Phase=13(0.65) VP=7.8(0.65) Spring=4.246(0.849) Ctx=7.228(0.556)
2019-11-11T09:30:00.000-05:00,SCORE_DETAIL_STRUCT: HL=25(1) Spread=10(0.67) PB=0(0) Power=0 Mid=0 Slope=1 Flip=0
2019-11-11T09:30:00.000-05:00,SCORE_DETAIL_VOL: Dry=8(0.32) Supply=0(0) Effort=0(0/0) Decl=1 Con=0
2019-11-11T09:30:00.000-05:00,SCORE_DETAIL_PHASE: Events=1 Accum=1 SOS=0 PhB=1 SOT=1 STup=0
2019-11-11T09:30:00.000-05:00,SCORE_DETAIL_VP: Ctx=1 VPOCmig=1 VAprog=1 PShape=0 FinAuc=1 HVNsup=0 | bShape=0 Unfin=0 HVNoh=0 valid=true
2019-11-11T09:30:00.000-05:00,SCORE_DETAIL_SPRING: Spring=14(0.943) Ctrl=0
2019-11-11T09:30:00.000-05:00,SCORE_DETAIL_CTX: HTF=1 RS=0 OEL=0.5(5) VWAP=0.4(pt=2 proxW=4.195 proxM=3.803) RSI=1
2019-11-11T09:30:00.000-05:00,SCORE_PENALTY: Ghost=0 Climax=0 Stall=0 Failed=0 totalPen=0 | regime=0.8 vpBins=34 vpRatio=1.018
2019-11-12T09:30:00.000-05:00,SCORE_FAM: total=71.734 display=72 gate=72 cap=100 scaled=71.734 | Struct=16.425(0.547) Vol=6.74(0.27) Phase=8.8(0.44) VP=7.8(0.65) Spring=4.246(0.849) Ctx=7.228(0.556)
2019-11-12T09:30:00.000-05:00,SCORE_DETAIL_STRUCT: HL=25(1) Spread=10(0.67) PB=0(0) Power=0 Mid=0 Slope=1 Flip=0
2019-11-12T09:30:00.000-05:00,SCORE_DETAIL_VOL: Dry=8(0.32) Supply=0(0) Effort=0(0/0) Decl=1 Con=0
2019-11-12T09:30:00.000-05:00,SCORE_DETAIL_PHASE: Events=1 Accum=0 SOS=0 PhB=1 SOT=1 STup=0
2019-11-12T09:30:00.000-05:00,SCORE_DETAIL_VP: Ctx=1 VPOCmig=1 VAprog=1 PShape=0 FinAuc=1 HVNsup=0 | bShape=0 Unfin=0 HVNoh=0 valid=true
2019-11-12T09:30:00.000-05:00,SCORE_DETAIL_SPRING: Spring=14(0.943) Ctrl=0
2019-11-12T09:30:00.000-05:00,SCORE_DETAIL_CTX: HTF=1 RS=0 OEL=0.5(5) VWAP=0.4(pt=2 proxW=4.554 proxM=3.981) RSI=1
2019-11-12T09:30:00.000-05:00,SCORE_PENALTY: Ghost=0 Climax=0 Stall=0 Failed=0 totalPen=0 | regime=0.8 vpBins=34 vpRatio=1.076
2019-11-13T09:30:00.000-05:00,SCORE_FAM: total=81.814 display=82 gate=82 cap=100 scaled=81.814 | Struct=16.425(0.547) Vol=6.74(0.27) Phase=13(0.65) VP=10.8(0.9) Spring=4.246(0.849) Ctx=7.228(0.556)
2019-11-13T09:30:00.000-05:00,SCORE_DETAIL_STRUCT: HL=25(1) Spread=10(0.67) PB=0(0) Power=0 Mid=0 Slope=1 Flip=0
2019-11-13T09:30:00.000-05:00,SCORE_DETAIL_VOL: Dry=8(0.32) Supply=0(0) Effort=0(0/0) Decl=1 Con=0
2019-11-13T09:30:00.000-05:00,SCORE_DETAIL_PHASE: Events=1 Accum=1 SOS=0 PhB=1 SOT=1 STup=0
2019-11-13T09:30:00.000-05:00,SCORE_DETAIL_VP: Ctx=1 VPOCmig=1 VAprog=1 PShape=1 FinAuc=1 HVNsup=0 | bShape=0 Unfin=0 HVNoh=0 valid=true
2019-11-13T09:30:00.000-05:00,SCORE_DETAIL_SPRING: Spring=14(0.943) Ctrl=0
2019-11-13T09:30:00.000-05:00,SCORE_DETAIL_CTX: HTF=1 RS=0 OEL=0.5(5) VWAP=0.4(pt=2 proxW=4.748 proxM=4.19) RSI=1
2019-11-13T09:30:00.000-05:00,SCORE_PENALTY: Ghost=0 Climax=0 Stall=0 Failed=0 totalPen=0 | regime=0.8 vpBins=34 vpRatio=1.164
2019-11-14T09:30:00.000-05:00,SCORE_FAM: total=78.244 display=78 gate=78 cap=100 scaled=78.244 | Struct=13.875(0.463) Vol=6.74(0.27) Phase=13(0.65) VP=10.8(0.9) Spring=4.246(0.849) Ctx=7.228(0.556)
2019-11-14T09:30:00.000-05:00,SCORE_DETAIL_STRUCT: HL=25(1) Spread=5(0.33) PB=0(0) Power=0 Mid=0 Slope=1 Flip=0
2019-11-14T09:30:00.000-05:00,SCORE_DETAIL_VOL: Dry=8(0.32) Supply=0(0) Effort=0(0/0) Decl=1 Con=0
2019-11-14T09:30:00.000-05:00,SCORE_DETAIL_PHASE: Events=1 Accum=1 SOS=0 PhB=1 SOT=1 STup=0
2019-11-14T09:30:00.000-05:00,SCORE_DETAIL_VP: Ctx=1 VPOCmig=1 VAprog=1 PShape=1 FinAuc=1 HVNsup=0 | bShape=0 Unfin=0 HVNoh=0 valid=true
2019-11-14T09:30:00.000-05:00,SCORE_DETAIL_SPRING: Spring=14(0.943) Ctrl=0
2019-11-14T09:30:00.000-05:00,SCORE_DETAIL_CTX: HTF=1 RS=0 OEL=0.5(5) VWAP=0.4(pt=2 proxW=4.816 proxM=4.323) RSI=1
2019-11-14T09:30:00.000-05:00,SCORE_PENALTY: Ghost=0 Climax=0 Stall=0 Failed=0 totalPen=0 | regime=0.8 vpBins=34 vpRatio=1.256
2019-11-15T09:30:00.000-05:00,SCORE_FAM: total=81.814 display=82 gate=82 cap=100 scaled=81.814 | Struct=16.425(0.547) Vol=6.74(0.27) Phase=13(0.65) VP=10.8(0.9) Spring=4.246(0.849) Ctx=7.228(0.556)
2019-11-15T09:30:00.000-05:00,SCORE_DETAIL_STRUCT: HL=25(1) Spread=10(0.67) PB=0(0) Power=0 Mid=0 Slope=1 Flip=0
2019-11-15T09:30:00.000-05:00,SCORE_DETAIL_VOL: Dry=8(0.32) Supply=0(0) Effort=0(0/0) Decl=1 Con=0
2019-11-15T09:30:00.000-05:00,SCORE_DETAIL_PHASE: Events=1 Accum=1 SOS=0 PhB=1 SOT=1 STup=0
2019-11-15T09:30:00.000-05:00,SCORE_DETAIL_VP: Ctx=1 VPOCmig=1 VAprog=1 PShape=1 FinAuc=1 HVNsup=0 | bShape=0 Unfin=0 HVNoh=0 valid=true
2019-11-15T09:30:00.000-05:00,SCORE_DETAIL_SPRING: Spring=14(0.943) Ctrl=0
2019-11-15T09:30:00.000-05:00,SCORE_DETAIL_CTX: HTF=1 RS=0 OEL=0.5(5) VWAP=0.4(pt=2 proxW=5.073 proxM=4.513) RSI=1
2019-11-15T09:30:00.000-05:00,SCORE_PENALTY: Ghost=0 Climax=0 Stall=0 Failed=0 totalPen=0 | regime=0.8 vpBins=34 vpRatio=1.262
2019-11-18T09:30:00.000-05:00,SCORE_FAM: total=78.244 display=78 gate=78 cap=100 scaled=78.244 | Struct=13.875(0.463) Vol=6.74(0.27) Phase=13(0.65) VP=10.8(0.9) Spring=4.246(0.849) Ctx=7.228(0.556)
2019-11-18T09:30:00.000-05:00,SCORE_DETAIL_STRUCT: HL=25(1) Spread=5(0.33) PB=0(0) Power=0 Mid=0 Slope=1 Flip=0
2019-11-18T09:30:00.000-05:00,SCORE_DETAIL_VOL: Dry=8(0.32) Supply=0(0) Effort=0(0/0) Decl=1 Con=0
2019-11-18T09:30:00.000-05:00,SCORE_DETAIL_PHASE: Events=1 Accum=1 SOS=0 PhB=1 SOT=1 STup=0
2019-11-18T09:30:00.000-05:00,SCORE_DETAIL_VP: Ctx=1 VPOCmig=1 VAprog=1 PShape=1 FinAuc=1 HVNsup=0 | bShape=0 Unfin=0 HVNoh=0 valid=true
2019-11-18T09:30:00.000-05:00,SCORE_DETAIL_SPRING: Spring=14(0.943) Ctrl=0
2019-11-18T09:30:00.000-05:00,SCORE_DETAIL_CTX: HTF=1 RS=0 OEL=0.5(5) VWAP=0.4(pt=2 proxW=5.783 proxM=4.661) RSI=1
2019-11-18T09:30:00.000-05:00,SCORE_PENALTY: Ghost=0 Climax=0 Stall=0 Failed=0 totalPen=0 | regime=0.8 vpBins=34 vpRatio=1.237
2019-11-19T09:30:00.000-05:00,SCORE_FAM: total=84.138 display=84 gate=84 cap=100 scaled=84.138 | Struct=13.875(0.463) Vol=10.95(0.438) Phase=13(0.65) VP=10.8(0.9) Spring=4.246(0.849) Ctx=7.228(0.556)
2019-11-19T09:30:00.000-05:00,SCORE_DETAIL_STRUCT: HL=25(1) Spread=5(0.33) PB=0(0) Power=0 Mid=0 Slope=1 Flip=0
2019-11-19T09:30:00.000-05:00,SCORE_DETAIL_VOL: Dry=15(0.6) Supply=0(0) Effort=0(0/0) Decl=1 Con=0
2019-11-19T09:30:00.000-05:00,SCORE_DETAIL_PHASE: Events=1 Accum=1 SOS=0 PhB=1 SOT=1 STup=0
2019-11-19T09:30:00.000-05:00,SCORE_DETAIL_VP: Ctx=1 VPOCmig=1 VAprog=1 PShape=1 FinAuc=1 HVNsup=0 | bShape=0 Unfin=0 HVNoh=0 valid=true
2019-11-19T09:30:00.000-05:00,SCORE_DETAIL_SPRING: Spring=14(0.943) Ctrl=0
2019-11-19T09:30:00.000-05:00,SCORE_DETAIL_CTX: HTF=1 RS=0 OEL=0.5(5) VWAP=0.4(pt=2 proxW=6.056 proxM=4.878) RSI=1
2019-11-19T09:30:00.000-05:00,SCORE_PENALTY: Ghost=0 Climax=0 Stall=0 Failed=0 totalPen=0 | regime=0.8 vpBins=34 vpRatio=1.557
2019-11-20T09:30:00.000-05:00,SCORE_FAM: total=70.953 display=71 gate=71 cap=100 scaled=70.953 | Struct=13.875(0.463) Vol=4.24(0.17) Phase=13(0.65) VP=9.6(0.8) Spring=4.246(0.849) Ctx=5.72(0.44)
2019-11-20T09:30:00.000-05:00,SCORE_DETAIL_STRUCT: HL=25(1) Spread=5(0.33) PB=0(0) Power=0 Mid=0 Slope=1 Flip=0
2019-11-20T09:30:00.000-05:00,SCORE_DETAIL_VOL: Dry=8(0.32) Supply=0(0) Effort=0(0/0) Decl=0 Con=0
2019-11-20T09:30:00.000-05:00,SCORE_DETAIL_PHASE: Events=1 Accum=1 SOS=0 PhB=1 SOT=1 STup=0
2019-11-20T09:30:00.000-05:00,SCORE_DETAIL_VP: Ctx=1 VPOCmig=1 VAprog=1 PShape=1 FinAuc=1 HVNsup=0 | bShape=0 Unfin=0 HVNoh=-1 valid=true
2019-11-20T09:30:00.000-05:00,SCORE_DETAIL_SPRING: Spring=14(0.943) Ctrl=0
2019-11-20T09:30:00.000-05:00,SCORE_DETAIL_CTX: HTF=1 RS=0 OEL=0.5(5) VWAP=0(pt=0 proxW=5.555 proxM=4.768) RSI=1
2019-11-20T09:30:00.000-05:00,SCORE_PENALTY: Ghost=0 Climax=0 Stall=0 Failed=0 totalPen=0 | regime=0.8 vpBins=34 vpRatio=1.815
2019-11-21T09:30:00.000-05:00,SCORE_FAM: total=76.133 display=76 gate=76 cap=100 scaled=76.133 | Struct=13.875(0.463) Vol=6.74(0.27) Phase=13(0.65) VP=10.8(0.9) Spring=4.246(0.849) Ctx=5.72(0.44)
2019-11-21T09:30:00.000-05:00,SCORE_DETAIL_STRUCT: HL=25(1) Spread=5(0.33) PB=0(0) Power=0 Mid=0 Slope=1 Flip=0
2019-11-21T09:30:00.000-05:00,SCORE_DETAIL_VOL: Dry=8(0.32) Supply=0(0) Effort=0(0/0) Decl=0 Con=1
2019-11-21T09:30:00.000-05:00,SCORE_DETAIL_PHASE: Events=1 Accum=1 SOS=0 PhB=1 SOT=1 STup=0
2019-11-21T09:30:00.000-05:00,SCORE_DETAIL_VP: Ctx=1 VPOCmig=1 VAprog=1 PShape=1 FinAuc=1 HVNsup=0 | bShape=0 Unfin=0 HVNoh=0 valid=true
2019-11-21T09:30:00.000-05:00,SCORE_DETAIL_SPRING: Spring=14(0.943) Ctrl=0
2019-11-21T09:30:00.000-05:00,SCORE_DETAIL_CTX: HTF=1 RS=0 OEL=0.5(5) VWAP=0(pt=0 proxW=5.623 proxM=4.934) RSI=1
2019-11-21T09:30:00.000-05:00,SCORE_PENALTY: Ghost=0 Climax=0 Stall=0 Failed=0 totalPen=0 | regime=0.8 vpBins=34 vpRatio=1.942
2019-11-22T09:30:00.000-05:00,SCORE_FAM: total=95.201 display=95 gate=95 cap=100 scaled=95.201 | Struct=24.975(0.833) Vol=10.95(0.438) Phase=13(0.65) VP=10.8(0.9) Spring=4.246(0.849) Ctx=4.03(0.31)
2019-11-22T09:30:00.000-05:00,SCORE_DETAIL_STRUCT: HL=25(1) Spread=5(0.33) PB=0(0) Power=1 Mid=1 Slope=1 Flip=1
2019-11-22T09:30:00.000-05:00,SCORE_DETAIL_VOL: Dry=15(0.6) Supply=0(0) Effort=0(0/0) Decl=0 Con=1
2019-11-22T09:30:00.000-05:00,SCORE_DETAIL_PHASE: Events=1 Accum=1 SOS=0 PhB=1 SOT=1 STup=0
2019-11-22T09:30:00.000-05:00,SCORE_DETAIL_VP: Ctx=1 VPOCmig=1 VAprog=1 PShape=1 FinAuc=1 HVNsup=0 | bShape=0 Unfin=0 HVNoh=0 valid=true
2019-11-22T09:30:00.000-05:00,SCORE_DETAIL_SPRING: Spring=14(0.943) Ctrl=0
2019-11-22T09:30:00.000-05:00,SCORE_DETAIL_CTX: HTF=1 RS=0 OEL=0(0) VWAP=0(pt=0 proxW=0.838 proxM=0.224) RSI=1
2019-11-22T09:30:00.000-05:00,SCORE_PENALTY: Ghost=0 Climax=0 Stall=0 Failed=0 totalPen=0 | regime=0.8 vpBins=34 vpRatio=2.063
2019-11-25T09:30:00.000-05:00,SCORE_FAM: total=96.965 display=97 gate=97 cap=100 scaled=96.965 | Struct=24.975(0.833) Vol=10.95(0.438) Phase=8.8(0.44) VP=10.8(0.9) Spring=4.246(0.849) Ctx=9.49(0.73)
2019-11-25T09:30:00.000-05:00,SCORE_DETAIL_STRUCT: HL=25(1) Spread=5(0.33) PB=0(0) Power=1 Mid=1 Slope=1 Flip=1
2019-11-25T09:30:00.000-05:00,SCORE_DETAIL_VOL: Dry=15(0.6) Supply=0(0) Effort=0(0/0) Decl=0 Con=1
2019-11-25T09:30:00.000-05:00,SCORE_DETAIL_PHASE: Events=1 Accum=0 SOS=0 PhB=1 SOT=1 STup=0
2019-11-25T09:30:00.000-05:00,SCORE_DETAIL_VP: Ctx=1 VPOCmig=1 VAprog=1 PShape=1 FinAuc=1 HVNsup=0 | bShape=0 Unfin=0 HVNoh=0 valid=true
2019-11-25T09:30:00.000-05:00,SCORE_DETAIL_SPRING: Spring=14(0.943) Ctrl=0
2019-11-25T09:30:00.000-05:00,SCORE_DETAIL_CTX: HTF=1 RS=0 OEL=0.5(5) VWAP=1(pt=5 proxW=1.631 proxM=0.299) RSI=1
2019-11-25T09:30:00.000-05:00,SCORE_PENALTY: Ghost=0 Climax=0 Stall=0 Failed=0 totalPen=0 | regime=0.8 vpBins=34 vpRatio=1.951
2019-11-25T09:30:00.000-05:00,LPS ENTRY: price=204.22 score=97 gate=97 mode=Close Above SOS Midpoint spring=true(conf=0.943) closeStr=0.975 volOk=true bars=2 pullback=5.619% prelimRisk=1.704%
2019-11-25T09:30:00.000-05:00,"LPS DIST: warnLevel=0 liveCnt=0 bcAge=1,670 utadAge=1,450 sowAge=1,421 lpsyAge=1,411"
2019-11-25T09:30:00.000-05:00,LPS STOP: mode=LPS Low price=200.138 stack=0 vwapW=203.717 vwapM=201.286 VAL=196.081
2019-11-25T09:30:00.000-05:00,COMP VP: VPOC=184.283 VAH=NaN hvnAbove=NaN lvnAbove=NaN
2020-01-06T09:30:00.000-05:00,SCORE_FAM: total=78.969 display=79 gate=82 cap=100 scaled=78.969 | Struct=13.5(0.45) Vol=10.95(0.438) Phase=13(0.65) VP=9(0.75) Spring=4.246(0.849) Ctx=7.8(0.6)
2020-01-06T09:30:00.000-05:00,SCORE_DETAIL_STRUCT: HL=25(1) Spread=0(0) PB=0(0) Power=0 Mid=0 Slope=1 Flip=1
2020-01-06T09:30:00.000-05:00,SCORE_DETAIL_VOL: Dry=15(0.6) Supply=0(0) Effort=0(0/0) Decl=0 Con=0
2020-01-06T09:30:00.000-05:00,SCORE_DETAIL_PHASE: Events=1 Accum=1 SOS=0 PhB=1 SOT=0 STup=0
2020-01-06T09:30:00.000-05:00,SCORE_DETAIL_VP: Ctx=1 VPOCmig=1 VAprog=1 PShape=0 FinAuc=1 HVNsup=1 | bShape=0 Unfin=0 HVNoh=0 valid=true
2020-01-06T09:30:00.000-05:00,SCORE_DETAIL_SPRING: Spring=14(0.943) Ctrl=0
2020-01-06T09:30:00.000-05:00,SCORE_DETAIL_CTX: HTF=1 RS=0 OEL=0(0) VWAP=1(pt=5 proxW=1.132 proxM=1.296) RSI=1
2020-01-06T09:30:00.000-05:00,SCORE_PENALTY: Ghost=0 Climax=0 Stall=0 Failed=0 totalPen=0 | regime=1 vpBins=47 vpRatio=0.53
2020-04-02T09:30:00.000-04:00,"TR DETECTED: Support=164.93, Resistance=209.15, Len=20, SlopeUp=false"
2020-04-02T09:30:00.000-04:00,"VPOC SHIFT: Prior=219.574, will compare when VP recalculates"
2020-04-23T09:30:00.000-04:00,"DIST UTAD: bar=5,315 close=210.52 breakBar=5,313"
2020-06-11T09:30:00.000-04:00,"DIST BC: bar=5,349 high=243.59 vol=72,919,442 volAvg=43,019,150.35"
2020-07-30T09:30:00.000-04:00,"TR DETECTED: Support=251.32, Resistance=269.79, Len=20, SlopeUp=false"
2020-07-30T09:30:00.000-04:00,"VPOC SHIFT: Prior=230.976, will compare when VP recalculates"
2020-08-31T09:30:00.000-04:00,"DIST UTAD: bar=5,405 close=294.88 breakBar=5,402"
2020-09-03T09:30:00.000-04:00,"DIST BC: bar=5,408 high=298.62 vol=110,083,282 volAvg=39,609,903.35"
2020-09-18T09:30:00.000-04:00,SPRING: conf=0.567 [close=0.134 reclaim=0.059 vol=0.146 age=0.127 tests=0.1] pivot=264.63 pivotAge=27b
2020-09-24T09:30:00.000-04:00,SPRING_DAILY: conf=0.556 [close=0.167 reclaim=0.025 vol=0.113] support=264.63 pen=3.41
2020-09-25T09:30:00.000-04:00,SPRING_DAILY: conf=0.821 [close=0.269 reclaim=0.214 vol=0.088] support=264.63 pen=0.33
2020-10-30T09:30:00.000-04:00,"DIST SOW: bar=5,448 close=269.38 support=271.38"
2020-11-03T09:30:00.000-05:00,SPRING_DAILY: conf=0.685 [close=0.191 reclaim=0.137 vol=0.107] support=271.38 pen=0.54
2021-01-08T09:30:00.000-05:00,"SOS CONFIRMED: rally=4.656% low=305.18 high=319.39 bars=4 avgVol=36,620,926 adjMinRally=3.5"
2021-01-08T09:30:00.000-05:00,SCORE_FAM: total=95.526 display=96 gate=99 cap=100 scaled=95.526 | Struct=27.525(0.917) Vol=6.74(0.27) Phase=13(0.65) VP=12(1) Spring=3.695(0.739) Ctx=7.8(0.6)
2021-01-08T09:30:00.000-05:00,SCORE_DETAIL_STRUCT: HL=25(1) Spread=10(0.67) PB=15(1) Power=0 Mid=1 Slope=1 Flip=1
2021-01-08T09:30:00.000-05:00,SCORE_DETAIL_VOL: Dry=8(0.32) Supply=0(0) Effort=0(0/0) Decl=0 Con=1
2021-01-08T09:30:00.000-05:00,SCORE_DETAIL_PHASE: Events=1 Accum=1 SOS=0 PhB=1 SOT=0 STup=0
2021-01-08T09:30:00.000-05:00,SCORE_DETAIL_VP: Ctx=1 VPOCmig=1 VAprog=1 PShape=1 FinAuc=1 HVNsup=1 | bShape=0 Unfin=0 HVNoh=0 valid=true
2021-01-08T09:30:00.000-05:00,SCORE_DETAIL_SPRING: Spring=12(0.821) Ctrl=0
2021-01-08T09:30:00.000-05:00,SCORE_DETAIL_CTX: HTF=1 RS=0 OEL=0(0) VWAP=1(pt=5 proxW=0.748 proxM=0.748) RSI=1
2021-01-08T09:30:00.000-05:00,SCORE_PENALTY: Ghost=0 Climax=0 Stall=0 Failed=0 totalPen=0 | regime=1 vpBins=34 vpRatio=2.745
2021-01-11T09:30:00.000-05:00,SCORE_FAM: total=93.778 display=94 gate=97 cap=100 scaled=93.778 | Struct=30(1) Vol=6.74(0.27) Phase=13(0.65) VP=12(1) Spring=3.695(0.739) Ctx=4.03(0.31)
2021-01-11T09:30:00.000-05:00,SCORE_DETAIL_STRUCT: HL=25(1) Spread=15(1) PB=15(1) Power=0 Mid=1 Slope=1 Flip=1
2021-01-11T09:30:00.000-05:00,SCORE_DETAIL_VOL: Dry=8(0.32) Supply=0(0) Effort=0(0/0) Decl=0 Con=1
2021-01-11T09:30:00.000-05:00,SCORE_DETAIL_PHASE: Events=1 Accum=1 SOS=0 PhB=1 SOT=0 STup=0
2021-01-11T09:30:00.000-05:00,SCORE_DETAIL_VP: Ctx=1 VPOCmig=1 VAprog=1 PShape=1 FinAuc=1 HVNsup=1 | bShape=0 Unfin=0 HVNoh=0 valid=true
2021-01-11T09:30:00.000-05:00,SCORE_DETAIL_SPRING: Spring=12(0.821) Ctrl=0
2021-01-11T09:30:00.000-05:00,SCORE_DETAIL_CTX: HTF=1 RS=0 OEL=0(0) VWAP=0(pt=0 proxW=0.296 proxM=0.344) RSI=1
2021-01-11T09:30:00.000-05:00,SCORE_PENALTY: Ghost=0 Climax=0 Stall=0 Failed=0 totalPen=0 | regime=1 vpBins=41 vpRatio=1.255
2021-01-12T09:30:00.000-05:00,SCORE_FAM: total=85.981 display=86 gate=89 cap=100 scaled=85.981 | Struct=25.425(0.847) Vol=6.74(0.27) Phase=13(0.65) VP=10.8(0.9) Spring=3.695(0.739) Ctx=4.03(0.31)
2021-01-12T09:30:00.000-05:00,SCORE_DETAIL_STRUCT: HL=25(1) Spread=10(0.67) PB=15(1) Power=0 Mid=1 Slope=1 Flip=0
2021-01-12T09:30:00.000-05:00,SCORE_DETAIL_VOL: Dry=8(0.32) Supply=0(0) Effort=0(0/0) Decl=0 Con=1
2021-01-12T09:30:00.000-05:00,SCORE_DETAIL_PHASE: Events=1 Accum=1 SOS=0 PhB=1 SOT=0 STup=0
2021-01-12T09:30:00.000-05:00,SCORE_DETAIL_VP: Ctx=1 VPOCmig=1 VAprog=1 PShape=1 FinAuc=1 HVNsup=0 | bShape=0 Unfin=0 HVNoh=0 valid=true
2021-01-12T09:30:00.000-05:00,SCORE_DETAIL_SPRING: Spring=12(0.821) Ctrl=0
2021-01-12T09:30:00.000-05:00,SCORE_DETAIL_CTX: HTF=1 RS=0 OEL=0(0) VWAP=0(pt=0 proxW=0.69 proxM=0.242) RSI=1
2021-01-12T09:30:00.000-05:00,SCORE_PENALTY: Ghost=0 Climax=0 Stall=0 Failed=0 totalPen=0 | regime=1 vpBins=41 vpRatio=1.334
2021-01-12T09:30:00.000-05:00,LPS ENTRY: price=313.92 score=86 gate=89 mode=Close Above SOS Midpoint spring=true(conf=0.821) closeStr=0.621 volOk=true bars=3 pullback=57.635% prelimRisk=0.866%
2021-01-12T09:30:00.000-05:00,LPS DIST: warnLevel=1 liveCnt=1 bcAge=89 utadAge=92 sowAge=49 lpsyAge=-1
2021-01-12T09:30:00.000-05:00,LPS STOP: mode=LPS Low price=310.266 stack=0 vwapW=314.388 vwapM=312.319 VAL=300.182
2021-01-12T09:30:00.000-05:00,COMP VP: VPOC=184.789 VAH=NaN hvnAbove=NaN lvnAbove=314.977
2021-02-02T09:30:00.000-05:00,SCORE_FAM: total=85.799 display=86 gate=89 cap=100 scaled=85.799 | Struct=21(0.7) Vol=4.24(0.17) Phase=13(0.65) VP=12(1) Spring=3.695(0.739) Ctx=9.62(0.74)
2021-02-02T09:30:00.000-05:00,SCORE_DETAIL_STRUCT: HL=25(1) Spread=15(1) PB=0(0) Power=0 Mid=0 Slope=1 Flip=1
2021-02-02T09:30:00.000-05:00,SCORE_DETAIL_VOL: Dry=8(0.32) Supply=0(0) Effort=0(0/0) Decl=0 Con=0
2021-02-02T09:30:00.000-05:00,SCORE_DETAIL_PHASE: Events=1 Accum=1 SOS=0 PhB=1 SOT=1 STup=0
2021-02-02T09:30:00.000-05:00,SCORE_DETAIL_VP: Ctx=1 VPOCmig=1 VAprog=1 PShape=1 FinAuc=1 HVNsup=1 | bShape=0 Unfin=0 HVNoh=0 valid=true
2021-02-02T09:30:00.000-05:00,SCORE_DETAIL_SPRING: Spring=12(0.821) Ctrl=0
2021-02-02T09:30:00.000-05:00,SCORE_DETAIL_CTX: HTF=1 RS=1 OEL=0(0) VWAP=1(pt=5 proxW=0.061 proxM=0.061) RSI=1
2021-02-02T09:30:00.000-05:00,SCORE_PENALTY: Ghost=0 Climax=0 Stall=0 Failed=0 totalPen=0 | regime=1 vpBins=53 vpRatio=1.505
2021-02-03T09:30:00.000-05:00,SCORE_FAM: total=94.858 display=95 gate=98 cap=100 scaled=94.858 | Struct=21(0.7) Vol=10.95(0.438) Phase=13(0.65) VP=12(1) Spring=3.695(0.739) Ctx=9.62(0.74)
2021-02-03T09:30:00.000-05:00,SCORE_DETAIL_STRUCT: HL=25(1) Spread=15(1) PB=0(0) Power=0 Mid=0 Slope=1 Flip=1
2021-02-03T09:30:00.000-05:00,SCORE_DETAIL_VOL: Dry=15(0.6) Supply=0(0) Effort=0(0/0) Decl=0 Con=0
2021-02-03T09:30:00.000-05:00,SCORE_DETAIL_PHASE: Events=1 Accum=1 SOS=0 PhB=1 SOT=1 STup=0
2021-02-03T09:30:00.000-05:00,SCORE_DETAIL_VP: Ctx=1 VPOCmig=1 VAprog=1 PShape=1 FinAuc=1 HVNsup=1 | bShape=0 Unfin=0 HVNoh=0 valid=true
2021-02-03T09:30:00.000-05:00,SCORE_DETAIL_SPRING: Spring=12(0.821) Ctrl=0
2021-02-03T09:30:00.000-05:00,SCORE_DETAIL_CTX: HTF=1 RS=1 OEL=0(0) VWAP=1(pt=5 proxW=0.237 proxM=0.237) RSI=1
2021-02-03T09:30:00.000-05:00,SCORE_PENALTY: Ghost=0 Climax=0 Stall=0 Failed=0 totalPen=0 | regime=1 vpBins=53 vpRatio=1.545
2021-02-04T09:30:00.000-05:00,SCORE_FAM: total=94.858 display=95 gate=98 cap=100 scaled=94.858 | Struct=21(0.7) Vol=10.95(0.438) Phase=13(0.65) VP=12(1) Spring=3.695(0.739) Ctx=9.62(0.74)
2021-02-04T09:30:00.000-05:00,SCORE_DETAIL_STRUCT: HL=25(1) Spread=15(1) PB=0(0) Power=0 Mid=0 Slope=1 Flip=1
2021-02-04T09:30:00.000-05:00,SCORE_DETAIL_VOL: Dry=15(0.6) Supply=0(0) Effort=0(0/0) Decl=0 Con=0
2021-02-04T09:30:00.000-05:00,SCORE_DETAIL_PHASE: Events=1 Accum=1 SOS=0 PhB=1 SOT=1 STup=0
2021-02-04T09:30:00.000-05:00,SCORE_DETAIL_VP: Ctx=1 VPOCmig=1 VAprog=1 PShape=1 FinAuc=1 HVNsup=1 | bShape=0 Unfin=0 HVNoh=0 valid=true
2021-02-04T09:30:00.000-05:00,SCORE_DETAIL_SPRING: Spring=12(0.821) Ctrl=0
2021-02-04T09:30:00.000-05:00,SCORE_DETAIL_CTX: HTF=1 RS=1 OEL=0(0) VWAP=1(pt=5 proxW=0.385 proxM=0.385) RSI=1
2021-02-04T09:30:00.000-05:00,SCORE_PENALTY: Ghost=0 Climax=0 Stall=0 Failed=0 totalPen=0 | regime=1 vpBins=53 vpRatio=1.646
2021-02-05T09:30:00.000-05:00,SCORE_FAM: total=94.858 display=95 gate=98 cap=100 scaled=94.858 | Struct=21(0.7) Vol=10.95(0.438) Phase=13(0.65) VP=12(1) Spring=3.695(0.739) Ctx=9.62(0.74)
2021-02-05T09:30:00.000-05:00,SCORE_DETAIL_STRUCT: HL=25(1) Spread=15(1) PB=0(0) Power=0 Mid=0 Slope=1 Flip=1
2021-02-05T09:30:00.000-05:00,SCORE_DETAIL_VOL: Dry=15(0.6) Supply=0(0) Effort=0(0/0) Decl=0 Con=0
2021-02-05T09:30:00.000-05:00,SCORE_DETAIL_PHASE: Events=1 Accum=1 SOS=0 PhB=1 SOT=1 STup=0
2021-02-05T09:30:00.000-05:00,SCORE_DETAIL_VP: Ctx=1 VPOCmig=1 VAprog=1 PShape=1 FinAuc=1 HVNsup=1 | bShape=0 Unfin=0 HVNoh=0 valid=true
2021-02-05T09:30:00.000-05:00,SCORE_DETAIL_SPRING: Spring=12(0.821) Ctrl=0
2021-02-05T09:30:00.000-05:00,SCORE_DETAIL_CTX: HTF=1 RS=1 OEL=0(0) VWAP=1(pt=5 proxW=0.565 proxM=0.565) RSI=1
2021-02-05T09:30:00.000-05:00,SCORE_PENALTY: Ghost=0 Climax=0 Stall=0 Failed=0 totalPen=0 | regime=1 vpBins=53 vpRatio=1.733
2021-02-08T09:30:00.000-05:00,SCORE_FAM: total=102.256 display=100 gate=100 cap=100 scaled=102.256 | Struct=21(0.7) Vol=18.25(0.73) Phase=13(0.65) VP=12(1) Spring=3.695(0.739) Ctx=7.8(0.6)
2021-02-08T09:30:00.000-05:00,SCORE_DETAIL_STRUCT: HL=25(1) Spread=15(1) PB=0(0) Power=0 Mid=0 Slope=1 Flip=1
2021-02-08T09:30:00.000-05:00,SCORE_DETAIL_VOL: Dry=25(1) Supply=0(0) Effort=0(0/0) Decl=0 Con=0
2021-02-08T09:30:00.000-05:00,SCORE_DETAIL_PHASE: Events=1 Accum=1 SOS=0 PhB=1 SOT=1 STup=0
2021-02-08T09:30:00.000-05:00,SCORE_DETAIL_VP: Ctx=1 VPOCmig=1 VAprog=1 PShape=1 FinAuc=1 HVNsup=1 | bShape=0 Unfin=0 HVNoh=0 valid=true
2021-02-08T09:30:00.000-05:00,SCORE_DETAIL_SPRING: Spring=12(0.821) Ctrl=0
2021-02-08T09:30:00.000-05:00,SCORE_DETAIL_CTX: HTF=1 RS=0 OEL=0(0) VWAP=1(pt=5 proxW=1.83 proxM=0.747) RSI=1
2021-02-08T09:30:00.000-05:00,SCORE_PENALTY: Ghost=0 Climax=0 Stall=0 Failed=0 totalPen=0 | regime=1 vpBins=53 vpRatio=1.802
2021-02-09T09:30:00.000-05:00,SCORE_FAM: total=104.537 display=100 gate=100 cap=100 scaled=104.537 | Struct=21(0.7) Vol=18.25(0.73) Phase=13(0.65) VP=12(1) Spring=3.695(0.739) Ctx=9.49(0.73)
2021-02-09T09:30:00.000-05:00,SCORE_DETAIL_STRUCT: HL=25(1) Spread=15(1) PB=0(0) Power=0 Mid=0 Slope=1 Flip=1
2021-02-09T09:30:00.000-05:00,SCORE_DETAIL_VOL: Dry=25(1) Supply=0(0) Effort=0(0/0) Decl=0 Con=0
2021-02-09T09:30:00.000-05:00,SCORE_DETAIL_PHASE: Events=1 Accum=1 SOS=0 PhB=1 SOT=1 STup=0
2021-02-09T09:30:00.000-05:00,SCORE_DETAIL_VP: Ctx=1 VPOCmig=1 VAprog=1 PShape=1 FinAuc=1 HVNsup=1 | bShape=0 Unfin=0 HVNoh=0 valid=true
2021-02-09T09:30:00.000-05:00,SCORE_DETAIL_SPRING: Spring=12(0.821) Ctrl=0
2021-02-09T09:30:00.000-05:00,SCORE_DETAIL_CTX: HTF=1 RS=0 OEL=0.5(5) VWAP=1(pt=5 proxW=1.977 proxM=0.906) RSI=1
2021-02-09T09:30:00.000-05:00,SCORE_PENALTY: Ghost=0 Climax=0 Stall=0 Failed=0 totalPen=0 | regime=1 vpBins=53 vpRatio=1.899
2021-02-10T09:30:00.000-05:00,SCORE_FAM: total=92.563 display=93 gate=96 cap=100 scaled=92.563 | Struct=18.9(0.63) Vol=18.25(0.73) Phase=13(0.65) VP=9(0.75) Spring=3.695(0.739) Ctx=5.72(0.44)
2021-02-10T09:30:00.000-05:00,SCORE_DETAIL_STRUCT: HL=25(1) Spread=15(1) PB=0(0) Power=0 Mid=0 Slope=1 Flip=0
2021-02-10T09:30:00.000-05:00,SCORE_DETAIL_VOL: Dry=25(1) Supply=0(0) Effort=0(0/0) Decl=0 Con=0
2021-02-10T09:30:00.000-05:00,SCORE_DETAIL_PHASE: Events=1 Accum=1 SOS=0 PhB=1 SOT=1 STup=0
2021-02-10T09:30:00.000-05:00,SCORE_DETAIL_VP: Ctx=1 VPOCmig=1 VAprog=1 PShape=0 FinAuc=1 HVNsup=1 | bShape=0 Unfin=0 HVNoh=0 valid=true
2021-02-10T09:30:00.000-05:00,SCORE_DETAIL_SPRING: Spring=12(0.821) Ctrl=0
2021-02-10T09:30:00.000-05:00,SCORE_DETAIL_CTX: HTF=1 RS=0 OEL=0.5(5) VWAP=0(pt=0 proxW=1.889 proxM=1.017) RSI=1
2021-02-10T09:30:00.000-05:00,SCORE_PENALTY: Ghost=0 Climax=0 Stall=0 Failed=0 totalPen=0 | regime=1 vpBins=58 vpRatio=0.931
2021-02-11T09:30:00.000-05:00,SCORE_FAM: total=97.652 display=98 gate=100 cap=100 scaled=97.652 | Struct=18.9(0.63) Vol=18.25(0.73) Phase=13(0.65) VP=9(0.75) Spring=3.695(0.739) Ctx=9.49(0.73)
2021-02-11T09:30:00.000-05:00,SCORE_DETAIL_STRUCT: HL=25(1) Spread=15(1) PB=0(0) Power=0 Mid=0 Slope=1 Flip=0
2021-02-11T09:30:00.000-05:00,SCORE_DETAIL_VOL: Dry=25(1) Supply=0(0) Effort=0(0/0) Decl=0 Con=0
2021-02-11T09:30:00.000-05:00,SCORE_DETAIL_PHASE: Events=1 Accum=1 SOS=0 PhB=1 SOT=1 STup=0
2021-02-11T09:30:00.000-05:00,SCORE_DETAIL_VP: Ctx=1 VPOCmig=1 VAprog=1 PShape=0 FinAuc=1 HVNsup=1 | bShape=0 Unfin=0 HVNoh=0 valid=true
2021-02-11T09:30:00.000-05:00,SCORE_DETAIL_SPRING: Spring=12(0.821) Ctrl=0
2021-02-11T09:30:00.000-05:00,SCORE_DETAIL_CTX: HTF=1 RS=0 OEL=0.5(5) VWAP=1(pt=5 proxW=1.997 proxM=1.155) RSI=1
2021-02-11T09:30:00.000-05:00,SCORE_PENALTY: Ghost=0 Climax=0 Stall=0 Failed=0 totalPen=0 | regime=1 vpBins=58 vpRatio=0.956
2021-02-12T09:30:00.000-05:00,SCORE_FAM: total=97.652 display=98 gate=100 cap=100 scaled=97.652 | Struct=18.9(0.63) Vol=18.25(0.73) Phase=13(0.65) VP=9(0.75) Spring=3.695(0.739) Ctx=9.49(0.73)
2021-02-12T09:30:00.000-05:00,SCORE_DETAIL_STRUCT: HL=25(1) Spread=15(1) PB=0(0) Power=0 Mid=0 Slope=1 Flip=0
2021-02-12T09:30:00.000-05:00,SCORE_DETAIL_VOL: Dry=25(1) Supply=0(0) Effort=0(0/0) Decl=0 Con=0
2021-02-12T09:30:00.000-05:00,SCORE_DETAIL_PHASE: Events=1 Accum=1 SOS=0 PhB=1 SOT=1 STup=0
2021-02-12T09:30:00.000-05:00,SCORE_DETAIL_VP: Ctx=1 VPOCmig=1 VAprog=1 PShape=0 FinAuc=1 HVNsup=1 | bShape=0 Unfin=0 HVNoh=0 valid=true
2021-02-12T09:30:00.000-05:00,SCORE_DETAIL_SPRING: Spring=12(0.821) Ctrl=0
2021-02-12T09:30:00.000-05:00,SCORE_DETAIL_CTX: HTF=1 RS=0 OEL=0.5(5) VWAP=1(pt=5 proxW=2.102 proxM=1.274) RSI=1
2021-02-12T09:30:00.000-05:00,SCORE_PENALTY: Ghost=0 Climax=0 Stall=0 Failed=0 totalPen=0 | regime=1 vpBins=58 vpRatio=0.99
2021-02-16T09:30:00.000-05:00,SCORE_FAM: total=92.563 display=93 gate=96 cap=100 scaled=92.563 | Struct=18.9(0.63) Vol=18.25(0.73) Phase=13(0.65) VP=9(0.75) Spring=3.695(0.739) Ctx=5.72(0.44)
2021-02-16T09:30:00.000-05:00,SCORE_DETAIL_STRUCT: HL=25(1) Spread=15(1) PB=0(0) Power=0 Mid=0 Slope=1 Flip=0
2021-02-16T09:30:00.000-05:00,SCORE_DETAIL_VOL: Dry=25(1) Supply=0(0) Effort=0(0/0) Decl=0 Con=0
2021-02-16T09:30:00.000-05:00,SCORE_DETAIL_PHASE: Events=1 Accum=1 SOS=0 PhB=1 SOT=1 STup=0
2021-02-16T09:30:00.000-05:00,SCORE_DETAIL_VP: Ctx=1 VPOCmig=1 VAprog=1 PShape=0 FinAuc=1 HVNsup=1 | bShape=0 Unfin=0 HVNoh=0 valid=true
2021-02-16T09:30:00.000-05:00,SCORE_DETAIL_SPRING: Spring=12(0.821) Ctrl=0
2021-02-16T09:30:00.000-05:00,SCORE_DETAIL_CTX: HTF=1 RS=0 OEL=0.5(5) VWAP=0(pt=0 proxW=2.651 proxM=1.426) RSI=1
2021-02-16T09:30:00.000-05:00,SCORE_PENALTY: Ghost=0 Climax=0 Stall=0 Failed=0 totalPen=0 | regime=1 vpBins=58 vpRatio=1.049
2021-02-17T09:30:00.000-05:00,SCORE_FAM: total=92.563 display=93 gate=96 cap=100 scaled=92.563 | Struct=18.9(0.63) Vol=18.25(0.73) Phase=13(0.65) VP=9(0.75) Spring=3.695(0.739) Ctx=5.72(0.44)
2021-02-17T09:30:00.000-05:00,SCORE_DETAIL_STRUCT: HL=25(1) Spread=15(1) PB=0(0) Power=0 Mid=0 Slope=1 Flip=0
2021-02-17T09:30:00.000-05:00,SCORE_DETAIL_VOL: Dry=25(1) Supply=0(0) Effort=0(0/0) Decl=0 Con=0
2021-02-17T09:30:00.000-05:00,SCORE_DETAIL_PHASE: Events=1 Accum=1 SOS=0 PhB=1 SOT=1 STup=0
2021-02-17T09:30:00.000-05:00,SCORE_DETAIL_VP: Ctx=1 VPOCmig=1 VAprog=1 PShape=0 FinAuc=1 HVNsup=1 | bShape=0 Unfin=0 HVNoh=0 valid=true
2021-02-17T09:30:00.000-05:00,SCORE_DETAIL_SPRING: Spring=12(0.821) Ctrl=0
2021-02-17T09:30:00.000-05:00,SCORE_DETAIL_CTX: HTF=1 RS=0 OEL=0.5(5) VWAP=0(pt=0 proxW=2.307 proxM=1.474) RSI=1
2021-02-17T09:30:00.000-05:00,SCORE_PENALTY: Ghost=0 Climax=0 Stall=0 Failed=0 totalPen=0 | regime=1 vpBins=58 vpRatio=1.125
2021-02-18T09:30:00.000-05:00,SCORE_FAM: total=96.613 display=97 gate=100 cap=100 scaled=96.613 | Struct=18.9(0.63) Vol=18.25(0.73) Phase=13(0.65) VP=12(1) Spring=3.695(0.739) Ctx=5.72(0.44)
2021-02-18T09:30:00.000-05:00,SCORE_DETAIL_STRUCT: HL=25(1) Spread=15(1) PB=0(0) Power=0 Mid=0 Slope=1 Flip=0
2021-02-18T09:30:00.000-05:00,SCORE_DETAIL_VOL: Dry=25(1) Supply=0(0) Effort=0(0/0) Decl=0 Con=0
2021-02-18T09:30:00.000-05:00,SCORE_DETAIL_PHASE: Events=1 Accum=1 SOS=0 PhB=1 SOT=1 STup=0
2021-02-18T09:30:00.000-05:00,SCORE_DETAIL_VP: Ctx=1 VPOCmig=1 VAprog=1 PShape=1 FinAuc=1 HVNsup=1 | bShape=0 Unfin=0 HVNoh=0 valid=true
2021-02-18T09:30:00.000-05:00,SCORE_DETAIL_SPRING: Spring=12(0.821) Ctrl=0
2021-02-18T09:30:00.000-05:00,SCORE_DETAIL_CTX: HTF=1 RS=0 OEL=0.5(5) VWAP=0(pt=0 proxW=2.061 proxM=1.476) RSI=1
2021-02-18T09:30:00.000-05:00,SCORE_PENALTY: Ghost=0 Climax=0 Stall=0 Failed=0 totalPen=0 | regime=1 vpBins=58 vpRatio=1.199
2021-02-19T09:30:00.000-05:00,SCORE_FAM: total=86.758 display=87 gate=90 cap=100 scaled=86.758 | Struct=18.9(0.63) Vol=10.95(0.438) Phase=13(0.65) VP=12(1) Spring=3.695(0.739) Ctx=5.72(0.44)
2021-02-19T09:30:00.000-05:00,SCORE_DETAIL_STRUCT: HL=25(1) Spread=15(1) PB=0(0) Power=0 Mid=0 Slope=1 Flip=0
2021-02-19T09:30:00.000-05:00,SCORE_DETAIL_VOL: Dry=15(0.6) Supply=0(0) Effort=0(0/0) Decl=0 Con=0
2021-02-19T09:30:00.000-05:00,SCORE_DETAIL_PHASE: Events=1 Accum=1 SOS=0 PhB=1 SOT=1 STup=0
2021-02-19T09:30:00.000-05:00,SCORE_DETAIL_VP: Ctx=1 VPOCmig=1 VAprog=1 PShape=1 FinAuc=1 HVNsup=1 | bShape=0 Unfin=0 HVNoh=0 valid=true
2021-02-19T09:30:00.000-05:00,SCORE_DETAIL_SPRING: Spring=12(0.821) Ctrl=0
2021-02-19T09:30:00.000-05:00,SCORE_DETAIL_CTX: HTF=1 RS=0 OEL=0.5(5) VWAP=0(pt=0 proxW=1.971 proxM=1.516) RSI=1
2021-02-19T09:30:00.000-05:00,SCORE_PENALTY: Ghost=0 Climax=0 Stall=0 Failed=0 totalPen=0 | regime=1 vpBins=58 vpRatio=1.292
2021-02-22T09:30:00.000-05:00,SCORE_FAM: total=98.908 display=99 gate=100 cap=100 scaled=98.908 | Struct=27.9(0.93) Vol=10.95(0.438) Phase=13(0.65) VP=12(1) Spring=3.695(0.739) Ctx=5.72(0.44)
2021-02-22T09:30:00.000-05:00,SCORE_DETAIL_STRUCT: HL=25(1) Spread=15(1) PB=8(0.53) Power=1 Mid=1 Slope=1 Flip=0
2021-02-22T09:30:00.000-05:00,SCORE_DETAIL_VOL: Dry=15(0.6) Supply=0(0) Effort=0(0/0) Decl=0 Con=0
2021-02-22T09:30:00.000-05:00,SCORE_DETAIL_PHASE: Events=1 Accum=1 SOS=0 PhB=1 SOT=1 STup=0
2021-02-22T09:30:00.000-05:00,SCORE_DETAIL_VP: Ctx=1 VPOCmig=1 VAprog=1 PShape=1 FinAuc=1 HVNsup=1 | bShape=0 Unfin=0 HVNoh=0 valid=true
2021-02-22T09:30:00.000-05:00,SCORE_DETAIL_SPRING: Spring=12(0.821) Ctrl=0
2021-02-22T09:30:00.000-05:00,SCORE_DETAIL_CTX: HTF=1 RS=0 OEL=0.5(5) VWAP=0(pt=0 proxW=0.381 proxM=1.543) RSI=1
2021-02-22T09:30:00.000-05:00,SCORE_PENALTY: Ghost=0 Climax=0 Stall=0 Failed=0 totalPen=0 | regime=1 vpBins=58 vpRatio=1.406
2021-02-23T09:30:00.000-05:00,SPRING: conf=0.872 [close=0.258 reclaim=0.179 vol=0.2 age=0.136 tests=0.1] pivot=312.76 pivotAge=16b
2021-02-23T09:30:00.000-05:00,SCORE_FAM: total=81.062 display=81 gate=84 cap=100 scaled=81.062 | Struct=18.9(0.63) Vol=4.24(0.17) Phase=13(0.65) VP=12(1) Spring=3.924(0.785) Ctx=7.982(0.614)
2021-02-23T09:30:00.000-05:00,SCORE_DETAIL_STRUCT: HL=25(1) Spread=15(1) PB=0(0) Power=0 Mid=0 Slope=1 Flip=0
2021-02-23T09:30:00.000-05:00,SCORE_DETAIL_VOL: Dry=8(0.32) Supply=0(0) Effort=0(0/0) Decl=0 Con=0
2021-02-23T09:30:00.000-05:00,SCORE_DETAIL_PHASE: Events=1 Accum=1 SOS=0 PhB=1 SOT=1 STup=0
2021-02-23T09:30:00.000-05:00,SCORE_DETAIL_VP: Ctx=1 VPOCmig=1 VAprog=1 PShape=1 FinAuc=1 HVNsup=1 | bShape=0 Unfin=0 HVNoh=0 valid=true
2021-02-23T09:30:00.000-05:00,SCORE_DETAIL_SPRING: Spring=13(0.872) Ctrl=0
2021-02-23T09:30:00.000-05:00,SCORE_DETAIL_CTX: HTF=1 RS=0 OEL=0.5(5) VWAP=0.6(pt=3 proxW=1.688 proxM=3.037) RSI=1
2021-02-23T09:30:00.000-05:00,SCORE_PENALTY: Ghost=0 Climax=0 Stall=0 Failed=0 totalPen=0 | regime=1 vpBins=58 vpRatio=1.594
2021-03-05T09:30:00.000-05:00,SPRING: conf=0.733 [close=0.277 reclaim=0.072 vol=0.2 age=0.117 tests=0.067] pivot=305.18 pivotAge=42b
2021-03-15T09:30:00.000-04:00,"DIST LPSY: bar=5,539 close=318.83 vol=43,123,176 volAvg=70,179,159.95"
2021-04-20T09:30:00.000-04:00,"SOS CONFIRMED: rally=14.144% low=297.45 high=339.52 bars=22 avgVol=54,539,097.773 adjMinRally=3.5"
2021-04-20T09:30:00.000-04:00,SCORE_FAM: total=91.284 display=80 gate=80 cap=80 scaled=106.284 | Struct=27.525(0.917) Vol=18.25(0.73) Phase=13(0.65) VP=12(1) Spring=3.924(0.785) Ctx=4.03(0.31)
2021-04-20T09:30:00.000-04:00,SCORE_DETAIL_STRUCT: HL=25(1) Spread=10(0.67) PB=15(1) Power=0 Mid=1 Slope=1 Flip=1
2021-04-20T09:30:00.000-04:00,SCORE_DETAIL_VOL: Dry=25(1) Supply=0(0) Effort=0(0/0) Decl=0 Con=0
2021-04-20T09:30:00.000-04:00,SCORE_DETAIL_PHASE: Events=1 Accum=1 SOS=0 PhB=1 SOT=0 STup=0
2021-04-20T09:30:00.000-04:00,SCORE_DETAIL_VP: Ctx=1 VPOCmig=1 VAprog=1 PShape=1 FinAuc=1 HVNsup=1 | bShape=0 Unfin=0 HVNoh=0 valid=true
2021-04-20T09:30:00.000-04:00,SCORE_DETAIL_SPRING: Spring=13(0.872) Ctrl=0
2021-04-20T09:30:00.000-04:00,SCORE_DETAIL_CTX: HTF=1 RS=0 OEL=0(0) VWAP=0(pt=0 proxW=0.66 proxM=0.062) RSI=1
2021-04-20T09:30:00.000-04:00,SCORE_PENALTY: Ghost=0 Climax=-15 Stall=0 Failed=0 totalPen=-15 | regime=1 vpBins=63 vpRatio=2.073
2021-04-21T09:30:00.000-04:00,SCORE_FAM: total=96.373 display=80 gate=80 cap=80 scaled=111.373 | Struct=27.525(0.917) Vol=18.25(0.73) Phase=13(0.65) VP=12(1) Spring=3.924(0.785) Ctx=7.8(0.6)
2021-04-21T09:30:00.000-04:00,SCORE_DETAIL_STRUCT: HL=25(1) Spread=10(0.67) PB=15(1) Power=0 Mid=1 Slope=1 Flip=1
2021-04-21T09:30:00.000-04:00,SCORE_DETAIL_VOL: Dry=25(1) Supply=0(0) Effort=0(0/0) Decl=0 Con=0
2021-04-21T09:30:00.000-04:00,SCORE_DETAIL_PHASE: Events=1 Accum=1 SOS=0 PhB=1 SOT=0 STup=0
2021-04-21T09:30:00.000-04:00,SCORE_DETAIL_VP: Ctx=1 VPOCmig=1 VAprog=1 PShape=1 FinAuc=1 HVNsup=1 | bShape=0 Unfin=0 HVNoh=0 valid=true
2021-04-21T09:30:00.000-04:00,SCORE_DETAIL_SPRING: Spring=13(0.872) Ctrl=0
2021-04-21T09:30:00.000-04:00,SCORE_DETAIL_CTX: HTF=1 RS=0 OEL=0(0) VWAP=1(pt=5 proxW=0.716 proxM=0.177) RSI=1
2021-04-21T09:30:00.000-04:00,SCORE_PENALTY: Ghost=0 Climax=-15 Stall=0 Failed=0 totalPen=-15 | regime=1 vpBins=63 vpRatio=2.14
2021-04-22T09:30:00.000-04:00,SCORE_FAM: total=77.986 display=78 gate=80 cap=80 scaled=92.986 | Struct=24.975(0.833) Vol=10.95(0.438) Phase=13(0.65) VP=12(1) Spring=3.924(0.785) Ctx=4.03(0.31)
2021-04-22T09:30:00.000-04:00,SCORE_DETAIL_STRUCT: HL=25(1) Spread=5(0.33) PB=15(1) Power=0 Mid=1 Slope=1 Flip=1
2021-04-22T09:30:00.000-04:00,SCORE_DETAIL_VOL: Dry=15(0.6) Supply=0(0) Effort=0(0/0) Decl=0 Con=0
2021-04-22T09:30:00.000-04:00,SCORE_DETAIL_PHASE: Events=1 Accum=1 SOS=0 PhB=1 SOT=0 STup=0
2021-04-22T09:30:00.000-04:00,SCORE_DETAIL_VP: Ctx=1 VPOCmig=1 VAprog=1 PShape=1 FinAuc=1 HVNsup=1 | bShape=0 Unfin=0 HVNoh=0 valid=true
2021-04-22T09:30:00.000-04:00,SCORE_DETAIL_SPRING: Spring=13(0.872) Ctrl=0
2021-04-22T09:30:00.000-04:00,SCORE_DETAIL_CTX: HTF=1 RS=0 OEL=0(0) VWAP=0(pt=0 proxW=0.633 proxM=0.198) RSI=1
2021-04-22T09:30:00.000-04:00,SCORE_PENALTY: Ghost=0 Climax=-15 Stall=0 Failed=0 totalPen=-15 | regime=1 vpBins=63 vpRatio=2.216
2021-04-23T09:30:00.000-04:00,SCORE_FAM: total=88.8 display=80 gate=80 cap=80 scaled=103.8 | Struct=27.525(0.917) Vol=10.95(0.438) Phase=13(0.65) VP=12(1) Spring=3.924(0.785) Ctx=9.49(0.73)
2021-04-23T09:30:00.000-04:00,SCORE_DETAIL_STRUCT: HL=25(1) Spread=10(0.67) PB=15(1) Power=0 Mid=1 Slope=1 Flip=1
2021-04-23T09:30:00.000-04:00,SCORE_DETAIL_VOL: Dry=15(0.6) Supply=0(0) Effort=0(0/0) Decl=0 Con=0
2021-04-23T09:30:00.000-04:00,SCORE_DETAIL_PHASE: Events=1 Accum=1 SOS=0 PhB=1 SOT=0 STup=0
2021-04-23T09:30:00.000-04:00,SCORE_DETAIL_VP: Ctx=1 VPOCmig=1 VAprog=1 PShape=1 FinAuc=1 HVNsup=1 | bShape=0 Unfin=0 HVNoh=0 valid=true
2021-04-23T09:30:00.000-04:00,SCORE_DETAIL_SPRING: Spring=13(0.872) Ctrl=0
2021-04-23T09:30:00.000-04:00,SCORE_DETAIL_CTX: HTF=1 RS=0 OEL=0.5(5) VWAP=1(pt=5 proxW=0.677 proxM=0.239) RSI=1
2021-04-23T09:30:00.000-04:00,SCORE_PENALTY: Ghost=0 Climax=-15 Stall=0 Failed=0 totalPen=-15 | regime=1 vpBins=63 vpRatio=2.247
2021-04-26T09:30:00.000-04:00,SCORE_FAM: total=98.655 display=80 gate=80 cap=80 scaled=113.655 | Struct=27.525(0.917) Vol=18.25(0.73) Phase=13(0.65) VP=12(1) Spring=3.924(0.785) Ctx=9.49(0.73)
2021-04-26T09:30:00.000-04:00,SCORE_DETAIL_STRUCT: HL=25(1) Spread=10(0.67) PB=15(1) Power=0 Mid=1 Slope=1 Flip=1
2021-04-26T09:30:00.000-04:00,SCORE_DETAIL_VOL: Dry=25(1) Supply=0(0) Effort=0(0/0) Decl=0 Con=0
2021-04-26T09:30:00.000-04:00,SCORE_DETAIL_PHASE: Events=1 Accum=1 SOS=0 PhB=1 SOT=0 STup=0
2021-04-26T09:30:00.000-04:00,SCORE_DETAIL_VP: Ctx=1 VPOCmig=1 VAprog=1 PShape=1 FinAuc=1 HVNsup=1 | bShape=0 Unfin=0 HVNoh=0 valid=true
2021-04-26T09:30:00.000-04:00,SCORE_DETAIL_SPRING: Spring=13(0.872) Ctrl=0
2021-04-26T09:30:00.000-04:00,SCORE_DETAIL_CTX: HTF=1 RS=0 OEL=0.5(5) VWAP=1(pt=5 proxW=1.313 proxM=0.299) RSI=1
2021-04-26T09:30:00.000-04:00,SCORE_PENALTY: Ghost=0 Climax=-15 Stall=0 Failed=0 totalPen=-15 | regime=1 vpBins=63 vpRatio=2.298
2021-04-27T09:30:00.000-04:00,SCORE_FAM: total=93.565 display=80 gate=80 cap=80 scaled=108.565 | Struct=27.525(0.917) Vol=18.25(0.73) Phase=13(0.65) VP=12(1) Spring=3.924(0.785) Ctx=5.72(0.44)
2021-04-27T09:30:00.000-04:00,SCORE_DETAIL_STRUCT: HL=25(1) Spread=10(0.67) PB=15(1) Power=0 Mid=1 Slope=1 Flip=1
2021-04-27T09:30:00.000-04:00,SCORE_DETAIL_VOL: Dry=25(1) Supply=0(0) Effort=0(0/0) Decl=0 Con=0
2021-04-27T09:30:00.000-04:00,SCORE_DETAIL_PHASE: Events=1 Accum=1 SOS=0 PhB=1 SOT=0 STup=0
2021-04-27T09:30:00.000-04:00,SCORE_DETAIL_VP: Ctx=1 VPOCmig=1 VAprog=1 PShape=1 FinAuc=1 HVNsup=1 | bShape=0 Unfin=0 HVNoh=0 valid=true
2021-04-27T09:30:00.000-04:00,SCORE_DETAIL_SPRING: Spring=13(0.872) Ctrl=0
2021-04-27T09:30:00.000-04:00,SCORE_DETAIL_CTX: HTF=1 RS=0 OEL=0.5(5) VWAP=0(pt=0 proxW=1.321 proxM=0.357) RSI=1
2021-04-27T09:30:00.000-04:00,SCORE_PENALTY: Ghost=0 Climax=-15 Stall=0 Failed=0 totalPen=-15 | regime=1 vpBins=63 vpRatio=2.351
2021-04-28T09:30:00.000-04:00,SCORE_FAM: total=93.565 display=80 gate=80 cap=80 scaled=108.565 | Struct=27.525(0.917) Vol=18.25(0.73) Phase=13(0.65) VP=12(1) Spring=3.924(0.785) Ctx=5.72(0.44)
2021-04-28T09:30:00.000-04:00,SCORE_DETAIL_STRUCT: HL=25(1) Spread=10(0.67) PB=15(1) Power=0 Mid=1 Slope=1 Flip=1
2021-04-28T09:30:00.000-04:00,SCORE_DETAIL_VOL: Dry=25(1) Supply=0(0) Effort=0(0/0) Decl=0 Con=0
2021-04-28T09:30:00.000-04:00,SCORE_DETAIL_PHASE: Events=1 Accum=1 SOS=0 PhB=1 SOT=0 STup=0
2021-04-28T09:30:00.000-04:00,SCORE_DETAIL_VP: Ctx=1 VPOCmig=1 VAprog=1 PShape=1 FinAuc=1 HVNsup=1 | bShape=0 Unfin=0 HVNoh=0 valid=true
2021-04-28T09:30:00.000-04:00,SCORE_DETAIL_SPRING: Spring=13(0.872) Ctrl=0
2021-04-28T09:30:00.000-04:00,SCORE_DETAIL_CTX: HTF=1 RS=0 OEL=0.5(5) VWAP=0(pt=0 proxW=1.282 proxM=0.407) RSI=1
2021-04-28T09:30:00.000-04:00,SCORE_PENALTY: Ghost=0 Climax=-15 Stall=0 Failed=0 totalPen=-15 | regime=1 vpBins=63 vpRatio=2.399
2021-04-29T09:30:00.000-04:00,SCORE_FAM: total=98.655 display=80 gate=80 cap=80 scaled=113.655 | Struct=27.525(0.917) Vol=18.25(0.73) Phase=13(0.65) VP=12(1) Spring=3.924(0.785) Ctx=9.49(0.73)
2021-04-29T09:30:00.000-04:00,SCORE_DETAIL_STRUCT: HL=25(1) Spread=10(0.67) PB=15(1) Power=0 Mid=1 Slope=1 Flip=1
2021-04-29T09:30:00.000-04:00,SCORE_DETAIL_VOL: Dry=25(1) Supply=0(0) Effort=0(0/0) Decl=0 Con=0
2021-04-29T09:30:00.000-04:00,SCORE_DETAIL_PHASE: Events=1 Accum=1 SOS=0 PhB=1 SOT=0 STup=0
2021-04-29T09:30:00.000-04:00,SCORE_DETAIL_VP: Ctx=1 VPOCmig=1 VAprog=1 PShape=1 FinAuc=1 HVNsup=1 | bShape=0 Unfin=0 HVNoh=0 valid=true
2021-04-29T09:30:00.000-04:00,SCORE_DETAIL_SPRING: Spring=13(0.872) Ctrl=0
2021-04-29T09:30:00.000-04:00,SCORE_DETAIL_CTX: HTF=1 RS=0 OEL=0.5(5) VWAP=1(pt=5 proxW=1.249 proxM=0.442) RSI=1
2021-04-29T09:30:00.000-04:00,SCORE_PENALTY: Ghost=0 Climax=-15 Stall=0 Failed=0 totalPen=-15 | regime=1 vpBins=63 vpRatio=2.447
2021-04-29T09:30:00.000-04:00,LPS ENTRY: price=340.22 score=80 gate=80 mode=Close Above SOS Midpoint spring=true(conf=0.872) closeStr=0.563 volOk=true bars=8 pullback=13.192% prelimRisk=1.837%
2021-04-29T09:30:00.000-04:00,LPS DIST: warnLevel=1 liveCnt=1 bcAge=163 utadAge=166 sowAge=123 lpsyAge=32
2021-04-29T09:30:00.000-04:00,LPS STOP: mode=LPS Low price=332.968 stack=0 vwapW=340.148 vwapM=336.158 VAL=303.981
2021-04-29T09:30:00.000-04:00,COMP VP: VPOC=314.849 VAH=342.8 hvnAbove=NaN lvnAbove=NaN
2021-05-07T09:30:00.000-04:00,SPRING: conf=0.439 [close=0.152 reclaim=0.012 vol=0.136 age=0.139 tests=0] pivot=333.97 pivotAge=12b
2021-05-14T09:30:00.000-04:00,SPRING_DAILY: conf=0.674 [close=0.246 reclaim=0.083 vol=0.094] support=324.637 pen=2.558
2021-05-20T09:30:00.000-04:00,SPRING_DAILY: conf=0.78 [close=0.255 reclaim=0.18 vol=0.095] support=324.637 pen=0.748
2021-05-20T09:30:00.000-04:00,SCORE_FAM: total=45.715 display=30 gate=30 cap=30 scaled=60.715 | Struct=12.825(0.427) Vol=4.24(0.17) Phase=8.8(0.44) VP=7.8(0.65) Spring=3.509(0.702) Ctx=7.8(0.6)
2021-05-20T09:30:00.000-04:00,SCORE_DETAIL_STRUCT: HL=5(0.2) Spread=10(0.67) PB=15(1) Power=0 Mid=0 Slope=0 Flip=0
2021-05-20T09:30:00.000-04:00,SCORE_DETAIL_VOL: Dry=8(0.32) Supply=0(0) Effort=0(0/0) Decl=0 Con=0
2021-05-20T09:30:00.000-04:00,SCORE_DETAIL_PHASE: Events=1 Accum=0 SOS=0 PhB=1 SOT=0 STup=0
2021-05-20T09:30:00.000-04:00,SCORE_DETAIL_VP: Ctx=0.5 VPOCmig=1 VAprog=1 PShape=1 FinAuc=0 HVNsup=0 | bShape=0 Unfin=0 HVNoh=-1 valid=true
2021-05-20T09:30:00.000-04:00,SCORE_DETAIL_SPRING: Spring=11(0.78) Ctrl=0
2021-05-20T09:30:00.000-04:00,SCORE_DETAIL_CTX: HTF=1 RS=0 OEL=0(0) VWAP=1(pt=5 proxW=0.049 proxM=0.298) RSI=1
2021-05-20T09:30:00.000-04:00,SCORE_PENALTY: Ghost=0 Climax=0 Stall=0 Failed=-15 totalPen=-15 | regime=1 vpBins=34 vpRatio=1.696
2021-05-21T09:30:00.000-04:00,SCORE_FAM: total=45.715 display=30 gate=30 cap=30 scaled=60.715 | Struct=12.825(0.427) Vol=4.24(0.17) Phase=8.8(0.44) VP=7.8(0.65) Spring=3.509(0.702) Ctx=7.8(0.6)
2021-05-21T09:30:00.000-04:00,SCORE_DETAIL_STRUCT: HL=5(0.2) Spread=10(0.67) PB=15(1) Power=0 Mid=0 Slope=0 Flip=0
2021-05-21T09:30:00.000-04:00,SCORE_DETAIL_VOL: Dry=8(0.32) Supply=0(0) Effort=0(0/0) Decl=0 Con=0
2021-05-21T09:30:00.000-04:00,SCORE_DETAIL_PHASE: Events=1 Accum=0 SOS=0 PhB=1 SOT=0 STup=0
2021-05-21T09:30:00.000-04:00,SCORE_DETAIL_VP: Ctx=0.5 VPOCmig=1 VAprog=1 PShape=1 FinAuc=1 HVNsup=0 | bShape=0 Unfin=0 HVNoh=-1 valid=true
2021-05-21T09:30:00.000-04:00,SCORE_DETAIL_SPRING: Spring=11(0.78) Ctrl=0
2021-05-21T09:30:00.000-04:00,SCORE_DETAIL_CTX: HTF=1 RS=0 OEL=0(0) VWAP=1(pt=5 proxW=0.116 proxM=0.331) RSI=1
2021-05-21T09:30:00.000-04:00,SCORE_PENALTY: Ghost=0 Climax=0 Stall=0 Failed=-15 totalPen=-15 | regime=1 vpBins=34 vpRatio=1.358
2021-05-24T09:30:00.000-04:00,SCORE_FAM: total=53.153 display=30 gate=30 cap=30 scaled=68.153 | Struct=12.825(0.427) Vol=10.95(0.438) Phase=8.8(0.44) VP=6.6(0.55) Spring=3.509(0.702) Ctx=7.8(0.6)
2021-05-24T09:30:00.000-04:00,SCORE_DETAIL_STRUCT: HL=5(0.2) Spread=10(0.67) PB=15(1) Power=0 Mid=0 Slope=0 Flip=0
2021-05-24T09:30:00.000-04:00,SCORE_DETAIL_VOL: Dry=15(0.6) Supply=0(0) Effort=0(0/0) Decl=0 Con=0
2021-05-24T09:30:00.000-04:00,SCORE_DETAIL_PHASE: Events=1 Accum=0 SOS=0 PhB=1 SOT=0 STup=0
2021-05-24T09:30:00.000-04:00,SCORE_DETAIL_VP: Ctx=1 VPOCmig=1 VAprog=1 PShape=0 FinAuc=1 HVNsup=0 | bShape=0 Unfin=0 HVNoh=-1 valid=true
2021-05-24T09:30:00.000-04:00,SCORE_DETAIL_SPRING: Spring=11(0.78) Ctrl=0
2021-05-24T09:30:00.000-04:00,SCORE_DETAIL_CTX: HTF=1 RS=0 OEL=0(0) VWAP=1(pt=5 proxW=1.216 proxM=0.361) RSI=1
2021-05-24T09:30:00.000-04:00,SCORE_PENALTY: Ghost=0 Climax=0 Stall=0 Failed=-15 totalPen=-15 | regime=1 vpBins=34 vpRatio=1.142
2021-05-25T09:30:00.000-04:00,SCORE_FAM: total=53.153 display=30 gate=30 cap=30 scaled=68.153 | Struct=12.825(0.427) Vol=10.95(0.438) Phase=8.8(0.44) VP=6.6(0.55) Spring=3.509(0.702) Ctx=7.8(0.6)
2021-05-25T09:30:00.000-04:00,SCORE_DETAIL_STRUCT: HL=5(0.2) Spread=10(0.67) PB=15(1) Power=0 Mid=0 Slope=0 Flip=0
2021-05-25T09:30:00.000-04:00,SCORE_DETAIL_VOL: Dry=15(0.6) Supply=0(0) Effort=0(0/0) Decl=0 Con=0
2021-05-25T09:30:00.000-04:00,SCORE_DETAIL_PHASE: Events=1 Accum=0 SOS=0 PhB=1 SOT=0 STup=0
2021-05-25T09:30:00.000-04:00,SCORE_DETAIL_VP: Ctx=1 VPOCmig=1 VAprog=1 PShape=0 FinAuc=0 HVNsup=0 | bShape=0 Unfin=0 HVNoh=-1 valid=true
2021-05-25T09:30:00.000-04:00,SCORE_DETAIL_SPRING: Spring=11(0.78) Ctrl=0
2021-05-25T09:30:00.000-04:00,SCORE_DETAIL_CTX: HTF=1 RS=0 OEL=0(0) VWAP=1(pt=5 proxW=1.445 proxM=0.419) RSI=1
2021-05-25T09:30:00.000-04:00,SCORE_PENALTY: Ghost=0 Climax=0 Stall=0 Failed=-15 totalPen=-15 | regime=1 vpBins=34 vpRatio=0.976
2021-05-26T09:30:00.000-04:00,SCORE_FAM: total=66.349 display=30 gate=30 cap=30 scaled=81.349 | Struct=15.3(0.51) Vol=18.25(0.73) Phase=8.8(0.44) VP=6.6(0.55) Spring=3.509(0.702) Ctx=7.8(0.6)
2021-05-26T09:30:00.000-04:00,SCORE_DETAIL_STRUCT: HL=5(0.2) Spread=15(1) PB=15(1) Power=0 Mid=0 Slope=0 Flip=0
2021-05-26T09:30:00.000-04:00,SCORE_DETAIL_VOL: Dry=25(1) Supply=0(0) Effort=0(0/0) Decl=0 Con=0
2021-05-26T09:30:00.000-04:00,SCORE_DETAIL_PHASE: Events=1 Accum=0 SOS=0 PhB=1 SOT=0 STup=0
2021-05-26T09:30:00.000-04:00,SCORE_DETAIL_VP: Ctx=1 VPOCmig=1 VAprog=1 PShape=0 FinAuc=0 HVNsup=0 | bShape=0 Unfin=0 HVNoh=-1 valid=true
2021-05-26T09:30:00.000-04:00,SCORE_DETAIL_SPRING: Spring=11(0.78) Ctrl=0
2021-05-26T09:30:00.000-04:00,SCORE_DETAIL_CTX: HTF=1 RS=0 OEL=0(0) VWAP=1(pt=5 proxW=1.618 proxM=0.481) RSI=1
2021-05-26T09:30:00.000-04:00,SCORE_PENALTY: Ghost=0 Climax=0 Stall=0 Failed=-15 totalPen=-15 | regime=1 vpBins=34 vpRatio=0.946
2021-05-27T09:30:00.000-04:00,SCORE_FAM: total=66.349 display=30 gate=30 cap=30 scaled=81.349 | Struct=15.3(0.51) Vol=18.25(0.73) Phase=8.8(0.44) VP=6.6(0.55) Spring=3.509(0.702) Ctx=7.8(0.6)
2021-05-27T09:30:00.000-04:00,SCORE_DETAIL_STRUCT: HL=5(0.2) Spread=15(1) PB=15(1) Power=0 Mid=0 Slope=0 Flip=0
2021-05-27T09:30:00.000-04:00,SCORE_DETAIL_VOL: Dry=25(1) Supply=0(0) Effort=0(0/0) Decl=0 Con=0
2021-05-27T09:30:00.000-04:00,SCORE_DETAIL_PHASE: Events=1 Accum=0 SOS=0 PhB=1 SOT=0 STup=0
2021-05-27T09:30:00.000-04:00,SCORE_DETAIL_VP: Ctx=1 VPOCmig=1 VAprog=1 PShape=0 FinAuc=0 HVNsup=0 | bShape=0 Unfin=0 HVNoh=-1 valid=true
2021-05-27T09:30:00.000-04:00,SCORE_DETAIL_SPRING: Spring=11(0.78) Ctrl=0
2021-05-27T09:30:00.000-04:00,SCORE_DETAIL_CTX: HTF=1 RS=0 OEL=0(0) VWAP=1(pt=5 proxW=1.732 proxM=0.544) RSI=1
2021-05-27T09:30:00.000-04:00,SCORE_PENALTY: Ghost=0 Climax=0 Stall=0 Failed=-15 totalPen=-15 | regime=1 vpBins=34 vpRatio=0.807
2021-05-28T09:30:00.000-04:00,SCORE_FAM: total=66.349 display=30 gate=30 cap=30 scaled=81.349 | Struct=15.3(0.51) Vol=18.25(0.73) Phase=8.8(0.44) VP=6.6(0.55) Spring=3.509(0.702) Ctx=7.8(0.6)
2021-05-28T09:30:00.000-04:00,SCORE_DETAIL_STRUCT: HL=5(0.2) Spread=15(1) PB=15(1) Power=0 Mid=0 Slope=0 Flip=0
2021-05-28T09:30:00.000-04:00,SCORE_DETAIL_VOL: Dry=25(1) Supply=0(0) Effort=0(0/0) Decl=0 Con=0
2021-05-28T09:30:00.000-04:00,SCORE_DETAIL_PHASE: Events=1 Accum=0 SOS=0 PhB=1 SOT=0 STup=0
2021-05-28T09:30:00.000-04:00,SCORE_DETAIL_VP: Ctx=1 VPOCmig=1 VAprog=1 PShape=0 FinAuc=0 HVNsup=0 | bShape=0 Unfin=0 HVNoh=-1 valid=true
2021-05-28T09:30:00.000-04:00,SCORE_DETAIL_SPRING: Spring=11(0.78) Ctrl=0
2021-05-28T09:30:00.000-04:00,SCORE_DETAIL_CTX: HTF=1 RS=0 OEL=0(0) VWAP=1(pt=5 proxW=1.858 proxM=0.612) RSI=1
2021-05-28T09:30:00.000-04:00,SCORE_PENALTY: Ghost=0 Climax=0 Stall=0 Failed=-15 totalPen=-15 | regime=1 vpBins=34 vpRatio=0.771
2021-06-01T09:30:00.000-04:00,SCORE_FAM: total=61.26 display=30 gate=30 cap=30 scaled=76.26 | Struct=15.3(0.51) Vol=18.25(0.73) Phase=8.8(0.44) VP=6.6(0.55) Spring=3.509(0.702) Ctx=4.03(0.31)
2021-06-01T09:30:00.000-04:00,SCORE_DETAIL_STRUCT: HL=5(0.2) Spread=15(1) PB=15(1) Power=0 Mid=0 Slope=0 Flip=0
2021-06-01T09:30:00.000-04:00,SCORE_DETAIL_VOL: Dry=25(1) Supply=0(0) Effort=0(0/0) Decl=0 Con=0
2021-06-01T09:30:00.000-04:00,SCORE_DETAIL_PHASE: Events=1 Accum=0 SOS=0 PhB=1 SOT=0 STup=0
2021-06-01T09:30:00.000-04:00,SCORE_DETAIL_VP: Ctx=1 VPOCmig=1 VAprog=1 PShape=0 FinAuc=0 HVNsup=0 | bShape=0 Unfin=0 HVNoh=-1 valid=true
2021-06-01T09:30:00.000-04:00,SCORE_DETAIL_SPRING: Spring=11(0.78) Ctrl=0
2021-06-01T09:30:00.000-04:00,SCORE_DETAIL_CTX: HTF=1 RS=0 OEL=0(0) VWAP=0(pt=0 proxW=1.924 proxM=1.924) RSI=1
2021-06-01T09:30:00.000-04:00,SCORE_PENALTY: Ghost=0 Climax=0 Stall=0 Failed=-15 totalPen=-15 | regime=1 vpBins=34 vpRatio=0.646
2021-06-02T09:30:00.000-04:00,SCORE_FAM: total=55.677 display=30 gate=30 cap=30 scaled=70.677 | Struct=12.825(0.427) Vol=10.95(0.438) Phase=8.8(0.44) VP=6.6(0.55) Spring=3.509(0.702) Ctx=7.8(0.6)
2021-06-02T09:30:00.000-04:00,SCORE_DETAIL_STRUCT: HL=5(0.2) Spread=10(0.67) PB=15(1) Power=0 Mid=0 Slope=0 Flip=0
2021-06-02T09:30:00.000-04:00,SCORE_DETAIL_VOL: Dry=15(0.6) Supply=0(0) Effort=0(0/0) Decl=0 Con=1
2021-06-02T09:30:00.000-04:00,SCORE_DETAIL_PHASE: Events=1 Accum=0 SOS=0 PhB=1 SOT=0 STup=0
2021-06-02T09:30:00.000-04:00,SCORE_DETAIL_VP: Ctx=1 VPOCmig=1 VAprog=1 PShape=0 FinAuc=0 HVNsup=0 | bShape=0 Unfin=0 HVNoh=-1 valid=true
2021-06-02T09:30:00.000-04:00,SCORE_DETAIL_SPRING: Spring=11(0.78) Ctrl=0
2021-06-02T09:30:00.000-04:00,SCORE_DETAIL_CTX: HTF=1 RS=0 OEL=0(0) VWAP=1(pt=5 proxW=1.974 proxM=1.974) RSI=1
2021-06-02T09:30:00.000-04:00,SCORE_PENALTY: Ghost=0 Climax=0 Stall=0 Failed=-15 totalPen=-15 | regime=0.8 vpBins=34 vpRatio=0.557
2021-06-03T09:30:00.000-04:00,SCORE_FAM: total=56.4 display=30 gate=30 cap=30 scaled=71.4 | Struct=15.3(0.51) Vol=18.25(0.73) Phase=8.8(0.44) VP=3(0.25) Spring=3.509(0.702) Ctx=4.03(0.31)
2021-06-03T09:30:00.000-04:00,SCORE_DETAIL_STRUCT: HL=5(0.2) Spread=15(1) PB=15(1) Power=0 Mid=0 Slope=0 Flip=0
2021-06-03T09:30:00.000-04:00,SCORE_DETAIL_VOL: Dry=25(1) Supply=0(0) Effort=0(0/0) Decl=0 Con=0
2021-06-03T09:30:00.000-04:00,SCORE_DETAIL_PHASE: Events=1 Accum=0 SOS=0 PhB=1 SOT=0 STup=0
2021-06-03T09:30:00.000-04:00,SCORE_DETAIL_VP: Ctx=0.5 VPOCmig=1 VAprog=1 PShape=0 FinAuc=0 HVNsup=0 | bShape=-0.5 Unfin=0 HVNoh=-1 valid=true
2021-06-03T09:30:00.000-04:00,SCORE_DETAIL_SPRING: Spring=11(0.78) Ctrl=0
2021-06-03T09:30:00.000-04:00,SCORE_DETAIL_CTX: HTF=1 RS=0 OEL=0(0) VWAP=0(pt=0 proxW=1.684 proxM=1.684) RSI=1
2021-06-03T09:30:00.000-04:00,SCORE_PENALTY: Ghost=0 Climax=0 Stall=0 Failed=-15 totalPen=-15 | regime=1 vpBins=34 vpRatio=0.458
2021-06-04T09:30:00.000-04:00,SCORE_FAM: total=66.349 display=30 gate=30 cap=30 scaled=81.349 | Struct=15.3(0.51) Vol=18.25(0.73) Phase=8.8(0.44) VP=6.6(0.55) Spring=3.509(0.702) Ctx=7.8(0.6)
2021-06-04T09:30:00.000-04:00,SCORE_DETAIL_STRUCT: HL=5(0.2) Spread=15(1) PB=15(1) Power=0 Mid=0 Slope=0 Flip=0
2021-06-04T09:30:00.000-04:00,SCORE_DETAIL_VOL: Dry=25(1) Supply=0(0) Effort=0(0/0) Decl=0 Con=0
2021-06-04T09:30:00.000-04:00,SCORE_DETAIL_PHASE: Events=1 Accum=0 SOS=0 PhB=1 SOT=0 STup=0
2021-06-04T09:30:00.000-04:00,SCORE_DETAIL_VP: Ctx=1 VPOCmig=1 VAprog=1 PShape=0 FinAuc=0 HVNsup=0 | bShape=0 Unfin=0 HVNoh=-1 valid=true
2021-06-04T09:30:00.000-04:00,SCORE_DETAIL_SPRING: Spring=11(0.78) Ctrl=0
2021-06-04T09:30:00.000-04:00,SCORE_DETAIL_CTX: HTF=1 RS=0 OEL=0(0) VWAP=1(pt=5 proxW=1.809 proxM=1.809) RSI=1
2021-06-04T09:30:00.000-04:00,SCORE_PENALTY: Ghost=0 Climax=0 Stall=0 Failed=-15 totalPen=-15 | regime=1 vpBins=34 vpRatio=0.467
2021-06-07T09:30:00.000-04:00,SCORE_FAM: total=52.511 display=30 gate=30 cap=30 scaled=67.511 | Struct=12.825(0.427) Vol=10.95(0.438) Phase=8.8(0.44) VP=6.6(0.55) Spring=3.509(0.702) Ctx=5.538(0.426)
2021-06-07T09:30:00.000-04:00,SCORE_DETAIL_STRUCT: HL=5(0.2) Spread=10(0.67) PB=15(1) Power=0 Mid=0 Slope=0 Flip=0
2021-06-07T09:30:00.000-04:00,SCORE_DETAIL_VOL: Dry=15(0.6) Supply=0(0) Effort=0(0/0) Decl=0 Con=0
2021-06-07T09:30:00.000-04:00,SCORE_DETAIL_PHASE: Events=1 Accum=0 SOS=0 PhB=1 SOT=0 STup=0
2021-06-07T09:30:00.000-04:00,SCORE_DETAIL_VP: Ctx=1 VPOCmig=1 VAprog=1 PShape=0 FinAuc=0 HVNsup=0 | bShape=0 Unfin=0 HVNoh=-1 valid=true
2021-06-07T09:30:00.000-04:00,SCORE_DETAIL_SPRING: Spring=11(0.78) Ctrl=0
2021-06-07T09:30:00.000-04:00,SCORE_DETAIL_CTX: HTF=1 RS=0 OEL=0(0) VWAP=0.4(pt=2 proxW=2.552 proxM=2.015) RSI=1
2021-06-07T09:30:00.000-04:00,SCORE_PENALTY: Ghost=0 Climax=0 Stall=0 Failed=-15 totalPen=-15 | regime=0.8 vpBins=34 vpRatio=0.458
2021-06-08T09:30:00.000-04:00,SCORE_FAM: total=52.511 display=30 gate=30 cap=30 scaled=67.511 | Struct=12.825(0.427) Vol=10.95(0.438) Phase=8.8(0.44) VP=6.6(0.55) Spring=3.509(0.702) Ctx=5.538(0.426)
2021-06-08T09:30:00.000-04:00,SCORE_DETAIL_STRUCT: HL=5(0.2) Spread=10(0.67) PB=15(1) Power=0 Mid=0 Slope=0 Flip=0
2021-06-08T09:30:00.000-04:00,SCORE_DETAIL_VOL: Dry=15(0.6) Supply=0(0) Effort=0(0/0) Decl=0 Con=0
2021-06-08T09:30:00.000-04:00,SCORE_DETAIL_PHASE: Events=1 Accum=0 SOS=0 PhB=1 SOT=0 STup=0
2021-06-08T09:30:00.000-04:00,SCORE_DETAIL_VP: Ctx=1 VPOCmig=1 VAprog=1 PShape=0 FinAuc=0 HVNsup=0 | bShape=0 Unfin=0 HVNoh=-1 valid=true
2021-06-08T09:30:00.000-04:00,SCORE_DETAIL_SPRING: Spring=11(0.78) Ctrl=0
2021-06-08T09:30:00.000-04:00,SCORE_DETAIL_CTX: HTF=1 RS=0 OEL=0(0) VWAP=0.4(pt=2 proxW=2.682 proxM=2.142) RSI=1
2021-06-08T09:30:00.000-04:00,SCORE_PENALTY: Ghost=0 Climax=0 Stall=0 Failed=-15 totalPen=-15 | regime=0.8 vpBins=34 vpRatio=0.437
2021-06-09T09:30:00.000-04:00,SCORE_FAM: total=52.511 display=30 gate=30 cap=30 scaled=67.511 | Struct=12.825(0.427) Vol=10.95(0.438) Phase=8.8(0.44) VP=6.6(0.55) Spring=3.509(0.702) Ctx=5.538(0.426)
2021-06-09T09:30:00.000-04:00,SCORE_DETAIL_STRUCT: HL=5(0.2) Spread=10(0.67) PB=15(1) Power=0 Mid=0 Slope=0 Flip=0
2021-06-09T09:30:00.000-04:00,SCORE_DETAIL_VOL: Dry=15(0.6) Supply=0(0) Effort=0(0/0) Decl=0 Con=0
2021-06-09T09:30:00.000-04:00,SCORE_DETAIL_PHASE: Events=1 Accum=0 SOS=0 PhB=1 SOT=0 STup=0
2021-06-09T09:30:00.000-04:00,SCORE_DETAIL_VP: Ctx=1 VPOCmig=1 VAprog=1 PShape=0 FinAuc=0 HVNsup=0 | bShape=0 Unfin=0 HVNoh=-1 valid=true
2021-06-09T09:30:00.000-04:00,SCORE_DETAIL_SPRING: Spring=11(0.78) Ctrl=0
2021-06-09T09:30:00.000-04:00,SCORE_DETAIL_CTX: HTF=1 RS=0 OEL=0(0) VWAP=0.4(pt=2 proxW=2.846 proxM=2.304) RSI=1
2021-06-09T09:30:00.000-04:00,SCORE_PENALTY: Ghost=0 Climax=0 Stall=0 Failed=-15 totalPen=-15 | regime=0.8 vpBins=34 vpRatio=0.422
2021-06-10T09:30:00.000-04:00,SCORE_FAM: total=69.191 display=69 gate=69 cap=100 scaled=69.191 | Struct=12.825(0.427) Vol=10.95(0.438) Phase=8.8(0.44) VP=7.8(0.65) Spring=3.509(0.702) Ctx=5.538(0.426)
2021-06-10T09:30:00.000-04:00,SCORE_DETAIL_STRUCT: HL=5(0.2) Spread=10(0.67) PB=15(1) Power=0 Mid=0 Slope=0 Flip=0
2021-06-10T09:30:00.000-04:00,SCORE_DETAIL_VOL: Dry=15(0.6) Supply=0(0) Effort=0(0/0) Decl=0 Con=0
2021-06-10T09:30:00.000-04:00,SCORE_DETAIL_PHASE: Events=1 Accum=0 SOS=0 PhB=1 SOT=0 STup=0
2021-06-10T09:30:00.000-04:00,SCORE_DETAIL_VP: Ctx=1 VPOCmig=1 VAprog=1 PShape=0 FinAuc=0 HVNsup=0 | bShape=0 Unfin=0 HVNoh=0 valid=true
2021-06-10T09:30:00.000-04:00,SCORE_DETAIL_SPRING: Spring=11(0.78) Ctrl=0
2021-06-10T09:30:00.000-04:00,SCORE_DETAIL_CTX: HTF=1 RS=0 OEL=0(0) VWAP=0.4(pt=2 proxW=3.046 proxM=2.486) RSI=1
2021-06-10T09:30:00.000-04:00,SCORE_PENALTY: Ghost=0 Climax=0 Stall=0 Failed=0 totalPen=0 | regime=0.8 vpBins=34 vpRatio=0.551
2021-06-11T09:30:00.000-04:00,SCORE_FAM: total=69.191 display=69 gate=69 cap=100 scaled=69.191 | Struct=12.825(0.427) Vol=10.95(0.438) Phase=8.8(0.44) VP=7.8(0.65) Spring=3.509(0.702) Ctx=5.538(0.426)
2021-06-11T09:30:00.000-04:00,SCORE_DETAIL_STRUCT: HL=5(0.2) Spread=10(0.67) PB=15(1) Power=0 Mid=0 Slope=0 Flip=0
2021-06-11T09:30:00.000-04:00,SCORE_DETAIL_VOL: Dry=15(0.6) Supply=0(0) Effort=0(0/0) Decl=0 Con=0
2021-06-11T09:30:00.000-04:00,SCORE_DETAIL_PHASE: Events=1 Accum=0 SOS=0 PhB=1 SOT=0 STup=0
2021-06-11T09:30:00.000-04:00,SCORE_DETAIL_VP: Ctx=1 VPOCmig=1 VAprog=1 PShape=0 FinAuc=0 HVNsup=0 | bShape=0 Unfin=0 HVNoh=0 valid=true
2021-06-11T09:30:00.000-04:00,SCORE_DETAIL_SPRING: Spring=11(0.78) Ctrl=0
2021-06-11T09:30:00.000-04:00,SCORE_DETAIL_CTX: HTF=1 RS=0 OEL=0(0) VWAP=0.4(pt=2 proxW=3.316 proxM=2.716) RSI=1
2021-06-11T09:30:00.000-04:00,SCORE_PENALTY: Ghost=0 Climax=0 Stall=0 Failed=0 totalPen=0 | regime=0.8 vpBins=34 vpRatio=0.659
2021-06-14T09:30:00.000-04:00,SCORE_FAM: total=69.191 display=69 gate=69 cap=100 scaled=69.191 | Struct=12.825(0.427) Vol=10.95(0.438) Phase=8.8(0.44) VP=7.8(0.65) Spring=3.509(0.702) Ctx=5.538(0.426)
2021-06-14T09:30:00.000-04:00,SCORE_DETAIL_STRUCT: HL=5(0.2) Spread=10(0.67) PB=15(1) Power=0 Mid=0 Slope=0 Flip=0
2021-06-14T09:30:00.000-04:00,SCORE_DETAIL_VOL: Dry=15(0.6) Supply=0(0) Effort=0(0/0) Decl=0 Con=0
2021-06-14T09:30:00.000-04:00,SCORE_DETAIL_PHASE: Events=1 Accum=0 SOS=0 PhB=1 SOT=0 STup=0
2021-06-14T09:30:00.000-04:00,SCORE_DETAIL_VP: Ctx=1 VPOCmig=1 VAprog=1 PShape=0 FinAuc=0 HVNsup=0 | bShape=0 Unfin=0 HVNoh=0 valid=true
2021-06-14T09:30:00.000-04:00,SCORE_DETAIL_SPRING: Spring=11(0.78) Ctrl=0
2021-06-14T09:30:00.000-04:00,SCORE_DETAIL_CTX: HTF=1 RS=0 OEL=0(0) VWAP=0.4(pt=2 proxW=4.565 proxM=2.899) RSI=1
2021-06-14T09:30:00.000-04:00,SCORE_PENALTY: Ghost=0 Climax=0 Stall=0 Failed=0 totalPen=0 | regime=0.8 vpBins=34 vpRatio=0.812
2021-06-15T09:30:00.000-04:00,SCORE_FAM: total=63.509 display=64 gate=64 cap=100 scaled=63.509 | Struct=10.275(0.343) Vol=10.95(0.438) Phase=8.8(0.44) VP=7.8(0.65) Spring=3.509(0.702) Ctx=4.03(0.31)
2021-06-15T09:30:00.000-04:00,SCORE_DETAIL_STRUCT: HL=5(0.2) Spread=5(0.33) PB=15(1) Power=0 Mid=0 Slope=0 Flip=0
2021-06-15T09:30:00.000-04:00,SCORE_DETAIL_VOL: Dry=15(0.6) Supply=0(0) Effort=0(0/0) Decl=0 Con=0
2021-06-15T09:30:00.000-04:00,SCORE_DETAIL_PHASE: Events=1 Accum=0 SOS=0 PhB=1 SOT=0 STup=0
2021-06-15T09:30:00.000-04:00,SCORE_DETAIL_VP: Ctx=1 VPOCmig=1 VAprog=1 PShape=0 FinAuc=0 HVNsup=0 | bShape=0 Unfin=0 HVNoh=0 valid=true
2021-06-15T09:30:00.000-04:00,SCORE_DETAIL_SPRING: Spring=11(0.78) Ctrl=0
2021-06-15T09:30:00.000-04:00,SCORE_DETAIL_CTX: HTF=1 RS=0 OEL=0(0) VWAP=0(pt=0 proxW=4.606 proxM=3.136) RSI=1
2021-06-15T09:30:00.000-04:00,SCORE_PENALTY: Ghost=0 Climax=0 Stall=0 Failed=0 totalPen=0 | regime=0.8 vpBins=34 vpRatio=0.673
2021-06-16T09:30:00.000-04:00,SCORE_FAM: total=63.509 display=64 gate=64 cap=100 scaled=63.509 | Struct=10.275(0.343) Vol=10.95(0.438) Phase=8.8(0.44) VP=7.8(0.65) Spring=3.509(0.702) Ctx=4.03(0.31)
2021-06-16T09:30:00.000-04:00,SCORE_DETAIL_STRUCT: HL=5(0.2) Spread=5(0.33) PB=15(1) Power=0 Mid=0 Slope=0 Flip=0
2021-06-16T09:30:00.000-04:00,SCORE_DETAIL_VOL: Dry=15(0.6) Supply=0(0) Effort=0(0/0) Decl=0 Con=0
2021-06-16T09:30:00.000-04:00,SCORE_DETAIL_PHASE: Events=1 Accum=0 SOS=0 PhB=1 SOT=0 STup=0
2021-06-16T09:30:00.000-04:00,SCORE_DETAIL_VP: Ctx=1 VPOCmig=1 VAprog=1 PShape=0 FinAuc=0 HVNsup=0 | bShape=0 Unfin=0 HVNoh=0 valid=true
2021-06-16T09:30:00.000-04:00,SCORE_DETAIL_SPRING: Spring=11(0.78) Ctrl=0
2021-06-16T09:30:00.000-04:00,SCORE_DETAIL_CTX: HTF=1 RS=0 OEL=0(0) VWAP=0(pt=0 proxW=4.199 proxM=3.149) RSI=1
2021-06-16T09:30:00.000-04:00,SCORE_PENALTY: Ghost=0 Climax=0 Stall=0 Failed=0 totalPen=0 | regime=0.8 vpBins=34 vpRatio=0.971
2021-06-17T09:30:00.000-04:00,SCORE_FAM: total=70.535 display=71 gate=71 cap=100 scaled=70.535 | Struct=10.275(0.343) Vol=10.95(0.438) Phase=8.8(0.44) VP=7.8(0.65) Spring=3.509(0.702) Ctx=9.048(0.696)
2021-06-17T09:30:00.000-04:00,SCORE_DETAIL_STRUCT: HL=5(0.2) Spread=5(0.33) PB=15(1) Power=0 Mid=0 Slope=0 Flip=0
2021-06-17T09:30:00.000-04:00,SCORE_DETAIL_VOL: Dry=15(0.6) Supply=0(0) Effort=0(0/0) Decl=0 Con=0
2021-06-17T09:30:00.000-04:00,SCORE_DETAIL_PHASE: Events=1 Accum=0 SOS=0 PhB=1 SOT=0 STup=0
2021-06-17T09:30:00.000-04:00,SCORE_DETAIL_VP: Ctx=1 VPOCmig=1 VAprog=1 PShape=0 FinAuc=0 HVNsup=0 | bShape=0 Unfin=0 HVNoh=0 valid=true
2021-06-17T09:30:00.000-04:00,SCORE_DETAIL_SPRING: Spring=11(0.78) Ctrl=0
2021-06-17T09:30:00.000-04:00,SCORE_DETAIL_CTX: HTF=1 RS=1 OEL=0.5(5) VWAP=0.4(pt=2 proxW=4.2 proxM=3.235) RSI=1
2021-06-17T09:30:00.000-04:00,SCORE_PENALTY: Ghost=0 Climax=0 Stall=0 Failed=0 totalPen=0 | regime=0.8 vpBins=34 vpRatio=0.971
2021-06-17T09:30:00.000-04:00,LPS ENTRY: price=345.34 score=71 gate=71 mode=Close Above SOS Midpoint spring=true(conf=0.78) closeStr=0.839 volOk=true bars=20 pullback=37.152% prelimRisk=6.211%
2021-06-17T09:30:00.000-04:00,LPS DIST: warnLevel=0 liveCnt=0 bcAge=197 utadAge=200 sowAge=157 lpsyAge=66
2021-06-17T09:30:00.000-04:00,LPS STOP: mode=LPS Low price=322.918 stack=0 vwapW=342.577 vwapM=338.285 VAL=324.637
2021-06-17T09:30:00.000-04:00,COMP VP: VPOC=312.682 VAH=346.38 hvnAbove=NaN lvnAbove=NaN
2021-07-26T09:30:00.000-04:00,SCORE_FAM: total=108.911 display=100 gate=100 cap=100 scaled=108.911 | Struct=24(0.8) Vol=18.25(0.73) Phase=13(0.65) VP=9(0.75) Spring=3.924(0.785) Ctx=9.62(0.74)
2021-07-26T09:30:00.000-04:00,SCORE_DETAIL_STRUCT: HL=25(1) Spread=15(1) PB=0(0) Power=0 Mid=1 Slope=1 Flip=1
2021-07-26T09:30:00.000-04:00,SCORE_DETAIL_VOL: Dry=25(1) Supply=0(0) Effort=0(0/0) Decl=0 Con=0
2021-07-26T09:30:00.000-04:00,SCORE_DETAIL_PHASE: Events=1 Accum=1 SOS=0 PhB=1 SOT=0 STup=0
2021-07-26T09:30:00.000-04:00,SCORE_DETAIL_VP: Ctx=1 VPOCmig=1 VAprog=1 PShape=0 FinAuc=1 HVNsup=1 | bShape=0 Unfin=0 HVNoh=0 valid=true
2021-07-26T09:30:00.000-04:00,SCORE_DETAIL_SPRING: Spring=13(0.872) Ctrl=0
2021-07-26T09:30:00.000-04:00,SCORE_DETAIL_CTX: HTF=1 RS=1 OEL=0(0) VWAP=1(pt=5 proxW=0.353 proxM=1.671) RSI=1
2021-07-26T09:30:00.000-04:00,SCORE_PENALTY: Ghost=0 Climax=0 Stall=0 Failed=0 totalPen=0 | regime=0.8 vpBins=34 vpRatio=0.906
2021-07-27T09:30:00.000-04:00,SCORE_FAM: total=82.556 display=83 gate=83 cap=100 scaled=82.556 | Struct=23.475(0.782) Vol=6.74(0.27) Phase=13(0.65) VP=7.8(0.65) Spring=3.924(0.785) Ctx=4.03(0.31)
2021-07-27T09:30:00.000-04:00,SCORE_DETAIL_STRUCT: HL=25(1) Spread=2(0.13) PB=15(1) Power=0 Mid=1 Slope=1 Flip=1
2021-07-27T09:30:00.000-04:00,SCORE_DETAIL_VOL: Dry=8(0.32) Supply=0(0) Effort=0(0/0) Decl=0 Con=1
2021-07-27T09:30:00.000-04:00,SCORE_DETAIL_PHASE: Events=1 Accum=1 SOS=0 PhB=1 SOT=0 STup=0
2021-07-27T09:30:00.000-04:00,SCORE_DETAIL_VP: Ctx=1 VPOCmig=1 VAprog=1 PShape=0 FinAuc=1 HVNsup=0 | bShape=0 Unfin=0 HVNoh=0 valid=true
2021-07-27T09:30:00.000-04:00,SCORE_DETAIL_SPRING: Spring=13(0.872) Ctrl=0
2021-07-27T09:30:00.000-04:00,SCORE_DETAIL_CTX: HTF=1 RS=0 OEL=0(0) VWAP=0(pt=0 proxW=1.252 proxM=0.045) RSI=1
2021-07-27T09:30:00.000-04:00,SCORE_PENALTY: Ghost=0 Climax=0 Stall=0 Failed=0 totalPen=0 | regime=0.8 vpBins=34 vpRatio=1.053
2021-07-27T09:30:00.000-04:00,LPS ENTRY: price=364.43 score=83 gate=83 mode=Close Above SOS Midpoint spring=true(conf=0.872) closeStr=0.53 volOk=true bars=2 pullback=19.788% prelimRisk=1.172%
2021-07-27T09:30:00.000-04:00,LPS DIST: warnLevel=0 liveCnt=0 bcAge=224 utadAge=227 sowAge=184 lpsyAge=93
2021-07-27T09:30:00.000-04:00,LPS STOP: mode=LPS Low price=359.08 stack=0 vwapW=365.496 vwapM=360.352 VAL=350.72
2021-07-27T09:30:00.000-04:00,COMP VP: VPOC=319.357 VAH=368.89 hvnAbove=NaN lvnAbove=NaN
2021-10-01T09:30:00.000-04:00,SPRING: conf=0.507 [close=0.253 reclaim=0.008 vol=0.121 age=0.125 tests=0] pivot=359.96 pivotAge=30b
2021-10-04T09:30:00.000-04:00,SPRING: conf=0.464 [close=0.081 reclaim=0.017 vol=0.156 age=0.11 tests=0.1] pivot=352.04 pivotAge=54b
2021-12-02T09:30:00.000-05:00,SPRING: conf=0.679 [close=0.226 reclaim=0.08 vol=0.17 age=0.136 tests=0.067] pivot=387.53 pivotAge=15b
2021-12-20T09:30:00.000-05:00,SPRING: conf=0.689 [close=0.24 reclaim=0.111 vol=0.098 age=0.14 tests=0.1] pivot=378.9 pivotAge=11b
2022-01-10T09:30:00.000-05:00,SPRING: conf=0.747 [close=0.286 reclaim=0.058 vol=0.165 age=0.137 tests=0.1] pivot=377.47 pivotAge=14b
2022-02-14T09:30:00.000-05:00,"TR DETECTED: Support=334.15, Resistance=376.22, Len=20, SlopeUp=false"
2022-02-14T09:30:00.000-05:00,"VPOC SHIFT: Prior=396.822, will compare when VP recalculates"
2022-04-28T09:30:00.000-04:00,SPRING: conf=0.702 [close=0.254 reclaim=0.197 vol=0.135 age=0.116 tests=0] pivot=318.26 pivotAge=44b
2022-05-02T09:30:00.000-04:00,SPRING: conf=0.591 [close=0.292 reclaim=0.028 vol=0.148 age=0.122 tests=0] pivot=317.45 pivotAge=34b
2022-05-09T09:30:00.000-04:00,"DIST SOW: bar=5,830 close=297.15 support=305.105"
2022-05-17T09:30:00.000-04:00,"DIST LPSY: bar=5,836 close=306.17 vol=62,715,293 volAvg=102,118,556.5"
2022-05-20T09:30:00.000-04:00,SPRING: conf=0.589 [close=0.187 reclaim=0.069 vol=0.089 age=0.144 tests=0.1] pivot=284.94 pivotAge=6b
2022-06-15T09:30:00.000-04:00,SPRING: conf=0.541 [close=0.182 reclaim=0.063 vol=0.127 age=0.135 tests=0.033] pivot=280.21 pivotAge=17b
2022-08-02T09:30:00.000-04:00,"DIST UTAD: bar=5,888 close=314.33 breakBar=5,886"
2022-09-01T09:30:00.000-04:00,"DIST SOW: bar=5,910 close=299.4 support=302.745"
2022-09-09T09:30:00.000-04:00,SPRING_DAILY: conf=0.795 [close=0.278 reclaim=0.153 vol=0.114] support=302.745 pen=2.224
2022-09-13T09:30:00.000-04:00,"DIST SOW: bar=5,917 close=293.7 support=302.745"
2022-09-15T09:30:00.000-04:00,SPRING: conf=0.444 [close=0.07 reclaim=0.008 vol=0.123 age=0.143 tests=0.1] pivot=290.87 pivotAge=7b
2022-09-27T09:30:00.000-04:00,"TR DETECTED: Support=272.02, Resistance=311.08, Len=20, SlopeUp=false"
2022-09-27T09:30:00.000-04:00,"VPOC SHIFT: Prior=315.322, will compare when VP recalculates"
2022-10-13T09:30:00.000-04:00,SPRING: conf=0.606 [close=0.275 reclaim=0.027 vol=0.163 age=0.142 tests=0] pivot=267.1 pivotAge=9b
2022-12-02T09:30:00.000-05:00,"DIST UTAD: bar=5,974 close=292.55 breakBar=5,973"
2022-12-05T09:30:00.000-05:00,"SOS CONFIRMED: rally=14.717% low=254.26 high=291.68 bars=17 avgVol=64,379,595.882 adjMinRally=2.8"
2022-12-05T09:30:00.000-05:00,SCORE_FAM: total=75.353 display=75 gate=75 cap=100 scaled=75.353 | Struct=20.475(0.682) Vol=10.95(0.438) Phase=8.8(0.44) VP=6.84(0.57) Spring=2.728(0.546) Ctx=4.03(0.31)
2022-12-05T09:30:00.000-05:00,SCORE_DETAIL_STRUCT: HL=25(1) Spread=5(0.33) PB=15(1) Power=0 Mid=1 Slope=0 Flip=0
2022-12-05T09:30:00.000-05:00,SCORE_DETAIL_VOL: Dry=15(0.6) Supply=0(0) Effort=0(0/0) Decl=1 Con=0
2022-12-05T09:30:00.000-05:00,SCORE_DETAIL_PHASE: Events=1 Accum=0 SOS=0 PhB=1 SOT=0 STup=0
2022-12-05T09:30:00.000-05:00,SCORE_DETAIL_VP: Ctx=1 VPOCmig=0 VAprog=-1 PShape=1 FinAuc=1 HVNsup=1 | bShape=0 Unfin=0 HVNoh=0 valid=true
2022-12-05T09:30:00.000-05:00,SCORE_DETAIL_SPRING: Spring=8(0.606) Ctrl=0
2022-12-05T09:30:00.000-05:00,SCORE_DETAIL_CTX: HTF=1 RS=0 OEL=0(0) VWAP=0(pt=0 proxW=0.356 proxM=0.787) RSI=1
2022-12-05T09:30:00.000-05:00,SCORE_PENALTY: Ghost=0 Climax=0 Stall=0 Failed=0 totalPen=0 | regime=0.8 vpBins=34 vpRatio=1.316
2022-12-06T09:30:00.000-05:00,SCORE_FAM: total=67.779 display=68 gate=68 cap=100 scaled=67.779 | Struct=20.475(0.682) Vol=6.74(0.27) Phase=8.8(0.44) VP=5.64(0.47) Spring=2.728(0.546) Ctx=4.03(0.31)
2022-12-06T09:30:00.000-05:00,SCORE_DETAIL_STRUCT: HL=25(1) Spread=5(0.33) PB=15(1) Power=0 Mid=1 Slope=0 Flip=0
2022-12-06T09:30:00.000-05:00,SCORE_DETAIL_VOL: Dry=8(0.32) Supply=0(0) Effort=0(0/0) Decl=1 Con=0
2022-12-06T09:30:00.000-05:00,SCORE_DETAIL_PHASE: Events=1 Accum=0 SOS=0 PhB=1 SOT=0 STup=0
2022-12-06T09:30:00.000-05:00,SCORE_DETAIL_VP: Ctx=1 VPOCmig=0 VAprog=-1 PShape=1 FinAuc=1 HVNsup=0 | bShape=0 Unfin=0 HVNoh=0 valid=true
2022-12-06T09:30:00.000-05:00,SCORE_DETAIL_SPRING: Spring=8(0.606) Ctrl=0
2022-12-06T09:30:00.000-05:00,SCORE_DETAIL_CTX: HTF=1 RS=0 OEL=0(0) VWAP=0(pt=0 proxW=0.79 proxM=1.34) RSI=1
2022-12-06T09:30:00.000-05:00,SCORE_PENALTY: Ghost=0 Climax=0 Stall=0 Failed=0 totalPen=0 | regime=0.8 vpBins=34 vpRatio=1.309
2022-12-07T09:30:00.000-05:00,SPRING: conf=0.559 [close=0.139 reclaim=0.09 vol=0.086 age=0.144 tests=0.1] pivot=279.17 pivotAge=6b
2022-12-07T09:30:00.000-05:00,SCORE_FAM: total=55.383 display=55 gate=55 cap=100 scaled=55.383 | Struct=17.475(0.583) Vol=6.74(0.27) Phase=8.8(0.44) VP=0(-0.005) Spring=2.514(0.503) Ctx=4.03(0.31)
2022-12-07T09:30:00.000-05:00,SCORE_DETAIL_STRUCT: HL=25(1) Spread=5(0.33) PB=15(1) Power=0 Mid=0 Slope=0 Flip=0
2022-12-07T09:30:00.000-05:00,SCORE_DETAIL_VOL: Dry=8(0.32) Supply=0(0) Effort=0(0/0) Decl=0 Con=1
2022-12-07T09:30:00.000-05:00,SCORE_DETAIL_PHASE: Events=1 Accum=0 SOS=0 PhB=1 SOT=0 STup=0
2022-12-07T09:30:00.000-05:00,SCORE_DETAIL_VP: Ctx=0.5 VPOCmig=0 VAprog=-1 PShape=0 FinAuc=1 HVNsup=1 | bShape=-0.25 Unfin=0 HVNoh=-1 valid=true
2022-12-07T09:30:00.000-05:00,SCORE_DETAIL_SPRING: Spring=7(0.559) Ctrl=0
2022-12-07T09:30:00.000-05:00,SCORE_DETAIL_CTX: HTF=1 RS=0 OEL=0(0) VWAP=0(pt=0 proxW=0.8 proxM=1.366) RSI=1
2022-12-07T09:30:00.000-05:00,SCORE_PENALTY: Ghost=0 Climax=0 Stall=0 Failed=0 totalPen=0 | regime=0.8 vpBins=63 vpRatio=0.705
2022-12-08T09:30:00.000-05:00,SCORE_FAM: total=60.566 display=61 gate=61 cap=100 scaled=60.566 | Struct=17.475(0.583) Vol=6.74(0.27) Phase=8.8(0.44) VP=1.44(0.12) Spring=2.514(0.503) Ctx=6.292(0.484)
2022-12-08T09:30:00.000-05:00,SCORE_DETAIL_STRUCT: HL=25(1) Spread=5(0.33) PB=15(1) Power=0 Mid=0 Slope=0 Flip=0
2022-12-08T09:30:00.000-05:00,SCORE_DETAIL_VOL: Dry=8(0.32) Supply=0(0) Effort=0(0/0) Decl=0 Con=1
2022-12-08T09:30:00.000-05:00,SCORE_DETAIL_PHASE: Events=1 Accum=0 SOS=0 PhB=1 SOT=0 STup=0
2022-12-08T09:30:00.000-05:00,SCORE_DETAIL_VP: Ctx=1 VPOCmig=0 VAprog=-1 PShape=0 FinAuc=1 HVNsup=0 | bShape=0 Unfin=0 HVNoh=-1 valid=true
2022-12-08T09:30:00.000-05:00,SCORE_DETAIL_SPRING: Spring=7(0.559) Ctrl=0
2022-12-08T09:30:00.000-05:00,SCORE_DETAIL_CTX: HTF=1 RS=0 OEL=0(0) VWAP=0.6(pt=3 proxW=0.772 proxM=1.277) RSI=1
2022-12-08T09:30:00.000-05:00,SCORE_PENALTY: Ghost=0 Climax=0 Stall=0 Failed=0 totalPen=0 | regime=0.8 vpBins=63 vpRatio=0.722
2022-12-09T09:30:00.000-05:00,SCORE_FAM: total=52.667 display=53 gate=53 cap=100 scaled=52.667 | Struct=17.475(0.583) Vol=6.74(0.27) Phase=8.8(0.44) VP=1.44(0.12) Spring=2.514(0.503) Ctx=0.65(0.05)
2022-12-09T09:30:00.000-05:00,SCORE_DETAIL_STRUCT: HL=25(1) Spread=5(0.33) PB=15(1) Power=0 Mid=0 Slope=0 Flip=0
2022-12-09T09:30:00.000-05:00,SCORE_DETAIL_VOL: Dry=8(0.32) Supply=0(0) Effort=0(0/0) Decl=0 Con=1
2022-12-09T09:30:00.000-05:00,SCORE_DETAIL_PHASE: Events=1 Accum=0 SOS=0 PhB=1 SOT=0 STup=0
2022-12-09T09:30:00.000-05:00,SCORE_DETAIL_VP: Ctx=1 VPOCmig=0 VAprog=-1 PShape=0 FinAuc=1 HVNsup=0 | bShape=0 Unfin=0 HVNoh=-1 valid=true
2022-12-09T09:30:00.000-05:00,SCORE_DETAIL_SPRING: Spring=7(0.559) Ctrl=0
2022-12-09T09:30:00.000-05:00,SCORE_DETAIL_CTX: HTF=0 RS=0 OEL=0(0) VWAP=0(pt=0 proxW=0.773 proxM=1.224) RSI=1
2022-12-09T09:30:00.000-05:00,SCORE_PENALTY: Ghost=0 Climax=0 Stall=0 Failed=0 totalPen=0 | regime=0.8 vpBins=63 vpRatio=0.741
2022-12-12T09:30:00.000-05:00,SCORE_FAM: total=57.514 display=58 gate=58 cap=100 scaled=57.514 | Struct=17.475(0.583) Vol=6.74(0.27) Phase=8.8(0.44) VP=2.64(0.22) Spring=2.514(0.503) Ctx=2.912(0.224)
2022-12-12T09:30:00.000-05:00,SCORE_DETAIL_STRUCT: HL=25(1) Spread=5(0.33) PB=15(1) Power=0 Mid=0 Slope=0 Flip=0
2022-12-12T09:30:00.000-05:00,SCORE_DETAIL_VOL: Dry=8(0.32) Supply=0(0) Effort=0(0/0) Decl=0 Con=1
2022-12-12T09:30:00.000-05:00,SCORE_DETAIL_PHASE: Events=1 Accum=0 SOS=0 PhB=1 SOT=0 STup=0
2022-12-12T09:30:00.000-05:00,SCORE_DETAIL_VP: Ctx=1 VPOCmig=0 VAprog=-1 PShape=0 FinAuc=1 HVNsup=0 | bShape=0 Unfin=0 HVNoh=0 valid=true
2022-12-12T09:30:00.000-05:00,SCORE_DETAIL_SPRING: Spring=7(0.559) Ctrl=0
2022-12-12T09:30:00.000-05:00,SCORE_DETAIL_CTX: HTF=0 RS=0 OEL=0(0) VWAP=0.6(pt=3 proxW=0.885 proxM=1.213) RSI=1
2022-12-12T09:30:00.000-05:00,SCORE_PENALTY: Ghost=0 Climax=0 Stall=0 Failed=0 totalPen=0 | regime=0.8 vpBins=63 vpRatio=0.755
2022-12-13T09:30:00.000-05:00,SCORE_FAM: total=59.625 display=60 gate=60 cap=100 scaled=59.625 | Struct=17.475(0.583) Vol=6.74(0.27) Phase=8.8(0.44) VP=2.64(0.22) Spring=2.514(0.503) Ctx=4.42(0.34)
2022-12-13T09:30:00.000-05:00,SCORE_DETAIL_STRUCT: HL=25(1) Spread=5(0.33) PB=15(1) Power=0 Mid=0 Slope=0 Flip=0
2022-12-13T09:30:00.000-05:00,SCORE_DETAIL_VOL: Dry=8(0.32) Supply=0(0) Effort=0(0/0) Decl=0 Con=1
2022-12-13T09:30:00.000-05:00,SCORE_DETAIL_PHASE: Events=1 Accum=0 SOS=0 PhB=1 SOT=0 STup=0
2022-12-13T09:30:00.000-05:00,SCORE_DETAIL_VP: Ctx=1 VPOCmig=0 VAprog=-1 PShape=0 FinAuc=1 HVNsup=0 | bShape=0 Unfin=0 HVNoh=0 valid=true
2022-12-13T09:30:00.000-05:00,SCORE_DETAIL_SPRING: Spring=7(0.559) Ctrl=0
2022-12-13T09:30:00.000-05:00,SCORE_DETAIL_CTX: HTF=0 RS=0 OEL=0(0) VWAP=1(pt=5 proxW=1.519 proxM=1.264) RSI=1
2022-12-13T09:30:00.000-05:00,SCORE_PENALTY: Ghost=0 Climax=0 Stall=0 Failed=0 totalPen=0 | regime=0.8 vpBins=63 vpRatio=0.788
2022-12-14T09:30:00.000-05:00,SCORE_FAM: total=54.347 display=54 gate=54 cap=100 scaled=54.347 | Struct=17.475(0.583) Vol=6.74(0.27) Phase=8.8(0.44) VP=2.64(0.22) Spring=2.514(0.503) Ctx=0.65(0.05)
2022-12-14T09:30:00.000-05:00,SCORE_DETAIL_STRUCT: HL=25(1) Spread=5(0.33) PB=15(1) Power=0 Mid=0 Slope=0 Flip=0
2022-12-14T09:30:00.000-05:00,SCORE_DETAIL_VOL: Dry=8(0.32) Supply=0(0) Effort=0(0/0) Decl=0 Con=1
2022-12-14T09:30:00.000-05:00,SCORE_DETAIL_PHASE: Events=1 Accum=0 SOS=0 PhB=1 SOT=0 STup=0
2022-12-14T09:30:00.000-05:00,SCORE_DETAIL_VP: Ctx=1 VPOCmig=0 VAprog=-1 PShape=0 FinAuc=1 HVNsup=0 | bShape=0 Unfin=0 HVNoh=0 valid=true
2022-12-14T09:30:00.000-05:00,SCORE_DETAIL_SPRING: Spring=7(0.559) Ctrl=0
2022-12-14T09:30:00.000-05:00,SCORE_DETAIL_CTX: HTF=0 RS=0 OEL=0(0) VWAP=0(pt=0 proxW=1.408 proxM=1.242) RSI=1
2022-12-14T09:30:00.000-05:00,SCORE_PENALTY: Ghost=0 Climax=0 Stall=0 Failed=0 totalPen=0 | regime=0.8 vpBins=63 vpRatio=0.814
2022-12-15T09:30:00.000-05:00,SCORE_FAM: total=50.651 display=51 gate=51 cap=100 scaled=50.651 | Struct=17.475(0.583) Vol=6.74(0.27) Phase=8.8(0.44) VP=0(-0.005) Spring=2.514(0.503) Ctx=0.65(0.05)
2022-12-15T09:30:00.000-05:00,SCORE_DETAIL_STRUCT: HL=25(1) Spread=5(0.33) PB=15(1) Power=0 Mid=0 Slope=0 Flip=0
2022-12-15T09:30:00.000-05:00,SCORE_DETAIL_VOL: Dry=8(0.32) Supply=0(0) Effort=0(0/0) Decl=0 Con=1
2022-12-15T09:30:00.000-05:00,SCORE_DETAIL_PHASE: Events=1 Accum=0 SOS=0 PhB=1 SOT=0 STup=0
2022-12-15T09:30:00.000-05:00,SCORE_DETAIL_VP: Ctx=0.5 VPOCmig=0 VAprog=-1 PShape=0 FinAuc=1 HVNsup=1 | bShape=-0.25 Unfin=0 HVNoh=-1 valid=true
2022-12-15T09:30:00.000-05:00,SCORE_DETAIL_SPRING: Spring=7(0.559) Ctrl=0
2022-12-15T09:30:00.000-05:00,SCORE_DETAIL_CTX: HTF=0 RS=0 OEL=0(0) VWAP=0(pt=0 proxW=1.453 proxM=1.512) RSI=1
2022-12-15T09:30:00.000-05:00,SCORE_PENALTY: Ghost=0 Climax=0 Stall=0 Failed=0 totalPen=0 | regime=0.8 vpBins=63 vpRatio=0.794
2022-12-16T09:30:00.000-05:00,SCORE_FAM: total=46.941 display=47 gate=47 cap=100 scaled=46.941 | Struct=17.475(0.583) Vol=4.09(0.164) Phase=8.8(0.44) VP=0(-0.005) Spring=2.514(0.503) Ctx=0.65(0.05)
2022-12-16T09:30:00.000-05:00,SCORE_DETAIL_STRUCT: HL=25(1) Spread=5(0.33) PB=15(1) Power=0 Mid=0 Slope=0 Flip=0
2022-12-16T09:30:00.000-05:00,SCORE_DETAIL_VOL: Dry=3(0.12) Supply=0(0) Effort=0(0/0) Decl=0 Con=1
2022-12-16T09:30:00.000-05:00,SCORE_DETAIL_PHASE: Events=1 Accum=0 SOS=0 PhB=1 SOT=0 STup=0
2022-12-16T09:30:00.000-05:00,SCORE_DETAIL_VP: Ctx=0.5 VPOCmig=0 VAprog=-1 PShape=0 FinAuc=1 HVNsup=1 | bShape=-0.25 Unfin=0 HVNoh=-1 valid=true
2022-12-16T09:30:00.000-05:00,SCORE_DETAIL_SPRING: Spring=7(0.559) Ctrl=0
2022-12-16T09:30:00.000-05:00,SCORE_DETAIL_CTX: HTF=0 RS=0 OEL=0(0) VWAP=0(pt=0 proxW=1.582 proxM=1.819) RSI=1
2022-12-16T09:30:00.000-05:00,SCORE_PENALTY: Ghost=0 Climax=0 Stall=0 Failed=0 totalPen=0 | regime=0.8 vpBins=63 vpRatio=0.774
2022-12-19T09:30:00.000-05:00,SCORE_FAM: total=47.151 display=47 gate=47 cap=100 scaled=47.151 | Struct=17.475(0.583) Vol=4.24(0.17) Phase=8.8(0.44) VP=0(-0.255) Spring=2.514(0.503) Ctx=0.65(0.05)
2022-12-19T09:30:00.000-05:00,SCORE_DETAIL_STRUCT: HL=25(1) Spread=5(0.33) PB=15(1) Power=0 Mid=0 Slope=0 Flip=0
2022-12-19T09:30:00.000-05:00,SCORE_DETAIL_VOL: Dry=8(0.32) Supply=0(0) Effort=0(0/0) Decl=0 Con=0
2022-12-19T09:30:00.000-05:00,SCORE_DETAIL_PHASE: Events=1 Accum=0 SOS=0 PhB=1 SOT=0 STup=0
2022-12-19T09:30:00.000-05:00,SCORE_DETAIL_VP: Ctx=0 VPOCmig=0 VAprog=-1 PShape=0 FinAuc=1 HVNsup=0 | bShape=-0.25 Unfin=0 HVNoh=-1 valid=true
2022-12-19T09:30:00.000-05:00,SCORE_DETAIL_SPRING: Spring=7(0.559) Ctrl=0
2022-12-19T09:30:00.000-05:00,SCORE_DETAIL_CTX: HTF=0 RS=0 OEL=0(0) VWAP=0(pt=0 proxW=0.337 proxM=2.321) RSI=1
2022-12-19T09:30:00.000-05:00,SCORE_PENALTY: Ghost=0 Climax=0 Stall=0 Failed=0 totalPen=0 | regime=0.8 vpBins=63 vpRatio=0.761
2022-12-20T09:30:00.000-05:00,SCORE_FAM: total=43.203 display=43 gate=43 cap=100 scaled=43.203 | Struct=14.655(0.489) Vol=4.24(0.17) Phase=8.8(0.44) VP=0(-0.33) Spring=2.514(0.503) Ctx=0.65(0.05)
2022-12-20T09:30:00.000-05:00,SCORE_DETAIL_STRUCT: HL=25(1) Spread=5(0.33) PB=8(0.53) Power=0 Mid=0 Slope=0 Flip=0
2022-12-20T09:30:00.000-05:00,SCORE_DETAIL_VOL: Dry=8(0.32) Supply=0(0) Effort=0(0/0) Decl=0 Con=0
2022-12-20T09:30:00.000-05:00,SCORE_DETAIL_PHASE: Events=1 Accum=0 SOS=0 PhB=1 SOT=0 STup=0
2022-12-20T09:30:00.000-05:00,SCORE_DETAIL_VP: Ctx=0 VPOCmig=0 VAprog=-1 PShape=0 FinAuc=1 HVNsup=0 | bShape=-0.5 Unfin=0 HVNoh=-1 valid=true
2022-12-20T09:30:00.000-05:00,SCORE_DETAIL_SPRING: Spring=7(0.559) Ctrl=0
2022-12-20T09:30:00.000-05:00,SCORE_DETAIL_CTX: HTF=0 RS=0 OEL=0(0) VWAP=0(pt=0 proxW=0.461 proxM=2.461) RSI=1
2022-12-20T09:30:00.000-05:00,SCORE_PENALTY: Ghost=0 Climax=0 Stall=0 Failed=0 totalPen=0 | regime=0.8 vpBins=63 vpRatio=0.747
2022-12-21T09:30:00.000-05:00,SCORE_FAM: total=46.37 display=46 gate=46 cap=100 scaled=46.37 | Struct=14.655(0.489) Vol=4.24(0.17) Phase=8.8(0.44) VP=0(-0.18) Spring=2.514(0.503) Ctx=2.912(0.224)
2022-12-21T09:30:00.000-05:00,SCORE_DETAIL_STRUCT: HL=25(1) Spread=5(0.33) PB=8(0.53) Power=0 Mid=0 Slope=0 Flip=0
2022-12-21T09:30:00.000-05:00,SCORE_DETAIL_VOL: Dry=8(0.32) Supply=0(0) Effort=0(0/0) Decl=0 Con=0
2022-12-21T09:30:00.000-05:00,SCORE_DETAIL_PHASE: Events=1 Accum=0 SOS=0 PhB=1 SOT=0 STup=0
2022-12-21T09:30:00.000-05:00,SCORE_DETAIL_VP: Ctx=0.5 VPOCmig=0 VAprog=-1 PShape=0 FinAuc=1 HVNsup=0 | bShape=-0.5 Unfin=0 HVNoh=-1 valid=true
2022-12-21T09:30:00.000-05:00,SCORE_DETAIL_SPRING: Spring=7(0.559) Ctrl=0
2022-12-21T09:30:00.000-05:00,SCORE_DETAIL_CTX: HTF=0 RS=0 OEL=0(0) VWAP=0.6(pt=3 proxW=0.606 proxM=2.401) RSI=1
2022-12-21T09:30:00.000-05:00,SCORE_PENALTY: Ghost=0 Climax=0 Stall=0 Failed=0 totalPen=0 | regime=0.8 vpBins=63 vpRatio=0.734
2022-12-22T09:30:00.000-05:00,SCORE_FAM: total=38.751 display=39 gate=39 cap=100 scaled=38.751 | Struct=11.475(0.383) Vol=4.24(0.17) Phase=8.8(0.44) VP=0(-0.33) Spring=2.514(0.503) Ctx=0.65(0.05)
2022-12-22T09:30:00.000-05:00,SCORE_DETAIL_STRUCT: HL=25(1) Spread=5(0.33) PB=0(0) Power=0 Mid=0 Slope=0 Flip=0
2022-12-22T09:30:00.000-05:00,SCORE_DETAIL_VOL: Dry=8(0.32) Supply=0(0) Effort=0(0/0) Decl=0 Con=0
2022-12-22T09:30:00.000-05:00,SCORE_DETAIL_PHASE: Events=1 Accum=0 SOS=0 PhB=1 SOT=0 STup=0
2022-12-22T09:30:00.000-05:00,SCORE_DETAIL_VP: Ctx=0 VPOCmig=0 VAprog=-1 PShape=0 FinAuc=1 HVNsup=0 | bShape=-0.5 Unfin=0 HVNoh=-1 valid=true
2022-12-22T09:30:00.000-05:00,SCORE_DETAIL_SPRING: Spring=7(0.559) Ctrl=0
2022-12-22T09:30:00.000-05:00,SCORE_DETAIL_CTX: HTF=0 RS=0 OEL=0(0) VWAP=0(pt=0 proxW=1.055 proxM=2.785) RSI=1
2022-12-22T09:30:00.000-05:00,SCORE_PENALTY: Ghost=0 Climax=0 Stall=0 Failed=0 totalPen=0 | regime=0.8 vpBins=63 vpRatio=0.719
2023-02-02T09:30:00.000-05:00,"DIST BC: bar=6,015 high=313.68 vol=83,070,628 volAvg=51,123,513.15"
2023-03-10T09:30:00.000-05:00,SPRING: conf=0.47 [close=0.05 reclaim=0.006 vol=0.169 age=0.144 tests=0.1] pivot=288.37 pivotAge=6b
2023-06-27T09:30:00.000-04:00,"TR DETECTED: Support=346.51, Resistance=372.85, Len=20, SlopeUp=true"
2023-06-27T09:30:00.000-04:00,"VPOC SHIFT: Prior=320.153, will compare when VP recalculates"
2023-08-02T09:30:00.000-04:00,SPRING: conf=0.447 [close=0.062 reclaim=0.002 vol=0.14 age=0.143 tests=0.1] pivot=374.34 pivotAge=7b
2023-08-18T09:30:00.000-04:00,SPRING: conf=0.585 [close=0.218 reclaim=0.029 vol=0.118 age=0.12 tests=0.1] pivot=357.59 pivotAge=38b
2023-08-21T09:30:00.000-04:00,SPRING: conf=0.507 [close=0.262 reclaim=0.023 vol=0.097 age=0.125 tests=0] pivot=363.41 pivotAge=30b
2023-09-18T09:30:00.000-04:00,SPRING: conf=0.635 [close=0.177 reclaim=0.137 vol=0.078 age=0.143 tests=0.1] pivot=369.15 pivotAge=7b
2023-09-27T09:30:00.000-04:00,SPRING: conf=0.527 [close=0.196 reclaim=0.015 vol=0.122 age=0.127 tests=0.067] pivot=354.71 pivotAge=27b
2023-10-23T09:30:00.000-04:00,SPRING: conf=0.644 [close=0.168 reclaim=0.132 vol=0.11 age=0.134 tests=0.1] pivot=351.36 pivotAge=18b
2023-10-26T09:30:00.000-04:00,"DIST SOW: bar=6,199 close=343.66 support=348.18"
2023-10-30T09:30:00.000-04:00,SPRING_DAILY: conf=0.611 [close=0.202 reclaim=0.062 vol=0.097] support=348.18 pen=1.73
2023-10-31T09:30:00.000-04:00,SPRING_DAILY: conf=0.755 [close=0.275 reclaim=0.145 vol=0.085] support=348.18 pen=1.56
2023-11-06T09:30:00.000-05:00,"DIST LPSY: bar=6,206 close=369.21 vol=38,848,743 volAvg=55,744,850.25"
2023-12-01T09:30:00.000-05:00,"DIST UTAD: bar=6,224 close=389.94 breakBar=6,221"
2024-01-19T09:30:00.000-05:00,"DIST BC: bar=6,256 high=421.34 vol=70,325,123 volAvg=44,279,111.15"
2024-03-15T09:30:00.000-04:00,SPRING: conf=0.464 [close=0.058 reclaim=0.011 vol=0.153 age=0.142 tests=0.1] pivot=433.65 pivotAge=8b
2024-04-22T09:30:00.000-04:00,SPRING: conf=0.55 [close=0.202 reclaim=0.07 vol=0.102 age=0.109 tests=0.067] pivot=416.79 pivotAge=56b
2024-04-23T09:30:00.000-04:00,SPRING: conf=0.61 [close=0.251 reclaim=0.116 vol=0.093 age=0.117 tests=0.033] pivot=421.63 pivotAge=43b
2024-07-26T09:30:00.000-04:00,SPRING_DAILY: conf=0.555 [close=0.156 reclaim=0.038 vol=0.111] support=462.03 pen=2.26
2024-09-09T09:30:00.000-04:00,"TR DETECTED: Support=448.19, Resistance=485.54, Len=20, SlopeUp=false"
2024-09-09T09:30:00.000-04:00,"VPOC SHIFT: Prior=480.945, will compare when VP recalculates"
2024-09-20T09:30:00.000-04:00,"DIST UTAD: bar=6,425 close=482.44 breakBar=6,424"
2024-11-04T09:30:00.000-05:00,SPRING: conf=0.44 [close=0.103 reclaim=0.047 vol=0.082 age=0.142 tests=0.067] pivot=485.05 pivotAge=8b
2024-12-18T09:30:00.000-05:00,"DIST BC: bar=6,487 high=536.88 vol=54,703,155 volAvg=26,885,953"
2025-01-02T09:30:00.000-05:00,SPRING: conf=0.506 [close=0.124 reclaim=0.022 vol=0.117 age=0.143 tests=0.1] pivot=509.29 pivotAge=7b
2025-02-25T09:30:00.000-05:00,SPRING: conf=0.6 [close=0.118 reclaim=0.08 vol=0.17 age=0.132 tests=0.1] pivot=510.15 pivotAge=20b
2025-02-28T09:30:00.000-05:00,SPRING: conf=0.84 [close=0.285 reclaim=0.179 vol=0.153 age=0.124 tests=0.1] pivot=499.7 pivotAge=32b
2025-03-03T09:30:00.000-05:00,SPRING: conf=0.43 [close=0.053 reclaim=0.033 vol=0.142 age=0.102 tests=0.1] pivot=494.49 pivotAge=70b
2025-03-07T09:30:00.000-05:00,SPRING: conf=0.764 [close=0.265 reclaim=0.158 vol=0.146 age=0.096 tests=0.1] pivot=483.75 pivotAge=85b
2025-03-31T09:30:00.000-04:00,SPRING: conf=0.679 [close=0.277 reclaim=0.05 vol=0.113 age=0.139 tests=0.1] pivot=466.43 pivotAge=12b
2025-04-09T09:30:00.000-04:00,SPRING: conf=0.65 [close=0.29 reclaim=0.085 vol=0.2 age=0.076 tests=0] pivot=448.19 pivotAge=147b
2025-05-15T09:30:00.000-04:00,"SOS CONFIRMED: rally=29.707% low=402.39 high=521.93 bars=16 avgVol=56,578,166.875 adjMinRally=4.55"
2025-05-15T09:30:00.000-04:00,SCORE_FAM: total=101.008 display=100 gate=100 cap=100 scaled=101.008 | Struct=27.9(0.93) Vol=25(1) Phase=3.6(0.18) VP=7.8(0.65) Spring=3.778(0.756) Ctx=9.62(0.74)
2025-05-15T09:30:00.000-04:00,SCORE_DETAIL_STRUCT: HL=25(1) Spread=15(1) PB=0(0) Power=1 Mid=1 Slope=1 Flip=0
2025-05-15T09:30:00.000-04:00,SCORE_DETAIL_VOL: Dry=25(1) Supply=0(0) Effort=10(1/0) Decl=0 Con=0
2025-05-15T09:30:00.000-04:00,SCORE_DETAIL_PHASE: Events=0 Accum=0 SOS=0 PhB=1 SOT=0 STup=0
2025-05-15T09:30:00.000-04:00,SCORE_DETAIL_VP: Ctx=1 VPOCmig=0 VAprog=0 PShape=1 FinAuc=1 HVNsup=1 | bShape=0 Unfin=0 HVNoh=0 valid=true
2025-05-15T09:30:00.000-04:00,SCORE_DETAIL_SPRING: Spring=12(0.84) Ctrl=0
2025-05-15T09:30:00.000-04:00,SCORE_DETAIL_CTX: HTF=1 RS=1 OEL=0(0) VWAP=1(pt=5 proxW=0.084 proxM=1.485) RSI=1
2025-05-15T09:30:00.000-04:00,SCORE_PENALTY: Ghost=0 Climax=0 Stall=0 Failed=0 totalPen=0 | regime=1.3 vpBins=119 vpRatio=1.499
2025-05-16T09:30:00.000-04:00,SCORE_FAM: total=101.008 display=100 gate=100 cap=100 scaled=101.008 | Struct=27.9(0.93) Vol=25(1) Phase=3.6(0.18) VP=7.8(0.65) Spring=3.778(0.756) Ctx=9.62(0.74)
2025-05-16T09:30:00.000-04:00,SCORE_DETAIL_STRUCT: HL=25(1) Spread=15(1) PB=0(0) Power=1 Mid=1 Slope=1 Flip=0
2025-05-16T09:30:00.000-04:00,SCORE_DETAIL_VOL: Dry=25(1) Supply=0(0) Effort=10(1/0) Decl=0 Con=0
2025-05-16T09:30:00.000-04:00,SCORE_DETAIL_PHASE: Events=0 Accum=0 SOS=0 PhB=1 SOT=0 STup=0
2025-05-16T09:30:00.000-04:00,SCORE_DETAIL_VP: Ctx=1 VPOCmig=0 VAprog=0 PShape=1 FinAuc=1 HVNsup=1 | bShape=0 Unfin=0 HVNoh=0 valid=true
2025-05-16T09:30:00.000-04:00,SCORE_DETAIL_SPRING: Spring=12(0.84) Ctrl=0
2025-05-16T09:30:00.000-04:00,SCORE_DETAIL_CTX: HTF=1 RS=1 OEL=0(0) VWAP=1(pt=5 proxW=0.018 proxM=1.356) RSI=1
2025-05-16T09:30:00.000-04:00,SCORE_PENALTY: Ghost=0 Climax=0 Stall=0 Failed=0 totalPen=0 | regime=1.3 vpBins=119 vpRatio=1.511
2025-05-16T09:30:00.000-04:00,LPS ENTRY: price=521.51 score=100 gate=100 mode=Close Above SOS Midpoint spring=true(conf=0.84) closeStr=0.959 volOk=true bars=2 pullback=5.655% prelimRisk=1.216%
2025-05-16T09:30:00.000-04:00,LPS DIST: warnLevel=0 liveCnt=0 bcAge=101 utadAge=163 sowAge=-1 lpsyAge=-1
2025-05-16T09:30:00.000-04:00,LPS STOP: mode=LPS Low price=513.624 stack=0 vwapW=515.373 vwapM=500.209 VAL=431.47
2025-05-16T09:30:00.000-04:00,COMP VP: VPOC=442.884 VAH=NaN hvnAbove=NaN lvnAbove=532.105
2025-06-09T09:30:00.000-04:00,SCORE_FAM: total=86.465 display=86 gate=90 cap=100 scaled=86.465 | Struct=21(0.7) Vol=18.25(0.73) Phase=3.6(0.18) VP=7.8(0.65) Spring=3.778(0.756) Ctx=9.62(0.74)
2025-06-09T09:30:00.000-04:00,SCORE_DETAIL_STRUCT: HL=25(1) Spread=15(1) PB=0(0) Power=0 Mid=0 Slope=1 Flip=1
2025-06-09T09:30:00.000-04:00,SCORE_DETAIL_VOL: Dry=25(1) Supply=0(0) Effort=0(0/0) Decl=0 Con=0
2025-06-09T09:30:00.000-04:00,SCORE_DETAIL_PHASE: Events=0 Accum=0 SOS=0 PhB=1 SOT=0 STup=0
2025-06-09T09:30:00.000-04:00,SCORE_DETAIL_VP: Ctx=1 VPOCmig=0 VAprog=0 PShape=1 FinAuc=1 HVNsup=1 | bShape=0 Unfin=0 HVNoh=0 valid=true
2025-06-09T09:30:00.000-04:00,SCORE_DETAIL_SPRING: Spring=12(0.84) Ctrl=0
2025-06-09T09:30:00.000-04:00,SCORE_DETAIL_CTX: HTF=1 RS=1 OEL=0(0) VWAP=1(pt=5 proxW=0.197 proxM=0.244) RSI=1
2025-06-09T09:30:00.000-04:00,SCORE_PENALTY: Ghost=0 Climax=0 Stall=0 Failed=0 totalPen=0 | regime=1 vpBins=119 vpRatio=1.695
2025-06-10T09:30:00.000-04:00,SCORE_FAM: total=86.465 display=86 gate=90 cap=100 scaled=86.465 | Struct=21(0.7) Vol=18.25(0.73) Phase=3.6(0.18) VP=7.8(0.65) Spring=3.778(0.756) Ctx=9.62(0.74)
2025-06-10T09:30:00.000-04:00,SCORE_DETAIL_STRUCT: HL=25(1) Spread=15(1) PB=0(0) Power=0 Mid=0 Slope=1 Flip=1
2025-06-10T09:30:00.000-04:00,SCORE_DETAIL_VOL: Dry=25(1) Supply=0(0) Effort=0(0/0) Decl=0 Con=0
2025-06-10T09:30:00.000-04:00,SCORE_DETAIL_PHASE: Events=0 Accum=0 SOS=0 PhB=1 SOT=0 STup=0
2025-06-10T09:30:00.000-04:00,SCORE_DETAIL_VP: Ctx=1 VPOCmig=0 VAprog=0 PShape=1 FinAuc=1 HVNsup=1 | bShape=0 Unfin=0 HVNoh=0 valid=true
2025-06-10T09:30:00.000-04:00,SCORE_DETAIL_SPRING: Spring=12(0.84) Ctrl=0
2025-06-10T09:30:00.000-04:00,SCORE_DETAIL_CTX: HTF=1 RS=1 OEL=0(0) VWAP=1(pt=5 proxW=0.346 proxM=0.144) RSI=1
2025-06-10T09:30:00.000-04:00,SCORE_PENALTY: Ghost=0 Climax=0 Stall=0 Failed=0 totalPen=0 | regime=1 vpBins=119 vpRatio=1.705
2025-06-11T09:30:00.000-04:00,SCORE_FAM: total=76.61 display=77 gate=79 cap=100 scaled=76.61 | Struct=21(0.7) Vol=10.95(0.438) Phase=3.6(0.18) VP=7.8(0.65) Spring=3.778(0.756) Ctx=9.62(0.74)
2025-06-11T09:30:00.000-04:00,SCORE_DETAIL_STRUCT: HL=25(1) Spread=15(1) PB=0(0) Power=0 Mid=0 Slope=1 Flip=1
2025-06-11T09:30:00.000-04:00,SCORE_DETAIL_VOL: Dry=15(0.6) Supply=0(0) Effort=0(0/0) Decl=0 Con=1
2025-06-11T09:30:00.000-04:00,SCORE_DETAIL_PHASE: Events=0 Accum=0 SOS=0 PhB=1 SOT=0 STup=0
2025-06-11T09:30:00.000-04:00,SCORE_DETAIL_VP: Ctx=1 VPOCmig=0 VAprog=0 PShape=1 FinAuc=1 HVNsup=1 | bShape=0 Unfin=0 HVNoh=0 valid=true
2025-06-11T09:30:00.000-04:00,SCORE_DETAIL_SPRING: Spring=12(0.84) Ctrl=0
2025-06-11T09:30:00.000-04:00,SCORE_DETAIL_CTX: HTF=1 RS=1 OEL=0(0) VWAP=1(pt=5 proxW=0.419 proxM=0.048) RSI=1
2025-06-11T09:30:00.000-04:00,SCORE_PENALTY: Ghost=0 Climax=0 Stall=0 Failed=0 totalPen=0 | regime=1 vpBins=119 vpRatio=1.718
2025-06-12T09:30:00.000-04:00,SCORE_FAM: total=76.61 display=77 gate=79 cap=100 scaled=76.61 | Struct=21(0.7) Vol=10.95(0.438) Phase=3.6(0.18) VP=7.8(0.65) Spring=3.778(0.756) Ctx=9.62(0.74)
2025-06-12T09:30:00.000-04:00,SCORE_DETAIL_STRUCT: HL=25(1) Spread=15(1) PB=0(0) Power=0 Mid=0 Slope=1 Flip=1
2025-06-12T09:30:00.000-04:00,SCORE_DETAIL_VOL: Dry=15(0.6) Supply=0(0) Effort=0(0/0) Decl=0 Con=1
2025-06-12T09:30:00.000-04:00,SCORE_DETAIL_PHASE: Events=0 Accum=0 SOS=0 PhB=1 SOT=0 STup=0
2025-06-12T09:30:00.000-04:00,SCORE_DETAIL_VP: Ctx=1 VPOCmig=0 VAprog=0 PShape=1 FinAuc=1 HVNsup=1 | bShape=0 Unfin=0 HVNoh=0 valid=true
2025-06-12T09:30:00.000-04:00,SCORE_DETAIL_SPRING: Spring=12(0.84) Ctrl=0
2025-06-12T09:30:00.000-04:00,SCORE_DETAIL_CTX: HTF=1 RS=1 OEL=0(0) VWAP=1(pt=5 proxW=0.455 proxM=0.001) RSI=1
2025-06-12T09:30:00.000-04:00,SCORE_PENALTY: Ghost=0 Climax=0 Stall=0 Failed=0 totalPen=0 | regime=1 vpBins=119 vpRatio=1.726
2025-06-13T09:30:00.000-04:00,SCORE_FAM: total=66.229 display=66 gate=69 cap=100 scaled=66.229 | Struct=18.9(0.63) Vol=10.95(0.438) Phase=3.6(0.18) VP=7.8(0.65) Spring=3.778(0.756) Ctx=4.03(0.31)
2025-06-13T09:30:00.000-04:00,SCORE_DETAIL_STRUCT: HL=25(1) Spread=15(1) PB=0(0) Power=0 Mid=0 Slope=1 Flip=0
2025-06-13T09:30:00.000-04:00,SCORE_DETAIL_VOL: Dry=15(0.6) Supply=0(0) Effort=0(0/0) Decl=0 Con=1
2025-06-13T09:30:00.000-04:00,SCORE_DETAIL_PHASE: Events=0 Accum=0 SOS=0 PhB=1 SOT=0 STup=0
2025-06-13T09:30:00.000-04:00,SCORE_DETAIL_VP: Ctx=1 VPOCmig=0 VAprog=0 PShape=1 FinAuc=1 HVNsup=1 | bShape=0 Unfin=0 HVNoh=0 valid=true
2025-06-13T09:30:00.000-04:00,SCORE_DETAIL_SPRING: Spring=12(0.84) Ctrl=0
2025-06-13T09:30:00.000-04:00,SCORE_DETAIL_CTX: HTF=1 RS=0 OEL=0(0) VWAP=0(pt=0 proxW=0.716 proxM=0.389) RSI=1
2025-06-13T09:30:00.000-04:00,SCORE_PENALTY: Ghost=0 Climax=0 Stall=0 Failed=0 totalPen=0 | regime=1 vpBins=119 vpRatio=1.739
2025-06-16T09:30:00.000-04:00,SCORE_FAM: total=76.057 display=76 gate=79 cap=100 scaled=76.057 | Struct=18.9(0.63) Vol=10.95(0.438) Phase=3.6(0.18) VP=7.8(0.65) Spring=3.778(0.756) Ctx=11.31(0.87)
2025-06-16T09:30:00.000-04:00,SCORE_DETAIL_STRUCT: HL=25(1) Spread=15(1) PB=0(0) Power=0 Mid=0 Slope=1 Flip=0
2025-06-16T09:30:00.000-04:00,SCORE_DETAIL_VOL: Dry=15(0.6) Supply=0(0) Effort=0(0/0) Decl=0 Con=1
2025-06-16T09:30:00.000-04:00,SCORE_DETAIL_PHASE: Events=0 Accum=0 SOS=0 PhB=1 SOT=0 STup=0
2025-06-16T09:30:00.000-04:00,SCORE_DETAIL_VP: Ctx=1 VPOCmig=0 VAprog=0 PShape=1 FinAuc=1 HVNsup=1 | bShape=0 Unfin=0 HVNoh=0 valid=true
2025-06-16T09:30:00.000-04:00,SCORE_DETAIL_SPRING: Spring=12(0.84) Ctrl=0
2025-06-16T09:30:00.000-04:00,SCORE_DETAIL_CTX: HTF=1 RS=1 OEL=0.5(5) VWAP=1(pt=5 proxW=0.963 proxM=0.431) RSI=1
2025-06-16T09:30:00.000-04:00,SCORE_PENALTY: Ghost=0 Climax=0 Stall=0 Failed=0 totalPen=0 | regime=1 vpBins=119 vpRatio=1.748
2025-06-17T09:30:00.000-04:00,SCORE_FAM: total=68.51 display=69 gate=71 cap=100 scaled=68.51 | Struct=18.9(0.63) Vol=10.95(0.438) Phase=3.6(0.18) VP=7.8(0.65) Spring=3.778(0.756) Ctx=5.72(0.44)
2025-06-17T09:30:00.000-04:00,SCORE_DETAIL_STRUCT: HL=25(1) Spread=15(1) PB=0(0) Power=0 Mid=0 Slope=1 Flip=0
2025-06-17T09:30:00.000-04:00,SCORE_DETAIL_VOL: Dry=15(0.6) Supply=0(0) Effort=0(0/0) Decl=0 Con=1
2025-06-17T09:30:00.000-04:00,SCORE_DETAIL_PHASE: Events=0 Accum=0 SOS=0 PhB=1 SOT=0 STup=0
2025-06-17T09:30:00.000-04:00,SCORE_DETAIL_VP: Ctx=1 VPOCmig=0 VAprog=0 PShape=1 FinAuc=1 HVNsup=1 | bShape=0 Unfin=0 HVNoh=0 valid=true
2025-06-17T09:30:00.000-04:00,SCORE_DETAIL_SPRING: Spring=12(0.84) Ctrl=0
2025-06-17T09:30:00.000-04:00,SCORE_DETAIL_CTX: HTF=1 RS=0 OEL=0.5(5) VWAP=0(pt=0 proxW=0.756 proxM=0.447) RSI=1
2025-06-17T09:30:00.000-04:00,SCORE_PENALTY: Ghost=0 Climax=0 Stall=0 Failed=0 totalPen=0 | regime=1 vpBins=119 vpRatio=1.759
2025-06-18T09:30:00.000-04:00,SCORE_FAM: total=68.51 display=69 gate=71 cap=100 scaled=68.51 | Struct=18.9(0.63) Vol=10.95(0.438) Phase=3.6(0.18) VP=7.8(0.65) Spring=3.778(0.756) Ctx=5.72(0.44)
2025-06-18T09:30:00.000-04:00,SCORE_DETAIL_STRUCT: HL=25(1) Spread=15(1) PB=0(0) Power=0 Mid=0 Slope=1 Flip=0
2025-06-18T09:30:00.000-04:00,SCORE_DETAIL_VOL: Dry=15(0.6) Supply=0(0) Effort=0(0/0) Decl=0 Con=1
2025-06-18T09:30:00.000-04:00,SCORE_DETAIL_PHASE: Events=0 Accum=0 SOS=0 PhB=1 SOT=0 STup=0
2025-06-18T09:30:00.000-04:00,SCORE_DETAIL_VP: Ctx=1 VPOCmig=0 VAprog=0 PShape=1 FinAuc=1 HVNsup=1 | bShape=0 Unfin=0 HVNoh=0 valid=true
2025-06-18T09:30:00.000-04:00,SCORE_DETAIL_SPRING: Spring=12(0.84) Ctrl=0
2025-06-18T09:30:00.000-04:00,SCORE_DETAIL_CTX: HTF=1 RS=0 OEL=0.5(5) VWAP=0(pt=0 proxW=0.682 proxM=0.462) RSI=1
2025-06-18T09:30:00.000-04:00,SCORE_PENALTY: Ghost=0 Climax=0 Stall=0 Failed=0 totalPen=0 | regime=1 vpBins=119 vpRatio=1.769
2025-06-20T09:30:00.000-04:00,SCORE_FAM: total=68.51 display=69 gate=71 cap=100 scaled=68.51 | Struct=18.9(0.63) Vol=10.95(0.438) Phase=3.6(0.18) VP=7.8(0.65) Spring=3.778(0.756) Ctx=5.72(0.44)
2025-06-20T09:30:00.000-04:00,SCORE_DETAIL_STRUCT: HL=25(1) Spread=15(1) PB=0(0) Power=0 Mid=0 Slope=1 Flip=0
2025-06-20T09:30:00.000-04:00,SCORE_DETAIL_VOL: Dry=15(0.6) Supply=0(0) Effort=0(0/0) Decl=0 Con=1
2025-06-20T09:30:00.000-04:00,SCORE_DETAIL_PHASE: Events=0 Accum=0 SOS=0 PhB=1 SOT=0 STup=0
2025-06-20T09:30:00.000-04:00,SCORE_DETAIL_VP: Ctx=1 VPOCmig=0 VAprog=0 PShape=1 FinAuc=1 HVNsup=1 | bShape=0 Unfin=0 HVNoh=0 valid=true
2025-06-20T09:30:00.000-04:00,SCORE_DETAIL_SPRING: Spring=12(0.84) Ctrl=0
2025-06-20T09:30:00.000-04:00,SCORE_DETAIL_CTX: HTF=1 RS=0 OEL=0.5(5) VWAP=0(pt=0 proxW=0.678 proxM=0.558) RSI=1
2025-06-20T09:30:00.000-04:00,SCORE_PENALTY: Ghost=0 Climax=0 Stall=0 Failed=0 totalPen=0 | regime=1 vpBins=119 vpRatio=1.784
2025-06-23T09:30:00.000-04:00,SCORE_FAM: total=71.98 display=72 gate=75 cap=100 scaled=71.98 | Struct=18.9(0.63) Vol=10.95(0.438) Phase=3.6(0.18) VP=6.6(0.55) Spring=3.778(0.756) Ctx=9.49(0.73)
2025-06-23T09:30:00.000-04:00,SCORE_DETAIL_STRUCT: HL=25(1) Spread=15(1) PB=0(0) Power=0 Mid=0 Slope=1 Flip=0
2025-06-23T09:30:00.000-04:00,SCORE_DETAIL_VOL: Dry=15(0.6) Supply=0(0) Effort=0(0/0) Decl=0 Con=1
2025-06-23T09:30:00.000-04:00,SCORE_DETAIL_PHASE: Events=0 Accum=0 SOS=0 PhB=1 SOT=0 STup=0
2025-06-23T09:30:00.000-04:00,SCORE_DETAIL_VP: Ctx=1 VPOCmig=0 VAprog=0 PShape=1 FinAuc=1 HVNsup=0 | bShape=0 Unfin=0 HVNoh=0 valid=true
2025-06-23T09:30:00.000-04:00,SCORE_DETAIL_SPRING: Spring=12(0.84) Ctrl=0
2025-06-23T09:30:00.000-04:00,SCORE_DETAIL_CTX: HTF=1 RS=0 OEL=0.5(5) VWAP=1(pt=5 proxW=0.709 proxM=0.712) RSI=1
2025-06-23T09:30:00.000-04:00,SCORE_PENALTY: Ghost=0 Climax=0 Stall=0 Failed=0 totalPen=0 | regime=1 vpBins=119 vpRatio=1.796
2025-06-24T09:30:00.000-04:00,SCORE_FAM: total=71.98 display=72 gate=75 cap=100 scaled=71.98 | Struct=18.9(0.63) Vol=10.95(0.438) Phase=3.6(0.18) VP=6.6(0.55) Spring=3.778(0.756) Ctx=9.49(0.73)
2025-06-24T09:30:00.000-04:00,SCORE_DETAIL_STRUCT: HL=25(1) Spread=15(1) PB=0(0) Power=0 Mid=0 Slope=1 Flip=0
2025-06-24T09:30:00.000-04:00,SCORE_DETAIL_VOL: Dry=15(0.6) Supply=0(0) Effort=0(0/0) Decl=0 Con=1
2025-06-24T09:30:00.000-04:00,SCORE_DETAIL_PHASE: Events=0 Accum=0 SOS=0 PhB=1 SOT=0 STup=0
2025-06-24T09:30:00.000-04:00,SCORE_DETAIL_VP: Ctx=1 VPOCmig=0 VAprog=0 PShape=1 FinAuc=1 HVNsup=0 | bShape=0 Unfin=0 HVNoh=0 valid=true
2025-06-24T09:30:00.000-04:00,SCORE_DETAIL_SPRING: Spring=12(0.84) Ctrl=0
2025-06-24T09:30:00.000-04:00,SCORE_DETAIL_CTX: HTF=1 RS=0 OEL=0.5(5) VWAP=1(pt=5 proxW=1.289 proxM=0.78) RSI=1
2025-06-24T09:30:00.000-04:00,SCORE_PENALTY: Ghost=0 Climax=0 Stall=0 Failed=0 totalPen=0 | regime=1 vpBins=119 vpRatio=1.807
2025-06-25T09:30:00.000-04:00,SCORE_FAM: total=81.727 display=82 gate=85 cap=100 scaled=81.727 | Struct=18.9(0.63) Vol=10.95(0.438) Phase=7.8(0.39) VP=7.8(0.65) Spring=3.778(0.756) Ctx=11.31(0.87)
2025-06-25T09:30:00.000-04:00,SCORE_DETAIL_STRUCT: HL=25(1) Spread=15(1) PB=0(0) Power=0 Mid=0 Slope=1 Flip=0
2025-06-25T09:30:00.000-04:00,SCORE_DETAIL_VOL: Dry=15(0.6) Supply=0(0) Effort=0(0/0) Decl=1 Con=1
2025-06-25T09:30:00.000-04:00,SCORE_DETAIL_PHASE: Events=0 Accum=1 SOS=0 PhB=1 SOT=0 STup=0
2025-06-25T09:30:00.000-04:00,SCORE_DETAIL_VP: Ctx=1 VPOCmig=1 VAprog=1 PShape=0 FinAuc=1 HVNsup=0 | bShape=0 Unfin=0 HVNoh=0 valid=true
2025-06-25T09:30:00.000-04:00,SCORE_DETAIL_SPRING: Spring=12(0.84) Ctrl=0
2025-06-25T09:30:00.000-04:00,SCORE_DETAIL_CTX: HTF=1 RS=1 OEL=0.5(5) VWAP=1(pt=5 proxW=1.652 proxM=0.897) RSI=1
2025-06-25T09:30:00.000-04:00,SCORE_PENALTY: Ghost=0 Climax=0 Stall=0 Failed=0 totalPen=0 | regime=1 vpBins=41 vpRatio=0.986
2025-06-26T09:30:00.000-04:00,SCORE_FAM: total=81.727 display=82 gate=85 cap=100 scaled=81.727 | Struct=18.9(0.63) Vol=10.95(0.438) Phase=7.8(0.39) VP=7.8(0.65) Spring=3.778(0.756) Ctx=11.31(0.87)
2025-06-26T09:30:00.000-04:00,SCORE_DETAIL_STRUCT: HL=25(1) Spread=15(1) PB=0(0) Power=0 Mid=0 Slope=1 Flip=0
2025-06-26T09:30:00.000-04:00,SCORE_DETAIL_VOL: Dry=15(0.6) Supply=0(0) Effort=0(0/0) Decl=1 Con=1
2025-06-26T09:30:00.000-04:00,SCORE_DETAIL_PHASE: Events=0 Accum=1 SOS=0 PhB=1 SOT=0 STup=0
2025-06-26T09:30:00.000-04:00,SCORE_DETAIL_VP: Ctx=1 VPOCmig=1 VAprog=1 PShape=0 FinAuc=1 HVNsup=0 | bShape=0 Unfin=0 HVNoh=0 valid=true
2025-06-26T09:30:00.000-04:00,SCORE_DETAIL_SPRING: Spring=12(0.84) Ctrl=0
2025-06-26T09:30:00.000-04:00,SCORE_DETAIL_CTX: HTF=1 RS=1 OEL=0.5(5) VWAP=1(pt=5 proxW=1.961 proxM=1.018) RSI=1
2025-06-26T09:30:00.000-04:00,SCORE_PENALTY: Ghost=0 Climax=0 Stall=0 Failed=0 totalPen=0 | regime=1 vpBins=41 vpRatio=1.125
2025-06-27T09:30:00.000-04:00,SCORE_FAM: total=79.27 display=79 gate=82 cap=100 scaled=79.27 | Struct=18.9(0.63) Vol=10.95(0.438) Phase=7.8(0.39) VP=7.8(0.65) Spring=3.778(0.756) Ctx=9.49(0.73)
2025-06-27T09:30:00.000-04:00,SCORE_DETAIL_STRUCT: HL=25(1) Spread=15(1) PB=0(0) Power=0 Mid=0 Slope=1 Flip=0
2025-06-27T09:30:00.000-04:00,SCORE_DETAIL_VOL: Dry=15(0.6) Supply=0(0) Effort=0(0/0) Decl=1 Con=1
2025-06-27T09:30:00.000-04:00,SCORE_DETAIL_PHASE: Events=0 Accum=1 SOS=0 PhB=1 SOT=0 STup=0
2025-06-27T09:30:00.000-04:00,SCORE_DETAIL_VP: Ctx=1 VPOCmig=1 VAprog=1 PShape=0 FinAuc=1 HVNsup=0 | bShape=0 Unfin=0 HVNoh=0 valid=true
2025-06-27T09:30:00.000-04:00,SCORE_DETAIL_SPRING: Spring=12(0.84) Ctrl=0
2025-06-27T09:30:00.000-04:00,SCORE_DETAIL_CTX: HTF=1 RS=0 OEL=0.5(5) VWAP=1(pt=5 proxW=2.303 proxM=1.184) RSI=1
2025-06-27T09:30:00.000-04:00,SCORE_PENALTY: Ghost=0 Climax=0 Stall=0 Failed=0 totalPen=0 | regime=1 vpBins=41 vpRatio=1.15
2025-06-30T09:30:00.000-04:00,SCORE_FAM: total=86.29 display=86 gate=89 cap=100 scaled=86.29 | Struct=18.9(0.63) Vol=10.95(0.438) Phase=13(0.65) VP=7.8(0.65) Spring=3.778(0.756) Ctx=9.49(0.73)
2025-06-30T09:30:00.000-04:00,SCORE_DETAIL_STRUCT: HL=25(1) Spread=15(1) PB=0(0) Power=0 Mid=0 Slope=1 Flip=0
2025-06-30T09:30:00.000-04:00,SCORE_DETAIL_VOL: Dry=15(0.6) Supply=0(0) Effort=0(0/0) Decl=1 Con=1
2025-06-30T09:30:00.000-04:00,SCORE_DETAIL_PHASE: Events=1 Accum=1 SOS=0 PhB=1 SOT=0 STup=0
2025-06-30T09:30:00.000-04:00,SCORE_DETAIL_VP: Ctx=1 VPOCmig=1 VAprog=1 PShape=0 FinAuc=1 HVNsup=0 | bShape=0 Unfin=0 HVNoh=0 valid=true
2025-06-30T09:30:00.000-04:00,SCORE_DETAIL_SPRING: Spring=12(0.84) Ctrl=0
2025-06-30T09:30:00.000-04:00,SCORE_DETAIL_CTX: HTF=1 RS=0 OEL=0.5(5) VWAP=1(pt=5 proxW=3.873 proxM=1.346) RSI=1
2025-06-30T09:30:00.000-04:00,SCORE_PENALTY: Ghost=0 Climax=0 Stall=0 Failed=0 totalPen=0 | regime=1 vpBins=41 vpRatio=0.863
2025-07-01T09:30:00.000-04:00,SCORE_FAM: total=81.2 display=81 gate=84 cap=100 scaled=81.2 | Struct=18.9(0.63) Vol=10.95(0.438) Phase=13(0.65) VP=7.8(0.65) Spring=3.778(0.756) Ctx=5.72(0.44)
2025-07-01T09:30:00.000-04:00,SCORE_DETAIL_STRUCT: HL=25(1) Spread=15(1) PB=0(0) Power=0 Mid=0 Slope=1 Flip=0
2025-07-01T09:30:00.000-04:00,SCORE_DETAIL_VOL: Dry=15(0.6) Supply=0(0) Effort=0(0/0) Decl=0 Con=1
2025-07-01T09:30:00.000-04:00,SCORE_DETAIL_PHASE: Events=1 Accum=1 SOS=0 PhB=1 SOT=0 STup=0
2025-07-01T09:30:00.000-04:00,SCORE_DETAIL_VP: Ctx=1 VPOCmig=1 VAprog=1 PShape=0 FinAuc=1 HVNsup=0 | bShape=0 Unfin=0 HVNoh=0 valid=true
2025-07-01T09:30:00.000-04:00,SCORE_DETAIL_SPRING: Spring=12(0.84) Ctrl=0
2025-07-01T09:30:00.000-04:00,SCORE_DETAIL_CTX: HTF=1 RS=0 OEL=0.5(5) VWAP=0(pt=0 proxW=3.59 proxM=3.356) RSI=1
2025-07-01T09:30:00.000-04:00,SCORE_PENALTY: Ghost=0 Climax=0 Stall=0 Failed=0 totalPen=0 | regime=1 vpBins=41 vpRatio=0.934
2025-07-02T09:30:00.000-04:00,SCORE_FAM: total=83.236 display=83 gate=86 cap=100 scaled=83.236 | Struct=18.9(0.63) Vol=10.95(0.438) Phase=13(0.65) VP=7.8(0.65) Spring=3.778(0.756) Ctx=7.228(0.556)
2025-07-02T09:30:00.000-04:00,SCORE_DETAIL_STRUCT: HL=25(1) Spread=15(1) PB=0(0) Power=0 Mid=0 Slope=1 Flip=0
2025-07-02T09:30:00.000-04:00,SCORE_DETAIL_VOL: Dry=15(0.6) Supply=0(0) Effort=0(0/0) Decl=1 Con=1
2025-07-02T09:30:00.000-04:00,SCORE_DETAIL_PHASE: Events=1 Accum=1 SOS=0 PhB=1 SOT=0 STup=0
2025-07-02T09:30:00.000-04:00,SCORE_DETAIL_VP: Ctx=1 VPOCmig=1 VAprog=1 PShape=0 FinAuc=1 HVNsup=0 | bShape=0 Unfin=0 HVNoh=0 valid=true
2025-07-02T09:30:00.000-04:00,SCORE_DETAIL_SPRING: Spring=12(0.84) Ctrl=0
2025-07-02T09:30:00.000-04:00,SCORE_DETAIL_CTX: HTF=1 RS=0 OEL=0.5(5) VWAP=0.4(pt=2 proxW=3.679 proxM=3.538) RSI=1
2025-07-02T09:30:00.000-04:00,SCORE_PENALTY: Ghost=0 Climax=0 Stall=0 Failed=0 totalPen=0 | regime=1 vpBins=41 vpRatio=0.981
2025-07-03T09:30:00.000-04:00,SCORE_FAM: total=72.706 display=73 gate=75 cap=100 scaled=72.706 | Struct=15.3(0.51) Vol=10.95(0.438) Phase=8.8(0.44) VP=7.8(0.65) Spring=3.778(0.756) Ctx=7.228(0.556)
2025-07-03T09:30:00.000-04:00,SCORE_DETAIL_STRUCT: HL=15(0.6) Spread=15(1) PB=0(0) Power=0 Mid=0 Slope=1 Flip=0
2025-07-03T09:30:00.000-04:00,SCORE_DETAIL_VOL: Dry=15(0.6) Supply=0(0) Effort=0(0/0) Decl=0 Con=1
2025-07-03T09:30:00.000-04:00,SCORE_DETAIL_PHASE: Events=1 Accum=0 SOS=0 PhB=1 SOT=0 STup=0
2025-07-03T09:30:00.000-04:00,SCORE_DETAIL_VP: Ctx=1 VPOCmig=1 VAprog=1 PShape=0 FinAuc=1 HVNsup=0 | bShape=0 Unfin=0 HVNoh=0 valid=true
2025-07-03T09:30:00.000-04:00,SCORE_DETAIL_SPRING: Spring=12(0.84) Ctrl=0
2025-07-03T09:30:00.000-04:00,SCORE_DETAIL_CTX: HTF=1 RS=0 OEL=0.5(5) VWAP=0.4(pt=2 proxW=3.848 proxM=3.794) RSI=1
2025-07-03T09:30:00.000-04:00,SCORE_PENALTY: Ghost=0 Climax=0 Stall=0 Failed=0 totalPen=0 | regime=1 vpBins=34 vpRatio=0.515
2025-07-07T09:30:00.000-04:00,SCORE_FAM: total=72.706 display=73 gate=75 cap=100 scaled=72.706 | Struct=15.3(0.51) Vol=10.95(0.438) Phase=8.8(0.44) VP=7.8(0.65) Spring=3.778(0.756) Ctx=7.228(0.556)
2025-07-07T09:30:00.000-04:00,SCORE_DETAIL_STRUCT: HL=15(0.6) Spread=15(1) PB=0(0) Power=0 Mid=0 Slope=1 Flip=0
2025-07-07T09:30:00.000-04:00,SCORE_DETAIL_VOL: Dry=15(0.6) Supply=0(0) Effort=0(0/0) Decl=0 Con=1
2025-07-07T09:30:00.000-04:00,SCORE_DETAIL_PHASE: Events=1 Accum=0 SOS=0 PhB=1 SOT=0 STup=0
2025-07-07T09:30:00.000-04:00,SCORE_DETAIL_VP: Ctx=1 VPOCmig=1 VAprog=1 PShape=0 FinAuc=1 HVNsup=0 | bShape=0 Unfin=0 HVNoh=0 valid=true
2025-07-07T09:30:00.000-04:00,SCORE_DETAIL_SPRING: Spring=12(0.84) Ctrl=0
2025-07-07T09:30:00.000-04:00,SCORE_DETAIL_CTX: HTF=1 RS=0 OEL=0.5(5) VWAP=0.4(pt=2 proxW=4.12 proxM=3.891) RSI=1
2025-07-07T09:30:00.000-04:00,SCORE_PENALTY: Ghost=0 Climax=0 Stall=0 Failed=0 totalPen=0 | regime=1 vpBins=34 vpRatio=0.591
2025-07-08T09:30:00.000-04:00,SCORE_FAM: total=69.54 display=70 gate=70 cap=100 scaled=69.54 | Struct=12.825(0.428) Vol=9.24(0.37) Phase=8.8(0.44) VP=7.8(0.65) Spring=3.778(0.756) Ctx=7.228(0.556)
2025-07-08T09:30:00.000-04:00,SCORE_DETAIL_STRUCT: HL=15(0.6) Spread=10(0.67) PB=0(0) Power=0 Mid=0 Slope=1 Flip=0
2025-07-08T09:30:00.000-04:00,SCORE_DETAIL_VOL: Dry=8(0.32) Supply=0(0) Effort=0(0/0) Decl=1 Con=1
2025-07-08T09:30:00.000-04:00,SCORE_DETAIL_PHASE: Events=1 Accum=0 SOS=0 PhB=1 SOT=0 STup=0
2025-07-08T09:30:00.000-04:00,SCORE_DETAIL_VP: Ctx=1 VPOCmig=1 VAprog=1 PShape=0 FinAuc=1 HVNsup=0 | bShape=0 Unfin=0 HVNoh=0 valid=true
2025-07-08T09:30:00.000-04:00,SCORE_DETAIL_SPRING: Spring=12(0.84) Ctrl=0
2025-07-08T09:30:00.000-04:00,SCORE_DETAIL_CTX: HTF=1 RS=0 OEL=0.5(5) VWAP=0.4(pt=2 proxW=4.33 proxM=4.115) RSI=1
2025-07-08T09:30:00.000-04:00,SCORE_PENALTY: Ghost=0 Climax=0 Stall=0 Failed=0 totalPen=0 | regime=0.8 vpBins=34 vpRatio=0.65
2025-07-09T09:30:00.000-04:00,SCORE_FAM: total=64.5 display=64 gate=64 cap=100 scaled=64.5 | Struct=9.225(0.307) Vol=9.24(0.37) Phase=8.8(0.44) VP=7.8(0.65) Spring=3.778(0.756) Ctx=7.228(0.556)
2025-07-09T09:30:00.000-04:00,SCORE_DETAIL_STRUCT: HL=5(0.2) Spread=10(0.67) PB=0(0) Power=0 Mid=0 Slope=1 Flip=0
2025-07-09T09:30:00.000-04:00,SCORE_DETAIL_VOL: Dry=8(0.32) Supply=0(0) Effort=0(0/0) Decl=1 Con=1
2025-07-09T09:30:00.000-04:00,SCORE_DETAIL_PHASE: Events=1 Accum=0 SOS=0 PhB=1 SOT=0 STup=0
2025-07-09T09:30:00.000-04:00,SCORE_DETAIL_VP: Ctx=1 VPOCmig=1 VAprog=1 PShape=0 FinAuc=1 HVNsup=0 | bShape=0 Unfin=0 HVNoh=0 valid=true
2025-07-09T09:30:00.000-04:00,SCORE_DETAIL_SPRING: Spring=12(0.84) Ctrl=0
2025-07-09T09:30:00.000-04:00,SCORE_DETAIL_CTX: HTF=1 RS=0 OEL=0.5(5) VWAP=0.4(pt=2 proxW=4.576 proxM=4.306) RSI=1
2025-07-09T09:30:00.000-04:00,SCORE_PENALTY: Ghost=0 Climax=0 Stall=0 Failed=0 totalPen=0 | regime=0.8 vpBins=34 vpRatio=0.935
2025-07-10T09:30:00.000-04:00,SCORE_FAM: total=86.594 display=87 gate=87 cap=100 scaled=86.594 | Struct=21.525(0.718) Vol=10.95(0.438) Phase=8.8(0.44) VP=9(0.75) Spring=3.778(0.756) Ctx=7.8(0.6)
2025-07-10T09:30:00.000-04:00,SCORE_DETAIL_STRUCT: HL=25(1) Spread=10(0.67) PB=0(0) Power=0 Mid=1 Slope=1 Flip=1
2025-07-10T09:30:00.000-04:00,SCORE_DETAIL_VOL: Dry=15(0.6) Supply=0(0) Effort=0(0/0) Decl=1 Con=1
2025-07-10T09:30:00.000-04:00,SCORE_DETAIL_PHASE: Events=1 Accum=0 SOS=0 PhB=1 SOT=0 STup=0
2025-07-10T09:30:00.000-04:00,SCORE_DETAIL_VP: Ctx=1 VPOCmig=1 VAprog=1 PShape=0 FinAuc=1 HVNsup=1 | bShape=0 Unfin=0 HVNoh=0 valid=true
2025-07-10T09:30:00.000-04:00,SCORE_DETAIL_SPRING: Spring=12(0.84) Ctrl=0
2025-07-10T09:30:00.000-04:00,SCORE_DETAIL_CTX: HTF=1 RS=0 OEL=0(0) VWAP=1(pt=5 proxW=0.163 proxM=0.104) RSI=1
2025-07-10T09:30:00.000-04:00,SCORE_PENALTY: Ghost=0 Climax=0 Stall=0 Failed=0 totalPen=0 | regime=0.8 vpBins=34 vpRatio=1.009
2025-07-11T09:30:00.000-04:00,SCORE_FAM: total=88.379 display=88 gate=88 cap=100 scaled=88.379 | Struct=24(0.8) Vol=10.95(0.438) Phase=8.8(0.44) VP=7.8(0.65) Spring=3.778(0.756) Ctx=7.8(0.6)
2025-07-11T09:30:00.000-04:00,SCORE_DETAIL_STRUCT: HL=25(1) Spread=15(1) PB=0(0) Power=0 Mid=1 Slope=1 Flip=1
2025-07-11T09:30:00.000-04:00,SCORE_DETAIL_VOL: Dry=15(0.6) Supply=0(0) Effort=0(0/0) Decl=1 Con=0
2025-07-11T09:30:00.000-04:00,SCORE_DETAIL_PHASE: Events=1 Accum=0 SOS=0 PhB=1 SOT=0 STup=0
2025-07-11T09:30:00.000-04:00,SCORE_DETAIL_VP: Ctx=1 VPOCmig=1 VAprog=1 PShape=0 FinAuc=1 HVNsup=1 | bShape=0 Unfin=0 HVNoh=-1 valid=true
2025-07-11T09:30:00.000-04:00,SCORE_DETAIL_SPRING: Spring=12(0.84) Ctrl=0
2025-07-11T09:30:00.000-04:00,SCORE_DETAIL_CTX: HTF=1 RS=0 OEL=0(0) VWAP=1(pt=5 proxW=0.288 proxM=0.045) RSI=1
2025-07-11T09:30:00.000-04:00,SCORE_PENALTY: Ghost=0 Climax=0 Stall=0 Failed=0 totalPen=0 | regime=0.8 vpBins=34 vpRatio=1.094
2025-07-14T09:30:00.000-04:00,SCORE_FAM: total=103.394 display=100 gate=100 cap=100 scaled=103.394 | Struct=27.525(0.917) Vol=10.95(0.438) Phase=13(0.65) VP=10.8(0.9) Spring=3.778(0.756) Ctx=7.8(0.6)
2025-07-14T09:30:00.000-04:00,SCORE_DETAIL_STRUCT: HL=25(1) Spread=10(0.67) PB=0(0) Power=1 Mid=1 Slope=1 Flip=1
2025-07-14T09:30:00.000-04:00,SCORE_DETAIL_VOL: Dry=15(0.6) Supply=0(0) Effort=0(0/0) Decl=1 Con=0
2025-07-14T09:30:00.000-04:00,SCORE_DETAIL_PHASE: Events=1 Accum=1 SOS=0 PhB=1 SOT=0 STup=0
2025-07-14T09:30:00.000-04:00,SCORE_DETAIL_VP: Ctx=1 VPOCmig=1 VAprog=1 PShape=1 FinAuc=1 HVNsup=0 | bShape=0 Unfin=0 HVNoh=0 valid=true
2025-07-14T09:30:00.000-04:00,SCORE_DETAIL_SPRING: Spring=12(0.84) Ctrl=0
2025-07-14T09:30:00.000-04:00,SCORE_DETAIL_CTX: HTF=1 RS=0 OEL=0(0) VWAP=1(pt=5 proxW=0.54 proxM=0.158) RSI=1
2025-07-14T09:30:00.000-04:00,SCORE_PENALTY: Ghost=0 Climax=0 Stall=0 Failed=0 totalPen=0 | regime=0.8 vpBins=34 vpRatio=1.173
2025-07-15T09:30:00.000-04:00,SCORE_FAM: total=86.58 display=87 gate=87 cap=100 scaled=86.58 | Struct=21.525(0.718) Vol=6.74(0.27) Phase=13(0.65) VP=9(0.75) Spring=3.778(0.756) Ctx=7.8(0.6)
2025-07-15T09:30:00.000-04:00,SCORE_DETAIL_STRUCT: HL=25(1) Spread=10(0.67) PB=0(0) Power=0 Mid=1 Slope=1 Flip=1
2025-07-15T09:30:00.000-04:00,SCORE_DETAIL_VOL: Dry=8(0.32) Supply=0(0) Effort=0(0/0) Decl=1 Con=0
2025-07-15T09:30:00.000-04:00,SCORE_DETAIL_PHASE: Events=1 Accum=1 SOS=0 PhB=1 SOT=0 STup=0
2025-07-15T09:30:00.000-04:00,SCORE_DETAIL_VP: Ctx=1 VPOCmig=1 VAprog=1 PShape=0 FinAuc=1 HVNsup=1 | bShape=0 Unfin=0 HVNoh=0 valid=true
2025-07-15T09:30:00.000-04:00,SCORE_DETAIL_SPRING: Spring=12(0.84) Ctrl=0
2025-07-15T09:30:00.000-04:00,SCORE_DETAIL_CTX: HTF=1 RS=0 OEL=0(0) VWAP=1(pt=5 proxW=0.832 proxM=0.26) RSI=1
2025-07-15T09:30:00.000-04:00,SCORE_PENALTY: Ghost=0 Climax=0 Stall=0 Failed=0 totalPen=0 | regime=0.8 vpBins=47 vpRatio=0.684
2025-07-16T09:30:00.000-04:00,SCORE_FAM: total=81.33 display=81 gate=81 cap=100 scaled=81.33 | Struct=18.975(0.633) Vol=6.74(0.27) Phase=13(0.65) VP=7.8(0.65) Spring=3.778(0.756) Ctx=7.8(0.6)
2025-07-16T09:30:00.000-04:00,SCORE_DETAIL_STRUCT: HL=25(1) Spread=5(0.33) PB=0(0) Power=0 Mid=1 Slope=1 Flip=1
2025-07-16T09:30:00.000-04:00,SCORE_DETAIL_VOL: Dry=8(0.32) Supply=0(0) Effort=0(0/0) Decl=1 Con=0
2025-07-16T09:30:00.000-04:00,SCORE_DETAIL_PHASE: Events=1 Accum=1 SOS=0 PhB=1 SOT=0 STup=0
2025-07-16T09:30:00.000-04:00,SCORE_DETAIL_VP: Ctx=1 VPOCmig=1 VAprog=1 PShape=0 FinAuc=1 HVNsup=0 | bShape=0 Unfin=0 HVNoh=0 valid=true
2025-07-16T09:30:00.000-04:00,SCORE_DETAIL_SPRING: Spring=12(0.84) Ctrl=0
2025-07-16T09:30:00.000-04:00,SCORE_DETAIL_CTX: HTF=1 RS=0 OEL=0(0) VWAP=1(pt=5 proxW=0.801 proxM=0.322) RSI=1
2025-07-16T09:30:00.000-04:00,SCORE_PENALTY: Ghost=0 Climax=0 Stall=0 Failed=0 totalPen=0 | regime=0.8 vpBins=47 vpRatio=0.731
2025-07-16T09:30:00.000-04:00,LPS ENTRY: price=557.29 score=81 gate=81 mode=Close Above SOS Midpoint spring=true(conf=0.84) closeStr=0.662 volOk=true bars=5 pullback=5.078% prelimRisk=1.028%
2025-07-16T09:30:00.000-04:00,LPS DIST: warnLevel=0 liveCnt=0 bcAge=141 utadAge=203 sowAge=-1 lpsyAge=-1
2025-07-16T09:30:00.000-04:00,LPS STOP: mode=LPS Low price=549.905 stack=0 vwapW=556.519 vwapM=553.556 VAL=520.854
2025-07-16T09:30:00.000-04:00,COMP VP: VPOC=440.861 VAH=NaN hvnAbove=NaN lvnAbove=NaN
2025-08-08T09:30:00.000-04:00,SCORE_FAM: total=82.394 display=82 gate=82 cap=100 scaled=82.394 | Struct=18.525(0.617) Vol=10.95(0.438) Phase=8.8(0.44) VP=9(0.75) Spring=3.778(0.756) Ctx=7.8(0.6)
2025-08-08T09:30:00.000-04:00,SCORE_DETAIL_STRUCT: HL=25(1) Spread=10(0.67) PB=0(0) Power=0 Mid=0 Slope=1 Flip=1
2025-08-08T09:30:00.000-04:00,SCORE_DETAIL_VOL: Dry=15(0.6) Supply=0(0) Effort=0(0/0) Decl=0 Con=1
2025-08-08T09:30:00.000-04:00,SCORE_DETAIL_PHASE: Events=1 Accum=0 SOS=0 PhB=1 SOT=0 STup=0
2025-08-08T09:30:00.000-04:00,SCORE_DETAIL_VP: Ctx=1 VPOCmig=1 VAprog=1 PShape=0 FinAuc=1 HVNsup=1 | bShape=0 Unfin=0 HVNoh=0 valid=true
2025-08-08T09:30:00.000-04:00,SCORE_DETAIL_SPRING: Spring=12(0.84) Ctrl=0
2025-08-08T09:30:00.000-04:00,SCORE_DETAIL_CTX: HTF=1 RS=0 OEL=0(0) VWAP=1(pt=5 proxW=0.618 proxM=1.025) RSI=1
2025-08-08T09:30:00.000-04:00,SCORE_PENALTY: Ghost=0 Climax=0 Stall=0 Failed=0 totalPen=0 | regime=0.8 vpBins=34 vpRatio=0.887
2025-08-11T09:30:00.000-04:00,SCORE_FAM: total=77.116 display=77 gate=77 cap=100 scaled=77.116 | Struct=18.525(0.617) Vol=10.95(0.438) Phase=8.8(0.44) VP=9(0.75) Spring=3.778(0.756) Ctx=4.03(0.31)
2025-08-11T09:30:00.000-04:00,SCORE_DETAIL_STRUCT: HL=25(1) Spread=10(0.67) PB=0(0) Power=0 Mid=0 Slope=1 Flip=1
2025-08-11T09:30:00.000-04:00,SCORE_DETAIL_VOL: Dry=15(0.6) Supply=0(0) Effort=0(0/0) Decl=0 Con=1
2025-08-11T09:30:00.000-04:00,SCORE_DETAIL_PHASE: Events=1 Accum=0 SOS=0 PhB=1 SOT=0 STup=0
2025-08-11T09:30:00.000-04:00,SCORE_DETAIL_VP: Ctx=1 VPOCmig=1 VAprog=1 PShape=0 FinAuc=1 HVNsup=1 | bShape=0 Unfin=0 HVNoh=0 valid=true
2025-08-11T09:30:00.000-04:00,SCORE_DETAIL_SPRING: Spring=12(0.84) Ctrl=0
2025-08-11T09:30:00.000-04:00,SCORE_DETAIL_CTX: HTF=1 RS=0 OEL=0(0) VWAP=0(pt=0 proxW=0.549 proxM=0.877) RSI=1
2025-08-11T09:30:00.000-04:00,SCORE_PENALTY: Ghost=0 Climax=0 Stall=0 Failed=0 totalPen=0 | regime=0.8 vpBins=41 vpRatio=1.127
2025-08-12T09:30:00.000-04:00,SCORE_FAM: total=78.824 display=79 gate=79 cap=100 scaled=78.824 | Struct=15.975(0.532) Vol=10.95(0.438) Phase=8.8(0.44) VP=9(0.75) Spring=3.778(0.756) Ctx=7.8(0.6)
2025-08-12T09:30:00.000-04:00,SCORE_DETAIL_STRUCT: HL=25(1) Spread=5(0.33) PB=0(0) Power=0 Mid=0 Slope=1 Flip=1
2025-08-12T09:30:00.000-04:00,SCORE_DETAIL_VOL: Dry=15(0.6) Supply=0(0) Effort=0(0/0) Decl=0 Con=1
2025-08-12T09:30:00.000-04:00,SCORE_DETAIL_PHASE: Events=1 Accum=0 SOS=0 PhB=1 SOT=0 STup=0
2025-08-12T09:30:00.000-04:00,SCORE_DETAIL_VP: Ctx=1 VPOCmig=1 VAprog=1 PShape=0 FinAuc=1 HVNsup=1 | bShape=0 Unfin=0 HVNoh=0 valid=true
2025-08-12T09:30:00.000-04:00,SCORE_DETAIL_SPRING: Spring=12(0.84) Ctrl=0
2025-08-12T09:30:00.000-04:00,SCORE_DETAIL_CTX: HTF=1 RS=0 OEL=0(0) VWAP=1(pt=5 proxW=0.869 proxM=0.632) RSI=1
2025-08-12T09:30:00.000-04:00,SCORE_PENALTY: Ghost=0 Climax=0 Stall=0 Failed=0 totalPen=0 | regime=0.8 vpBins=41 vpRatio=0.859
2025-08-13T09:30:00.000-04:00,SCORE_FAM: total=78.824 display=79 gate=79 cap=100 scaled=78.824 | Struct=15.975(0.532) Vol=10.95(0.438) Phase=8.8(0.44) VP=9(0.75) Spring=3.778(0.756) Ctx=7.8(0.6)
2025-08-13T09:30:00.000-04:00,SCORE_DETAIL_STRUCT: HL=25(1) Spread=5(0.33) PB=0(0) Power=0 Mid=0 Slope=1 Flip=1
2025-08-13T09:30:00.000-04:00,SCORE_DETAIL_VOL: Dry=15(0.6) Supply=0(0) Effort=0(0/0) Decl=0 Con=0
2025-08-13T09:30:00.000-04:00,SCORE_DETAIL_PHASE: Events=1 Accum=0 SOS=0 PhB=1 SOT=0 STup=0
2025-08-13T09:30:00.000-04:00,SCORE_DETAIL_VP: Ctx=1 VPOCmig=1 VAprog=1 PShape=0 FinAuc=1 HVNsup=1 | bShape=0 Unfin=0 HVNoh=0 valid=true
2025-08-13T09:30:00.000-04:00,SCORE_DETAIL_SPRING: Spring=12(0.84) Ctrl=0
2025-08-13T09:30:00.000-04:00,SCORE_DETAIL_CTX: HTF=1 RS=0 OEL=0(0) VWAP=1(pt=5 proxW=1.161 proxM=0.413) RSI=1
2025-08-13T09:30:00.000-04:00,SCORE_PENALTY: Ghost=0 Climax=0 Stall=0 Failed=0 totalPen=0 | regime=0.8 vpBins=41 vpRatio=0.557
2025-08-14T09:30:00.000-04:00,SCORE_FAM: total=69.43 display=69 gate=69 cap=100 scaled=69.43 | Struct=15.975(0.532) Vol=4.24(0.17) Phase=8.8(0.44) VP=9(0.75) Spring=3.778(0.756) Ctx=7.8(0.6)
2025-08-14T09:30:00.000-04:00,SCORE_DETAIL_STRUCT: HL=25(1) Spread=5(0.33) PB=0(0) Power=0 Mid=0 Slope=1 Flip=1
2025-08-14T09:30:00.000-04:00,SCORE_DETAIL_VOL: Dry=8(0.32) Supply=0(0) Effort=0(0/0) Decl=0 Con=0
2025-08-14T09:30:00.000-04:00,SCORE_DETAIL_PHASE: Events=1 Accum=0 SOS=0 PhB=1 SOT=0 STup=0
2025-08-14T09:30:00.000-04:00,SCORE_DETAIL_VP: Ctx=1 VPOCmig=1 VAprog=1 PShape=0 FinAuc=1 HVNsup=1 | bShape=0 Unfin=0 HVNoh=0 valid=true
2025-08-14T09:30:00.000-04:00,SCORE_DETAIL_SPRING: Spring=12(0.84) Ctrl=0
2025-08-14T09:30:00.000-04:00,SCORE_DETAIL_CTX: HTF=1 RS=0 OEL=0(0) VWAP=1(pt=5 proxW=1.293 proxM=0.225) RSI=1
2025-08-14T09:30:00.000-04:00,SCORE_PENALTY: Ghost=0 Climax=0 Stall=0 Failed=0 totalPen=0 | regime=0.8 vpBins=41 vpRatio=0.613
2025-08-15T09:30:00.000-04:00,SCORE_FAM: total=64.152 display=64 gate=64 cap=100 scaled=64.152 | Struct=15.975(0.532) Vol=4.24(0.17) Phase=8.8(0.44) VP=9(0.75) Spring=3.778(0.756) Ctx=4.03(0.31)
2025-08-15T09:30:00.000-04:00,SCORE_DETAIL_STRUCT: HL=25(1) Spread=5(0.33) PB=0(0) Power=0 Mid=0 Slope=1 Flip=1
2025-08-15T09:30:00.000-04:00,SCORE_DETAIL_VOL: Dry=8(0.32) Supply=0(0) Effort=0(0/0) Decl=0 Con=0
2025-08-15T09:30:00.000-04:00,SCORE_DETAIL_PHASE: Events=1 Accum=0 SOS=0 PhB=1 SOT=0 STup=0
2025-08-15T09:30:00.000-04:00,SCORE_DETAIL_VP: Ctx=1 VPOCmig=1 VAprog=1 PShape=0 FinAuc=1 HVNsup=1 | bShape=0 Unfin=0 HVNoh=0 valid=true
2025-08-15T09:30:00.000-04:00,SCORE_DETAIL_SPRING: Spring=12(0.84) Ctrl=0
2025-08-15T09:30:00.000-04:00,SCORE_DETAIL_CTX: HTF=1 RS=0 OEL=0(0) VWAP=0(pt=0 proxW=1.296 proxM=0.088) RSI=1
2025-08-15T09:30:00.000-04:00,SCORE_PENALTY: Ghost=0 Climax=0 Stall=0 Failed=0 totalPen=0 | regime=0.8 vpBins=41 vpRatio=0.673
2025-08-18T09:30:00.000-04:00,SCORE_FAM: total=73 display=73 gate=73 cap=100 scaled=73 | Struct=18.525(0.617) Vol=4.24(0.17) Phase=8.8(0.44) VP=9(0.75) Spring=3.778(0.756) Ctx=7.8(0.6)
2025-08-18T09:30:00.000-04:00,SCORE_DETAIL_STRUCT: HL=25(1) Spread=10(0.67) PB=0(0) Power=0 Mid=0 Slope=1 Flip=1
2025-08-18T09:30:00.000-04:00,SCORE_DETAIL_VOL: Dry=8(0.32) Supply=0(0) Effort=0(0/0) Decl=0 Con=0
2025-08-18T09:30:00.000-04:00,SCORE_DETAIL_PHASE: Events=1 Accum=0 SOS=0 PhB=1 SOT=0 STup=0
2025-08-18T09:30:00.000-04:00,SCORE_DETAIL_VP: Ctx=1 VPOCmig=1 VAprog=1 PShape=0 FinAuc=1 HVNsup=1 | bShape=0 Unfin=0 HVNoh=0 valid=true
2025-08-18T09:30:00.000-04:00,SCORE_DETAIL_SPRING: Spring=12(0.84) Ctrl=0
2025-08-18T09:30:00.000-04:00,SCORE_DETAIL_CTX: HTF=1 RS=0 OEL=0(0) VWAP=1(pt=5 proxW=1.112 proxM=0.024) RSI=1
2025-08-18T09:30:00.000-04:00,SCORE_PENALTY: Ghost=0 Climax=0 Stall=0 Failed=0 totalPen=0 | regime=0.8 vpBins=41 vpRatio=0.71
2025-08-19T09:30:00.000-04:00,SCORE_FAM: total=65.412 display=65 gate=65 cap=100 scaled=65.412 | Struct=16.875(0.562) Vol=4.24(0.17) Phase=8.8(0.44) VP=9(0.75) Spring=3.778(0.756) Ctx=4.03(0.31)
2025-08-19T09:30:00.000-04:00,SCORE_DETAIL_STRUCT: HL=25(1) Spread=5(0.33) PB=0(0) Power=0 Mid=1 Slope=1 Flip=0
2025-08-19T09:30:00.000-04:00,SCORE_DETAIL_VOL: Dry=8(0.32) Supply=0(0) Effort=0(0/0) Decl=0 Con=0
2025-08-19T09:30:00.000-04:00,SCORE_DETAIL_PHASE: Events=1 Accum=0 SOS=0 PhB=1 SOT=0 STup=0
2025-08-19T09:30:00.000-04:00,SCORE_DETAIL_VP: Ctx=1 VPOCmig=1 VAprog=1 PShape=0 FinAuc=1 HVNsup=1 | bShape=0 Unfin=0 HVNoh=0 valid=true
2025-08-19T09:30:00.000-04:00,SCORE_DETAIL_SPRING: Spring=12(0.84) Ctrl=0
2025-08-19T09:30:00.000-04:00,SCORE_DETAIL_CTX: HTF=1 RS=0 OEL=0(0) VWAP=0(pt=0 proxW=0.822 proxM=0.309) RSI=1
2025-08-19T09:30:00.000-04:00,SCORE_PENALTY: Ghost=0 Climax=0 Stall=0 Failed=0 totalPen=0 | regime=0.8 vpBins=41 vpRatio=0.776
2025-08-20T09:30:00.000-04:00,SCORE_FAM: total=66.252 display=66 gate=66 cap=100 scaled=66.252 | Struct=19.875(0.662) Vol=4.24(0.17) Phase=8.8(0.44) VP=6.6(0.55) Spring=3.778(0.756) Ctx=4.03(0.31)
2025-08-20T09:30:00.000-04:00,SCORE_DETAIL_STRUCT: HL=25(1) Spread=5(0.33) PB=15(1) Power=0 Mid=0 Slope=1 Flip=0
2025-08-20T09:30:00.000-04:00,SCORE_DETAIL_VOL: Dry=8(0.32) Supply=0(0) Effort=0(0/0) Decl=0 Con=0
2025-08-20T09:30:00.000-04:00,SCORE_DETAIL_PHASE: Events=1 Accum=0 SOS=0 PhB=1 SOT=0 STup=0
2025-08-20T09:30:00.000-04:00,SCORE_DETAIL_VP: Ctx=1 VPOCmig=1 VAprog=1 PShape=0 FinAuc=1 HVNsup=0 | bShape=0 Unfin=0 HVNoh=-1 valid=true
2025-08-20T09:30:00.000-04:00,SCORE_DETAIL_SPRING: Spring=12(0.84) Ctrl=0
2025-08-20T09:30:00.000-04:00,SCORE_DETAIL_CTX: HTF=1 RS=0 OEL=0(0) VWAP=0(pt=0 proxW=1.587 proxM=1.656) RSI=1
2025-08-20T09:30:00.000-04:00,SCORE_PENALTY: Ghost=0 Climax=0 Stall=0 Failed=0 totalPen=0 | regime=0.8 vpBins=41 vpRatio=0.709
2025-08-21T09:30:00.000-04:00,SCORE_FAM: total=64.152 display=64 gate=64 cap=100 scaled=64.152 | Struct=19.875(0.662) Vol=4.24(0.17) Phase=8.8(0.44) VP=5.1(0.425) Spring=3.778(0.756) Ctx=4.03(0.31)
2025-08-21T09:30:00.000-04:00,SCORE_DETAIL_STRUCT: HL=25(1) Spread=5(0.33) PB=15(1) Power=0 Mid=0 Slope=1 Flip=0
2025-08-21T09:30:00.000-04:00,SCORE_DETAIL_VOL: Dry=8(0.32) Supply=0(0) Effort=0(0/0) Decl=0 Con=0
2025-08-21T09:30:00.000-04:00,SCORE_DETAIL_PHASE: Events=1 Accum=0 SOS=0 PhB=1 SOT=0 STup=0
2025-08-21T09:30:00.000-04:00,SCORE_DETAIL_VP: Ctx=0.5 VPOCmig=1 VAprog=1 PShape=0 FinAuc=1 HVNsup=1 | bShape=-0.25 Unfin=0 HVNoh=-1 valid=true
2025-08-21T09:30:00.000-04:00,SCORE_DETAIL_SPRING: Spring=12(0.84) Ctrl=0
2025-08-21T09:30:00.000-04:00,SCORE_DETAIL_CTX: HTF=1 RS=0 OEL=0(0) VWAP=0(pt=0 proxW=1.411 proxM=1.612) RSI=1
2025-08-21T09:30:00.000-04:00,SCORE_PENALTY: Ghost=0 Climax=0 Stall=0 Failed=0 totalPen=0 | regime=0.8 vpBins=41 vpRatio=0.674
2025-08-22T09:30:00.000-04:00,SCORE_FAM: total=83.097 display=83 gate=86 cap=100 scaled=83.097 | Struct=22.425(0.747) Vol=10.95(0.438) Phase=8.8(0.44) VP=7.8(0.65) Spring=3.778(0.756) Ctx=7.8(0.6)
2025-08-22T09:30:00.000-04:00,SCORE_DETAIL_STRUCT: HL=25(1) Spread=10(0.67) PB=15(1) Power=0 Mid=0 Slope=1 Flip=0
2025-08-22T09:30:00.000-04:00,SCORE_DETAIL_VOL: Dry=15(0.6) Supply=0(0) Effort=0(0/0) Decl=0 Con=0
2025-08-22T09:30:00.000-04:00,SCORE_DETAIL_PHASE: Events=1 Accum=0 SOS=0 PhB=1 SOT=0 STup=0
2025-08-22T09:30:00.000-04:00,SCORE_DETAIL_VP: Ctx=1 VPOCmig=1 VAprog=1 PShape=0 FinAuc=1 HVNsup=0 | bShape=0 Unfin=0 HVNoh=0 valid=true
2025-08-22T09:30:00.000-04:00,SCORE_DETAIL_SPRING: Spring=12(0.84) Ctrl=0
2025-08-22T09:30:00.000-04:00,SCORE_DETAIL_CTX: HTF=1 RS=0 OEL=0(0) VWAP=1(pt=5 proxW=1.403 proxM=1.543) RSI=1
2025-08-22T09:30:00.000-04:00,SCORE_PENALTY: Ghost=0 Climax=0 Stall=0 Failed=0 totalPen=0 | regime=1 vpBins=41 vpRatio=0.729
2025-08-22T09:30:00.000-04:00,LPS ENTRY: price=571.97 score=83 gate=86 mode=Close Above SOS Midpoint spring=true(conf=0.84) closeStr=0.812 volOk=true bars=11 pullback=12.113% prelimRisk=2.296%
2025-08-22T09:30:00.000-04:00,LPS DIST: warnLevel=0 liveCnt=0 bcAge=168 utadAge=230 sowAge=-1 lpsyAge=-1
2025-08-22T09:30:00.000-04:00,LPS STOP: mode=LPS Low price=557.163 stack=0 vwapW=568.188 vwapM=569.125 VAL=546.12
2025-08-22T09:30:00.000-04:00,COMP VP: VPOC=441.161 VAH=NaN hvnAbove=NaN lvnAbove=572.981
2025-09-30T09:30:00.000-04:00,SCORE_FAM: total=95.68 display=96 gate=96 cap=100 scaled=95.68 | Struct=27.525(0.917) Vol=4.24(0.17) Phase=13(0.65) VP=12(1) Spring=3.778(0.756) Ctx=7.8(0.6)
2025-09-30T09:30:00.000-04:00,SCORE_DETAIL_STRUCT: HL=25(1) Spread=10(0.67) PB=0(0) Power=1 Mid=1 Slope=1 Flip=1
2025-09-30T09:30:00.000-04:00,SCORE_DETAIL_VOL: Dry=8(0.32) Supply=0(0) Effort=0(0/0) Decl=0 Con=0
2025-09-30T09:30:00.000-04:00,SCORE_DETAIL_PHASE: Events=1 Accum=1 SOS=0 PhB=1 SOT=0 STup=0
2025-09-30T09:30:00.000-04:00,SCORE_DETAIL_VP: Ctx=1 VPOCmig=1 VAprog=1 PShape=1 FinAuc=1 HVNsup=1 | bShape=0 Unfin=0 HVNoh=0 valid=true
2025-09-30T09:30:00.000-04:00,SCORE_DETAIL_SPRING: Spring=12(0.84) Ctrl=0
2025-09-30T09:30:00.000-04:00,SCORE_DETAIL_CTX: HTF=1 RS=0 OEL=0(0) VWAP=1(pt=5 proxW=0.534 proxM=1.465) RSI=1
2025-09-30T09:30:00.000-04:00,SCORE_PENALTY: Ghost=0 Climax=0 Stall=0 Failed=0 totalPen=0 | regime=0.8 vpBins=71 vpRatio=1.63
2025-11-20T09:30:00.000-05:00,"DIST SOW: bar=6,718 close=585.67 support=588.5"
2025-11-21T09:30:00.000-05:00,SPRING: conf=0.532 [close=0.172 reclaim=0.016 vol=0.153 age=0.125 tests=0.067] pivot=589.05 pivotAge=30b
2025-11-26T09:30:00.000-05:00,"DIST LPSY: bar=6,722 close=614.27 vol=42,393,598 volAvg=66,635,551.05"
2026-01-21T09:30:00.000-05:00,SPRING: conf=0.694 [close=0.201 reclaim=0.122 vol=0.166 age=0.139 tests=0.067] pivot=610.15 pivotAge=12b
2026-02-06T09:30:00.000-05:00,SPRING: conf=0.609 [close=0.258 reclaim=0.051 vol=0.128 age=0.138 tests=0.033] pivot=607.05 pivotAge=13b
2026-02-12T09:30:00.000-05:00,SPRING: conf=0.34 [close=0.02 reclaim=0.006 vol=0.129 age=0.12 tests=0.067] pivot=600.28 pivotAge=38b
2026-02-13T09:30:00.000-05:00,SPRING_DAILY: conf=0.563 [close=0.164 reclaim=0.041 vol=0.108] support=600.28 pen=3.86
2026-02-17T09:30:00.000-05:00,SPRING: conf=0.73 [close=0.225 reclaim=0.154 vol=0.107 age=0.143 tests=0.1] pivot=594.76 pivotAge=7b
2026-02-20T09:30:00.000-05:00,SPRING_DAILY: conf=0.816 [close=0.258 reclaim=0.192 vol=0.116] support=600.28 pen=1.05
2026-02-24T09:30:00.000-05:00,SPRING_DAILY: conf=0.802 [close=0.264 reclaim=0.205 vol=0.083] support=600.28 pen=0.55
2026-02-27T09:30:00.000-05:00,"STATUS: TR=true, SOS=1, LPS=0, VP=true, Score=0, VPOCmig=true"
