Date,Message
2010-08-12T09:30:00.000-04:00,"TR DETECTED: Support=1.159, Resistance=1.483, Len=20, SlopeUp=false"
2010-09-16T09:30:00.000-04:00,"DIST BC: bar=55 high=1.544 vol=40,288,240 volAvg=8,989,546"
2010-09-24T09:30:00.000-04:00,SPRING: conf=0.7 [close=0.25 reclaim=0.157 vol=0.085 age=0.141 tests=0.067] pivot=1.317 pivotAge=10b
2010-11-01T09:30:00.000-04:00,"SOS CONFIRMED: rally=30.822% low=1.159 high=1.517 bars=26 avgVol=9,036,922.385 adjMinRally=3.5"
2010-11-01T09:30:00.000-04:00,SCORE_FAM: total=42.686 display=43 gate=45 cap=100 scaled=57.686 | Struct=18(0.6) Vol=10.95(0.438) Phase=0(0) VP=6.6(0.55) Spring=3.15(0.63) Ctx=4.03(0.31)
2010-11-01T09:30:00.000-04:00,SCORE_DETAIL_STRUCT: HL=25(1) Spread=0(0) PB=15(1) Power=0 Mid=1 Slope=0 Flip=0
2010-11-01T09:30:00.000-04:00,SCORE_DETAIL_VOL: Dry=15(0.6) Supply=0(0) Effort=0(0/0) Decl=1 Con=1
2010-11-01T09:30:00.000-04:00,SCORE_DETAIL_PHASE: Events=0 Accum=0 SOS=0 PhB=0 SOT=0 STup=0
2010-11-01T09:30:00.000-04:00,SCORE_DETAIL_VP: Ctx=1 VPOCmig=0 VAprog=0 PShape=1 FinAuc=1 HVNsup=1 | bShape=0 Unfin=0 HVNoh=-1 valid=true
2010-11-01T09:30:00.000-04:00,SCORE_DETAIL_CTX: HTF=0 RS=0 OEL=1(10) VWAP=0(pt=0 proxW=0.682 proxM=0.682) RSI=1
2010-11-01T09:30:00.000-04:00,SCORE_PENALTY: Ghost=-15 Climax=0 Stall=0 Failed=0 totalPen=-15 | regime=1 vpBins=47 vpRatio=2.189
2010-11-02T09:30:00.000-04:00,SCORE_FAM: total=53.857 display=54 gate=56 cap=100 scaled=68.857 | Struct=18.975(0.632) Vol=18.25(0.73) Phase=0(0) VP=6.6(0.55) Spring=3.15(0.63) Ctx=4.03(0.31)
2010-11-02T09:30:00.000-04:00,SCORE_DETAIL_STRUCT: HL=25(1) Spread=2(0.13) PB=15(1) Power=0 Mid=1 Slope=0 Flip=0
2010-11-02T09:30:00.000-04:00,SCORE_DETAIL_VOL: Dry=25(1) Supply=0(0) Effort=0(0/0) Decl=0 Con=0
2010-11-02T09:30:00.000-04:00,SCORE_DETAIL_PHASE: Events=0 Accum=0 SOS=0 PhB=0 SOT=0 STup=0
2010-11-02T09:30:00.000-04:00,SCORE_DETAIL_VP: Ctx=1 VPOCmig=0 VAprog=0 PShape=1 FinAuc=1 HVNsup=0 | bShape=0 Unfin=0 HVNoh=0 valid=true
2010-11-02T09:30:00.000-04:00,SCORE_DETAIL_CTX: HTF=0 RS=0 OEL=1(10) VWAP=0(pt=0 proxW=0.785 proxM=0.785) RSI=1
2010-11-02T09:30:00.000-04:00,SCORE_PENALTY: Ghost=-15 Climax=0 Stall=0 Failed=0 totalPen=-15 | regime=1 vpBins=47 vpRatio=2.212
2010-11-03T09:30:00.000-04:00,SCORE_FAM: total=75.567 display=76 gate=78 cap=100 scaled=75.567 | Struct=21.375(0.712) Vol=18.25(0.73) Phase=0(0) VP=5.4(0.45) Spring=3.15(0.63) Ctx=7.8(0.6)
2010-11-03T09:30:00.000-04:00,SCORE_DETAIL_STRUCT: HL=25(1) Spread=2(0.13) PB=15(1) Power=0 Mid=1 Slope=1 Flip=0
2010-11-03T09:30:00.000-04:00,SCORE_DETAIL_VOL: Dry=25(1) Supply=0(0) Effort=0(0/0) Decl=0 Con=0
2010-11-03T09:30:00.000-04:00,SCORE_DETAIL_PHASE: Events=0 Accum=0 SOS=0 PhB=0 SOT=0 STup=0
2010-11-03T09:30:00.000-04:00,SCORE_DETAIL_VP: Ctx=1 VPOCmig=0 VAprog=0 PShape=1 FinAuc=1 HVNsup=0 | bShape=0 Unfin=0 HVNoh=-1 valid=true
2010-11-03T09:30:00.000-04:00,SCORE_DETAIL_CTX: HTF=0 RS=0 OEL=1(10) VWAP=1(pt=5 proxW=0.811 proxM=0.811) RSI=1
2010-11-03T09:30:00.000-04:00,SCORE_PENALTY: Ghost=0 Climax=0 Stall=0 Failed=0 totalPen=0 | regime=1 vpBins=47 vpRatio=2.238
2010-11-03T09:30:00.000-04:00,LPS ENTRY: price=1.451 score=76 gate=78 mode=Close Above SOS Midpoint spring=true(conf=0.7) closeStr=0.455 volOk=true bars=3 pullback=31.716% prelimRisk=3.307%
2010-11-03T09:30:00.000-04:00,LPS DIST: warnLevel=1 liveCnt=1 bcAge=34 utadAge=-1 sowAge=-1 lpsyAge=-1
2010-11-03T09:30:00.000-04:00,LPS STOP: mode=LPS Low price=1.399 stack=0 vwapW=1.447 vwapM=1.447 VAL=1.315
2010-11-23T09:30:00.000-05:00,SCORE_FAM: total=55.809 display=56 gate=58 cap=100 scaled=55.809 | Struct=20.4(0.68) Vol=3.75(-0.45) Phase=0(0) VP=7.8(0.65) Spring=3.15(0.63) Ctx=6.24(0.48)
2010-11-23T09:30:00.000-05:00,SCORE_DETAIL_STRUCT: HL=25(1) Spread=0(0) PB=15(1) Power=0 Mid=1 Slope=1 Flip=0
2010-11-23T09:30:00.000-05:00,SCORE_DETAIL_VOL: Dry=0(0) Supply=-15(-1) Effort=-10(0/-1) Decl=1 Con=0
2010-11-23T09:30:00.000-05:00,SCORE_DETAIL_PHASE: Events=0 Accum=0 SOS=0 PhB=0 SOT=0 STup=0
2010-11-23T09:30:00.000-05:00,SCORE_DETAIL_VP: Ctx=1 VPOCmig=0 VAprog=0 PShape=1 FinAuc=1 HVNsup=1 | bShape=0 Unfin=0 HVNoh=0 valid=true
2010-11-23T09:30:00.000-05:00,SCORE_DETAIL_CTX: HTF=0 RS=1 OEL=0(0) VWAP=1(pt=5 proxW=0.667 proxM=1.838) RSI=1
2010-11-23T09:30:00.000-05:00,SCORE_PENALTY: Ghost=0 Climax=0 Stall=0 Failed=0 totalPen=0 | regime=1 vpBins=47 vpRatio=2.182
2010-11-24T09:30:00.000-05:00,SCORE_FAM: total=57.126 display=57 gate=59 cap=100 scaled=57.126 | Struct=21.375(0.712) Vol=3.75(-0.45) Phase=0(0) VP=7.8(0.65) Spring=3.15(0.63) Ctx=6.24(0.48)
2010-11-24T09:30:00.000-05:00,SCORE_DETAIL_STRUCT: HL=25(1) Spread=2(0.13) PB=15(1) Power=0 Mid=1 Slope=1 Flip=0
2010-11-24T09:30:00.000-05:00,SCORE_DETAIL_VOL: Dry=0(0) Supply=-15(-1) Effort=-10(0/-1) Decl=1 Con=0
2010-11-24T09:30:00.000-05:00,SCORE_DETAIL_PHASE: Events=0 Accum=0 SOS=0 PhB=0 SOT=0 STup=0
2010-11-24T09:30:00.000-05:00,SCORE_DETAIL_VP: Ctx=1 VPOCmig=0 VAprog=0 PShape=1 FinAuc=1 HVNsup=1 | bShape=0 Unfin=0 HVNoh=0 valid=true
2010-11-24T09:30:00.000-05:00,SCORE_DETAIL_CTX: HTF=0 RS=1 OEL=0(0) VWAP=1(pt=5 proxW=0.968 proxM=1.657) RSI=1
2010-11-24T09:30:00.000-05:00,SCORE_PENALTY: Ghost=0 Climax=0 Stall=0 Failed=0 totalPen=0 | regime=1 vpBins=47 vpRatio=2.357
2010-11-24T09:30:00.000-05:00,LPS ENTRY: price=2.365 score=57 gate=59 mode=Close Above SOS Midpoint spring=true(conf=0.7) closeStr=0.694 volOk=true bars=2 pullback=23.506% prelimRisk=9.247%
2010-11-24T09:30:00.000-05:00,LPS DIST: warnLevel=1 liveCnt=1 bcAge=49 utadAge=-1 sowAge=-1 lpsyAge=-1
2010-11-24T09:30:00.000-05:00,LPS STOP: mode=LPS Low price=2.14 stack=0 vwapW=2.269 vwapM=1.935 VAL=1.307
2010-12-15T09:30:00.000-05:00,SPRING: conf=0.506 [close=0.223 reclaim=0.007 vol=0.066 age=0.143 tests=0.067] pivot=1.971 pivotAge=7b
2010-12-20T09:30:00.000-05:00,SCORE_FAM: total=63.153 display=63 gate=65 cap=100 scaled=63.153 | Struct=16.5(0.55) Vol=15.99(0.64) Phase=0(0) VP=3.6(0.3) Spring=3.15(0.63) Ctx=7.54(0.58)
2010-12-20T09:30:00.000-05:00,SCORE_DETAIL_STRUCT: HL=25(1) Spread=15(1) PB=0(0) Power=0 Mid=0 Slope=0 Flip=0
2010-12-20T09:30:00.000-05:00,SCORE_DETAIL_VOL: Dry=8(0.32) Supply=0(0) Effort=10(1/0) Decl=1 Con=1
2010-12-20T09:30:00.000-05:00,SCORE_DETAIL_PHASE: Events=0 Accum=0 SOS=0 PhB=0 SOT=0 STup=0
2010-12-20T09:30:00.000-05:00,SCORE_DETAIL_VP: Ctx=1 VPOCmig=0 VAprog=0 PShape=0 FinAuc=1 HVNsup=0 | bShape=0 Unfin=0 HVNoh=0 valid=true
2010-12-20T09:30:00.000-05:00,SCORE_DETAIL_CTX: HTF=1 RS=1 OEL=0.5(5) VWAP=0(pt=0 proxW=0.266 proxM=0.07) RSI=1
2010-12-20T09:30:00.000-05:00,SCORE_PENALTY: Ghost=0 Climax=0 Stall=0 Failed=0 totalPen=0 | regime=1 vpBins=34 vpRatio=0.849
2010-12-21T09:30:00.000-05:00,SCORE_FAM: total=55.553 display=56 gate=58 cap=100 scaled=55.553 | Struct=16.5(0.55) Vol=6.59(0.264) Phase=0(0) VP=3.6(0.3) Spring=3.15(0.63) Ctx=11.31(0.87)
2010-12-21T09:30:00.000-05:00,SCORE_DETAIL_STRUCT: HL=25(1) Spread=15(1) PB=0(0) Power=0 Mid=0 Slope=0 Flip=0
2010-12-21T09:30:00.000-05:00,SCORE_DETAIL_VOL: Dry=3(0.12) Supply=-5(-0.33) Effort=0(0/0) Decl=1 Con=1
2010-12-21T09:30:00.000-05:00,SCORE_DETAIL_PHASE: Events=0 Accum=0 SOS=0 PhB=0 SOT=0 STup=0
2010-12-21T09:30:00.000-05:00,SCORE_DETAIL_VP: Ctx=1 VPOCmig=0 VAprog=0 PShape=0 FinAuc=1 HVNsup=0 | bShape=0 Unfin=0 HVNoh=0 valid=true
2010-12-21T09:30:00.000-05:00,SCORE_DETAIL_CTX: HTF=1 RS=1 OEL=0.5(5) VWAP=1(pt=5 proxW=0.455 proxM=0.099) RSI=1
2010-12-21T09:30:00.000-05:00,SCORE_PENALTY: Ghost=0 Climax=0 Stall=0 Failed=0 totalPen=0 | regime=1 vpBins=34 vpRatio=0.904
2010-12-22T09:30:00.000-05:00,SCORE_FAM: total=55.553 display=56 gate=58 cap=100 scaled=55.553 | Struct=16.5(0.55) Vol=6.59(0.264) Phase=0(0) VP=3.6(0.3) Spring=3.15(0.63) Ctx=11.31(0.87)
2010-12-22T09:30:00.000-05:00,SCORE_DETAIL_STRUCT: HL=25(1) Spread=15(1) PB=0(0) Power=0 Mid=0 Slope=0 Flip=0
2010-12-22T09:30:00.000-05:00,SCORE_DETAIL_VOL: Dry=3(0.12) Supply=-10(-0.67) Effort=0(0/0) Decl=1 Con=1
2010-12-22T09:30:00.000-05:00,SCORE_DETAIL_PHASE: Events=0 Accum=0 SOS=0 PhB=0 SOT=0 STup=0
2010-12-22T09:30:00.000-05:00,SCORE_DETAIL_VP: Ctx=1 VPOCmig=0 VAprog=0 PShape=0 FinAuc=1 HVNsup=0 | bShape=0 Unfin=0 HVNoh=0 valid=true
2010-12-22T09:30:00.000-05:00,SCORE_DETAIL_CTX: HTF=1 RS=1 OEL=0.5(5) VWAP=1(pt=5 proxW=0.556 proxM=0.134) RSI=1
2010-12-22T09:30:00.000-05:00,SCORE_PENALTY: Ghost=0 Climax=0 Stall=0 Failed=0 totalPen=0 | regime=1 vpBins=34 vpRatio=0.964
2010-12-23T09:30:00.000-05:00,SCORE_FAM: total=45.887 display=46 gate=48 cap=100 scaled=45.887 | Struct=16.5(0.55) Vol=5(0.2) Phase=0(0) VP=1.8(0.15) Spring=3.15(0.63) Ctx=7.54(0.58)
2010-12-23T09:30:00.000-05:00,SCORE_DETAIL_STRUCT: HL=25(1) Spread=15(1) PB=0(0) Power=0 Mid=0 Slope=0 Flip=0
2010-12-23T09:30:00.000-05:00,SCORE_DETAIL_VOL: Dry=0(0) Supply=-15(-1) Effort=0(0/0) Decl=1 Con=1
2010-12-23T09:30:00.000-05:00,SCORE_DETAIL_PHASE: Events=0 Accum=0 SOS=0 PhB=0 SOT=0 STup=0
2010-12-23T09:30:00.000-05:00,SCORE_DETAIL_VP: Ctx=0.5 VPOCmig=0 VAprog=0 PShape=0 FinAuc=1 HVNsup=1 | bShape=0 Unfin=0 HVNoh=-1 valid=true
2010-12-23T09:30:00.000-05:00,SCORE_DETAIL_CTX: HTF=1 RS=1 OEL=0.5(5) VWAP=0(pt=0 proxW=0.986 proxM=0.878) RSI=1
2010-12-23T09:30:00.000-05:00,SCORE_PENALTY: Ghost=0 Climax=0 Stall=0 Failed=0 totalPen=0 | regime=1 vpBins=34 vpRatio=0.868
2011-01-03T09:30:00.000-05:00,"TR DETECTED: Support=1.667, Resistance=2.195, Len=20, SlopeUp=false"
2011-01-03T09:30:00.000-05:00,"VPOC SHIFT: Prior=2.08, will compare when VP recalculates"
2011-01-18T09:30:00.000-05:00,SPRING: conf=0.799 [close=0.3 reclaim=0.18 vol=0.082 age=0.137 tests=0.1] pivot=1.667 pivotAge=14b
2011-01-25T09:30:00.000-05:00,"TR DETECTED: Support=1.491, Resistance=1.914, Len=20, SlopeUp=false"
2011-01-25T09:30:00.000-05:00,"VPOC SHIFT: Prior=1.786, will compare when VP recalculates"
2011-02-24T09:30:00.000-05:00,SPRING: conf=0.557 [close=0.286 reclaim=0.037 vol=0.071 age=0.129 tests=0.033] pivot=1.491 pivotAge=24b
2011-03-23T09:30:00.000-04:00,SPRING: conf=0.755 [close=0.264 reclaim=0.205 vol=0.041 age=0.144 tests=0.1] pivot=1.453 pivotAge=6b
2011-04-29T09:30:00.000-04:00,"TR DETECTED: Support=1.613, Resistance=1.879, Len=20, SlopeUp=false"
2011-04-29T09:30:00.000-04:00,"VPOC SHIFT: Prior=1.601, will compare when VP recalculates"
2011-05-11T09:30:00.000-04:00,DIST UTAD: bar=219 close=1.805 breakBar=218
2011-05-17T09:30:00.000-04:00,SPRING: conf=0.462 [close=0.056 reclaim=0.041 vol=0.124 age=0.142 tests=0.1] pivot=1.717 pivotAge=9b
2011-05-19T09:30:00.000-04:00,"DIST BC: bar=225 high=1.896 vol=39,830,544 volAvg=16,464,754.6"
2011-07-06T09:30:00.000-04:00,"TR DETECTED: Support=1.7, Resistance=1.98, Len=20, SlopeUp=true"
2011-07-06T09:30:00.000-04:00,"VPOC SHIFT: Prior=1.838, will compare when VP recalculates"
2011-07-08T09:30:00.000-04:00,DIST UTAD: bar=259 close=1.921 breakBar=258
2011-07-20T09:30:00.000-04:00,"SOS CONFIRMED: rally=14.307% low=1.775 high=2.029 bars=2 avgVol=30,558,345 adjMinRally=3.5"
2011-07-20T09:30:00.000-04:00,"DIST BC: bar=267 high=2.029 vol=45,725,955 volAvg=19,941,960.6"
2011-07-20T09:30:00.000-04:00,SCORE_FAM: total=53.757 display=54 gate=56 cap=100 scaled=53.757 | Struct=17.58(0.586) Vol=3.75(-0.35) Phase=0(0) VP=9(0.75) Spring=0(0) Ctx=9.49(0.73)
2011-07-20T09:30:00.000-04:00,SCORE_DETAIL_STRUCT: HL=25(1) Spread=0(0) PB=8(0.53) Power=0 Mid=1 Slope=1 Flip=0
2011-07-20T09:30:00.000-04:00,SCORE_DETAIL_VOL: Dry=0(0) Supply=-15(-1) Effort=-10(0/-1) Decl=1 Con=1
2011-07-20T09:30:00.000-04:00,SCORE_DETAIL_PHASE: Events=0 Accum=0 SOS=0 PhB=0 SOT=0 STup=0
2011-07-20T09:30:00.000-04:00,SCORE_DETAIL_VP: Ctx=1 VPOCmig=1 VAprog=0 PShape=1 FinAuc=1 HVNsup=1 | bShape=0 Unfin=0 HVNoh=-1 valid=true
2011-07-20T09:30:00.000-04:00,SCORE_DETAIL_CTX: HTF=1 RS=0 OEL=0.5(5) VWAP=1(pt=5 proxW=0.517 proxM=0.683) RSI=1
2011-07-20T09:30:00.000-04:00,SCORE_PENALTY: Ghost=0 Climax=0 Stall=0 Failed=0 totalPen=0 | regime=1 vpBins=34 vpRatio=12.148
2011-07-21T09:30:00.000-04:00,SCORE_FAM: total=53.757 display=54 gate=56 cap=100 scaled=53.757 | Struct=17.58(0.586) Vol=3.75(-0.18) Phase=0(0) VP=9(0.75) Spring=0(0) Ctx=9.49(0.73)
2011-07-21T09:30:00.000-04:00,SCORE_DETAIL_STRUCT: HL=25(1) Spread=0(0) PB=8(0.53) Power=0 Mid=1 Slope=1 Flip=0
2011-07-21T09:30:00.000-04:00,SCORE_DETAIL_VOL: Dry=8(0.32) Supply=-5(-0.33) Effort=-10(0/-1) Decl=1 Con=1
2011-07-21T09:30:00.000-04:00,SCORE_DETAIL_PHASE: Events=0 Accum=0 SOS=0 PhB=0 SOT=0 STup=0
2011-07-21T09:30:00.000-04:00,SCORE_DETAIL_VP: Ctx=0.5 VPOCmig=1 VAprog=1 PShape=1 FinAuc=1 HVNsup=1 | bShape=0 Unfin=0 HVNoh=-1 valid=true
2011-07-21T09:30:00.000-04:00,SCORE_DETAIL_CTX: HTF=1 RS=0 OEL=0.5(5) VWAP=1(pt=5 proxW=0.556 proxM=0.69) RSI=1
2011-07-21T09:30:00.000-04:00,SCORE_PENALTY: Ghost=0 Climax=0 Stall=0 Failed=0 totalPen=0 | regime=1 vpBins=34 vpRatio=11.919
2011-07-22T09:30:00.000-04:00,SCORE_FAM: total=67.898 display=68 gate=70 cap=100 scaled=67.898 | Struct=18.555(0.618) Vol=10.95(0.438) Phase=0(0) VP=10.8(0.9) Spring=0.5(0.1) Ctx=9.49(0.73)
2011-07-22T09:30:00.000-04:00,SCORE_DETAIL_STRUCT: HL=25(1) Spread=2(0.13) PB=8(0.53) Power=0 Mid=1 Slope=1 Flip=0
2011-07-22T09:30:00.000-04:00,SCORE_DETAIL_VOL: Dry=15(0.6) Supply=0(0) Effort=0(0/0) Decl=1 Con=1
2011-07-22T09:30:00.000-04:00,SCORE_DETAIL_PHASE: Events=0 Accum=0 SOS=0 PhB=0 SOT=0 STup=0
2011-07-22T09:30:00.000-04:00,SCORE_DETAIL_VP: Ctx=1 VPOCmig=1 VAprog=1 PShape=1 FinAuc=1 HVNsup=0 | bShape=0 Unfin=0 HVNoh=0 valid=true
2011-07-22T09:30:00.000-04:00,SCORE_DETAIL_CTX: HTF=1 RS=0 OEL=0.5(5) VWAP=1(pt=5 proxW=0.613 proxM=0.714) RSI=1
2011-07-22T09:30:00.000-04:00,SCORE_PENALTY: Ghost=0 Climax=0 Stall=0 Failed=0 totalPen=0 | regime=1 vpBins=34 vpRatio=28.965
2011-07-25T09:30:00.000-04:00,SCORE_FAM: total=72.259 display=72 gate=75 cap=100 scaled=72.259 | Struct=20.055(0.668) Vol=18.25(0.73) Phase=0(0) VP=9(0.75) Spring=0.5(0.1) Ctx=5.72(0.44)
2011-07-25T09:30:00.000-04:00,SCORE_DETAIL_STRUCT: HL=25(1) Spread=5(0.33) PB=8(0.53) Power=0 Mid=1 Slope=1 Flip=0
2011-07-25T09:30:00.000-04:00,SCORE_DETAIL_VOL: Dry=25(1) Supply=0(0) Effort=0(0/0) Decl=0 Con=0
2011-07-25T09:30:00.000-04:00,SCORE_DETAIL_PHASE: Events=0 Accum=0 SOS=0 PhB=0 SOT=0 STup=0
2011-07-25T09:30:00.000-04:00,SCORE_DETAIL_VP: Ctx=0.5 VPOCmig=1 VAprog=1 PShape=1 FinAuc=1 HVNsup=1 | bShape=0 Unfin=0 HVNoh=-1 valid=true
2011-07-25T09:30:00.000-04:00,SCORE_DETAIL_CTX: HTF=1 RS=0 OEL=0.5(5) VWAP=0(pt=0 proxW=0.808 proxM=0.731) RSI=1
2011-07-25T09:30:00.000-04:00,SCORE_PENALTY: Ghost=0 Climax=0 Stall=0 Failed=0 totalPen=0 | regime=1 vpBins=34 vpRatio=25.521
2011-07-26T09:30:00.000-04:00,SCORE_FAM: total=71.449 display=71 gate=74 cap=100 scaled=71.449 | Struct=20.055(0.668) Vol=18.25(0.73) Phase=0(0) VP=8.4(0.7) Spring=0.5(0.1) Ctx=5.72(0.44)
2011-07-26T09:30:00.000-04:00,SCORE_DETAIL_STRUCT: HL=25(1) Spread=5(0.33) PB=8(0.53) Power=0 Mid=1 Slope=1 Flip=0
2011-07-26T09:30:00.000-04:00,SCORE_DETAIL_VOL: Dry=25(1) Supply=0(0) Effort=0(0/0) Decl=0 Con=0
2011-07-26T09:30:00.000-04:00,SCORE_DETAIL_PHASE: Events=0 Accum=0 SOS=0 PhB=0 SOT=0 STup=0
2011-07-26T09:30:00.000-04:00,SCORE_DETAIL_VP: Ctx=0 VPOCmig=1 VAprog=1 PShape=1 FinAuc=1 HVNsup=1 | bShape=0 Unfin=0 HVNoh=0 valid=true
2011-07-26T09:30:00.000-04:00,SCORE_DETAIL_CTX: HTF=1 RS=0 OEL=0.5(5) VWAP=0(pt=0 proxW=0.599 proxM=0.733) RSI=1
2011-07-26T09:30:00.000-04:00,SCORE_PENALTY: Ghost=0 Climax=0 Stall=0 Failed=0 totalPen=0 | regime=1 vpBins=34 vpRatio=24.293
2011-07-27T09:30:00.000-04:00,SCORE_FAM: total=63.106 display=63 gate=65 cap=100 scaled=63.106 | Struct=13.875(0.463) Vol=18.25(0.73) Phase=0(0) VP=8.4(0.7) Spring=0.5(0.1) Ctx=5.72(0.44)
2011-07-27T09:30:00.000-04:00,SCORE_DETAIL_STRUCT: HL=25(1) Spread=5(0.33) PB=0(0) Power=0 Mid=0 Slope=1 Flip=0
2011-07-27T09:30:00.000-04:00,SCORE_DETAIL_VOL: Dry=25(1) Supply=0(0) Effort=0(0/0) Decl=0 Con=0
2011-07-27T09:30:00.000-04:00,SCORE_DETAIL_PHASE: Events=0 Accum=0 SOS=0 PhB=0 SOT=0 STup=0
2011-07-27T09:30:00.000-04:00,SCORE_DETAIL_VP: Ctx=0 VPOCmig=1 VAprog=1 PShape=1 FinAuc=1 HVNsup=1 | bShape=0 Unfin=0 HVNoh=0 valid=true
2011-07-27T09:30:00.000-04:00,SCORE_DETAIL_CTX: HTF=1 RS=0 OEL=0.5(5) VWAP=0(pt=0 proxW=0.653 proxM=0.966) RSI=1
2011-07-27T09:30:00.000-04:00,SCORE_PENALTY: Ghost=0 Climax=0 Stall=0 Failed=0 totalPen=0 | regime=1 vpBins=34 vpRatio=24.374
2011-08-03T09:30:00.000-04:00,SPRING: conf=0.665 [close=0.173 reclaim=0.095 vol=0.158 age=0.139 tests=0.1] pivot=1.775 pivotAge=12b
2011-08-04T09:30:00.000-04:00,DIST SOW: bar=278 close=1.65 support=1.7
2011-08-31T09:30:00.000-04:00,"TR DETECTED: Support=1.433, Resistance=1.809, Len=20, SlopeUp=false"
2011-08-31T09:30:00.000-04:00,"VPOC SHIFT: Prior=1.721, will compare when VP recalculates"
2011-10-06T09:30:00.000-04:00,"DIST BC: bar=322 high=1.84 vol=26,535,416 volAvg=14,887,887.95"
2011-10-07T09:30:00.000-04:00,DIST UTAD: bar=323 close=1.799 breakBar=322
2011-11-04T09:30:00.000-04:00,"TR DETECTED: Support=1.781, Resistance=2.166, Len=20, SlopeUp=true"
2011-11-04T09:30:00.000-04:00,"VPOC SHIFT: Prior=1.749, will compare when VP recalculates"
2011-11-04T09:30:00.000-04:00,"DIST BC: bar=343 high=2.16 vol=45,496,650 volAvg=16,638,724.1"
2012-01-27T09:30:00.000-05:00,DIST UTAD: bar=399 close=1.955 breakBar=398
2012-02-14T09:30:00.000-05:00,"TR DETECTED: Support=1.75, Resistance=2.253, Len=20, SlopeUp=true"
2012-02-14T09:30:00.000-05:00,"VPOC SHIFT: Prior=1.791, will compare when VP recalculates"
2012-02-14T09:30:00.000-05:00,"DIST BC: bar=411 high=2.253 vol=27,170,502 volAvg=14,586,877.35"
2012-03-28T09:30:00.000-04:00,DIST UTAD: bar=441 close=2.523 breakBar=440
2012-04-10T09:30:00.000-04:00,DIST SOW: bar=449 close=2.164 support=2.167
2012-04-11T09:30:00.000-04:00,SPRING: conf=0.622 [close=0.253 reclaim=0.092 vol=0.082 age=0.129 tests=0.067] pivot=2.175 pivotAge=25b
2012-04-12T09:30:00.000-04:00,SPRING: conf=0.36 [close=0.1 reclaim=0.046 vol=0.076 age=0.138 tests=0] pivot=2.21 pivotAge=13b
2012-04-18T09:30:00.000-04:00,"DIST LPSY: bar=455 close=2.177 vol=12,346,452 volAvg=21,055,949.55"
2012-04-25T09:30:00.000-04:00,SPRING_DAILY: conf=0.695 [close=0.274 reclaim=0.111 vol=0.059] support=2.167 pen=0.029
2012-05-08T09:30:00.000-04:00,SPRING: conf=0.506 [close=0.073 reclaim=0.026 vol=0.2 age=0.107 tests=0.1] pivot=1.989 pivotAge=60b
2012-06-20T09:30:00.000-04:00,"SOS CONFIRMED: rally=28.587% low=1.789 high=2.3 bars=13 avgVol=19,366,723.077 adjMinRally=4.55"
2012-06-20T09:30:00.000-04:00,SCORE_FAM: total=75.395 display=75 gate=81 cap=100 scaled=75.395 | Struct=25.5(0.85) Vol=3.75(0) Phase=5.2(0.26) VP=10.8(0.9) Spring=3.126(0.625) Ctx=9.62(0.74)
2012-06-20T09:30:00.000-04:00,SCORE_DETAIL_STRUCT: HL=25(1) Spread=15(1) PB=15(1) Power=0 Mid=1 Slope=0 Flip=0
2012-06-20T09:30:00.000-04:00,SCORE_DETAIL_VOL: Dry=0(0) Supply=-15(-1) Effort=0(0/0) Decl=0 Con=0
2012-06-20T09:30:00.000-04:00,SCORE_DETAIL_PHASE: Events=1 Accum=0 SOS=0 PhB=0 SOT=0 STup=0
2012-06-20T09:30:00.000-04:00,SCORE_DETAIL_VP: Ctx=1 VPOCmig=1 VAprog=1 PShape=1 FinAuc=1 HVNsup=0 | bShape=0 Unfin=0 HVNoh=0 valid=true
2012-06-20T09:30:00.000-04:00,SCORE_DETAIL_CTX: HTF=0 RS=1 OEL=1(10) VWAP=1(pt=5 proxW=0.151 proxM=1.568) RSI=1
2012-06-20T09:30:00.000-04:00,SCORE_PENALTY: Ghost=0 Climax=0 Stall=0 Failed=0 totalPen=0 | regime=1.3 vpBins=41 vpRatio=1.908
2012-06-21T09:30:00.000-04:00,SCORE_FAM: total=68.154 display=68 gate=73 cap=100 scaled=68.154 | Struct=25.5(0.85) Vol=3.75(0) Phase=5.2(0.26) VP=9(0.75) Spring=3.126(0.625) Ctx=5.85(0.45)
2012-06-21T09:30:00.000-04:00,SCORE_DETAIL_STRUCT: HL=25(1) Spread=15(1) PB=15(1) Power=0 Mid=1 Slope=0 Flip=0
2012-06-21T09:30:00.000-04:00,SCORE_DETAIL_VOL: Dry=0(0) Supply=-15(-1) Effort=0(0/0) Decl=0 Con=0
2012-06-21T09:30:00.000-04:00,SCORE_DETAIL_PHASE: Events=1 Accum=0 SOS=0 PhB=0 SOT=0 STup=0
2012-06-21T09:30:00.000-04:00,SCORE_DETAIL_VP: Ctx=0.5 VPOCmig=1 VAprog=1 PShape=1 FinAuc=1 HVNsup=1 | bShape=0 Unfin=0 HVNoh=-1 valid=true
2012-06-21T09:30:00.000-04:00,SCORE_DETAIL_CTX: HTF=0 RS=1 OEL=1(10) VWAP=0(pt=0 proxW=0.624 proxM=0.569) RSI=1
2012-06-21T09:30:00.000-04:00,SCORE_PENALTY: Ghost=0 Climax=0 Stall=0 Failed=0 totalPen=0 | regime=1.3 vpBins=41 vpRatio=1.995
2012-06-22T09:30:00.000-04:00,SCORE_FAM: total=79.789 display=80 gate=86 cap=100 scaled=79.789 | Struct=25.5(0.85) Vol=3.75(0) Phase=5.2(0.26) VP=10.8(0.9) Spring=3.126(0.625) Ctx=13(1)
2012-06-22T09:30:00.000-04:00,SCORE_DETAIL_STRUCT: HL=25(1) Spread=15(1) PB=15(1) Power=0 Mid=1 Slope=0 Flip=0
2012-06-22T09:30:00.000-04:00,SCORE_DETAIL_VOL: Dry=0(0) Supply=-15(-1) Effort=0(0/0) Decl=0 Con=0
2012-06-22T09:30:00.000-04:00,SCORE_DETAIL_PHASE: Events=1 Accum=0 SOS=0 PhB=0 SOT=0 STup=0
2012-06-22T09:30:00.000-04:00,SCORE_DETAIL_VP: Ctx=1 VPOCmig=1 VAprog=1 PShape=1 FinAuc=1 HVNsup=0 | bShape=0 Unfin=0 HVNoh=0 valid=true
2012-06-22T09:30:00.000-04:00,SCORE_DETAIL_CTX: HTF=1 RS=1 OEL=1(10) VWAP=1(pt=5 proxW=0.706 proxM=0.329) RSI=1
2012-06-22T09:30:00.000-04:00,SCORE_PENALTY: Ghost=0 Climax=0 Stall=0 Failed=0 totalPen=0 | regime=1.3 vpBins=41 vpRatio=2.136
2012-06-22T09:30:00.000-04:00,LPS ENTRY: price=2.252 score=80 gate=86 mode=Close Above SOS Midpoint spring=true(conf=0.695) closeStr=0.872 volOk=true bars=3 pullback=34.681% prelimRisk=5.757%
2012-06-22T09:30:00.000-04:00,LPS DIST: warnLevel=1 liveCnt=1 bcAge=90 utadAge=60 sowAge=52 lpsyAge=46
2012-06-22T09:30:00.000-04:00,LPS STOP: mode=LPS Low price=2.116 stack=0 vwapW=2.204 vwapM=2.085 VAL=2.006
2012-06-22T09:30:00.000-04:00,COMP VP: VPOC=1.856 VAH=2.269 hvnAbove=NaN lvnAbove=2.34
2012-07-13T09:30:00.000-04:00,SCORE_FAM: total=73.793 display=74 gate=77 cap=100 scaled=73.793 | Struct=20.475(0.682) Vol=3.75(-0.28) Phase=5.2(0.26) VP=10.8(0.9) Spring=3.126(0.625) Ctx=11.31(0.87)
2012-07-13T09:30:00.000-04:00,SCORE_DETAIL_STRUCT: HL=25(1) Spread=5(0.33) PB=15(1) Power=0 Mid=1 Slope=0 Flip=0
2012-07-13T09:30:00.000-04:00,SCORE_DETAIL_VOL: Dry=8(0.32) Supply=-5(-0.33) Effort=-10(0/-1) Decl=0 Con=1
2012-07-13T09:30:00.000-04:00,SCORE_DETAIL_PHASE: Events=1 Accum=0 SOS=0 PhB=0 SOT=0 STup=0
2012-07-13T09:30:00.000-04:00,SCORE_DETAIL_VP: Ctx=1 VPOCmig=1 VAprog=1 PShape=1 FinAuc=1 HVNsup=0 | bShape=0 Unfin=0 HVNoh=0 valid=true
2012-07-13T09:30:00.000-04:00,SCORE_DETAIL_CTX: HTF=1 RS=1 OEL=0.5(5) VWAP=1(pt=5 proxW=0.383 proxM=0.797) RSI=1
2012-07-13T09:30:00.000-04:00,SCORE_PENALTY: Ghost=0 Climax=0 Stall=0 Failed=0 totalPen=0 | regime=1 vpBins=41 vpRatio=2.888
2012-07-16T09:30:00.000-04:00,SCORE_FAM: total=76.074 display=76 gate=79 cap=100 scaled=76.074 | Struct=20.475(0.682) Vol=3.75(-0.486) Phase=5.2(0.26) VP=10.8(0.9) Spring=3.126(0.625) Ctx=13(1)
2012-07-16T09:30:00.000-04:00,SCORE_DETAIL_STRUCT: HL=25(1) Spread=5(0.33) PB=15(1) Power=0 Mid=1 Slope=0 Flip=0
2012-07-16T09:30:00.000-04:00,SCORE_DETAIL_VOL: Dry=3(0.12) Supply=-10(-0.67) Effort=-10(0/-1) Decl=0 Con=0
2012-07-16T09:30:00.000-04:00,SCORE_DETAIL_PHASE: Events=1 Accum=0 SOS=0 PhB=0 SOT=0 STup=0
2012-07-16T09:30:00.000-04:00,SCORE_DETAIL_VP: Ctx=1 VPOCmig=1 VAprog=1 PShape=1 FinAuc=1 HVNsup=0 | bShape=0 Unfin=0 HVNoh=0 valid=true
2012-07-16T09:30:00.000-04:00,SCORE_DETAIL_CTX: HTF=1 RS=1 OEL=1(10) VWAP=1(pt=5 proxW=1.607 proxM=0.389) RSI=1
2012-07-16T09:30:00.000-04:00,SCORE_PENALTY: Ghost=0 Climax=0 Stall=0 Failed=0 totalPen=0 | regime=1 vpBins=63 vpRatio=1.304
2012-07-16T09:30:00.000-04:00,LPS ENTRY: price=2.397 score=76 gate=79 mode=Close Above SOS Midpoint spring=true(conf=0.695) closeStr=0.981 volOk=true bars=2 pullback=21.773% prelimRisk=8.704%
2012-07-16T09:30:00.000-04:00,LPS DIST: warnLevel=0 liveCnt=0 bcAge=105 utadAge=75 sowAge=67 lpsyAge=61
2012-07-16T09:30:00.000-04:00,LPS STOP: mode=LPS Low price=2.182 stack=0 vwapW=2.352 vwapM=2.149 VAL=2.041
2012-07-16T09:30:00.000-04:00,COMP VP: VPOC=1.856 VAH=NaN hvnAbove=NaN lvnAbove=2.412
2012-08-02T09:30:00.000-04:00,SCORE_FAM: total=26.114 display=26 gate=29 cap=30 scaled=41.114 | Struct=7.5(0.25) Vol=10.95(0.438) Phase=5.2(0.26) VP=4.2(0.35) Spring=3.126(0.625) Ctx=0.65(0.05)
2012-08-02T09:30:00.000-04:00,SCORE_DETAIL_STRUCT: HL=0(0) Spread=15(1) PB=0(0) Power=0 Mid=0 Slope=0 Flip=0
2012-08-02T09:30:00.000-04:00,SCORE_DETAIL_VOL: Dry=15(0.6) Supply=-5(-0.33) Effort=0(0/0) Decl=0 Con=0
2012-08-02T09:30:00.000-04:00,SCORE_DETAIL_PHASE: Events=1 Accum=0 SOS=0 PhB=0 SOT=0 STup=0
2012-08-02T09:30:00.000-04:00,SCORE_DETAIL_VP: Ctx=0 VPOCmig=1 VAprog=1 PShape=0 FinAuc=1 HVNsup=0 | bShape=0 Unfin=0 HVNoh=0 valid=true
2012-08-02T09:30:00.000-04:00,SCORE_DETAIL_CTX: HTF=0 RS=0 OEL=0(0) VWAP=0(pt=0 proxW=1.09 proxM=0.587) RSI=1
2012-08-02T09:30:00.000-04:00,SCORE_PENALTY: Ghost=0 Climax=0 Stall=0 Failed=-15 totalPen=-15 | regime=1.3 vpBins=63 vpRatio=1.036
2012-08-03T09:30:00.000-04:00,SPRING: conf=0.47 [close=0.196 reclaim=0.049 vol=0.075 age=0.117 tests=0.033] pivot=1.807 pivotAge=43b
2012-10-15T09:30:00.000-04:00,SPRING: conf=0.45 [close=0.118 reclaim=0.007 vol=0.095 age=0.129 tests=0.1] pivot=1.82 pivotAge=25b
2012-10-16T09:30:00.000-04:00,SPRING: conf=0.718 [close=0.288 reclaim=0.193 vol=0.032 age=0.137 tests=0.067] pivot=1.832 pivotAge=14b
2012-11-07T09:30:00.000-05:00,"SOS CONFIRMED: rally=19.858% low=1.783 high=2.137 bars=32 avgVol=19,733,189.156 adjMinRally=2.8"
2012-11-07T09:30:00.000-05:00,SCORE_FAM: total=74.724 display=75 gate=75 cap=100 scaled=74.724 | Struct=18.975(0.632) Vol=3.75(-0.55) Phase=8.8(0.44) VP=9(0.75) Spring=3.229(0.646) Ctx=9.62(0.74)
2012-11-07T09:30:00.000-05:00,SCORE_DETAIL_STRUCT: HL=25(1) Spread=2(0.13) PB=15(1) Power=0 Mid=1 Slope=0 Flip=0
2012-11-07T09:30:00.000-05:00,SCORE_DETAIL_VOL: Dry=0(0) Supply=-15(-1) Effort=-10(0/-1) Decl=0 Con=0
2012-11-07T09:30:00.000-05:00,SCORE_DETAIL_PHASE: Events=1 Accum=0 SOS=0 PhB=1 SOT=0 STup=0
2012-11-07T09:30:00.000-05:00,SCORE_DETAIL_VP: Ctx=1 VPOCmig=1 VAprog=1 PShape=0 FinAuc=1 HVNsup=1 | bShape=0 Unfin=0 HVNoh=0 valid=true
2012-11-07T09:30:00.000-05:00,SCORE_DETAIL_CTX: HTF=0 RS=1 OEL=1(10) VWAP=1(pt=5 proxW=0.139 proxM=0.28) RSI=1
2012-11-07T09:30:00.000-05:00,SCORE_PENALTY: Ghost=0 Climax=0 Stall=0 Failed=0 totalPen=0 | regime=0.8 vpBins=47 vpRatio=0.944
2012-11-08T09:30:00.000-05:00,SCORE_FAM: total=76.824 display=77 gate=77 cap=100 scaled=76.824 | Struct=20.475(0.682) Vol=3.75(-0.55) Phase=8.8(0.44) VP=9(0.75) Spring=3.229(0.646) Ctx=9.62(0.74)
2012-11-08T09:30:00.000-05:00,SCORE_DETAIL_STRUCT: HL=25(1) Spread=5(0.33) PB=15(1) Power=0 Mid=1 Slope=0 Flip=0
2012-11-08T09:30:00.000-05:00,SCORE_DETAIL_VOL: Dry=0(0) Supply=-10(-0.67) Effort=-10(0/-1) Decl=0 Con=0
2012-11-08T09:30:00.000-05:00,SCORE_DETAIL_PHASE: Events=1 Accum=0 SOS=0 PhB=1 SOT=0 STup=0
2012-11-08T09:30:00.000-05:00,SCORE_DETAIL_VP: Ctx=1 VPOCmig=1 VAprog=1 PShape=0 FinAuc=1 HVNsup=1 | bShape=0 Unfin=0 HVNoh=0 valid=true
2012-11-08T09:30:00.000-05:00,SCORE_DETAIL_CTX: HTF=0 RS=1 OEL=1(10) VWAP=1(pt=5 proxW=0.2 proxM=0.181) RSI=1
2012-11-08T09:30:00.000-05:00,SCORE_PENALTY: Ghost=0 Climax=0 Stall=0 Failed=0 totalPen=0 | regime=0.8 vpBins=47 vpRatio=0.97
2012-11-09T09:30:00.000-05:00,SCORE_FAM: total=76.278 display=76 gate=76 cap=100 scaled=76.278 | Struct=20.475(0.682) Vol=3.75(-0.486) Phase=8.8(0.44) VP=9(0.75) Spring=3.229(0.646) Ctx=9.23(0.71)
2012-11-09T09:30:00.000-05:00,SCORE_DETAIL_STRUCT: HL=25(1) Spread=5(0.33) PB=15(1) Power=0 Mid=1 Slope=0 Flip=0
2012-11-09T09:30:00.000-05:00,SCORE_DETAIL_VOL: Dry=3(0.12) Supply=-5(-0.33) Effort=-10(0/-1) Decl=0 Con=0
2012-11-09T09:30:00.000-05:00,SCORE_DETAIL_PHASE: Events=1 Accum=0 SOS=0 PhB=1 SOT=0 STup=0
2012-11-09T09:30:00.000-05:00,SCORE_DETAIL_VP: Ctx=1 VPOCmig=1 VAprog=1 PShape=0 FinAuc=1 HVNsup=1 | bShape=0 Unfin=0 HVNoh=0 valid=true
2012-11-09T09:30:00.000-05:00,SCORE_DETAIL_CTX: HTF=1 RS=1 OEL=1(10) VWAP=0(pt=0 proxW=0.941 proxM=0.609) RSI=1
2012-11-09T09:30:00.000-05:00,SCORE_PENALTY: Ghost=0 Climax=0 Stall=0 Failed=0 totalPen=0 | regime=0.8 vpBins=47 vpRatio=0.987
2012-11-12T09:30:00.000-05:00,SCORE_FAM: total=82.242 display=82 gate=82 cap=100 scaled=82.242 | Struct=20.475(0.682) Vol=4.24(0.17) Phase=8.8(0.44) VP=9(0.75) Spring=3.229(0.646) Ctx=13(1)
2012-11-12T09:30:00.000-05:00,SCORE_DETAIL_STRUCT: HL=25(1) Spread=5(0.33) PB=15(1) Power=0 Mid=1 Slope=0 Flip=0
2012-11-12T09:30:00.000-05:00,SCORE_DETAIL_VOL: Dry=8(0.32) Supply=0(0) Effort=0(0/0) Decl=0 Con=0
2012-11-12T09:30:00.000-05:00,SCORE_DETAIL_PHASE: Events=1 Accum=0 SOS=0 PhB=1 SOT=0 STup=0
2012-11-12T09:30:00.000-05:00,SCORE_DETAIL_VP: Ctx=1 VPOCmig=1 VAprog=1 PShape=0 FinAuc=1 HVNsup=1 | bShape=0 Unfin=0 HVNoh=0 valid=true
2012-11-12T09:30:00.000-05:00,SCORE_DETAIL_CTX: HTF=1 RS=1 OEL=1(10) VWAP=1(pt=5 proxW=0.861 proxM=0.62) RSI=1
2012-11-12T09:30:00.000-05:00,SCORE_PENALTY: Ghost=0 Climax=0 Stall=0 Failed=0 totalPen=0 | regime=0.8 vpBins=47 vpRatio=0.998
2012-11-13T09:30:00.000-05:00,SCORE_FAM: total=82.942 display=83 gate=83 cap=100 scaled=82.942 | Struct=20.475(0.682) Vol=4.24(0.17) Phase=8.8(0.44) VP=9(0.75) Spring=3.729(0.746) Ctx=13(1)
2012-11-13T09:30:00.000-05:00,SCORE_DETAIL_STRUCT: HL=25(1) Spread=5(0.33) PB=15(1) Power=0 Mid=1 Slope=0 Flip=0
2012-11-13T09:30:00.000-05:00,SCORE_DETAIL_VOL: Dry=8(0.32) Supply=0(0) Effort=0(0/0) Decl=0 Con=0
2012-11-13T09:30:00.000-05:00,SCORE_DETAIL_PHASE: Events=1 Accum=0 SOS=0 PhB=1 SOT=0 STup=0
2012-11-13T09:30:00.000-05:00,SCORE_DETAIL_VP: Ctx=1 VPOCmig=1 VAprog=1 PShape=0 FinAuc=1 HVNsup=1 | bShape=0 Unfin=0 HVNoh=0 valid=true
2012-11-13T09:30:00.000-05:00,SCORE_DETAIL_CTX: HTF=1 RS=1 OEL=1(10) VWAP=1(pt=5 proxW=1.156 proxM=0.677) RSI=1
2012-11-13T09:30:00.000-05:00,SCORE_PENALTY: Ghost=0 Climax=0 Stall=0 Failed=0 totalPen=0 | regime=0.8 vpBins=47 vpRatio=1.018
2012-11-13T09:30:00.000-05:00,LPS ENTRY: price=2.108 score=83 gate=83 mode=Close Above SOS Midpoint spring=true(conf=0.718) closeStr=0.699 volOk=true bars=5 pullback=41.431% prelimRisk=5.581%
2012-11-13T09:30:00.000-05:00,LPS DIST: warnLevel=0 liveCnt=0 bcAge=188 utadAge=158 sowAge=150 lpsyAge=144
2012-11-13T09:30:00.000-05:00,LPS STOP: mode=LPS Low price=1.984 stack=0 vwapW=2.083 vwapM=2.044 VAL=1.866
2012-11-13T09:30:00.000-05:00,COMP VP: VPOC=1.908 VAH=2.242 hvnAbove=2.206 lvnAbove=2.347
2012-12-04T09:30:00.000-05:00,SCORE_FAM: total=86.568 display=87 gate=90 cap=100 scaled=86.568 | Struct=25.425(0.847) Vol=4.24(0.17) Phase=13(0.65) VP=9(0.75) Spring=3.229(0.646) Ctx=9.23(0.71)
2012-12-04T09:30:00.000-05:00,SCORE_DETAIL_STRUCT: HL=25(1) Spread=10(0.67) PB=15(1) Power=0 Mid=1 Slope=1 Flip=0
2012-12-04T09:30:00.000-05:00,SCORE_DETAIL_VOL: Dry=8(0.32) Supply=-5(-0.33) Effort=0(0/0) Decl=0 Con=0
2012-12-04T09:30:00.000-05:00,SCORE_DETAIL_PHASE: Events=1 Accum=1 SOS=0 PhB=1 SOT=0 STup=0
2012-12-04T09:30:00.000-05:00,SCORE_DETAIL_VP: Ctx=1 VPOCmig=1 VAprog=1 PShape=0 FinAuc=1 HVNsup=1 | bShape=0 Unfin=0 HVNoh=0 valid=true
2012-12-04T09:30:00.000-05:00,SCORE_DETAIL_CTX: HTF=1 RS=1 OEL=1(10) VWAP=0(pt=0 proxW=0.568 proxM=0.568) RSI=1
2012-12-04T09:30:00.000-05:00,SCORE_PENALTY: Ghost=0 Climax=0 Stall=0 Failed=0 totalPen=0 | regime=1 vpBins=34 vpRatio=0.866
2012-12-05T09:30:00.000-05:00,SCORE_FAM: total=93.274 display=93 gate=93 cap=100 scaled=93.274 | Struct=25.425(0.847) Vol=6.74(0.27) Phase=13(0.65) VP=9(0.75) Spring=3.229(0.646) Ctx=9.23(0.71)
2012-12-05T09:30:00.000-05:00,SCORE_DETAIL_STRUCT: HL=25(1) Spread=10(0.67) PB=15(1) Power=0 Mid=1 Slope=1 Flip=0
2012-12-05T09:30:00.000-05:00,SCORE_DETAIL_VOL: Dry=8(0.32) Supply=0(0) Effort=0(0/0) Decl=1 Con=0
2012-12-05T09:30:00.000-05:00,SCORE_DETAIL_PHASE: Events=1 Accum=1 SOS=0 PhB=1 SOT=0 STup=0
2012-12-05T09:30:00.000-05:00,SCORE_DETAIL_VP: Ctx=1 VPOCmig=1 VAprog=1 PShape=0 FinAuc=1 HVNsup=1 | bShape=0 Unfin=0 HVNoh=0 valid=true
2012-12-05T09:30:00.000-05:00,SCORE_DETAIL_CTX: HTF=1 RS=1 OEL=1(10) VWAP=0(pt=0 proxW=0.53 proxM=0.53) RSI=1
2012-12-05T09:30:00.000-05:00,SCORE_PENALTY: Ghost=0 Climax=0 Stall=0 Failed=0 totalPen=0 | regime=0.8 vpBins=34 vpRatio=0.919
2012-12-06T09:30:00.000-05:00,SCORE_FAM: total=95.598 display=96 gate=96 cap=100 scaled=95.598 | Struct=22.875(0.762) Vol=10.95(0.438) Phase=13(0.65) VP=9(0.75) Spring=3.229(0.646) Ctx=9.23(0.71)
2012-12-06T09:30:00.000-05:00,SCORE_DETAIL_STRUCT: HL=25(1) Spread=5(0.33) PB=15(1) Power=0 Mid=1 Slope=1 Flip=0
2012-12-06T09:30:00.000-05:00,SCORE_DETAIL_VOL: Dry=15(0.6) Supply=0(0) Effort=0(0/0) Decl=1 Con=0
2012-12-06T09:30:00.000-05:00,SCORE_DETAIL_PHASE: Events=1 Accum=1 SOS=0 PhB=1 SOT=0 STup=0
2012-12-06T09:30:00.000-05:00,SCORE_DETAIL_VP: Ctx=1 VPOCmig=1 VAprog=1 PShape=0 FinAuc=1 HVNsup=1 | bShape=0 Unfin=0 HVNoh=0 valid=true
2012-12-06T09:30:00.000-05:00,SCORE_DETAIL_CTX: HTF=1 RS=1 OEL=1(10) VWAP=0(pt=0 proxW=0.554 proxM=0.554) RSI=1
2012-12-06T09:30:00.000-05:00,SCORE_PENALTY: Ghost=0 Climax=0 Stall=0 Failed=0 totalPen=0 | regime=0.8 vpBins=34 vpRatio=0.973
2012-12-07T09:30:00.000-05:00,SCORE_FAM: total=99.168 display=99 gate=99 cap=100 scaled=99.168 | Struct=25.425(0.847) Vol=10.95(0.438) Phase=13(0.65) VP=9(0.75) Spring=3.229(0.646) Ctx=9.23(0.71)
2012-12-07T09:30:00.000-05:00,SCORE_DETAIL_STRUCT: HL=25(1) Spread=10(0.67) PB=15(1) Power=0 Mid=1 Slope=1 Flip=0
2012-12-07T09:30:00.000-05:00,SCORE_DETAIL_VOL: Dry=15(0.6) Supply=0(0) Effort=0(0/0) Decl=1 Con=0
2012-12-07T09:30:00.000-05:00,SCORE_DETAIL_PHASE: Events=1 Accum=1 SOS=0 PhB=1 SOT=0 STup=0
2012-12-07T09:30:00.000-05:00,SCORE_DETAIL_VP: Ctx=1 VPOCmig=1 VAprog=1 PShape=0 FinAuc=1 HVNsup=1 | bShape=0 Unfin=0 HVNoh=0 valid=true
2012-12-07T09:30:00.000-05:00,SCORE_DETAIL_CTX: HTF=1 RS=1 OEL=1(10) VWAP=0(pt=0 proxW=0.573 proxM=0.573) RSI=1
2012-12-07T09:30:00.000-05:00,SCORE_PENALTY: Ghost=0 Climax=0 Stall=0 Failed=0 totalPen=0 | regime=0.8 vpBins=34 vpRatio=1.027
2012-12-10T09:30:00.000-05:00,SCORE_FAM: total=102.766 display=100 gate=100 cap=100 scaled=102.766 | Struct=25.425(0.847) Vol=10.95(0.438) Phase=13(0.65) VP=7.8(0.65) Spring=3.229(0.646) Ctx=13(1)
2012-12-10T09:30:00.000-05:00,SCORE_DETAIL_STRUCT: HL=25(1) Spread=10(0.67) PB=15(1) Power=0 Mid=1 Slope=1 Flip=0
2012-12-10T09:30:00.000-05:00,SCORE_DETAIL_VOL: Dry=15(0.6) Supply=0(0) Effort=0(0/0) Decl=1 Con=0
2012-12-10T09:30:00.000-05:00,SCORE_DETAIL_PHASE: Events=1 Accum=1 SOS=0 PhB=1 SOT=0 STup=0
2012-12-10T09:30:00.000-05:00,SCORE_DETAIL_VP: Ctx=1 VPOCmig=1 VAprog=1 PShape=0 FinAuc=1 HVNsup=0 | bShape=0 Unfin=0 HVNoh=0 valid=true
2012-12-10T09:30:00.000-05:00,SCORE_DETAIL_CTX: HTF=1 RS=1 OEL=1(10) VWAP=1(pt=5 proxW=0.895 proxM=0.638) RSI=1
2012-12-10T09:30:00.000-05:00,SCORE_PENALTY: Ghost=0 Climax=0 Stall=0 Failed=0 totalPen=0 | regime=0.8 vpBins=34 vpRatio=1.102
2012-12-10T09:30:00.000-05:00,LPS ENTRY: price=2.305 score=100 gate=100 mode=Close Above SOS Midpoint spring=true(conf=0.718) closeStr=0.629 volOk=true bars=5 pullback=28.249% prelimRisk=3.095%
2012-12-10T09:30:00.000-05:00,LPS DIST: warnLevel=0 liveCnt=0 bcAge=206 utadAge=176 sowAge=168 lpsyAge=162
2012-12-10T09:30:00.000-05:00,LPS STOP: mode=LPS Low price=2.227 stack=0 vwapW=2.301 vwapM=2.282 VAL=1.99
2012-12-10T09:30:00.000-05:00,COMP VP: VPOC=1.908 VAH=NaN hvnAbove=NaN lvnAbove=2.347
2013-01-11T09:30:00.000-05:00,SPRING: conf=0.54 [close=0.124 reclaim=0.021 vol=0.162 age=0.133 tests=0.1] pivot=2.183 pivotAge=19b
2013-01-14T09:30:00.000-05:00,SPRING: conf=0.665 [close=0.232 reclaim=0.123 vol=0.102 age=0.142 tests=0.067] pivot=2.2 pivotAge=9b
2013-01-18T09:30:00.000-05:00,SCORE_FAM: total=73.436 display=73 gate=73 cap=100 scaled=73.436 | Struct=13.875(0.463) Vol=3.75(-0.45) Phase=13(0.65) VP=10.8(0.9) Spring=3.229(0.646) Ctx=7.8(0.6)
2013-01-18T09:30:00.000-05:00,SCORE_DETAIL_STRUCT: HL=25(1) Spread=5(0.33) PB=0(0) Power=0 Mid=0 Slope=1 Flip=0
2013-01-18T09:30:00.000-05:00,SCORE_DETAIL_VOL: Dry=0(0) Supply=-15(-1) Effort=-10(0/-1) Decl=0 Con=1
2013-01-18T09:30:00.000-05:00,SCORE_DETAIL_PHASE: Events=1 Accum=1 SOS=0 PhB=1 SOT=0 STup=0
2013-01-18T09:30:00.000-05:00,SCORE_DETAIL_VP: Ctx=1 VPOCmig=1 VAprog=1 PShape=1 FinAuc=1 HVNsup=0 | bShape=0 Unfin=0 HVNoh=0 valid=true
2013-01-18T09:30:00.000-05:00,SCORE_DETAIL_CTX: HTF=1 RS=0 OEL=0(0) VWAP=1(pt=5 proxW=0.265 proxM=0.239) RSI=1
2013-01-18T09:30:00.000-05:00,SCORE_PENALTY: Ghost=0 Climax=0 Stall=0 Failed=0 totalPen=0 | regime=0.8 vpBins=34 vpRatio=3.211
2013-01-22T09:30:00.000-05:00,SCORE_FAM: total=76.068 display=76 gate=76 cap=100 scaled=76.068 | Struct=12.375(0.413) Vol=3.75(-0.45) Phase=13(0.65) VP=10.8(0.9) Spring=3.229(0.646) Ctx=11.18(0.86)
2013-01-22T09:30:00.000-05:00,SCORE_DETAIL_STRUCT: HL=25(1) Spread=2(0.13) PB=0(0) Power=0 Mid=0 Slope=1 Flip=0
2013-01-22T09:30:00.000-05:00,SCORE_DETAIL_VOL: Dry=0(0) Supply=-15(-1) Effort=-10(0/-1) Decl=0 Con=1
2013-01-22T09:30:00.000-05:00,SCORE_DETAIL_PHASE: Events=1 Accum=1 SOS=0 PhB=1 SOT=0 STup=0
2013-01-22T09:30:00.000-05:00,SCORE_DETAIL_VP: Ctx=1 VPOCmig=1 VAprog=1 PShape=1 FinAuc=1 HVNsup=0 | bShape=0 Unfin=0 HVNoh=0 valid=true
2013-01-22T09:30:00.000-05:00,SCORE_DETAIL_CTX: HTF=1 RS=0 OEL=1(10) VWAP=1(pt=5 proxW=1.177 proxM=0.333) RSI=1
2013-01-22T09:30:00.000-05:00,SCORE_PENALTY: Ghost=0 Climax=0 Stall=0 Failed=0 totalPen=0 | regime=0.8 vpBins=34 vpRatio=3.373
2013-01-23T09:30:00.000-05:00,SCORE_FAM: total=78.616 display=79 gate=79 cap=100 scaled=78.616 | Struct=12.375(0.413) Vol=3.75(-0.55) Phase=13(0.65) VP=10.8(0.9) Spring=3.229(0.646) Ctx=13(1)
2013-01-23T09:30:00.000-05:00,SCORE_DETAIL_STRUCT: HL=25(1) Spread=2(0.13) PB=0(0) Power=0 Mid=0 Slope=1 Flip=0
2013-01-23T09:30:00.000-05:00,SCORE_DETAIL_VOL: Dry=0(0) Supply=-15(-1) Effort=-10(0/-1) Decl=0 Con=0
2013-01-23T09:30:00.000-05:00,SCORE_DETAIL_PHASE: Events=1 Accum=1 SOS=0 PhB=1 SOT=0 STup=0
2013-01-23T09:30:00.000-05:00,SCORE_DETAIL_VP: Ctx=1 VPOCmig=1 VAprog=1 PShape=1 FinAuc=1 HVNsup=0 | bShape=0 Unfin=0 HVNoh=0 valid=true
2013-01-23T09:30:00.000-05:00,SCORE_DETAIL_CTX: HTF=1 RS=1 OEL=1(10) VWAP=1(pt=5 proxW=1.476 proxM=0.447) RSI=1
2013-01-23T09:30:00.000-05:00,SCORE_PENALTY: Ghost=0 Climax=0 Stall=0 Failed=0 totalPen=0 | regime=0.8 vpBins=53 vpRatio=4.437
2013-01-24T09:30:00.000-05:00,SCORE_FAM: total=77.251 display=77 gate=77 cap=100 scaled=77.251 | Struct=11.4(0.38) Vol=3.75(-0.55) Phase=13(0.65) VP=10.8(0.9) Spring=3.229(0.646) Ctx=13(1)
2013-01-24T09:30:00.000-05:00,SCORE_DETAIL_STRUCT: HL=25(1) Spread=0(0) PB=0(0) Power=0 Mid=0 Slope=1 Flip=0
2013-01-24T09:30:00.000-05:00,SCORE_DETAIL_VOL: Dry=0(0) Supply=-15(-1) Effort=-10(0/-1) Decl=0 Con=0
2013-01-24T09:30:00.000-05:00,SCORE_DETAIL_PHASE: Events=1 Accum=1 SOS=0 PhB=1 SOT=0 STup=0
2013-01-24T09:30:00.000-05:00,SCORE_DETAIL_VP: Ctx=1 VPOCmig=1 VAprog=1 PShape=1 FinAuc=1 HVNsup=0 | bShape=0 Unfin=0 HVNoh=0 valid=true
2013-01-24T09:30:00.000-05:00,SCORE_DETAIL_CTX: HTF=1 RS=1 OEL=1(10) VWAP=1(pt=5 proxW=1.899 proxM=0.636) RSI=1
2013-01-24T09:30:00.000-05:00,SCORE_PENALTY: Ghost=0 Climax=0 Stall=0 Failed=0 totalPen=0 | regime=0.8 vpBins=53 vpRatio=4.842
2013-01-25T09:30:00.000-05:00,SCORE_FAM: total=74.416 display=74 gate=74 cap=100 scaled=74.416 | Struct=12.375(0.413) Vol=3.75(-0.55) Phase=13(0.65) VP=7.8(0.65) Spring=3.229(0.646) Ctx=13(1)
2013-01-25T09:30:00.000-05:00,SCORE_DETAIL_STRUCT: HL=25(1) Spread=2(0.13) PB=0(0) Power=0 Mid=0 Slope=1 Flip=0
2013-01-25T09:30:00.000-05:00,SCORE_DETAIL_VOL: Dry=0(0) Supply=-15(-1) Effort=-10(0/-1) Decl=0 Con=0
2013-01-25T09:30:00.000-05:00,SCORE_DETAIL_PHASE: Events=1 Accum=1 SOS=0 PhB=1 SOT=0 STup=0
2013-01-25T09:30:00.000-05:00,SCORE_DETAIL_VP: Ctx=1 VPOCmig=1 VAprog=1 PShape=0 FinAuc=1 HVNsup=0 | bShape=0 Unfin=0 HVNoh=0 valid=true
2013-01-25T09:30:00.000-05:00,SCORE_DETAIL_CTX: HTF=1 RS=1 OEL=1(10) VWAP=1(pt=5 proxW=2.165 proxM=0.787) RSI=1
2013-01-25T09:30:00.000-05:00,SCORE_PENALTY: Ghost=0 Climax=0 Stall=0 Failed=0 totalPen=0 | regime=0.8 vpBins=53 vpRatio=0.98
2013-01-28T09:30:00.000-05:00,SCORE_FAM: total=74.416 display=74 gate=74 cap=100 scaled=74.416 | Struct=12.375(0.413) Vol=3.75(-0.55) Phase=13(0.65) VP=7.8(0.65) Spring=3.229(0.646) Ctx=13(1)
2013-01-28T09:30:00.000-05:00,SCORE_DETAIL_STRUCT: HL=25(1) Spread=2(0.13) PB=0(0) Power=0 Mid=0 Slope=1 Flip=0
2013-01-28T09:30:00.000-05:00,SCORE_DETAIL_VOL: Dry=0(0) Supply=-15(-1) Effort=-10(0/-1) Decl=0 Con=0
2013-01-28T09:30:00.000-05:00,SCORE_DETAIL_PHASE: Events=1 Accum=1 SOS=0 PhB=1 SOT=0 STup=0
2013-01-28T09:30:00.000-05:00,SCORE_DETAIL_VP: Ctx=1 VPOCmig=1 VAprog=1 PShape=0 FinAuc=1 HVNsup=0 | bShape=0 Unfin=0 HVNoh=0 valid=true
2013-01-28T09:30:00.000-05:00,SCORE_DETAIL_CTX: HTF=1 RS=1 OEL=1(10) VWAP=1(pt=5 proxW=3.627 proxM=0.974) RSI=1
2013-01-28T09:30:00.000-05:00,SCORE_PENALTY: Ghost=0 Climax=0 Stall=0 Failed=0 totalPen=0 | regime=0.8 vpBins=53 vpRatio=0.412
2013-01-29T09:30:00.000-05:00,SCORE_FAM: total=74.416 display=74 gate=74 cap=100 scaled=74.416 | Struct=12.375(0.413) Vol=3.75(-0.55) Phase=13(0.65) VP=7.8(0.65) Spring=3.229(0.646) Ctx=13(1)
2013-01-29T09:30:00.000-05:00,SCORE_DETAIL_STRUCT: HL=25(1) Spread=2(0.13) PB=0(0) Power=0 Mid=0 Slope=1 Flip=0
2013-01-29T09:30:00.000-05:00,SCORE_DETAIL_VOL: Dry=0(0) Supply=-15(-1) Effort=-10(0/-1) Decl=0 Con=0
2013-01-29T09:30:00.000-05:00,SCORE_DETAIL_PHASE: Events=1 Accum=1 SOS=0 PhB=1 SOT=0 STup=0
2013-01-29T09:30:00.000-05:00,SCORE_DETAIL_VP: Ctx=1 VPOCmig=1 VAprog=1 PShape=0 FinAuc=1 HVNsup=0 | bShape=0 Unfin=0 HVNoh=0 valid=true
2013-01-29T09:30:00.000-05:00,SCORE_DETAIL_CTX: HTF=1 RS=1 OEL=1(10) VWAP=1(pt=5 proxW=3.572 proxM=1.101) RSI=1
2013-01-29T09:30:00.000-05:00,SCORE_PENALTY: Ghost=0 Climax=0 Stall=0 Failed=0 totalPen=0 | regime=0.8 vpBins=53 vpRatio=0.446
2013-01-30T09:30:00.000-05:00,SCORE_FAM: total=69.138 display=69 gate=69 cap=100 scaled=69.138 | Struct=12.375(0.413) Vol=3.75(-0.55) Phase=13(0.65) VP=7.8(0.65) Spring=3.229(0.646) Ctx=9.23(0.71)
2013-01-30T09:30:00.000-05:00,SCORE_DETAIL_STRUCT: HL=25(1) Spread=2(0.13) PB=0(0) Power=0 Mid=0 Slope=1 Flip=0
2013-01-30T09:30:00.000-05:00,SCORE_DETAIL_VOL: Dry=0(0) Supply=-15(-1) Effort=-10(0/-1) Decl=0 Con=0
2013-01-30T09:30:00.000-05:00,SCORE_DETAIL_PHASE: Events=1 Accum=1 SOS=0 PhB=1 SOT=0 STup=0
2013-01-30T09:30:00.000-05:00,SCORE_DETAIL_VP: Ctx=1 VPOCmig=1 VAprog=1 PShape=0 FinAuc=1 HVNsup=0 | bShape=0 Unfin=0 HVNoh=0 valid=true
2013-01-30T09:30:00.000-05:00,SCORE_DETAIL_CTX: HTF=1 RS=1 OEL=1(10) VWAP=0(pt=0 proxW=3.662 proxM=1.225) RSI=1
2013-01-30T09:30:00.000-05:00,SCORE_PENALTY: Ghost=0 Climax=0 Stall=0 Failed=0 totalPen=0 | regime=0.8 vpBins=53 vpRatio=0.469
2013-01-31T09:30:00.000-05:00,SCORE_FAM: total=69.138 display=69 gate=69 cap=100 scaled=69.138 | Struct=12.375(0.413) Vol=3.75(-0.55) Phase=13(0.65) VP=7.8(0.65) Spring=3.229(0.646) Ctx=9.23(0.71)
2013-01-31T09:30:00.000-05:00,SCORE_DETAIL_STRUCT: HL=25(1) Spread=2(0.13) PB=0(0) Power=0 Mid=0 Slope=1 Flip=0
2013-01-31T09:30:00.000-05:00,SCORE_DETAIL_VOL: Dry=0(0) Supply=-15(-1) Effort=-10(0/-1) Decl=0 Con=0
2013-01-31T09:30:00.000-05:00,SCORE_DETAIL_PHASE: Events=1 Accum=1 SOS=0 PhB=1 SOT=0 STup=0
2013-01-31T09:30:00.000-05:00,SCORE_DETAIL_VP: Ctx=1 VPOCmig=1 VAprog=1 PShape=0 FinAuc=1 HVNsup=0 | bShape=0 Unfin=0 HVNoh=0 valid=true
2013-01-31T09:30:00.000-05:00,SCORE_DETAIL_CTX: HTF=1 RS=1 OEL=1(10) VWAP=0(pt=0 proxW=3.639 proxM=1.304) RSI=1
2013-01-31T09:30:00.000-05:00,SCORE_PENALTY: Ghost=0 Climax=0 Stall=0 Failed=0 totalPen=0 | regime=0.8 vpBins=53 vpRatio=0.491
2013-02-01T09:30:00.000-05:00,SCORE_FAM: total=71.249 display=71 gate=71 cap=100 scaled=71.249 | Struct=12.375(0.413) Vol=3.75(-0.55) Phase=13(0.65) VP=7.8(0.65) Spring=3.229(0.646) Ctx=10.738(0.826)
2013-02-01T09:30:00.000-05:00,SCORE_DETAIL_STRUCT: HL=25(1) Spread=2(0.13) PB=0(0) Power=0 Mid=0 Slope=1 Flip=0
2013-02-01T09:30:00.000-05:00,SCORE_DETAIL_VOL: Dry=0(0) Supply=-10(-0.67) Effort=-10(0/-1) Decl=0 Con=0
2013-02-01T09:30:00.000-05:00,SCORE_DETAIL_PHASE: Events=1 Accum=1 SOS=0 PhB=1 SOT=0 STup=0
2013-02-01T09:30:00.000-05:00,SCORE_DETAIL_VP: Ctx=1 VPOCmig=1 VAprog=1 PShape=0 FinAuc=1 HVNsup=0 | bShape=0 Unfin=0 HVNoh=0 valid=true
2013-02-01T09:30:00.000-05:00,SCORE_DETAIL_CTX: HTF=1 RS=1 OEL=1(10) VWAP=0.4(pt=2 proxW=3.724 proxM=4.027) RSI=1
2013-02-01T09:30:00.000-05:00,SCORE_PENALTY: Ghost=0 Climax=0 Stall=0 Failed=0 totalPen=0 | regime=0.8 vpBins=53 vpRatio=0.517
2013-02-04T09:30:00.000-05:00,SCORE_FAM: total=69.138 display=69 gate=69 cap=100 scaled=69.138 | Struct=12.375(0.413) Vol=3.75(-0.55) Phase=13(0.65) VP=7.8(0.65) Spring=3.229(0.646) Ctx=9.23(0.71)
2013-02-04T09:30:00.000-05:00,SCORE_DETAIL_STRUCT: HL=25(1) Spread=2(0.13) PB=0(0) Power=0 Mid=0 Slope=1 Flip=0
2013-02-04T09:30:00.000-05:00,SCORE_DETAIL_VOL: Dry=0(0) Supply=-10(-0.67) Effort=-10(0/-1) Decl=0 Con=0
2013-02-04T09:30:00.000-05:00,SCORE_DETAIL_PHASE: Events=1 Accum=1 SOS=0 PhB=1 SOT=0 STup=0
2013-02-04T09:30:00.000-05:00,SCORE_DETAIL_VP: Ctx=1 VPOCmig=1 VAprog=1 PShape=0 FinAuc=1 HVNsup=0 | bShape=0 Unfin=0 HVNoh=0 valid=true
2013-02-04T09:30:00.000-05:00,SCORE_DETAIL_CTX: HTF=1 RS=1 OEL=1(10) VWAP=0(pt=0 proxW=3.882 proxM=3.986) RSI=1
2013-02-04T09:30:00.000-05:00,SCORE_PENALTY: Ghost=0 Climax=0 Stall=0 Failed=0 totalPen=0 | regime=0.8 vpBins=53 vpRatio=0.544
2013-02-05T09:30:00.000-05:00,SCORE_FAM: total=71.249 display=71 gate=71 cap=100 scaled=71.249 | Struct=12.375(0.413) Vol=3.75(-0.55) Phase=13(0.65) VP=7.8(0.65) Spring=3.229(0.646) Ctx=10.738(0.826)
2013-02-05T09:30:00.000-05:00,SCORE_DETAIL_STRUCT: HL=25(1) Spread=2(0.13) PB=0(0) Power=0 Mid=0 Slope=1 Flip=0
2013-02-05T09:30:00.000-05:00,SCORE_DETAIL_VOL: Dry=0(0) Supply=-10(-0.67) Effort=-10(0/-1) Decl=0 Con=0
2013-02-05T09:30:00.000-05:00,SCORE_DETAIL_PHASE: Events=1 Accum=1 SOS=0 PhB=1 SOT=0 STup=0
2013-02-05T09:30:00.000-05:00,SCORE_DETAIL_VP: Ctx=1 VPOCmig=1 VAprog=1 PShape=0 FinAuc=1 HVNsup=0 | bShape=0 Unfin=0 HVNoh=0 valid=true
2013-02-05T09:30:00.000-05:00,SCORE_DETAIL_CTX: HTF=1 RS=1 OEL=1(10) VWAP=0.4(pt=2 proxW=4.026 proxM=4.054) RSI=1
2013-02-05T09:30:00.000-05:00,SCORE_PENALTY: Ghost=0 Climax=0 Stall=0 Failed=0 totalPen=0 | regime=0.8 vpBins=53 vpRatio=0.576
2013-02-06T09:30:00.000-05:00,SCORE_FAM: total=71.249 display=71 gate=71 cap=100 scaled=71.249 | Struct=12.375(0.413) Vol=3.75(-0.55) Phase=13(0.65) VP=7.8(0.65) Spring=3.229(0.646) Ctx=10.738(0.826)
2013-02-06T09:30:00.000-05:00,SCORE_DETAIL_STRUCT: HL=25(1) Spread=2(0.13) PB=0(0) Power=0 Mid=0 Slope=1 Flip=0
2013-02-06T09:30:00.000-05:00,SCORE_DETAIL_VOL: Dry=0(0) Supply=-10(-0.67) Effort=-10(0/-1) Decl=0 Con=0
2013-02-06T09:30:00.000-05:00,SCORE_DETAIL_PHASE: Events=1 Accum=1 SOS=0 PhB=1 SOT=0 STup=0
2013-02-06T09:30:00.000-05:00,SCORE_DETAIL_VP: Ctx=1 VPOCmig=1 VAprog=1 PShape=0 FinAuc=1 HVNsup=0 | bShape=0 Unfin=0 HVNoh=0 valid=true
2013-02-06T09:30:00.000-05:00,SCORE_DETAIL_CTX: HTF=1 RS=1 OEL=1(10) VWAP=0.4(pt=2 proxW=4.224 proxM=4.178) RSI=1
2013-02-06T09:30:00.000-05:00,SCORE_PENALTY: Ghost=0 Climax=0 Stall=0 Failed=0 totalPen=0 | regime=0.8 vpBins=53 vpRatio=0.635
2013-02-07T09:30:00.000-05:00,SCORE_FAM: total=71.249 display=71 gate=71 cap=100 scaled=71.249 | Struct=12.375(0.413) Vol=3.75(-0.55) Phase=13(0.65) VP=7.8(0.65) Spring=3.229(0.646) Ctx=10.738(0.826)
2013-02-07T09:30:00.000-05:00,SCORE_DETAIL_STRUCT: HL=25(1) Spread=2(0.13) PB=0(0) Power=0 Mid=0 Slope=1 Flip=0
2013-02-07T09:30:00.000-05:00,SCORE_DETAIL_VOL: Dry=0(0) Supply=-10(-0.67) Effort=-10(0/-1) Decl=0 Con=0
2013-02-07T09:30:00.000-05:00,SCORE_DETAIL_PHASE: Events=1 Accum=1 SOS=0 PhB=1 SOT=0 STup=0
2013-02-07T09:30:00.000-05:00,SCORE_DETAIL_VP: Ctx=1 VPOCmig=1 VAprog=1 PShape=0 FinAuc=1 HVNsup=0 | bShape=0 Unfin=0 HVNoh=0 valid=true
2013-02-07T09:30:00.000-05:00,SCORE_DETAIL_CTX: HTF=1 RS=1 OEL=1(10) VWAP=0.4(pt=2 proxW=4.527 proxM=4.455) RSI=1
2013-02-07T09:30:00.000-05:00,SCORE_PENALTY: Ghost=0 Climax=0 Stall=0 Failed=0 totalPen=0 | regime=0.8 vpBins=53 vpRatio=0.65
2013-02-08T09:30:00.000-05:00,SCORE_FAM: total=71.249 display=71 gate=71 cap=100 scaled=71.249 | Struct=12.375(0.413) Vol=3.75(-0.55) Phase=13(0.65) VP=7.8(0.65) Spring=3.229(0.646) Ctx=10.738(0.826)
2013-02-08T09:30:00.000-05:00,SCORE_DETAIL_STRUCT: HL=25(1) Spread=2(0.13) PB=0(0) Power=0 Mid=0 Slope=1 Flip=0
2013-02-08T09:30:00.000-05:00,SCORE_DETAIL_VOL: Dry=0(0) Supply=-10(-0.67) Effort=-10(0/-1) Decl=0 Con=0
2013-02-08T09:30:00.000-05:00,SCORE_DETAIL_PHASE: Events=1 Accum=1 SOS=0 PhB=1 SOT=0 STup=0
2013-02-08T09:30:00.000-05:00,SCORE_DETAIL_VP: Ctx=1 VPOCmig=1 VAprog=1 PShape=0 FinAuc=1 HVNsup=0 | bShape=0 Unfin=0 HVNoh=0 valid=true
2013-02-08T09:30:00.000-05:00,SCORE_DETAIL_CTX: HTF=1 RS=1 OEL=1(10) VWAP=0.4(pt=2 proxW=4.729 proxM=4.647) RSI=1
2013-02-08T09:30:00.000-05:00,SCORE_PENALTY: Ghost=0 Climax=0 Stall=0 Failed=0 totalPen=0 | regime=0.8 vpBins=53 vpRatio=0.665
2013-02-11T09:30:00.000-05:00,SCORE_FAM: total=70.194 display=70 gate=70 cap=100 scaled=70.194 | Struct=12.375(0.413) Vol=3.75(-0.55) Phase=13(0.65) VP=7.8(0.65) Spring=3.229(0.646) Ctx=9.984(0.768)
2013-02-11T09:30:00.000-05:00,SCORE_DETAIL_STRUCT: HL=25(1) Spread=2(0.13) PB=0(0) Power=0 Mid=0 Slope=1 Flip=0
2013-02-11T09:30:00.000-05:00,SCORE_DETAIL_VOL: Dry=0(0) Supply=-10(-0.67) Effort=-10(0/-1) Decl=0 Con=0
2013-02-11T09:30:00.000-05:00,SCORE_DETAIL_PHASE: Events=1 Accum=1 SOS=0 PhB=1 SOT=0 STup=0
2013-02-11T09:30:00.000-05:00,SCORE_DETAIL_VP: Ctx=1 VPOCmig=1 VAprog=1 PShape=0 FinAuc=1 HVNsup=0 | bShape=0 Unfin=0 HVNoh=0 valid=true
2013-02-11T09:30:00.000-05:00,SCORE_DETAIL_CTX: HTF=1 RS=1 OEL=1(10) VWAP=0.2(pt=1 proxW=4.157 proxM=4.352) RSI=1
2013-02-11T09:30:00.000-05:00,SCORE_PENALTY: Ghost=0 Climax=0 Stall=0 Failed=0 totalPen=0 | regime=0.8 vpBins=53 vpRatio=0.777
2013-02-12T09:30:00.000-05:00,SCORE_FAM: total=69.138 display=69 gate=69 cap=100 scaled=69.138 | Struct=12.375(0.413) Vol=3.75(-0.55) Phase=13(0.65) VP=7.8(0.65) Spring=3.229(0.646) Ctx=9.23(0.71)
2013-02-12T09:30:00.000-05:00,SCORE_DETAIL_STRUCT: HL=25(1) Spread=2(0.13) PB=0(0) Power=0 Mid=0 Slope=1 Flip=0
2013-02-12T09:30:00.000-05:00,SCORE_DETAIL_VOL: Dry=0(0) Supply=-10(-0.67) Effort=-10(0/-1) Decl=0 Con=0
2013-02-12T09:30:00.000-05:00,SCORE_DETAIL_PHASE: Events=1 Accum=1 SOS=0 PhB=1 SOT=0 STup=0
2013-02-12T09:30:00.000-05:00,SCORE_DETAIL_VP: Ctx=1 VPOCmig=1 VAprog=1 PShape=0 FinAuc=1 HVNsup=0 | bShape=0 Unfin=0 HVNoh=0 valid=true
2013-02-12T09:30:00.000-05:00,SCORE_DETAIL_CTX: HTF=1 RS=1 OEL=1(10) VWAP=0(pt=0 proxW=3.905 proxM=4.134) RSI=1
2013-02-12T09:30:00.000-05:00,SCORE_PENALTY: Ghost=0 Climax=0 Stall=0 Failed=0 totalPen=0 | regime=0.8 vpBins=53 vpRatio=0.859
2013-02-13T09:30:00.000-05:00,SCORE_FAM: total=70.194 display=70 gate=70 cap=100 scaled=70.194 | Struct=12.375(0.413) Vol=3.75(-0.55) Phase=13(0.65) VP=7.8(0.65) Spring=3.229(0.646) Ctx=9.984(0.768)
2013-02-13T09:30:00.000-05:00,SCORE_DETAIL_STRUCT: HL=25(1) Spread=2(0.13) PB=0(0) Power=0 Mid=0 Slope=1 Flip=0
2013-02-13T09:30:00.000-05:00,SCORE_DETAIL_VOL: Dry=0(0) Supply=-10(-0.67) Effort=-10(0/-1) Decl=0 Con=0
2013-02-13T09:30:00.000-05:00,SCORE_DETAIL_PHASE: Events=1 Accum=1 SOS=0 PhB=1 SOT=0 STup=0
2013-02-13T09:30:00.000-05:00,SCORE_DETAIL_VP: Ctx=1 VPOCmig=1 VAprog=1 PShape=0 FinAuc=1 HVNsup=0 | bShape=0 Unfin=0 HVNoh=0 valid=true
2013-02-13T09:30:00.000-05:00,SCORE_DETAIL_CTX: HTF=1 RS=1 OEL=1(10) VWAP=0.2(pt=1 proxW=3.946 proxM=4.14) RSI=1
2013-02-13T09:30:00.000-05:00,SCORE_PENALTY: Ghost=0 Climax=0 Stall=0 Failed=0 totalPen=0 | regime=0.8 vpBins=53 vpRatio=0.909
2013-02-14T09:30:00.000-05:00,SCORE_FAM: total=70.194 display=70 gate=70 cap=100 scaled=70.194 | Struct=12.375(0.413) Vol=3.75(-0.55) Phase=13(0.65) VP=7.8(0.65) Spring=3.229(0.646) Ctx=9.984(0.768)
2013-02-14T09:30:00.000-05:00,SCORE_DETAIL_STRUCT: HL=25(1) Spread=2(0.13) PB=0(0) Power=0 Mid=0 Slope=1 Flip=0
2013-02-14T09:30:00.000-05:00,SCORE_DETAIL_VOL: Dry=0(0) Supply=-10(-0.67) Effort=-10(0/-1) Decl=0 Con=0
2013-02-14T09:30:00.000-05:00,SCORE_DETAIL_PHASE: Events=1 Accum=1 SOS=0 PhB=1 SOT=0 STup=0
2013-02-14T09:30:00.000-05:00,SCORE_DETAIL_VP: Ctx=1 VPOCmig=1 VAprog=1 PShape=0 FinAuc=1 HVNsup=0 | bShape=0 Unfin=0 HVNoh=0 valid=true
2013-02-14T09:30:00.000-05:00,SCORE_DETAIL_CTX: HTF=1 RS=1 OEL=1(10) VWAP=0.2(pt=1 proxW=4.118 proxM=4.296) RSI=1
2013-02-14T09:30:00.000-05:00,SCORE_PENALTY: Ghost=0 Climax=0 Stall=0 Failed=0 totalPen=0 | regime=0.8 vpBins=53 vpRatio=0.948
2013-02-15T09:30:00.000-05:00,SCORE_FAM: total=66.59 display=67 gate=67 cap=100 scaled=66.59 | Struct=12.375(0.413) Vol=3.75(-0.55) Phase=13(0.65) VP=7.8(0.65) Spring=3.229(0.646) Ctx=7.41(0.57)
2013-02-15T09:30:00.000-05:00,SCORE_DETAIL_STRUCT: HL=25(1) Spread=2(0.13) PB=0(0) Power=0 Mid=0 Slope=1 Flip=0
2013-02-15T09:30:00.000-05:00,SCORE_DETAIL_VOL: Dry=0(0) Supply=-10(-0.67) Effort=-10(0/-1) Decl=0 Con=0
2013-02-15T09:30:00.000-05:00,SCORE_DETAIL_PHASE: Events=1 Accum=1 SOS=0 PhB=1 SOT=0 STup=0
2013-02-15T09:30:00.000-05:00,SCORE_DETAIL_VP: Ctx=1 VPOCmig=1 VAprog=1 PShape=0 FinAuc=1 HVNsup=0 | bShape=0 Unfin=0 HVNoh=0 valid=true
2013-02-15T09:30:00.000-05:00,SCORE_DETAIL_CTX: HTF=1 RS=0 OEL=1(10) VWAP=0(pt=0 proxW=3.844 proxM=4.063) RSI=1
2013-02-15T09:30:00.000-05:00,SCORE_PENALTY: Ghost=0 Climax=0 Stall=0 Failed=0 totalPen=0 | regime=0.8 vpBins=53 vpRatio=1.02
2013-02-19T09:30:00.000-05:00,SCORE_FAM: total=74.172 display=74 gate=77 cap=100 scaled=74.172 | Struct=16.425(0.547) Vol=3.75(0) Phase=13(0.65) VP=7.8(0.65) Spring=3.229(0.646) Ctx=10.738(0.826)
2013-02-19T09:30:00.000-05:00,SCORE_DETAIL_STRUCT: HL=25(1) Spread=10(0.67) PB=0(0) Power=0 Mid=0 Slope=1 Flip=0
2013-02-19T09:30:00.000-05:00,SCORE_DETAIL_VOL: Dry=0(0) Supply=-10(-0.67) Effort=0(0/0) Decl=0 Con=0
2013-02-19T09:30:00.000-05:00,SCORE_DETAIL_PHASE: Events=1 Accum=1 SOS=0 PhB=1 SOT=0 STup=0
2013-02-19T09:30:00.000-05:00,SCORE_DETAIL_VP: Ctx=1 VPOCmig=1 VAprog=1 PShape=0 FinAuc=1 HVNsup=0 | bShape=0 Unfin=0 HVNoh=0 valid=true
2013-02-19T09:30:00.000-05:00,SCORE_DETAIL_CTX: HTF=1 RS=1 OEL=1(10) VWAP=0.4(pt=2 proxW=4.011 proxM=3.819) RSI=1
2013-02-19T09:30:00.000-05:00,SCORE_PENALTY: Ghost=0 Climax=0 Stall=0 Failed=0 totalPen=0 | regime=1 vpBins=53 vpRatio=1.128
2013-02-20T09:30:00.000-05:00,SCORE_FAM: total=88.228 display=88 gate=91 cap=100 scaled=88.228 | Struct=27.525(0.917) Vol=3.75(0.1) Phase=13(0.65) VP=12(1) Spring=3.229(0.646) Ctx=5.85(0.45)
2013-02-20T09:30:00.000-05:00,SCORE_DETAIL_STRUCT: HL=25(1) Spread=10(0.67) PB=15(1) Power=0 Mid=1 Slope=1 Flip=1
2013-02-20T09:30:00.000-05:00,SCORE_DETAIL_VOL: Dry=0(0) Supply=-15(-1) Effort=0(0/0) Decl=0 Con=1
2013-02-20T09:30:00.000-05:00,SCORE_DETAIL_PHASE: Events=1 Accum=1 SOS=0 PhB=1 SOT=0 STup=0
2013-02-20T09:30:00.000-05:00,SCORE_DETAIL_VP: Ctx=1 VPOCmig=1 VAprog=1 PShape=1 FinAuc=1 HVNsup=1 | bShape=0 Unfin=0 HVNoh=0 valid=true
2013-02-20T09:30:00.000-05:00,SCORE_DETAIL_CTX: HTF=1 RS=1 OEL=0(0) VWAP=0(pt=0 proxW=0.254 proxM=0.001) RSI=1
2013-02-20T09:30:00.000-05:00,SCORE_PENALTY: Ghost=0 Climax=0 Stall=0 Failed=0 totalPen=0 | regime=1 vpBins=53 vpRatio=1.181
2013-02-21T09:30:00.000-05:00,SCORE_FAM: total=41.019 display=41 gate=43 cap=100 scaled=41.019 | Struct=2.775(0.092) Vol=3.75(-0.55) Phase=8.8(0.44) VP=7.8(0.65) Spring=3.229(0.646) Ctx=4.03(0.31)
2013-02-21T09:30:00.000-05:00,SCORE_DETAIL_STRUCT: HL=5(0.2) Spread=2(0.13) PB=0(0) Power=0 Mid=0 Slope=0 Flip=0
2013-02-21T09:30:00.000-05:00,SCORE_DETAIL_VOL: Dry=0(0) Supply=-15(-1) Effort=-10(0/-1) Decl=0 Con=0
2013-02-21T09:30:00.000-05:00,SCORE_DETAIL_PHASE: Events=1 Accum=0 SOS=0 PhB=1 SOT=0 STup=0
2013-02-21T09:30:00.000-05:00,SCORE_DETAIL_VP: Ctx=0.5 VPOCmig=1 VAprog=1 PShape=1 FinAuc=1 HVNsup=0 | bShape=0 Unfin=0 HVNoh=-1 valid=true
2013-02-21T09:30:00.000-05:00,SCORE_DETAIL_CTX: HTF=1 RS=0 OEL=0(0) VWAP=0(pt=0 proxW=1.687 proxM=2.249) RSI=1
2013-02-21T09:30:00.000-05:00,SCORE_PENALTY: Ghost=0 Climax=0 Stall=0 Failed=0 totalPen=0 | regime=1 vpBins=34 vpRatio=2.308
2013-03-01T09:30:00.000-05:00,SPRING_DAILY: conf=0.495 [close=0.145 reclaim=0.033 vol=0.068] support=2.303 pen=0.019
2013-06-21T09:30:00.000-04:00,"TR DETECTED: Support=5.883, Resistance=7.66, Len=20, SlopeUp=false"
2013-06-21T09:30:00.000-04:00,"VPOC SHIFT: Prior=2.351, will compare when VP recalculates"
2013-08-22T09:30:00.000-04:00,"TR DETECTED: Support=8.441, Resistance=10.592, Len=20, SlopeUp=true"
2013-08-22T09:30:00.000-04:00,"VPOC SHIFT: Prior=7.111, will compare when VP recalculates"
2013-08-26T09:30:00.000-04:00,"DIST BC: bar=795 high=11.533 vol=362,566,922 volAvg=169,500,993.95"
2013-09-04T09:30:00.000-04:00,DIST UTAD: bar=801 close=11.375 breakBar=800
2013-10-23T09:30:00.000-04:00,SPRING: conf=0.537 [close=0.112 reclaim=0.064 vol=0.12 age=0.141 tests=0.1] pivot=10.767 pivotAge=10b
2013-10-29T09:30:00.000-04:00,SPRING: conf=0.738 [close=0.276 reclaim=0.12 vol=0.121 age=0.121 tests=0.1] pivot=10.567 pivotAge=36b
2013-11-06T09:30:00.000-05:00,DIST SOW: bar=846 close=10.077 support=10.2
2013-12-05T09:30:00.000-05:00,"TR DETECTED: Support=7.74, Resistance=9.71, Len=20, SlopeUp=false"
2013-12-05T09:30:00.000-05:00,"VPOC SHIFT: Prior=11.218, will compare when VP recalculates"
2013-12-27T09:30:00.000-05:00,DIST UTAD: bar=881 close=10.075 breakBar=880
2014-01-14T09:30:00.000-05:00,"DIST BC: bar=892 high=10.8 vol=419,037,839 volAvg=120,125,792.65"
2014-01-17T09:30:00.000-05:00,"TR DETECTED: Support=8.947, Resistance=11.547, Len=30, SlopeUp=true"
2014-01-17T09:30:00.000-05:00,"VPOC SHIFT: Prior=9.981, will compare when VP recalculates"
2014-01-24T09:30:00.000-05:00,DIST UTAD: bar=899 close=11.64 breakBar=897
2014-02-13T09:30:00.000-05:00,"TR DETECTED: Support=10.827, Resistance=13.515, Len=20, SlopeUp=true"
2014-02-13T09:30:00.000-05:00,"VPOC SHIFT: Prior=9.966, will compare when VP recalculates"
2014-02-19T09:30:00.000-05:00,"DIST BC: bar=916 high=13.58 vol=246,298,731 volAvg=120,858,390.35"
2014-03-20T09:30:00.000-04:00,"TR DETECTED: Support=13.888, Resistance=17.667, Len=20, SlopeUp=false"
2014-03-20T09:30:00.000-04:00,"VPOC SHIFT: Prior=14.084, will compare when VP recalculates"
2014-04-11T09:30:00.000-04:00,SPRING: conf=0.56 [close=0.185 reclaim=0.023 vol=0.112 age=0.14 tests=0.1] pivot=13.533 pivotAge=11b
2014-05-06T09:30:00.000-04:00,"TR DETECTED: Support=12.288, Resistance=14.622, Len=20, SlopeUp=false"
2014-05-06T09:30:00.000-04:00,"VPOC SHIFT: Prior=14.208, will compare when VP recalculates"
2014-05-08T09:30:00.000-04:00,DIST SOW: bar=971 close=11.906 support=12.288
2014-05-12T09:30:00.000-04:00,SPRING_DAILY: conf=0.55 [close=0.197 reclaim=0.012 vol=0.092] support=12.288 pen=0.296
2014-05-13T09:30:00.000-04:00,SPRING_DAILY: conf=0.776 [close=0.258 reclaim=0.175 vol=0.093] support=12.288 pen=0.088
2014-06-16T09:30:00.000-04:00,"DIST BC: bar=997 high=15.033 vol=198,695,478 volAvg=73,482,350.5"
2014-06-19T09:30:00.000-04:00,"TR DETECTED: Support=13.283, Resistance=15.703, Len=20, SlopeUp=true"
2014-06-19T09:30:00.000-04:00,"VPOC SHIFT: Prior=14.06, will compare when VP recalculates"
2014-06-19T09:30:00.000-04:00,"DIST BC: bar=1,000 high=15.687 vol=132,028,737 volAvg=83,710,542"
2014-07-01T09:30:00.000-04:00,"DIST UTAD: bar=1,008 close=15.981 breakBar=1,007"
2014-07-17T09:30:00.000-04:00,SPRING: conf=0.442 [close=0.078 reclaim=0.041 vol=0.08 age=0.143 tests=0.1] pivot=14.285 pivotAge=7b
2014-09-05T09:30:00.000-04:00,"TR DETECTED: Support=16.433, Resistance=19.428, Len=20, SlopeUp=true"
2014-09-05T09:30:00.000-04:00,"VPOC SHIFT: Prior=15.086, will compare when VP recalculates"
2014-09-29T09:30:00.000-04:00,SPRING_DAILY: conf=0.505 [close=0.16 reclaim=0.019 vol=0.075] support=16.314 pen=0.222
2014-10-10T09:30:00.000-04:00,SPRING: conf=0.514 [close=0.048 reclaim=0.029 vol=0.193 age=0.143 tests=0.1] pivot=15.71 pivotAge=7b
2014-10-10T09:30:00.000-04:00,"DIST SOW: bar=1,079 close=15.794 support=16.314"
2014-10-14T09:30:00.000-04:00,"TR DETECTED: Support=14.733, Resistance=17.707, Len=20, SlopeUp=false"
2014-10-14T09:30:00.000-04:00,"VPOC SHIFT: Prior=17.415, will compare when VP recalculates"
2014-12-02T09:30:00.000-05:00,SPRING: conf=0.591 [close=0.15 reclaim=0.106 vol=0.1 age=0.135 tests=0.1] pivot=15.233 pivotAge=17b
2014-12-08T09:30:00.000-05:00,"DIST SOW: bar=1,119 close=14.291 support=14.488"
2014-12-10T09:30:00.000-05:00,"TR DETECTED: Support=13.618, Resistance=17.707, Len=60, SlopeUp=false"
2014-12-10T09:30:00.000-05:00,"VPOC SHIFT: Prior=16.618, will compare when VP recalculates"
2014-12-16T09:30:00.000-05:00,"DIST SOW: bar=1,125 close=13.187 support=13.618"
2014-12-31T09:30:00.000-05:00,"TR DETECTED: Support=12.843, Resistance=15.393, Len=20, SlopeUp=false"
2014-12-31T09:30:00.000-05:00,"VPOC SHIFT: Prior=16.614, will compare when VP recalculates"
2015-03-06T09:30:00.000-05:00,SPRING: conf=0.427 [close=0.06 reclaim=0.017 vol=0.113 age=0.136 tests=0.1] pivot=12.885 pivotAge=15b
2015-03-30T09:30:00.000-04:00,SPRING: conf=0.719 [close=0.252 reclaim=0.078 vol=0.183 age=0.14 tests=0.067] pivot=12.488 pivotAge=11b
2015-04-27T09:30:00.000-04:00,"DIST BC: bar=1,214 high=15.917 vol=175,089,580 volAvg=75,095,929.2"
2015-04-28T09:30:00.000-04:00,"SOS CONFIRMED: rally=29.824% low=12.093 high=15.7 bars=12 avgVol=89,466,530.417 adjMinRally=2.8"
2015-04-28T09:30:00.000-04:00,SCORE_FAM: total=66.013 display=66 gate=66 cap=100 scaled=66.013 | Struct=21.075(0.702) Vol=3.75(-0.55) Phase=9.4(0.47) VP=3.84(0.32) Spring=3.237(0.647) Ctx=5.85(0.45)
2015-04-28T09:30:00.000-04:00,SCORE_DETAIL_STRUCT: HL=25(1) Spread=2(0.13) PB=15(1) Power=0 Mid=1 Slope=0 Flip=1
2015-04-28T09:30:00.000-04:00,SCORE_DETAIL_VOL: Dry=0(0) Supply=-5(-0.33) Effort=-10(0/-1) Decl=0 Con=0
2015-04-28T09:30:00.000-04:00,SCORE_DETAIL_PHASE: Events=1 Accum=1 SOS=0 PhB=0 SOT=0 STup=0
2015-04-28T09:30:00.000-04:00,SCORE_DETAIL_VP: Ctx=1 VPOCmig=0 VAprog=-1 PShape=0 FinAuc=1 HVNsup=1 | bShape=0 Unfin=0 HVNoh=0 valid=true
2015-04-28T09:30:00.000-04:00,SCORE_DETAIL_CTX: HTF=1 RS=1 OEL=0(0) VWAP=0(pt=0 proxW=0.431 proxM=2.414) RSI=1
2015-04-28T09:30:00.000-04:00,SCORE_PENALTY: Ghost=0 Climax=0 Stall=0 Failed=0 totalPen=0 | regime=0.8 vpBins=67 vpRatio=0.835
2015-04-29T09:30:00.000-04:00,SCORE_FAM: total=71.991 display=72 gate=72 cap=100 scaled=71.991 | Struct=21.075(0.702) Vol=3.75(0.064) Phase=9.4(0.47) VP=3.84(0.32) Spring=3.737(0.747) Ctx=9.62(0.74)
2015-04-29T09:30:00.000-04:00,SCORE_DETAIL_STRUCT: HL=25(1) Spread=2(0.13) PB=15(1) Power=0 Mid=1 Slope=0 Flip=1
2015-04-29T09:30:00.000-04:00,SCORE_DETAIL_VOL: Dry=3(0.12) Supply=0(0) Effort=0(0/0) Decl=0 Con=0
2015-04-29T09:30:00.000-04:00,SCORE_DETAIL_PHASE: Events=1 Accum=1 SOS=0 PhB=0 SOT=0 STup=0
2015-04-29T09:30:00.000-04:00,SCORE_DETAIL_VP: Ctx=1 VPOCmig=0 VAprog=-1 PShape=0 FinAuc=1 HVNsup=1 | bShape=0 Unfin=0 HVNoh=0 valid=true
2015-04-29T09:30:00.000-04:00,SCORE_DETAIL_CTX: HTF=1 RS=1 OEL=0(0) VWAP=1(pt=5 proxW=0.506 proxM=2.221) RSI=1
2015-04-29T09:30:00.000-04:00,SCORE_PENALTY: Ghost=0 Climax=0 Stall=0 Failed=0 totalPen=0 | regime=0.8 vpBins=67 vpRatio=0.808
2015-04-30T09:30:00.000-04:00,"DIST UTAD: bar=1,217 close=15.07 breakBar=1,214"
2015-04-30T09:30:00.000-04:00,SCORE_FAM: total=67.399 display=67 gate=67 cap=100 scaled=67.399 | Struct=21.075(0.702) Vol=4.24(0.17) Phase=9.4(0.47) VP=3.84(0.32) Spring=3.737(0.747) Ctx=5.85(0.45)
2015-04-30T09:30:00.000-04:00,SCORE_DETAIL_STRUCT: HL=25(1) Spread=2(0.13) PB=15(1) Power=0 Mid=1 Slope=0 Flip=1
2015-04-30T09:30:00.000-04:00,SCORE_DETAIL_VOL: Dry=8(0.32) Supply=0(0) Effort=0(0/0) Decl=0 Con=0
2015-04-30T09:30:00.000-04:00,SCORE_DETAIL_PHASE: Events=1 Accum=1 SOS=0 PhB=0 SOT=0 STup=0
2015-04-30T09:30:00.000-04:00,SCORE_DETAIL_VP: Ctx=1 VPOCmig=0 VAprog=-1 PShape=0 FinAuc=1 HVNsup=1 | bShape=0 Unfin=0 HVNoh=0 valid=true
2015-04-30T09:30:00.000-04:00,SCORE_DETAIL_CTX: HTF=1 RS=1 OEL=0(0) VWAP=0(pt=0 proxW=0.79 proxM=1.755) RSI=1
2015-04-30T09:30:00.000-04:00,SCORE_PENALTY: Ghost=0 Climax=0 Stall=0 Failed=0 totalPen=0 | regime=0.8 vpBins=67 vpRatio=0.78
2015-05-01T09:30:00.000-04:00,SCORE_FAM: total=73.24 display=73 gate=76 cap=100 scaled=73.24 | Struct=20.475(0.682) Vol=10.95(0.438) Phase=9.4(0.47) VP=3.84(0.32) Spring=3.737(0.747) Ctx=5.85(0.45)
2015-05-01T09:30:00.000-04:00,SCORE_DETAIL_STRUCT: HL=25(1) Spread=5(0.33) PB=15(1) Power=0 Mid=1 Slope=0 Flip=0
2015-05-01T09:30:00.000-04:00,SCORE_DETAIL_VOL: Dry=15(0.6) Supply=0(0) Effort=0(0/0) Decl=0 Con=0
2015-05-01T09:30:00.000-04:00,SCORE_DETAIL_PHASE: Events=1 Accum=1 SOS=0 PhB=0 SOT=0 STup=0
2015-05-01T09:30:00.000-04:00,SCORE_DETAIL_VP: Ctx=1 VPOCmig=0 VAprog=-1 PShape=0 FinAuc=1 HVNsup=1 | bShape=0 Unfin=0 HVNoh=0 valid=true
2015-05-01T09:30:00.000-04:00,SCORE_DETAIL_CTX: HTF=1 RS=1 OEL=0(0) VWAP=0(pt=0 proxW=1.307 proxM=0.784) RSI=1
2015-05-01T09:30:00.000-04:00,SCORE_PENALTY: Ghost=0 Climax=0 Stall=0 Failed=0 totalPen=0 | regime=1 vpBins=67 vpRatio=0.78
2015-05-01T09:30:00.000-04:00,LPS ENTRY: price=15.069 score=73 gate=76 mode=Close Above SOS Midpoint spring=true(conf=0.719) closeStr=0.495 volOk=true bars=4 pullback=27.902% prelimRisk=2.489%
2015-05-01T09:30:00.000-04:00,LPS DIST: warnLevel=2 liveCnt=2 bcAge=4 utadAge=1 sowAge=-1 lpsyAge=-1
2015-05-01T09:30:00.000-04:00,LPS STOP: mode=LPS Low price=14.65 stack=0 vwapW=15.323 vwapM=15.071 VAL=12.093
2015-05-01T09:30:00.000-04:00,COMP VP: VPOC=13.918 VAH=17.424 hvnAbove=15.087 lvnAbove=17.758
2015-06-09T09:30:00.000-04:00,SCORE_FAM: total=109.63 display=100 gate=100 cap=100 scaled=109.63 | Struct=30(1) Vol=18.25(0.73) Phase=9.4(0.47) VP=7.8(0.65) Spring=3.237(0.647) Ctx=9.62(0.74)
2015-06-09T09:30:00.000-04:00,SCORE_DETAIL_STRUCT: HL=25(1) Spread=15(1) PB=8(0.53) Power=1 Mid=1 Slope=1 Flip=1
2015-06-09T09:30:00.000-04:00,SCORE_DETAIL_VOL: Dry=25(1) Supply=0(0) Effort=0(0/0) Decl=0 Con=0
2015-06-09T09:30:00.000-04:00,SCORE_DETAIL_PHASE: Events=1 Accum=1 SOS=0 PhB=0 SOT=0 STup=0
2015-06-09T09:30:00.000-04:00,SCORE_DETAIL_VP: Ctx=1 VPOCmig=0 VAprog=0 PShape=1 FinAuc=1 HVNsup=1 | bShape=0 Unfin=0 HVNoh=0 valid=true
2015-06-09T09:30:00.000-04:00,SCORE_DETAIL_CTX: HTF=1 RS=1 OEL=0(0) VWAP=1(pt=5 proxW=0.229 proxM=0.555) RSI=1
2015-06-09T09:30:00.000-04:00,SCORE_PENALTY: Ghost=0 Climax=0 Stall=0 Failed=0 totalPen=0 | regime=0.8 vpBins=34 vpRatio=1.245
2015-06-10T09:30:00.000-04:00,SCORE_FAM: total=90.387 display=90 gate=90 cap=100 scaled=90.387 | Struct=25.425(0.847) Vol=18.25(0.73) Phase=5.2(0.26) VP=6.6(0.55) Spring=3.237(0.647) Ctx=5.85(0.45)
2015-06-10T09:30:00.000-04:00,SCORE_DETAIL_STRUCT: HL=25(1) Spread=10(0.67) PB=15(1) Power=0 Mid=1 Slope=1 Flip=0
2015-06-10T09:30:00.000-04:00,SCORE_DETAIL_VOL: Dry=25(1) Supply=0(0) Effort=0(0/0) Decl=0 Con=0
2015-06-10T09:30:00.000-04:00,SCORE_DETAIL_PHASE: Events=1 Accum=0 SOS=0 PhB=0 SOT=0 STup=0
2015-06-10T09:30:00.000-04:00,SCORE_DETAIL_VP: Ctx=1 VPOCmig=0 VAprog=0 PShape=1 FinAuc=1 HVNsup=0 | bShape=0 Unfin=0 HVNoh=0 valid=true
2015-06-10T09:30:00.000-04:00,SCORE_DETAIL_CTX: HTF=1 RS=1 OEL=0(0) VWAP=0(pt=0 proxW=0.979 proxM=0.453) RSI=1
2015-06-10T09:30:00.000-04:00,SCORE_PENALTY: Ghost=0 Climax=0 Stall=0 Failed=0 totalPen=0 | regime=0.8 vpBins=34 vpRatio=1.35
2015-06-10T09:30:00.000-04:00,LPS ENTRY: price=16.713 score=90 gate=90 mode=Close Above SOS Midpoint spring=true(conf=0.719) closeStr=0.4 volOk=true bars=2 pullback=18.946% prelimRisk=0.878%
2015-06-10T09:30:00.000-04:00,LPS DIST: warnLevel=2 liveCnt=2 bcAge=31 utadAge=28 sowAge=-1 lpsyAge=-1
2015-06-10T09:30:00.000-04:00,LPS STOP: mode=LPS Low price=16.517 stack=0 vwapW=16.937 vwapM=16.738 VAL=16.147
2015-06-10T09:30:00.000-04:00,COMP VP: VPOC=13.975 VAH=16.775 hvnAbove=NaN lvnAbove=17.659
2015-07-07T09:30:00.000-04:00,SCORE_FAM: total=47.03 display=47 gate=49 cap=100 scaled=47.03 | Struct=11.4(0.38) Vol=3.75(-0.38) Phase=5.2(0.26) VP=5.4(0.45) Spring=3.237(0.647) Ctx=5.85(0.45)
2015-07-07T09:30:00.000-04:00,SCORE_DETAIL_STRUCT: HL=25(1) Spread=0(0) PB=0(0) Power=0 Mid=0 Slope=1 Flip=0
2015-07-07T09:30:00.000-04:00,SCORE_DETAIL_VOL: Dry=8(0.32) Supply=-5(-0.33) Effort=-10(0/-1) Decl=0 Con=0
2015-07-07T09:30:00.000-04:00,SCORE_DETAIL_PHASE: Events=1 Accum=0 SOS=0 PhB=0 SOT=0 STup=0
2015-07-07T09:30:00.000-04:00,SCORE_DETAIL_VP: Ctx=1 VPOCmig=0 VAprog=1 PShape=0 FinAuc=1 HVNsup=0 | bShape=0 Unfin=0 HVNoh=0 valid=true
2015-07-07T09:30:00.000-04:00,SCORE_DETAIL_CTX: HTF=1 RS=1 OEL=0(0) VWAP=0(pt=0 proxW=1.622 proxM=1.893) RSI=1
2015-07-07T09:30:00.000-04:00,SCORE_PENALTY: Ghost=0 Climax=0 Stall=0 Failed=0 totalPen=0 | regime=1 vpBins=41 vpRatio=0.669
2015-07-08T09:30:00.000-04:00,SCORE_FAM: total=49.966 display=50 gate=52 cap=100 scaled=49.966 | Struct=12.375(0.413) Vol=3.75(-0.38) Phase=5.2(0.26) VP=6.6(0.55) Spring=3.237(0.647) Ctx=5.85(0.45)
2015-07-08T09:30:00.000-04:00,SCORE_DETAIL_STRUCT: HL=25(1) Spread=2(0.13) PB=0(0) Power=0 Mid=0 Slope=1 Flip=0
2015-07-08T09:30:00.000-04:00,SCORE_DETAIL_VOL: Dry=8(0.32) Supply=-5(-0.33) Effort=-10(0/-1) Decl=0 Con=0
2015-07-08T09:30:00.000-04:00,SCORE_DETAIL_PHASE: Events=1 Accum=0 SOS=0 PhB=0 SOT=0 STup=0
2015-07-08T09:30:00.000-04:00,SCORE_DETAIL_VP: Ctx=1 VPOCmig=0 VAprog=1 PShape=0 FinAuc=1 HVNsup=1 | bShape=0 Unfin=0 HVNoh=0 valid=true
2015-07-08T09:30:00.000-04:00,SCORE_DETAIL_CTX: HTF=1 RS=1 OEL=0(0) VWAP=0(pt=0 proxW=1.589 proxM=2.063) RSI=1
2015-07-08T09:30:00.000-04:00,SCORE_PENALTY: Ghost=0 Climax=0 Stall=0 Failed=0 totalPen=0 | regime=1 vpBins=41 vpRatio=0.608
2015-07-09T09:30:00.000-04:00,SCORE_FAM: total=51.033 display=51 gate=53 cap=100 scaled=51.033 | Struct=13.875(0.463) Vol=4.24(0.17) Phase=5.2(0.26) VP=5.4(0.45) Spring=3.237(0.647) Ctx=5.85(0.45)
2015-07-09T09:30:00.000-04:00,SCORE_DETAIL_STRUCT: HL=25(1) Spread=5(0.33) PB=0(0) Power=0 Mid=0 Slope=1 Flip=0
2015-07-09T09:30:00.000-04:00,SCORE_DETAIL_VOL: Dry=8(0.32) Supply=0(0) Effort=0(0/0) Decl=0 Con=0
2015-07-09T09:30:00.000-04:00,SCORE_DETAIL_PHASE: Events=1 Accum=0 SOS=0 PhB=0 SOT=0 STup=0
2015-07-09T09:30:00.000-04:00,SCORE_DETAIL_VP: Ctx=1 VPOCmig=0 VAprog=1 PShape=0 FinAuc=1 HVNsup=1 | bShape=0 Unfin=0 HVNoh=-1 valid=true
2015-07-09T09:30:00.000-04:00,SCORE_DETAIL_CTX: HTF=1 RS=1 OEL=0(0) VWAP=0(pt=0 proxW=1.425 proxM=1.894) RSI=1
2015-07-09T09:30:00.000-04:00,SCORE_PENALTY: Ghost=0 Climax=0 Stall=0 Failed=0 totalPen=0 | regime=1 vpBins=41 vpRatio=0.58
2015-07-10T09:30:00.000-04:00,SCORE_FAM: total=60.091 display=60 gate=62 cap=100 scaled=60.091 | Struct=13.875(0.463) Vol=10.95(0.438) Phase=5.2(0.26) VP=5.4(0.45) Spring=3.237(0.647) Ctx=5.85(0.45)
2015-07-10T09:30:00.000-04:00,SCORE_DETAIL_STRUCT: HL=25(1) Spread=5(0.33) PB=0(0) Power=0 Mid=0 Slope=1 Flip=0
2015-07-10T09:30:00.000-04:00,SCORE_DETAIL_VOL: Dry=15(0.6) Supply=0(0) Effort=0(0/0) Decl=0 Con=0
2015-07-10T09:30:00.000-04:00,SCORE_DETAIL_PHASE: Events=1 Accum=0 SOS=0 PhB=0 SOT=0 STup=0
2015-07-10T09:30:00.000-04:00,SCORE_DETAIL_VP: Ctx=1 VPOCmig=0 VAprog=1 PShape=0 FinAuc=1 HVNsup=1 | bShape=0 Unfin=0 HVNoh=-1 valid=true
2015-07-10T09:30:00.000-04:00,SCORE_DETAIL_CTX: HTF=1 RS=1 OEL=0(0) VWAP=0(pt=0 proxW=1.377 proxM=1.842) RSI=1
2015-07-10T09:30:00.000-04:00,SCORE_PENALTY: Ghost=0 Climax=0 Stall=0 Failed=0 totalPen=0 | regime=1 vpBins=41 vpRatio=0.559
2015-07-13T09:30:00.000-04:00,SCORE_FAM: total=63.145 display=63 gate=65 cap=100 scaled=63.145 | Struct=13.875(0.463) Vol=10.95(0.438) Phase=5.2(0.26) VP=5.4(0.45) Spring=3.237(0.647) Ctx=8.112(0.624)
2015-07-13T09:30:00.000-04:00,SCORE_DETAIL_STRUCT: HL=25(1) Spread=5(0.33) PB=0(0) Power=0 Mid=0 Slope=1 Flip=0
2015-07-13T09:30:00.000-04:00,SCORE_DETAIL_VOL: Dry=15(0.6) Supply=0(0) Effort=0(0/0) Decl=0 Con=0
2015-07-13T09:30:00.000-04:00,SCORE_DETAIL_PHASE: Events=1 Accum=0 SOS=0 PhB=0 SOT=0 STup=0
2015-07-13T09:30:00.000-04:00,SCORE_DETAIL_VP: Ctx=1 VPOCmig=0 VAprog=1 PShape=0 FinAuc=1 HVNsup=1 | bShape=0 Unfin=0 HVNoh=-1 valid=true
2015-07-13T09:30:00.000-04:00,SCORE_DETAIL_CTX: HTF=1 RS=1 OEL=0(0) VWAP=0.6(pt=3 proxW=0.798 proxM=1.769) RSI=1
2015-07-13T09:30:00.000-04:00,SCORE_PENALTY: Ghost=0 Climax=0 Stall=0 Failed=0 totalPen=0 | regime=1 vpBins=41 vpRatio=0.538
2015-07-14T09:30:00.000-04:00,SCORE_FAM: total=74.822 display=75 gate=78 cap=100 scaled=74.822 | Struct=16.425(0.547) Vol=18.25(0.73) Phase=5.2(0.26) VP=4.2(0.35) Spring=3.237(0.647) Ctx=8.112(0.624)
2015-07-14T09:30:00.000-04:00,SCORE_DETAIL_STRUCT: HL=25(1) Spread=10(0.67) PB=0(0) Power=0 Mid=0 Slope=1 Flip=0
2015-07-14T09:30:00.000-04:00,SCORE_DETAIL_VOL: Dry=25(1) Supply=0(0) Effort=0(0/0) Decl=0 Con=0
2015-07-14T09:30:00.000-04:00,SCORE_DETAIL_PHASE: Events=1 Accum=0 SOS=0 PhB=0 SOT=0 STup=0
2015-07-14T09:30:00.000-04:00,SCORE_DETAIL_VP: Ctx=1 VPOCmig=0 VAprog=1 PShape=0 FinAuc=1 HVNsup=0 | bShape=0 Unfin=0 HVNoh=-1 valid=true
2015-07-14T09:30:00.000-04:00,SCORE_DETAIL_CTX: HTF=1 RS=1 OEL=0(0) VWAP=0.6(pt=3 proxW=1.017 proxM=1.778) RSI=1
2015-07-14T09:30:00.000-04:00,SCORE_PENALTY: Ghost=0 Climax=0 Stall=0 Failed=0 totalPen=0 | regime=1 vpBins=41 vpRatio=0.563
2015-07-15T09:30:00.000-04:00,SCORE_FAM: total=76.442 display=76 gate=79 cap=100 scaled=76.442 | Struct=16.425(0.547) Vol=18.25(0.73) Phase=5.2(0.26) VP=5.4(0.45) Spring=3.237(0.647) Ctx=8.112(0.624)
2015-07-15T09:30:00.000-04:00,SCORE_DETAIL_STRUCT: HL=25(1) Spread=10(0.67) PB=0(0) Power=0 Mid=0 Slope=1 Flip=0
2015-07-15T09:30:00.000-04:00,SCORE_DETAIL_VOL: Dry=25(1) Supply=0(0) Effort=0(0/0) Decl=0 Con=0
2015-07-15T09:30:00.000-04:00,SCORE_DETAIL_PHASE: Events=1 Accum=0 SOS=0 PhB=0 SOT=0 STup=0
2015-07-15T09:30:00.000-04:00,SCORE_DETAIL_VP: Ctx=1 VPOCmig=0 VAprog=1 PShape=0 FinAuc=1 HVNsup=1 | bShape=0 Unfin=0 HVNoh=-1 valid=true
2015-07-15T09:30:00.000-04:00,SCORE_DETAIL_CTX: HTF=1 RS=1 OEL=0(0) VWAP=0.6(pt=3 proxW=1.138 proxM=1.79) RSI=1
2015-07-15T09:30:00.000-04:00,SCORE_PENALTY: Ghost=0 Climax=0 Stall=0 Failed=0 totalPen=0 | regime=1 vpBins=41 vpRatio=0.589
2015-07-16T09:30:00.000-04:00,SCORE_FAM: total=74.822 display=75 gate=78 cap=100 scaled=74.822 | Struct=16.425(0.547) Vol=18.25(0.73) Phase=5.2(0.26) VP=4.2(0.35) Spring=3.237(0.647) Ctx=8.112(0.624)
2015-07-16T09:30:00.000-04:00,SCORE_DETAIL_STRUCT: HL=25(1) Spread=10(0.67) PB=0(0) Power=0 Mid=0 Slope=1 Flip=0
2015-07-16T09:30:00.000-04:00,SCORE_DETAIL_VOL: Dry=25(1) Supply=0(0) Effort=0(0/0) Decl=0 Con=0
2015-07-16T09:30:00.000-04:00,SCORE_DETAIL_PHASE: Events=1 Accum=0 SOS=0 PhB=0 SOT=0 STup=0
2015-07-16T09:30:00.000-04:00,SCORE_DETAIL_VP: Ctx=1 VPOCmig=0 VAprog=1 PShape=0 FinAuc=1 HVNsup=0 | bShape=0 Unfin=0 HVNoh=-1 valid=true
2015-07-16T09:30:00.000-04:00,SCORE_DETAIL_CTX: HTF=1 RS=1 OEL=0(0) VWAP=0.6(pt=3 proxW=1.262 proxM=1.838) RSI=1
2015-07-16T09:30:00.000-04:00,SCORE_PENALTY: Ghost=0 Climax=0 Stall=0 Failed=0 totalPen=0 | regime=1 vpBins=41 vpRatio=0.61
2015-07-17T09:30:00.000-04:00,SCORE_FAM: total=78.478 display=78 gate=81 cap=100 scaled=78.478 | Struct=16.425(0.547) Vol=18.25(0.73) Phase=5.2(0.26) VP=5.4(0.45) Spring=3.237(0.647) Ctx=9.62(0.74)
2015-07-17T09:30:00.000-04:00,SCORE_DETAIL_STRUCT: HL=25(1) Spread=10(0.67) PB=0(0) Power=0 Mid=0 Slope=1 Flip=0
2015-07-17T09:30:00.000-04:00,SCORE_DETAIL_VOL: Dry=25(1) Supply=0(0) Effort=0(0/0) Decl=0 Con=0
2015-07-17T09:30:00.000-04:00,SCORE_DETAIL_PHASE: Events=1 Accum=0 SOS=0 PhB=0 SOT=0 STup=0
2015-07-17T09:30:00.000-04:00,SCORE_DETAIL_VP: Ctx=1 VPOCmig=0 VAprog=1 PShape=0 FinAuc=1 HVNsup=0 | bShape=0 Unfin=0 HVNoh=0 valid=true
2015-07-17T09:30:00.000-04:00,SCORE_DETAIL_CTX: HTF=1 RS=1 OEL=0(0) VWAP=1(pt=5 proxW=1.746 proxM=1.892) RSI=1
2015-07-17T09:30:00.000-04:00,SCORE_PENALTY: Ghost=0 Climax=0 Stall=0 Failed=0 totalPen=0 | regime=1 vpBins=41 vpRatio=0.675
2015-07-20T09:30:00.000-04:00,SCORE_FAM: total=81.718 display=82 gate=85 cap=100 scaled=81.718 | Struct=16.425(0.547) Vol=18.25(0.73) Phase=5.2(0.26) VP=7.8(0.65) Spring=3.237(0.647) Ctx=9.62(0.74)
2015-07-20T09:30:00.000-04:00,SCORE_DETAIL_STRUCT: HL=25(1) Spread=10(0.67) PB=0(0) Power=0 Mid=0 Slope=1 Flip=0
2015-07-20T09:30:00.000-04:00,SCORE_DETAIL_VOL: Dry=25(1) Supply=0(0) Effort=0(0/0) Decl=0 Con=0
2015-07-20T09:30:00.000-04:00,SCORE_DETAIL_PHASE: Events=1 Accum=0 SOS=0 PhB=0 SOT=0 STup=0
2015-07-20T09:30:00.000-04:00,SCORE_DETAIL_VP: Ctx=1 VPOCmig=1 VAprog=1 PShape=0 FinAuc=0 HVNsup=0 | bShape=0 Unfin=0 HVNoh=0 valid=true
2015-07-20T09:30:00.000-04:00,SCORE_DETAIL_CTX: HTF=1 RS=1 OEL=0(0) VWAP=1(pt=5 proxW=3.448 proxM=1.934) RSI=1
2015-07-20T09:30:00.000-04:00,SCORE_PENALTY: Ghost=0 Climax=0 Stall=0 Failed=0 totalPen=0 | regime=1 vpBins=47 vpRatio=0.46
2015-07-21T09:30:00.000-04:00,SCORE_FAM: total=70.149 display=70 gate=73 cap=100 scaled=70.149 | Struct=16.425(0.547) Vol=18.25(0.73) Phase=5.2(0.26) VP=3(0.25) Spring=3.237(0.647) Ctx=5.85(0.45)
2015-07-21T09:30:00.000-04:00,SCORE_DETAIL_STRUCT: HL=25(1) Spread=10(0.67) PB=0(0) Power=0 Mid=0 Slope=1 Flip=0
2015-07-21T09:30:00.000-04:00,SCORE_DETAIL_VOL: Dry=25(1) Supply=0(0) Effort=0(0/0) Decl=0 Con=0
2015-07-21T09:30:00.000-04:00,SCORE_DETAIL_PHASE: Events=1 Accum=0 SOS=0 PhB=0 SOT=0 STup=0
2015-07-21T09:30:00.000-04:00,SCORE_DETAIL_VP: Ctx=0.5 VPOCmig=1 VAprog=1 PShape=0 FinAuc=0 HVNsup=0 | bShape=-0.5 Unfin=0 HVNoh=-1 valid=true
2015-07-21T09:30:00.000-04:00,SCORE_DETAIL_CTX: HTF=1 RS=1 OEL=0(0) VWAP=0(pt=0 proxW=2.425 proxM=1.796) RSI=1
2015-07-21T09:30:00.000-04:00,SCORE_PENALTY: Ghost=0 Climax=0 Stall=0 Failed=0 totalPen=0 | regime=1 vpBins=47 vpRatio=0.528
2015-07-22T09:30:00.000-04:00,SCORE_FAM: total=78.91 display=79 gate=82 cap=100 scaled=78.91 | Struct=16.425(0.547) Vol=18.25(0.73) Phase=5.2(0.26) VP=7.8(0.65) Spring=3.237(0.647) Ctx=7.54(0.58)
2015-07-22T09:30:00.000-04:00,SCORE_DETAIL_STRUCT: HL=25(1) Spread=10(0.67) PB=0(0) Power=0 Mid=0 Slope=1 Flip=0
2015-07-22T09:30:00.000-04:00,SCORE_DETAIL_VOL: Dry=25(1) Supply=0(0) Effort=0(0/0) Decl=0 Con=0
2015-07-22T09:30:00.000-04:00,SCORE_DETAIL_PHASE: Events=1 Accum=0 SOS=0 PhB=0 SOT=0 STup=0
2015-07-22T09:30:00.000-04:00,SCORE_DETAIL_VP: Ctx=1 VPOCmig=1 VAprog=1 PShape=0 FinAuc=0 HVNsup=0 | bShape=0 Unfin=0 HVNoh=0 valid=true
2015-07-22T09:30:00.000-04:00,SCORE_DETAIL_CTX: HTF=1 RS=1 OEL=0.5(5) VWAP=0(pt=0 proxW=2.201 proxM=1.771) RSI=1
2015-07-22T09:30:00.000-04:00,SCORE_PENALTY: Ghost=0 Climax=0 Stall=0 Failed=0 totalPen=0 | regime=1 vpBins=47 vpRatio=0.51
2015-07-23T09:30:00.000-04:00,SCORE_FAM: total=74.05 display=74 gate=77 cap=100 scaled=74.05 | Struct=16.425(0.547) Vol=18.25(0.73) Phase=5.2(0.26) VP=4.2(0.35) Spring=3.237(0.647) Ctx=7.54(0.58)
2015-07-23T09:30:00.000-04:00,SCORE_DETAIL_STRUCT: HL=25(1) Spread=10(0.67) PB=0(0) Power=0 Mid=0 Slope=1 Flip=0
2015-07-23T09:30:00.000-04:00,SCORE_DETAIL_VOL: Dry=25(1) Supply=0(0) Effort=0(0/0) Decl=0 Con=0
2015-07-23T09:30:00.000-04:00,SCORE_DETAIL_PHASE: Events=1 Accum=0 SOS=0 PhB=0 SOT=0 STup=0
2015-07-23T09:30:00.000-04:00,SCORE_DETAIL_VP: Ctx=0.5 VPOCmig=1 VAprog=1 PShape=0 FinAuc=0 HVNsup=0 | bShape=-0.5 Unfin=0 HVNoh=0 valid=true
2015-07-23T09:30:00.000-04:00,SCORE_DETAIL_CTX: HTF=1 RS=1 OEL=0.5(5) VWAP=0(pt=0 proxW=2.188 proxM=1.822) RSI=1
2015-07-23T09:30:00.000-04:00,SCORE_PENALTY: Ghost=0 Climax=0 Stall=0 Failed=0 totalPen=0 | regime=1 vpBins=47 vpRatio=0.534
2015-07-24T09:30:00.000-04:00,SCORE_FAM: total=72.43 display=72 gate=75 cap=100 scaled=72.43 | Struct=16.425(0.547) Vol=18.25(0.73) Phase=5.2(0.26) VP=3(0.25) Spring=3.237(0.647) Ctx=7.54(0.58)
2015-07-24T09:30:00.000-04:00,SCORE_DETAIL_STRUCT: HL=25(1) Spread=10(0.67) PB=0(0) Power=0 Mid=0 Slope=1 Flip=0
2015-07-24T09:30:00.000-04:00,SCORE_DETAIL_VOL: Dry=25(1) Supply=0(0) Effort=0(0/0) Decl=0 Con=0
2015-07-24T09:30:00.000-04:00,SCORE_DETAIL_PHASE: Events=1 Accum=0 SOS=0 PhB=0 SOT=0 STup=0
2015-07-24T09:30:00.000-04:00,SCORE_DETAIL_VP: Ctx=0.5 VPOCmig=1 VAprog=1 PShape=0 FinAuc=0 HVNsup=0 | bShape=-0.5 Unfin=0 HVNoh=-1 valid=true
2015-07-24T09:30:00.000-04:00,SCORE_DETAIL_CTX: HTF=1 RS=1 OEL=0.5(5) VWAP=0(pt=0 proxW=2.112 proxM=1.824) RSI=1
2015-07-24T09:30:00.000-04:00,SCORE_PENALTY: Ghost=0 Climax=0 Stall=0 Failed=0 totalPen=0 | regime=1 vpBins=47 vpRatio=0.564
2015-07-27T09:30:00.000-04:00,SCORE_FAM: total=70.599 display=71 gate=76 cap=100 scaled=70.599 | Struct=18.9(0.63) Vol=18.25(0.73) Phase=5.2(0.26) VP=3(0.25) Spring=3.237(0.647) Ctx=5.72(0.44)
2015-07-27T09:30:00.000-04:00,SCORE_DETAIL_STRUCT: HL=25(1) Spread=15(1) PB=0(0) Power=0 Mid=0 Slope=1 Flip=0
2015-07-27T09:30:00.000-04:00,SCORE_DETAIL_VOL: Dry=25(1) Supply=0(0) Effort=0(0/0) Decl=0 Con=0
2015-07-27T09:30:00.000-04:00,SCORE_DETAIL_PHASE: Events=1 Accum=0 SOS=0 PhB=0 SOT=0 STup=0
2015-07-27T09:30:00.000-04:00,SCORE_DETAIL_VP: Ctx=0.5 VPOCmig=1 VAprog=1 PShape=0 FinAuc=0 HVNsup=0 | bShape=-0.5 Unfin=0 HVNoh=-1 valid=true
2015-07-27T09:30:00.000-04:00,SCORE_DETAIL_CTX: HTF=1 RS=0 OEL=0.5(5) VWAP=0(pt=0 proxW=0.632 proxM=2.037) RSI=1
2015-07-27T09:30:00.000-04:00,SCORE_PENALTY: Ghost=0 Climax=0 Stall=0 Failed=0 totalPen=0 | regime=1.3 vpBins=47 vpRatio=0.537
2015-07-28T09:30:00.000-04:00,SPRING: conf=0.787 [close=0.287 reclaim=0.194 vol=0.102 age=0.137 tests=0.067] pivot=16.954 pivotAge=14b
2015-07-28T09:30:00.000-04:00,SCORE_FAM: total=76.302 display=76 gate=82 cap=100 scaled=76.302 | Struct=18.9(0.63) Vol=18.25(0.73) Phase=5.2(0.26) VP=3(0.25) Spring=3.542(0.708) Ctx=9.802(0.754)
2015-07-28T09:30:00.000-04:00,SCORE_DETAIL_STRUCT: HL=25(1) Spread=15(1) PB=0(0) Power=0 Mid=0 Slope=1 Flip=0
2015-07-28T09:30:00.000-04:00,SCORE_DETAIL_VOL: Dry=25(1) Supply=0(0) Effort=0(0/0) Decl=0 Con=0
2015-07-28T09:30:00.000-04:00,SCORE_DETAIL_PHASE: Events=1 Accum=0 SOS=0 PhB=0 SOT=0 STup=0
2015-07-28T09:30:00.000-04:00,SCORE_DETAIL_VP: Ctx=0.5 VPOCmig=1 VAprog=1 PShape=0 FinAuc=0 HVNsup=0 | bShape=-0.5 Unfin=0 HVNoh=-1 valid=true
2015-07-28T09:30:00.000-04:00,SCORE_DETAIL_CTX: HTF=1 RS=1 OEL=0.5(5) VWAP=0.6(pt=3 proxW=0.844 proxM=1.907) RSI=1
2015-07-28T09:30:00.000-04:00,SCORE_PENALTY: Ghost=0 Climax=0 Stall=0 Failed=0 totalPen=0 | regime=1.3 vpBins=47 vpRatio=0.517
2015-07-29T09:30:00.000-04:00,SCORE_FAM: total=73.936 display=74 gate=80 cap=100 scaled=73.936 | Struct=18.9(0.63) Vol=18.25(0.73) Phase=5.2(0.26) VP=3(0.25) Spring=3.542(0.708) Ctx=7.982(0.614)
2015-07-29T09:30:00.000-04:00,SCORE_DETAIL_STRUCT: HL=25(1) Spread=15(1) PB=0(0) Power=0 Mid=0 Slope=1 Flip=0
2015-07-29T09:30:00.000-04:00,SCORE_DETAIL_VOL: Dry=25(1) Supply=0(0) Effort=0(0/0) Decl=0 Con=0
2015-07-29T09:30:00.000-04:00,SCORE_DETAIL_PHASE: Events=1 Accum=0 SOS=0 PhB=0 SOT=0 STup=0
2015-07-29T09:30:00.000-04:00,SCORE_DETAIL_VP: Ctx=0.5 VPOCmig=1 VAprog=1 PShape=0 FinAuc=0 HVNsup=0 | bShape=-0.5 Unfin=0 HVNoh=-1 valid=true
2015-07-29T09:30:00.000-04:00,SCORE_DETAIL_CTX: HTF=1 RS=0 OEL=0.5(5) VWAP=0.6(pt=3 proxW=1.048 proxM=1.94) RSI=1
2015-07-29T09:30:00.000-04:00,SCORE_PENALTY: Ghost=0 Climax=0 Stall=0 Failed=0 totalPen=0 | regime=1.3 vpBins=47 vpRatio=0.503
2015-07-30T09:30:00.000-04:00,SCORE_FAM: total=75.896 display=76 gate=79 cap=100 scaled=75.896 | Struct=16.425(0.547) Vol=18.25(0.73) Phase=5.2(0.26) VP=3(0.25) Spring=3.542(0.708) Ctx=9.802(0.754)
2015-07-30T09:30:00.000-04:00,SCORE_DETAIL_STRUCT: HL=25(1) Spread=10(0.67) PB=0(0) Power=0 Mid=0 Slope=1 Flip=0
2015-07-30T09:30:00.000-04:00,SCORE_DETAIL_VOL: Dry=25(1) Supply=0(0) Effort=0(0/0) Decl=0 Con=0
2015-07-30T09:30:00.000-04:00,SCORE_DETAIL_PHASE: Events=1 Accum=0 SOS=0 PhB=0 SOT=0 STup=0
2015-07-30T09:30:00.000-04:00,SCORE_DETAIL_VP: Ctx=0.5 VPOCmig=1 VAprog=1 PShape=0 FinAuc=0 HVNsup=0 | bShape=-0.5 Unfin=0 HVNoh=-1 valid=true
2015-07-30T09:30:00.000-04:00,SCORE_DETAIL_CTX: HTF=1 RS=1 OEL=0.5(5) VWAP=0.6(pt=3 proxW=1.183 proxM=1.995) RSI=1
2015-07-30T09:30:00.000-04:00,SCORE_PENALTY: Ghost=0 Climax=0 Stall=0 Failed=0 totalPen=0 | regime=1 vpBins=47 vpRatio=0.494
2015-07-31T09:30:00.000-04:00,SCORE_FAM: total=75.896 display=76 gate=79 cap=100 scaled=75.896 | Struct=16.425(0.547) Vol=18.25(0.73) Phase=5.2(0.26) VP=3(0.25) Spring=3.542(0.708) Ctx=9.802(0.754)
2015-07-31T09:30:00.000-04:00,SCORE_DETAIL_STRUCT: HL=25(1) Spread=10(0.67) PB=0(0) Power=0 Mid=0 Slope=1 Flip=0
2015-07-31T09:30:00.000-04:00,SCORE_DETAIL_VOL: Dry=25(1) Supply=0(0) Effort=0(0/0) Decl=0 Con=0
2015-07-31T09:30:00.000-04:00,SCORE_DETAIL_PHASE: Events=1 Accum=0 SOS=0 PhB=0 SOT=0 STup=0
2015-07-31T09:30:00.000-04:00,SCORE_DETAIL_VP: Ctx=0.5 VPOCmig=1 VAprog=1 PShape=0 FinAuc=0 HVNsup=0 | bShape=-0.5 Unfin=0 HVNoh=-1 valid=true
2015-07-31T09:30:00.000-04:00,SCORE_DETAIL_CTX: HTF=1 RS=1 OEL=0.5(5) VWAP=0.6(pt=3 proxW=1.338 proxM=2.066) RSI=1
2015-07-31T09:30:00.000-04:00,SCORE_PENALTY: Ghost=0 Climax=0 Stall=0 Failed=0 totalPen=0 | regime=1 vpBins=47 vpRatio=0.514
2015-08-03T09:30:00.000-04:00,SCORE_FAM: total=70.385 display=70 gate=73 cap=100 scaled=70.385 | Struct=16.425(0.547) Vol=18.25(0.73) Phase=5.2(0.26) VP=3(0.25) Spring=3.542(0.708) Ctx=5.72(0.44)
2015-08-03T09:30:00.000-04:00,SCORE_DETAIL_STRUCT: HL=25(1) Spread=10(0.67) PB=0(0) Power=0 Mid=0 Slope=1 Flip=0
2015-08-03T09:30:00.000-04:00,SCORE_DETAIL_VOL: Dry=25(1) Supply=0(0) Effort=0(0/0) Decl=0 Con=0
2015-08-03T09:30:00.000-04:00,SCORE_DETAIL_PHASE: Events=1 Accum=0 SOS=0 PhB=0 SOT=0 STup=0
2015-08-03T09:30:00.000-04:00,SCORE_DETAIL_VP: Ctx=0.5 VPOCmig=1 VAprog=1 PShape=0 FinAuc=0 HVNsup=0 | bShape=-0.5 Unfin=0 HVNoh=-1 valid=true
2015-08-03T09:30:00.000-04:00,SCORE_DETAIL_CTX: HTF=1 RS=0 OEL=0.5(5) VWAP=0(pt=0 proxW=1.292 proxM=1.292) RSI=1
2015-08-03T09:30:00.000-04:00,SCORE_PENALTY: Ghost=0 Climax=0 Stall=0 Failed=0 totalPen=0 | regime=1 vpBins=47 vpRatio=0.502
2015-08-04T09:30:00.000-04:00,SCORE_FAM: total=77.932 display=78 gate=81 cap=100 scaled=77.932 | Struct=16.425(0.547) Vol=18.25(0.73) Phase=5.2(0.26) VP=3(0.25) Spring=3.542(0.708) Ctx=11.31(0.87)
2015-08-04T09:30:00.000-04:00,SCORE_DETAIL_STRUCT: HL=25(1) Spread=10(0.67) PB=0(0) Power=0 Mid=0 Slope=1 Flip=0
2015-08-04T09:30:00.000-04:00,SCORE_DETAIL_VOL: Dry=25(1) Supply=0(0) Effort=0(0/0) Decl=0 Con=0
2015-08-04T09:30:00.000-04:00,SCORE_DETAIL_PHASE: Events=1 Accum=0 SOS=0 PhB=0 SOT=0 STup=0
2015-08-04T09:30:00.000-04:00,SCORE_DETAIL_VP: Ctx=0.5 VPOCmig=1 VAprog=1 PShape=0 FinAuc=0 HVNsup=0 | bShape=-0.5 Unfin=0 HVNoh=-1 valid=true
2015-08-04T09:30:00.000-04:00,SCORE_DETAIL_CTX: HTF=1 RS=1 OEL=0.5(5) VWAP=1(pt=5 proxW=1.438 proxM=1.438) RSI=1
2015-08-04T09:30:00.000-04:00,SCORE_PENALTY: Ghost=0 Climax=0 Stall=0 Failed=0 totalPen=0 | regime=1 vpBins=47 vpRatio=0.492
2015-08-05T09:30:00.000-04:00,SCORE_FAM: total=65.188 display=65 gate=68 cap=100 scaled=65.188 | Struct=18.375(0.612) Vol=3.75(-0.38) Phase=5.2(0.26) VP=7.8(0.65) Spring=3.542(0.708) Ctx=9.62(0.74)
2015-08-05T09:30:00.000-04:00,SCORE_DETAIL_STRUCT: HL=25(1) Spread=2(0.13) PB=15(1) Power=0 Mid=0 Slope=1 Flip=0
2015-08-05T09:30:00.000-04:00,SCORE_DETAIL_VOL: Dry=8(0.32) Supply=-5(-0.33) Effort=-10(0/-1) Decl=0 Con=0
2015-08-05T09:30:00.000-04:00,SCORE_DETAIL_PHASE: Events=1 Accum=0 SOS=0 PhB=0 SOT=0 STup=0
2015-08-05T09:30:00.000-04:00,SCORE_DETAIL_VP: Ctx=1 VPOCmig=1 VAprog=1 PShape=0 FinAuc=0 HVNsup=0 | bShape=0 Unfin=0 HVNoh=0 valid=true
2015-08-05T09:30:00.000-04:00,SCORE_DETAIL_CTX: HTF=1 RS=1 OEL=0(0) VWAP=1(pt=5 proxW=0.566 proxM=0.566) RSI=1
2015-08-05T09:30:00.000-04:00,SCORE_PENALTY: Ghost=0 Climax=0 Stall=0 Failed=0 totalPen=0 | regime=1 vpBins=47 vpRatio=0.547
2015-08-06T09:30:00.000-04:00,SPRING: conf=0.581 [close=0.159 reclaim=0.002 vol=0.2 age=0.12 tests=0.1] pivot=16.401 pivotAge=37b
2015-08-06T09:30:00.000-04:00,SCORE_FAM: total=37.53 display=38 gate=40 cap=100 scaled=37.53 | Struct=10.875(0.363) Vol=3.75(-0.55) Phase=5.2(0.26) VP=2.4(0.2) Spring=2.614(0.523) Ctx=4.03(0.31)
2015-08-06T09:30:00.000-04:00,SCORE_DETAIL_STRUCT: HL=0(0) Spread=5(0.33) PB=15(1) Power=0 Mid=0 Slope=1 Flip=0
2015-08-06T09:30:00.000-04:00,SCORE_DETAIL_VOL: Dry=0(0) Supply=-15(-1) Effort=-10(0/-1) Decl=0 Con=0
2015-08-06T09:30:00.000-04:00,SCORE_DETAIL_PHASE: Events=1 Accum=0 SOS=0 PhB=0 SOT=0 STup=0
2015-08-06T09:30:00.000-04:00,SCORE_DETAIL_VP: Ctx=0 VPOCmig=1 VAprog=1 PShape=0 FinAuc=0 HVNsup=0 | bShape=-0.5 Unfin=0 HVNoh=0 valid=true
2015-08-06T09:30:00.000-04:00,SCORE_DETAIL_CTX: HTF=1 RS=0 OEL=0(0) VWAP=0(pt=0 proxW=1.775 proxM=1.775) RSI=1
2015-08-06T09:30:00.000-04:00,SCORE_PENALTY: Ghost=0 Climax=0 Stall=0 Failed=0 totalPen=0 | regime=1.3 vpBins=47 vpRatio=0.493
2015-08-07T09:30:00.000-04:00,"DIST SOW: bar=1,286 close=16.167 support=16.334"
2015-08-07T09:30:00.000-04:00,SCORE_FAM: total=36.451 display=36 gate=39 cap=100 scaled=36.451 | Struct=13.425(0.448) Vol=3.75(0.064) Phase=5.2(0.26) VP=2.4(0.2) Spring=2.614(0.523) Ctx=0.65(0.05)
2015-08-07T09:30:00.000-04:00,SCORE_DETAIL_STRUCT: HL=0(0) Spread=10(0.67) PB=15(1) Power=0 Mid=0 Slope=1 Flip=0
2015-08-07T09:30:00.000-04:00,SCORE_DETAIL_VOL: Dry=3(0.12) Supply=-15(-1) Effort=0(0/0) Decl=0 Con=0
2015-08-07T09:30:00.000-04:00,SCORE_DETAIL_PHASE: Events=1 Accum=0 SOS=0 PhB=0 SOT=0 STup=0
2015-08-07T09:30:00.000-04:00,SCORE_DETAIL_VP: Ctx=0 VPOCmig=1 VAprog=1 PShape=0 FinAuc=0 HVNsup=0 | bShape=-0.5 Unfin=0 HVNoh=0 valid=true
2015-08-07T09:30:00.000-04:00,SCORE_DETAIL_CTX: HTF=0 RS=0 OEL=0(0) VWAP=0(pt=0 proxW=1.598 proxM=1.598) RSI=1
2015-08-07T09:30:00.000-04:00,SCORE_PENALTY: Ghost=0 Climax=0 Stall=0 Failed=0 totalPen=0 | regime=1.3 vpBins=47 vpRatio=0.507
2015-08-10T09:30:00.000-04:00,SCORE_FAM: total=43.246 display=43 gate=47 cap=100 scaled=43.246 | Struct=15.9(0.53) Vol=4.24(0.17) Phase=5.2(0.26) VP=2.4(0.2) Spring=2.614(0.523) Ctx=2.912(0.224)
2015-08-10T09:30:00.000-04:00,SCORE_DETAIL_STRUCT: HL=0(0) Spread=15(1) PB=15(1) Power=0 Mid=0 Slope=1 Flip=0
2015-08-10T09:30:00.000-04:00,SCORE_DETAIL_VOL: Dry=8(0.32) Supply=-10(-0.67) Effort=0(0/0) Decl=0 Con=0
2015-08-10T09:30:00.000-04:00,SCORE_DETAIL_PHASE: Events=1 Accum=0 SOS=0 PhB=0 SOT=0 STup=0
2015-08-10T09:30:00.000-04:00,SCORE_DETAIL_VP: Ctx=0 VPOCmig=1 VAprog=1 PShape=0 FinAuc=0 HVNsup=0 | bShape=-0.5 Unfin=0 HVNoh=0 valid=true
2015-08-10T09:30:00.000-04:00,SCORE_DETAIL_CTX: HTF=0 RS=0 OEL=0(0) VWAP=0.6(pt=3 proxW=0.411 proxM=1.493) RSI=1
2015-08-10T09:30:00.000-04:00,SCORE_PENALTY: Ghost=0 Climax=0 Stall=0 Failed=0 totalPen=0 | regime=1.3 vpBins=47 vpRatio=0.522
2015-08-11T09:30:00.000-04:00,SCORE_FAM: total=25.306 display=25 gate=28 cap=30 scaled=40.306 | Struct=15.9(0.53) Vol=4.24(0.17) Phase=5.2(0.26) VP=2.4(0.2) Spring=2.614(0.523) Ctx=0.65(0.05)
2015-08-11T09:30:00.000-04:00,SCORE_DETAIL_STRUCT: HL=0(0) Spread=15(1) PB=15(1) Power=0 Mid=0 Slope=1 Flip=0
2015-08-11T09:30:00.000-04:00,SCORE_DETAIL_VOL: Dry=8(0.32) Supply=-10(-0.67) Effort=0(0/0) Decl=0 Con=0
2015-08-11T09:30:00.000-04:00,SCORE_DETAIL_PHASE: Events=1 Accum=0 SOS=0 PhB=0 SOT=0 STup=0
2015-08-11T09:30:00.000-04:00,SCORE_DETAIL_VP: Ctx=0 VPOCmig=1 VAprog=1 PShape=0 FinAuc=0 HVNsup=0 | bShape=-0.5 Unfin=0 HVNoh=0 valid=true
2015-08-11T09:30:00.000-04:00,SCORE_DETAIL_CTX: HTF=0 RS=0 OEL=0(0) VWAP=0(pt=0 proxW=0.429 proxM=1.542) RSI=1
2015-08-11T09:30:00.000-04:00,SCORE_PENALTY: Ghost=0 Climax=0 Stall=0 Failed=-15 totalPen=-15 | regime=1.3 vpBins=47 vpRatio=0.538
2015-08-19T09:30:00.000-04:00,"TR DETECTED: Support=15.516, Resistance=18.073, Len=20, SlopeUp=false"
2015-08-19T09:30:00.000-04:00,"VPOC SHIFT: Prior=17.84, will compare when VP recalculates"
2015-08-21T09:30:00.000-04:00,"DIST SOW: bar=1,296 close=15.385 support=15.516"
2015-09-25T09:30:00.000-04:00,"TR DETECTED: Support=15.798, Resistance=18.105, Len=20, SlopeUp=true"
2015-09-25T09:30:00.000-04:00,"VPOC SHIFT: Prior=16.381, will compare when VP recalculates"
2015-10-07T09:30:00.000-04:00,"DIST SOW: bar=1,328 close=15.464 support=15.662"
2015-10-09T09:30:00.000-04:00,"TR DETECTED: Support=14.557, Resistance=18.105, Len=30, SlopeUp=false"
2015-10-09T09:30:00.000-04:00,"VPOC SHIFT: Prior=16.488, will compare when VP recalculates"
2015-10-29T09:30:00.000-04:00,"TR DETECTED: Support=13.467, Resistance=16.656, Len=20, SlopeUp=false"
2015-10-29T09:30:00.000-04:00,"VPOC SHIFT: Prior=16.504, will compare when VP recalculates"
2015-12-30T09:30:00.000-05:00,"SOS CONFIRMED: rally=19.493% low=13.593 high=16.242 bars=21 avgVol=51,275,720.095 adjMinRally=3.5"
2015-12-30T09:30:00.000-05:00,SCORE_FAM: total=31.312 display=31 gate=33 cap=100 scaled=46.312 | Struct=20.475(0.682) Vol=3.75(-0.286) Phase=0(0) VP=3.84(0.32) Spring=0(0) Ctx=6.24(0.48)
2015-12-30T09:30:00.000-05:00,SCORE_DETAIL_STRUCT: HL=25(1) Spread=5(0.33) PB=15(1) Power=0 Mid=1 Slope=0 Flip=0
2015-12-30T09:30:00.000-05:00,SCORE_DETAIL_VOL: Dry=3(0.12) Supply=-5(-0.33) Effort=-10(0/-1) Decl=1 Con=1
2015-12-30T09:30:00.000-05:00,SCORE_DETAIL_PHASE: Events=0 Accum=0 SOS=0 PhB=0 SOT=0 STup=0
2015-12-30T09:30:00.000-05:00,SCORE_DETAIL_VP: Ctx=1 VPOCmig=0 VAprog=-1 PShape=0 FinAuc=1 HVNsup=1 | bShape=0 Unfin=0 HVNoh=0 valid=true
2015-12-30T09:30:00.000-05:00,SCORE_DETAIL_CTX: HTF=0 RS=1 OEL=0(0) VWAP=1(pt=5 proxW=0.039 proxM=0.797) RSI=1
2015-12-30T09:30:00.000-05:00,SCORE_PENALTY: Ghost=-15 Climax=0 Stall=0 Failed=0 totalPen=-15 | regime=1 vpBins=34 vpRatio=0.857
2015-12-31T09:30:00.000-05:00,SCORE_FAM: total=64.01 display=64 gate=66 cap=100 scaled=64.01 | Struct=23.025(0.767) Vol=9.24(0.37) Phase=0(0) VP=3.84(0.32) Spring=0(0) Ctx=11.31(0.87)
2015-12-31T09:30:00.000-05:00,SCORE_DETAIL_STRUCT: HL=25(1) Spread=10(0.67) PB=15(1) Power=0 Mid=1 Slope=0 Flip=0
2015-12-31T09:30:00.000-05:00,SCORE_DETAIL_VOL: Dry=8(0.32) Supply=0(0) Effort=0(0/0) Decl=1 Con=1
2015-12-31T09:30:00.000-05:00,SCORE_DETAIL_PHASE: Events=0 Accum=0 SOS=0 PhB=0 SOT=0 STup=0
2015-12-31T09:30:00.000-05:00,SCORE_DETAIL_VP: Ctx=1 VPOCmig=0 VAprog=-1 PShape=0 FinAuc=1 HVNsup=1 | bShape=0 Unfin=0 HVNoh=0 valid=true
2015-12-31T09:30:00.000-05:00,SCORE_DETAIL_CTX: HTF=1 RS=1 OEL=0.5(5) VWAP=1(pt=5 proxW=0.147 proxM=0.743) RSI=1
2015-12-31T09:30:00.000-05:00,SCORE_PENALTY: Ghost=0 Climax=0 Stall=0 Failed=0 totalPen=0 | regime=1 vpBins=34 vpRatio=0.878
2016-01-04T09:30:00.000-05:00,SCORE_FAM: total=44.017 display=44 gate=46 cap=100 scaled=44.017 | Struct=17.475(0.583) Vol=3.75(-0.35) Phase=0(0) VP=3.84(0.32) Spring=0(0) Ctx=7.54(0.58)
2016-01-04T09:30:00.000-05:00,SCORE_DETAIL_STRUCT: HL=25(1) Spread=5(0.33) PB=15(1) Power=0 Mid=0 Slope=0 Flip=0
2016-01-04T09:30:00.000-05:00,SCORE_DETAIL_VOL: Dry=0(0) Supply=-10(-0.67) Effort=-10(0/-1) Decl=1 Con=1
2016-01-04T09:30:00.000-05:00,SCORE_DETAIL_PHASE: Events=0 Accum=0 SOS=0 PhB=0 SOT=0 STup=0
2016-01-04T09:30:00.000-05:00,SCORE_DETAIL_VP: Ctx=1 VPOCmig=0 VAprog=-1 PShape=0 FinAuc=1 HVNsup=1 | bShape=0 Unfin=0 HVNoh=0 valid=true
2016-01-04T09:30:00.000-05:00,SCORE_DETAIL_CTX: HTF=1 RS=1 OEL=0.5(5) VWAP=0(pt=0 proxW=0.693 proxM=0.693) RSI=1
2016-01-04T09:30:00.000-05:00,SCORE_PENALTY: Ghost=0 Climax=0 Stall=0 Failed=0 totalPen=0 | regime=1 vpBins=34 vpRatio=0.833
2016-01-05T09:30:00.000-05:00,SCORE_FAM: total=47.459 display=47 gate=49 cap=100 scaled=47.459 | Struct=20.025(0.667) Vol=3.75(-0.386) Phase=0(0) VP=3.84(0.32) Spring=0(0) Ctx=7.54(0.58)
2016-01-05T09:30:00.000-05:00,SCORE_DETAIL_STRUCT: HL=25(1) Spread=10(0.67) PB=15(1) Power=0 Mid=0 Slope=0 Flip=0
2016-01-05T09:30:00.000-05:00,SCORE_DETAIL_VOL: Dry=3(0.12) Supply=-10(-0.67) Effort=-10(0/-1) Decl=1 Con=0
2016-01-05T09:30:00.000-05:00,SCORE_DETAIL_PHASE: Events=0 Accum=0 SOS=0 PhB=0 SOT=0 STup=0
2016-01-05T09:30:00.000-05:00,SCORE_DETAIL_VP: Ctx=1 VPOCmig=0 VAprog=-1 PShape=0 FinAuc=1 HVNsup=1 | bShape=0 Unfin=0 HVNoh=0 valid=true
2016-01-05T09:30:00.000-05:00,SCORE_DETAIL_CTX: HTF=1 RS=1 OEL=0.5(5) VWAP=0(pt=0 proxW=0.654 proxM=0.654) RSI=1
2016-01-05T09:30:00.000-05:00,SCORE_PENALTY: Ghost=0 Climax=0 Stall=0 Failed=0 totalPen=0 | regime=1 vpBins=34 vpRatio=0.813
2016-01-06T09:30:00.000-05:00,SCORE_FAM: total=40.034 display=40 gate=42 cap=100 scaled=40.034 | Struct=17.205(0.574) Vol=4.09(0.164) Phase=0(0) VP=2.64(0.22) Spring=0(0) Ctx=5.72(0.44)
2016-01-06T09:30:00.000-05:00,SCORE_DETAIL_STRUCT: HL=25(1) Spread=10(0.67) PB=8(0.53) Power=0 Mid=0 Slope=0 Flip=0
2016-01-06T09:30:00.000-05:00,SCORE_DETAIL_VOL: Dry=3(0.12) Supply=-10(-0.67) Effort=0(0/0) Decl=1 Con=0
2016-01-06T09:30:00.000-05:00,SCORE_DETAIL_PHASE: Events=0 Accum=0 SOS=0 PhB=0 SOT=0 STup=0
2016-01-06T09:30:00.000-05:00,SCORE_DETAIL_VP: Ctx=1 VPOCmig=0 VAprog=-1 PShape=0 FinAuc=1 HVNsup=0 | bShape=0 Unfin=0 HVNoh=0 valid=true
2016-01-06T09:30:00.000-05:00,SCORE_DETAIL_CTX: HTF=1 RS=0 OEL=0.5(5) VWAP=0(pt=0 proxW=0.835 proxM=0.835) RSI=1
2016-01-06T09:30:00.000-05:00,SCORE_PENALTY: Ghost=0 Climax=0 Stall=0 Failed=0 totalPen=0 | regime=1 vpBins=34 vpRatio=0.791
2016-01-07T09:30:00.000-05:00,SPRING: conf=0.521 [close=0.125 reclaim=0.041 vol=0.12 age=0.136 tests=0.1] pivot=14.325 pivotAge=16b
2016-01-07T09:30:00.000-05:00,SCORE_FAM: total=42.984 display=43 gate=45 cap=100 scaled=42.984 | Struct=14.025(0.468) Vol=4.09(0.164) Phase=0(0) VP=3.84(0.32) Spring=2.345(0.469) Ctx=7.54(0.58)
2016-01-07T09:30:00.000-05:00,SCORE_DETAIL_STRUCT: HL=25(1) Spread=10(0.67) PB=0(0) Power=0 Mid=0 Slope=0 Flip=0
2016-01-07T09:30:00.000-05:00,SCORE_DETAIL_VOL: Dry=3(0.12) Supply=-10(-0.67) Effort=0(0/0) Decl=1 Con=0
2016-01-07T09:30:00.000-05:00,SCORE_DETAIL_PHASE: Events=0 Accum=0 SOS=0 PhB=0 SOT=0 STup=0
2016-01-07T09:30:00.000-05:00,SCORE_DETAIL_VP: Ctx=1 VPOCmig=0 VAprog=-1 PShape=0 FinAuc=1 HVNsup=1 | bShape=0 Unfin=0 HVNoh=0 valid=true
2016-01-07T09:30:00.000-05:00,SCORE_DETAIL_CTX: HTF=1 RS=1 OEL=0.5(5) VWAP=0(pt=0 proxW=0.975 proxM=0.975) RSI=1
2016-01-07T09:30:00.000-05:00,SCORE_PENALTY: Ghost=0 Climax=0 Stall=0 Failed=0 totalPen=0 | regime=1 vpBins=34 vpRatio=0.771
2016-01-11T09:30:00.000-05:00,SPRING: conf=0.525 [close=0.127 reclaim=0.045 vol=0.133 age=0.12 tests=0.1] pivot=13.72 pivotAge=37b
2016-01-14T09:30:00.000-05:00,SPRING: conf=0.638 [close=0.231 reclaim=0.034 vol=0.193 age=0.112 tests=0.067] pivot=13.593 pivotAge=51b
2016-01-26T09:30:00.000-05:00,SPRING_DAILY: conf=0.597 [close=0.157 reclaim=0.065 vol=0.126] support=12.75 pen=0.158
2016-02-04T09:30:00.000-05:00,"TR DETECTED: Support=11.133, Resistance=14.696, Len=20, SlopeUp=false"
2016-02-04T09:30:00.000-05:00,"VPOC SHIFT: Prior=14.33, will compare when VP recalculates"
2016-03-24T09:30:00.000-04:00,"TR DETECTED: Support=12.1, Resistance=15.992, Len=20, SlopeUp=true"
2016-03-24T09:30:00.000-04:00,"VPOC SHIFT: Prior=12.443, will compare when VP recalculates"
2016-03-31T09:30:00.000-04:00,"DIST BC: bar=1,448 high=15.828 vol=120,193,200 volAvg=68,516,288"
2016-04-04T09:30:00.000-04:00,"DIST UTAD: bar=1,450 close=16.466 breakBar=1,449"
2016-05-02T09:30:00.000-04:00,SPRING: conf=0.545 [close=0.25 reclaim=0.016 vol=0.07 age=0.142 tests=0.067] pivot=16.083 pivotAge=9b
2016-06-15T09:30:00.000-04:00,SPRING: conf=0.474 [close=0.114 reclaim=0.083 vol=0.068 age=0.143 tests=0.067] pivot=14.363 pivotAge=7b
2016-06-22T09:30:00.000-04:00,"DIST SOW: bar=1,506 close=13.111 support=13.378"
2016-07-28T09:30:00.000-04:00,"TR DETECTED: Support=13.733, Resistance=15.557, Len=20, SlopeUp=true"
2016-07-28T09:30:00.000-04:00,"VPOC SHIFT: Prior=16.542, will compare when VP recalculates"
2016-09-01T09:30:00.000-04:00,"DIST SOW: bar=1,556 close=13.385 support=13.867"
2016-09-28T09:30:00.000-04:00,"TR DETECTED: Support=12.897, Resistance=14.173, Len=20, SlopeUp=true"
2016-09-28T09:30:00.000-04:00,"VPOC SHIFT: Prior=15.017, will compare when VP recalculates"
2016-10-03T09:30:00.000-04:00,"SOS CONFIRMED: rally=8.078% low=13.303 high=14.378 bars=2 avgVol=64,396,301 adjMinRally=2.8"
2016-10-03T09:30:00.000-04:00,"DIST BC: bar=1,577 high=14.378 vol=89,998,469 volAvg=47,042,936.15"
2016-10-03T09:30:00.000-04:00,SCORE_FAM: total=50.974 display=51 gate=51 cap=100 scaled=50.974 | Struct=20.4(0.68) Vol=3.75(-0.45) Phase=5.2(0.26) VP=2.64(0.22) Spring=0(0) Ctx=4.42(0.34)
2016-10-03T09:30:00.000-04:00,SCORE_DETAIL_STRUCT: HL=25(1) Spread=0(0) PB=15(1) Power=0 Mid=1 Slope=1 Flip=0
2016-10-03T09:30:00.000-04:00,SCORE_DETAIL_VOL: Dry=0(0) Supply=-15(-1) Effort=-10(0/-1) Decl=1 Con=0
2016-10-03T09:30:00.000-04:00,SCORE_DETAIL_PHASE: Events=0 Accum=0 SOS=1 PhB=0 SOT=0 STup=0
2016-10-03T09:30:00.000-04:00,SCORE_DETAIL_VP: Ctx=1 VPOCmig=0 VAprog=-1 PShape=0 FinAuc=1 HVNsup=0 | bShape=0 Unfin=0 HVNoh=0 valid=true
2016-10-03T09:30:00.000-04:00,SCORE_DETAIL_CTX: HTF=0 RS=0 OEL=0(0) VWAP=1(pt=5 proxW=0.763 proxM=0.763) RSI=1
2016-10-03T09:30:00.000-04:00,SCORE_PENALTY: Ghost=0 Climax=0 Stall=0 Failed=0 totalPen=0 | regime=0.8 vpBins=34 vpRatio=0.614
2016-10-04T09:30:00.000-04:00,SCORE_FAM: total=43.365 display=43 gate=43 cap=100 scaled=43.365 | Struct=21.375(0.712) Vol=3.75(-0.45) Phase=5.2(0.26) VP=0(-0.005) Spring=0(0) Ctx=0.65(0.05)
2016-10-04T09:30:00.000-04:00,SCORE_DETAIL_STRUCT: HL=25(1) Spread=2(0.13) PB=15(1) Power=0 Mid=1 Slope=1 Flip=0
2016-10-04T09:30:00.000-04:00,SCORE_DETAIL_VOL: Dry=0(0) Supply=-10(-0.67) Effort=-10(0/-1) Decl=1 Con=0
2016-10-04T09:30:00.000-04:00,SCORE_DETAIL_PHASE: Events=0 Accum=0 SOS=1 PhB=0 SOT=0 STup=0
2016-10-04T09:30:00.000-04:00,SCORE_DETAIL_VP: Ctx=0.5 VPOCmig=0 VAprog=-1 PShape=0 FinAuc=1 HVNsup=1 | bShape=-0.25 Unfin=0 HVNoh=-1 valid=true
2016-10-04T09:30:00.000-04:00,SCORE_DETAIL_CTX: HTF=0 RS=0 OEL=0(0) VWAP=0(pt=0 proxW=0.68 proxM=0.68) RSI=1
2016-10-04T09:30:00.000-04:00,SCORE_PENALTY: Ghost=0 Climax=0 Stall=0 Failed=0 totalPen=0 | regime=0.8 vpBins=34 vpRatio=0.705
2016-10-05T09:30:00.000-04:00,SCORE_FAM: total=44.261 display=44 gate=44 cap=100 scaled=44.261 | Struct=21.375(0.712) Vol=4.09(0.164) Phase=5.2(0.26) VP=0.3(0.025) Spring=0(0) Ctx=0.65(0.05)
2016-10-05T09:30:00.000-04:00,SCORE_DETAIL_STRUCT: HL=25(1) Spread=2(0.13) PB=15(1) Power=0 Mid=1 Slope=1 Flip=0
2016-10-05T09:30:00.000-04:00,SCORE_DETAIL_VOL: Dry=3(0.12) Supply=0(0) Effort=0(0/0) Decl=1 Con=0
2016-10-05T09:30:00.000-04:00,SCORE_DETAIL_PHASE: Events=0 Accum=0 SOS=1 PhB=0 SOT=0 STup=0
2016-10-05T09:30:00.000-04:00,SCORE_DETAIL_VP: Ctx=0.5 VPOCmig=0 VAprog=-1 PShape=0 FinAuc=1 HVNsup=1 | bShape=-0.15 Unfin=0 HVNoh=-1 valid=true
2016-10-05T09:30:00.000-04:00,SCORE_DETAIL_CTX: HTF=0 RS=0 OEL=0(0) VWAP=0(pt=0 proxW=0.645 proxM=0.645) RSI=1
2016-10-05T09:30:00.000-04:00,SCORE_PENALTY: Ghost=0 Climax=0 Stall=0 Failed=0 totalPen=0 | regime=0.8 vpBins=34 vpRatio=0.753
2016-10-06T09:30:00.000-04:00,SCORE_FAM: total=32.865 display=33 gate=33 cap=100 scaled=32.865 | Struct=13.875(0.463) Vol=3.75(-0.486) Phase=5.2(0.26) VP=0(-0.105) Spring=0(0) Ctx=0.65(0.05)
2016-10-06T09:30:00.000-04:00,SCORE_DETAIL_STRUCT: HL=25(1) Spread=5(0.33) PB=0(0) Power=0 Mid=0 Slope=1 Flip=0
2016-10-06T09:30:00.000-04:00,SCORE_DETAIL_VOL: Dry=3(0.12) Supply=0(0) Effort=-10(0/-1) Decl=0 Con=0
2016-10-06T09:30:00.000-04:00,SCORE_DETAIL_PHASE: Events=0 Accum=0 SOS=1 PhB=0 SOT=0 STup=0
2016-10-06T09:30:00.000-04:00,SCORE_DETAIL_VP: Ctx=0.5 VPOCmig=0 VAprog=-1 PShape=0 FinAuc=1 HVNsup=0 | bShape=-0.25 Unfin=0 HVNoh=-1 valid=true
2016-10-06T09:30:00.000-04:00,SCORE_DETAIL_CTX: HTF=0 RS=0 OEL=0(0) VWAP=0(pt=0 proxW=1.501 proxM=1.501) RSI=1
2016-10-06T09:30:00.000-04:00,SCORE_PENALTY: Ghost=0 Climax=0 Stall=0 Failed=0 totalPen=0 | regime=0.8 vpBins=34 vpRatio=0.672
2016-10-18T09:30:00.000-04:00,SPRING: conf=0.799 [close=0.282 reclaim=0.133 vol=0.174 age=0.143 tests=0.067] pivot=13.053 pivotAge=7b
2016-11-04T09:30:00.000-04:00,SPRING_DAILY: conf=0.664 [close=0.184 reclaim=0.117 vol=0.112] support=12.469 pen=0.072
2016-11-09T09:30:00.000-05:00,SPRING_DAILY: conf=0.736 [close=0.228 reclaim=0.094 vol=0.165] support=12.469 pen=0.206
2016-11-10T09:30:00.000-05:00,"DIST SOW: bar=1,605 close=12.357 support=12.469"
2016-11-16T09:30:00.000-05:00,"DIST LPSY: bar=1,609 close=12.262 vol=51,516,606 volAvg=74,972,024.55"
2017-01-13T09:30:00.000-05:00,"TR DETECTED: Support=13.159, Resistance=15.857, Len=20, SlopeUp=true"
2017-01-13T09:30:00.000-05:00,"VPOC SHIFT: Prior=12.384, will compare when VP recalculates"
2017-01-19T09:30:00.000-05:00,"DIST BC: bar=1,651 high=16.579 vol=115,984,660 volAvg=76,449,525.1"
2017-01-20T09:30:00.000-05:00,"DIST UTAD: bar=1,652 close=16.315 breakBar=1,651"
2017-02-14T09:30:00.000-05:00,"TR DETECTED: Support=15.705, Resistance=19.159, Len=20, SlopeUp=true"
2017-02-14T09:30:00.000-05:00,"VPOC SHIFT: Prior=16.779, will compare when VP recalculates"
2017-02-14T09:30:00.000-05:00,"DIST BC: bar=1,669 high=19.159 vol=110,178,470 volAvg=69,387,335.15"
2017-04-26T09:30:00.000-04:00,"TR DETECTED: Support=18.369, Resistance=20.967, Len=20, SlopeUp=true"
2017-04-26T09:30:00.000-04:00,"VPOC SHIFT: Prior=16.772, will compare when VP recalculates"
2017-05-09T09:30:00.000-04:00,"DIST BC: bar=1,727 high=21.466 vol=145,148,200 volAvg=95,722,070.3"
2017-05-10T09:30:00.000-04:00,"SOS CONFIRMED: rally=11.948% low=19.384 high=21.7 bars=3 avgVol=117,977,572.667 adjMinRally=4.55"
2017-05-10T09:30:00.000-04:00,SCORE_FAM: total=90.311 display=90 gate=97 cap=100 scaled=90.311 | Struct=27.9(0.93) Vol=18.25(0.73) Phase=4.2(0.21) VP=9(0.75) Spring=0.5(0.1) Ctx=9.62(0.74)
2017-05-10T09:30:00.000-04:00,SCORE_DETAIL_STRUCT: HL=25(1) Spread=15(1) PB=15(1) Power=0 Mid=1 Slope=1 Flip=0
2017-05-10T09:30:00.000-04:00,SCORE_DETAIL_VOL: Dry=25(1) Supply=0(0) Effort=0(0/0) Decl=0 Con=0
2017-05-10T09:30:00.000-04:00,SCORE_DETAIL_PHASE: Events=0 Accum=1 SOS=0 PhB=0 SOT=0 STup=0
2017-05-10T09:30:00.000-04:00,SCORE_DETAIL_VP: Ctx=1 VPOCmig=1 VAprog=1 PShape=0 FinAuc=1 HVNsup=1 | bShape=0 Unfin=0 HVNoh=0 valid=true
2017-05-10T09:30:00.000-04:00,SCORE_DETAIL_CTX: HTF=1 RS=1 OEL=0(0) VWAP=1(pt=5 proxW=0.202 proxM=0.664) RSI=1
2017-05-10T09:30:00.000-04:00,SCORE_PENALTY: Ghost=0 Climax=0 Stall=0 Failed=0 totalPen=0 | regime=1.3 vpBins=34 vpRatio=1.026
2017-05-11T09:30:00.000-04:00,SCORE_FAM: total=90.311 display=90 gate=97 cap=100 scaled=90.311 | Struct=27.9(0.93) Vol=18.25(0.73) Phase=4.2(0.21) VP=9(0.75) Spring=0.5(0.1) Ctx=9.62(0.74)
2017-05-11T09:30:00.000-04:00,SCORE_DETAIL_STRUCT: HL=25(1) Spread=15(1) PB=15(1) Power=0 Mid=1 Slope=1 Flip=0
2017-05-11T09:30:00.000-04:00,SCORE_DETAIL_VOL: Dry=25(1) Supply=0(0) Effort=0(0/0) Decl=0 Con=0
2017-05-11T09:30:00.000-04:00,SCORE_DETAIL_PHASE: Events=0 Accum=1 SOS=0 PhB=0 SOT=0 STup=0
2017-05-11T09:30:00.000-04:00,SCORE_DETAIL_VP: Ctx=1 VPOCmig=1 VAprog=1 PShape=0 FinAuc=1 HVNsup=1 | bShape=0 Unfin=0 HVNoh=0 valid=true
2017-05-11T09:30:00.000-04:00,SCORE_DETAIL_CTX: HTF=1 RS=1 OEL=0(0) VWAP=1(pt=5 proxW=0.081 proxM=0.6) RSI=1
2017-05-11T09:30:00.000-04:00,SCORE_PENALTY: Ghost=0 Climax=0 Stall=0 Failed=0 totalPen=0 | regime=1.3 vpBins=34 vpRatio=1.09
2017-05-12T09:30:00.000-04:00,SCORE_FAM: total=93.626 display=94 gate=100 cap=100 scaled=93.626 | Struct=27.9(0.93) Vol=25(1) Phase=0(0) VP=9(0.75) Spring=0.5(0.1) Ctx=9.62(0.74)
2017-05-12T09:30:00.000-04:00,SCORE_DETAIL_STRUCT: HL=25(1) Spread=15(1) PB=15(1) Power=0 Mid=1 Slope=1 Flip=0
2017-05-12T09:30:00.000-04:00,SCORE_DETAIL_VOL: Dry=25(1) Supply=0(0) Effort=10(1/0) Decl=0 Con=0
2017-05-12T09:30:00.000-04:00,SCORE_DETAIL_PHASE: Events=0 Accum=0 SOS=0 PhB=0 SOT=0 STup=0
2017-05-12T09:30:00.000-04:00,SCORE_DETAIL_VP: Ctx=1 VPOCmig=1 VAprog=1 PShape=0 FinAuc=1 HVNsup=1 | bShape=0 Unfin=0 HVNoh=0 valid=true
2017-05-12T09:30:00.000-04:00,SCORE_DETAIL_CTX: HTF=1 RS=1 OEL=0(0) VWAP=1(pt=5 proxW=0.02 proxM=0.546) RSI=1
2017-05-12T09:30:00.000-04:00,SCORE_PENALTY: Ghost=0 Climax=0 Stall=0 Failed=0 totalPen=0 | regime=1.3 vpBins=34 vpRatio=1.145
2017-05-15T09:30:00.000-04:00,SCORE_FAM: total=83.85 display=84 gate=90 cap=100 scaled=83.85 | Struct=27.9(0.93) Vol=18.25(0.73) Phase=0(0) VP=12(1) Spring=0.5(0.1) Ctx=5.85(0.45)
2017-05-15T09:30:00.000-04:00,SCORE_DETAIL_STRUCT: HL=25(1) Spread=15(1) PB=15(1) Power=0 Mid=1 Slope=1 Flip=0
2017-05-15T09:30:00.000-04:00,SCORE_DETAIL_VOL: Dry=25(1) Supply=0(0) Effort=0(0/0) Decl=0 Con=0
2017-05-15T09:30:00.000-04:00,SCORE_DETAIL_PHASE: Events=0 Accum=0 SOS=0 PhB=0 SOT=0 STup=0
2017-05-15T09:30:00.000-04:00,SCORE_DETAIL_VP: Ctx=1 VPOCmig=1 VAprog=1 PShape=1 FinAuc=1 HVNsup=1 | bShape=0 Unfin=0 HVNoh=0 valid=true
2017-05-15T09:30:00.000-04:00,SCORE_DETAIL_CTX: HTF=1 RS=1 OEL=0(0) VWAP=0(pt=0 proxW=0.396 proxM=0.1) RSI=1
2017-05-15T09:30:00.000-04:00,SCORE_PENALTY: Ghost=0 Climax=0 Stall=0 Failed=0 totalPen=0 | regime=1.3 vpBins=34 vpRatio=1.248
2017-05-15T09:30:00.000-04:00,LPS ENTRY: price=21.059 score=84 gate=90 mode=Close Above SOS Midpoint spring=false(conf=0) closeStr=0.437 volOk=true bars=4 pullback=37.335% prelimRisk=1.061%
2017-05-15T09:30:00.000-04:00,LPS DIST: warnLevel=1 liveCnt=1 bcAge=4 utadAge=-1 sowAge=-1 lpsyAge=-1
2017-05-15T09:30:00.000-04:00,LPS STOP: mode=LPS Low price=20.773 stack=0 vwapW=21.08 vwapM=20.897 VAL=19.384
2017-05-15T09:30:00.000-04:00,COMP VP: VPOC=13.491 VAH=NaN hvnAbove=NaN lvnAbove=21.133
2017-06-05T09:30:00.000-04:00,SCORE_FAM: total=78.188 display=78 gate=84 cap=100 scaled=78.188 | Struct=13.875(0.463) Vol=18.25(0.73) Phase=9.4(0.47) VP=9(0.75) Spring=0(0) Ctx=9.62(0.74)
2017-06-05T09:30:00.000-04:00,SCORE_DETAIL_STRUCT: HL=25(1) Spread=5(0.33) PB=0(0) Power=0 Mid=0 Slope=1 Flip=0
2017-06-05T09:30:00.000-04:00,SCORE_DETAIL_VOL: Dry=25(1) Supply=0(0) Effort=0(0/0) Decl=0 Con=0
2017-06-05T09:30:00.000-04:00,SCORE_DETAIL_PHASE: Events=1 Accum=1 SOS=0 PhB=0 SOT=0 STup=0
2017-06-05T09:30:00.000-04:00,SCORE_DETAIL_VP: Ctx=1 VPOCmig=1 VAprog=1 PShape=0 FinAuc=1 HVNsup=1 | bShape=0 Unfin=0 HVNoh=0 valid=true
2017-06-05T09:30:00.000-04:00,SCORE_DETAIL_CTX: HTF=1 RS=1 OEL=0(0) VWAP=1(pt=5 proxW=1.016 proxM=0.794) RSI=1
2017-06-05T09:30:00.000-04:00,SCORE_PENALTY: Ghost=0 Climax=0 Stall=0 Failed=0 totalPen=0 | regime=1.3 vpBins=47 vpRatio=0.429
2017-06-06T09:30:00.000-04:00,SCORE_FAM: total=57.388 display=57 gate=62 cap=100 scaled=57.388 | Struct=12.375(0.413) Vol=3.75(-0.38) Phase=9.4(0.47) VP=9(0.75) Spring=0(0) Ctx=9.62(0.74)
2017-06-06T09:30:00.000-04:00,SCORE_DETAIL_STRUCT: HL=25(1) Spread=2(0.13) PB=0(0) Power=0 Mid=0 Slope=1 Flip=0
2017-06-06T09:30:00.000-04:00,SCORE_DETAIL_VOL: Dry=8(0.32) Supply=-10(-0.67) Effort=-10(0/-1) Decl=0 Con=0
2017-06-06T09:30:00.000-04:00,SCORE_DETAIL_PHASE: Events=1 Accum=1 SOS=0 PhB=0 SOT=0 STup=0
2017-06-06T09:30:00.000-04:00,SCORE_DETAIL_VP: Ctx=1 VPOCmig=1 VAprog=1 PShape=0 FinAuc=1 HVNsup=1 | bShape=0 Unfin=0 HVNoh=0 valid=true
2017-06-06T09:30:00.000-04:00,SCORE_DETAIL_CTX: HTF=1 RS=1 OEL=0(0) VWAP=1(pt=5 proxW=1.413 proxM=1.079) RSI=1
2017-06-06T09:30:00.000-04:00,SCORE_PENALTY: Ghost=0 Climax=0 Stall=0 Failed=0 totalPen=0 | regime=1.3 vpBins=47 vpRatio=0.238
2017-06-07T09:30:00.000-04:00,SCORE_FAM: total=59.338 display=59 gate=64 cap=100 scaled=59.338 | Struct=13.875(0.463) Vol=3.75(-0.38) Phase=9.4(0.47) VP=9(0.75) Spring=0(0) Ctx=9.62(0.74)
2017-06-07T09:30:00.000-04:00,SCORE_DETAIL_STRUCT: HL=25(1) Spread=5(0.33) PB=0(0) Power=0 Mid=0 Slope=1 Flip=0
2017-06-07T09:30:00.000-04:00,SCORE_DETAIL_VOL: Dry=8(0.32) Supply=-10(-0.67) Effort=-10(0/-1) Decl=0 Con=0
2017-06-07T09:30:00.000-04:00,SCORE_DETAIL_PHASE: Events=1 Accum=1 SOS=0 PhB=0 SOT=0 STup=0
2017-06-07T09:30:00.000-04:00,SCORE_DETAIL_VP: Ctx=1 VPOCmig=1 VAprog=1 PShape=0 FinAuc=1 HVNsup=1 | bShape=0 Unfin=0 HVNoh=0 valid=true
2017-06-07T09:30:00.000-04:00,SCORE_DETAIL_CTX: HTF=1 RS=1 OEL=0(0) VWAP=1(pt=5 proxW=1.812 proxM=1.429) RSI=1
2017-06-07T09:30:00.000-04:00,SCORE_PENALTY: Ghost=0 Climax=0 Stall=0 Failed=0 totalPen=0 | regime=1.3 vpBins=47 vpRatio=0.295
2017-06-08T09:30:00.000-04:00,SCORE_FAM: total=62.654 display=63 gate=67 cap=100 scaled=62.654 | Struct=16.425(0.547) Vol=3.75(-0.38) Phase=9.4(0.47) VP=9(0.75) Spring=0(0) Ctx=9.62(0.74)
2017-06-08T09:30:00.000-04:00,SCORE_DETAIL_STRUCT: HL=25(1) Spread=10(0.67) PB=0(0) Power=0 Mid=0 Slope=1 Flip=0
2017-06-08T09:30:00.000-04:00,SCORE_DETAIL_VOL: Dry=8(0.32) Supply=-10(-0.67) Effort=-10(0/-1) Decl=0 Con=0
2017-06-08T09:30:00.000-04:00,SCORE_DETAIL_PHASE: Events=1 Accum=1 SOS=0 PhB=0 SOT=0 STup=0
2017-06-08T09:30:00.000-04:00,SCORE_DETAIL_VP: Ctx=1 VPOCmig=1 VAprog=1 PShape=0 FinAuc=1 HVNsup=1 | bShape=0 Unfin=0 HVNoh=0 valid=true
2017-06-08T09:30:00.000-04:00,SCORE_DETAIL_CTX: HTF=1 RS=1 OEL=0(0) VWAP=1(pt=5 proxW=2.181 proxM=1.766) RSI=1
2017-06-08T09:30:00.000-04:00,SCORE_PENALTY: Ghost=0 Climax=0 Stall=0 Failed=0 totalPen=0 | regime=1.3 vpBins=47 vpRatio=0.303
2017-06-09T09:30:00.000-04:00,"DIST UTAD: bar=1,749 close=23.821 breakBar=1,748"
2017-06-09T09:30:00.000-04:00,SCORE_FAM: total=54.438 display=54 gate=59 cap=100 scaled=54.438 | Struct=13.875(0.463) Vol=3.75(-0.38) Phase=9.4(0.47) VP=9(0.75) Spring=0(0) Ctx=5.85(0.45)
2017-06-09T09:30:00.000-04:00,SCORE_DETAIL_STRUCT: HL=25(1) Spread=5(0.33) PB=0(0) Power=0 Mid=0 Slope=1 Flip=0
2017-06-09T09:30:00.000-04:00,SCORE_DETAIL_VOL: Dry=8(0.32) Supply=-15(-1) Effort=-10(0/-1) Decl=0 Con=0
2017-06-09T09:30:00.000-04:00,SCORE_DETAIL_PHASE: Events=1 Accum=1 SOS=0 PhB=0 SOT=0 STup=0
2017-06-09T09:30:00.000-04:00,SCORE_DETAIL_VP: Ctx=1 VPOCmig=1 VAprog=1 PShape=0 FinAuc=1 HVNsup=1 | bShape=0 Unfin=0 HVNoh=0 valid=true
2017-06-09T09:30:00.000-04:00,SCORE_DETAIL_CTX: HTF=1 RS=1 OEL=0(0) VWAP=0(pt=0 proxW=2.227 proxM=1.9) RSI=1
2017-06-09T09:30:00.000-04:00,SCORE_PENALTY: Ghost=0 Climax=0 Stall=0 Failed=0 totalPen=0 | regime=1.3 vpBins=47 vpRatio=0.313
2017-06-12T09:30:00.000-04:00,SCORE_FAM: total=59.338 display=59 gate=64 cap=100 scaled=59.338 | Struct=13.875(0.463) Vol=3.75(-0.38) Phase=9.4(0.47) VP=9(0.75) Spring=0(0) Ctx=9.62(0.74)
2017-06-12T09:30:00.000-04:00,SCORE_DETAIL_STRUCT: HL=25(1) Spread=5(0.33) PB=0(0) Power=0 Mid=0 Slope=1 Flip=0
2017-06-12T09:30:00.000-04:00,SCORE_DETAIL_VOL: Dry=8(0.32) Supply=-15(-1) Effort=-10(0/-1) Decl=0 Con=0
2017-06-12T09:30:00.000-04:00,SCORE_DETAIL_PHASE: Events=1 Accum=1 SOS=0 PhB=0 SOT=0 STup=0
2017-06-12T09:30:00.000-04:00,SCORE_DETAIL_VP: Ctx=1 VPOCmig=1 VAprog=1 PShape=0 FinAuc=1 HVNsup=1 | bShape=0 Unfin=0 HVNoh=0 valid=true
2017-06-12T09:30:00.000-04:00,SCORE_DETAIL_CTX: HTF=1 RS=1 OEL=0(0) VWAP=1(pt=5 proxW=2.192 proxM=1.905) RSI=1
2017-06-12T09:30:00.000-04:00,SCORE_PENALTY: Ghost=0 Climax=0 Stall=0 Failed=0 totalPen=0 | regime=1.3 vpBins=47 vpRatio=0.389
2017-06-13T09:30:00.000-04:00,SCORE_FAM: total=59.713 display=60 gate=64 cap=100 scaled=59.713 | Struct=16.425(0.547) Vol=3.75(0.064) Phase=9.4(0.47) VP=9(0.75) Spring=0(0) Ctx=7.358(0.566)
2017-06-13T09:30:00.000-04:00,SCORE_DETAIL_STRUCT: HL=25(1) Spread=10(0.67) PB=0(0) Power=0 Mid=0 Slope=1 Flip=0
2017-06-13T09:30:00.000-04:00,SCORE_DETAIL_VOL: Dry=3(0.12) Supply=-15(-1) Effort=0(0/0) Decl=0 Con=0
2017-06-13T09:30:00.000-04:00,SCORE_DETAIL_PHASE: Events=1 Accum=1 SOS=0 PhB=0 SOT=0 STup=0
2017-06-13T09:30:00.000-04:00,SCORE_DETAIL_VP: Ctx=1 VPOCmig=1 VAprog=1 PShape=0 FinAuc=1 HVNsup=1 | bShape=0 Unfin=0 HVNoh=0 valid=true
2017-06-13T09:30:00.000-04:00,SCORE_DETAIL_CTX: HTF=1 RS=1 OEL=0(0) VWAP=0.4(pt=2 proxW=2.8 proxM=2.041) RSI=1
2017-06-13T09:30:00.000-04:00,SCORE_PENALTY: Ghost=0 Climax=0 Stall=0 Failed=0 totalPen=0 | regime=1.3 vpBins=47 vpRatio=0.399
2017-06-14T09:30:00.000-04:00,SCORE_FAM: total=59.713 display=60 gate=64 cap=100 scaled=59.713 | Struct=16.425(0.547) Vol=3.75(0.064) Phase=9.4(0.47) VP=9(0.75) Spring=0(0) Ctx=7.358(0.566)
2017-06-14T09:30:00.000-04:00,SCORE_DETAIL_STRUCT: HL=25(1) Spread=10(0.67) PB=0(0) Power=0 Mid=0 Slope=1 Flip=0
2017-06-14T09:30:00.000-04:00,SCORE_DETAIL_VOL: Dry=3(0.12) Supply=-15(-1) Effort=0(0/0) Decl=0 Con=0
2017-06-14T09:30:00.000-04:00,SCORE_DETAIL_PHASE: Events=1 Accum=1 SOS=0 PhB=0 SOT=0 STup=0
2017-06-14T09:30:00.000-04:00,SCORE_DETAIL_VP: Ctx=1 VPOCmig=1 VAprog=1 PShape=0 FinAuc=1 HVNsup=1 | bShape=0 Unfin=0 HVNoh=0 valid=true
2017-06-14T09:30:00.000-04:00,SCORE_DETAIL_CTX: HTF=1 RS=1 OEL=0(0) VWAP=0.4(pt=2 proxW=3.331 proxM=2.343) RSI=1
2017-06-14T09:30:00.000-04:00,SCORE_PENALTY: Ghost=0 Climax=0 Stall=0 Failed=0 totalPen=0 | regime=1.3 vpBins=47 vpRatio=0.406
2017-06-15T09:30:00.000-04:00,SCORE_FAM: total=59.713 display=60 gate=64 cap=100 scaled=59.713 | Struct=16.425(0.547) Vol=3.75(0.064) Phase=9.4(0.47) VP=9(0.75) Spring=0(0) Ctx=7.358(0.566)
2017-06-15T09:30:00.000-04:00,SCORE_DETAIL_STRUCT: HL=25(1) Spread=10(0.67) PB=0(0) Power=0 Mid=0 Slope=1 Flip=0
2017-06-15T09:30:00.000-04:00,SCORE_DETAIL_VOL: Dry=3(0.12) Supply=-15(-1) Effort=0(0/0) Decl=0 Con=0
2017-06-15T09:30:00.000-04:00,SCORE_DETAIL_PHASE: Events=1 Accum=1 SOS=0 PhB=0 SOT=0 STup=0
2017-06-15T09:30:00.000-04:00,SCORE_DETAIL_VP: Ctx=1 VPOCmig=1 VAprog=1 PShape=0 FinAuc=1 HVNsup=1 | bShape=0 Unfin=0 HVNoh=0 valid=true
2017-06-15T09:30:00.000-04:00,SCORE_DETAIL_CTX: HTF=1 RS=1 OEL=0(0) VWAP=0.4(pt=2 proxW=3.292 proxM=2.398) RSI=1
2017-06-15T09:30:00.000-04:00,SCORE_PENALTY: Ghost=0 Climax=0 Stall=0 Failed=0 totalPen=0 | regime=1.3 vpBins=53 vpRatio=0.53
2017-06-16T09:30:00.000-04:00,SCORE_FAM: total=61.607 display=62 gate=66 cap=100 scaled=61.607 | Struct=18.9(0.63) Vol=4.24(0.17) Phase=9.4(0.47) VP=9(0.75) Spring=0(0) Ctx=5.85(0.45)
2017-06-16T09:30:00.000-04:00,SCORE_DETAIL_STRUCT: HL=25(1) Spread=15(1) PB=0(0) Power=0 Mid=0 Slope=1 Flip=0
2017-06-16T09:30:00.000-04:00,SCORE_DETAIL_VOL: Dry=8(0.32) Supply=-15(-1) Effort=0(0/0) Decl=0 Con=0
2017-06-16T09:30:00.000-04:00,SCORE_DETAIL_PHASE: Events=1 Accum=1 SOS=0 PhB=0 SOT=0 STup=0
2017-06-16T09:30:00.000-04:00,SCORE_DETAIL_VP: Ctx=1 VPOCmig=1 VAprog=1 PShape=0 FinAuc=1 HVNsup=1 | bShape=0 Unfin=0 HVNoh=0 valid=true
2017-06-16T09:30:00.000-04:00,SCORE_DETAIL_CTX: HTF=1 RS=1 OEL=0(0) VWAP=0(pt=0 proxW=3.384 proxM=2.511) RSI=1
2017-06-16T09:30:00.000-04:00,SCORE_PENALTY: Ghost=0 Climax=0 Stall=0 Failed=0 totalPen=0 | regime=1.3 vpBins=53 vpRatio=0.559
2017-06-19T09:30:00.000-04:00,SCORE_FAM: total=61.607 display=62 gate=66 cap=100 scaled=61.607 | Struct=18.9(0.63) Vol=4.24(0.17) Phase=9.4(0.47) VP=9(0.75) Spring=0(0) Ctx=5.85(0.45)
2017-06-19T09:30:00.000-04:00,SCORE_DETAIL_STRUCT: HL=25(1) Spread=15(1) PB=0(0) Power=0 Mid=0 Slope=1 Flip=0
2017-06-19T09:30:00.000-04:00,SCORE_DETAIL_VOL: Dry=8(0.32) Supply=-10(-0.67) Effort=0(0/0) Decl=0 Con=0
2017-06-19T09:30:00.000-04:00,SCORE_DETAIL_PHASE: Events=1 Accum=1 SOS=0 PhB=0 SOT=0 STup=0
2017-06-19T09:30:00.000-04:00,SCORE_DETAIL_VP: Ctx=1 VPOCmig=1 VAprog=1 PShape=0 FinAuc=1 HVNsup=1 | bShape=0 Unfin=0 HVNoh=0 valid=true
2017-06-19T09:30:00.000-04:00,SCORE_DETAIL_CTX: HTF=1 RS=1 OEL=0(0) VWAP=0(pt=0 proxW=3.41 proxM=2.591) RSI=1
2017-06-19T09:30:00.000-04:00,SCORE_PENALTY: Ghost=0 Climax=0 Stall=0 Failed=0 totalPen=0 | regime=1.3 vpBins=53 vpRatio=0.587
2017-06-20T09:30:00.000-04:00,SCORE_FAM: total=61.607 display=62 gate=66 cap=100 scaled=61.607 | Struct=18.9(0.63) Vol=4.24(0.17) Phase=9.4(0.47) VP=9(0.75) Spring=0(0) Ctx=5.85(0.45)
2017-06-20T09:30:00.000-04:00,SCORE_DETAIL_STRUCT: HL=25(1) Spread=15(1) PB=0(0) Power=0 Mid=0 Slope=1 Flip=0
2017-06-20T09:30:00.000-04:00,SCORE_DETAIL_VOL: Dry=8(0.32) Supply=-10(-0.67) Effort=0(0/0) Decl=0 Con=0
2017-06-20T09:30:00.000-04:00,SCORE_DETAIL_PHASE: Events=1 Accum=1 SOS=0 PhB=0 SOT=0 STup=0
2017-06-20T09:30:00.000-04:00,SCORE_DETAIL_VP: Ctx=1 VPOCmig=1 VAprog=1 PShape=0 FinAuc=1 HVNsup=1 | bShape=0 Unfin=0 HVNoh=0 valid=true
2017-06-20T09:30:00.000-04:00,SCORE_DETAIL_CTX: HTF=1 RS=1 OEL=0(0) VWAP=0(pt=0 proxW=3.557 proxM=2.679) RSI=1
2017-06-20T09:30:00.000-04:00,SCORE_PENALTY: Ghost=0 Climax=0 Stall=0 Failed=0 totalPen=0 | regime=1.3 vpBins=53 vpRatio=0.619
2017-06-21T09:30:00.000-04:00,SCORE_FAM: total=63.567 display=64 gate=68 cap=100 scaled=63.567 | Struct=18.9(0.63) Vol=4.24(0.17) Phase=9.4(0.47) VP=9(0.75) Spring=0(0) Ctx=7.358(0.566)
2017-06-21T09:30:00.000-04:00,SCORE_DETAIL_STRUCT: HL=25(1) Spread=15(1) PB=0(0) Power=0 Mid=0 Slope=1 Flip=0
2017-06-21T09:30:00.000-04:00,SCORE_DETAIL_VOL: Dry=8(0.32) Supply=-10(-0.67) Effort=0(0/0) Decl=0 Con=0
2017-06-21T09:30:00.000-04:00,SCORE_DETAIL_PHASE: Events=1 Accum=1 SOS=0 PhB=0 SOT=0 STup=0
2017-06-21T09:30:00.000-04:00,SCORE_DETAIL_VP: Ctx=1 VPOCmig=1 VAprog=1 PShape=0 FinAuc=1 HVNsup=1 | bShape=0 Unfin=0 HVNoh=0 valid=true
2017-06-21T09:30:00.000-04:00,SCORE_DETAIL_CTX: HTF=1 RS=1 OEL=0(0) VWAP=0.4(pt=2 proxW=3.63 proxM=2.748) RSI=1
2017-06-21T09:30:00.000-04:00,SCORE_PENALTY: Ghost=0 Climax=0 Stall=0 Failed=0 totalPen=0 | regime=1.3 vpBins=53 vpRatio=0.641
2017-06-22T09:30:00.000-04:00,SCORE_FAM: total=63.567 display=64 gate=68 cap=100 scaled=63.567 | Struct=18.9(0.63) Vol=4.24(0.17) Phase=9.4(0.47) VP=9(0.75) Spring=0(0) Ctx=7.358(0.566)
2017-06-22T09:30:00.000-04:00,SCORE_DETAIL_STRUCT: HL=25(1) Spread=15(1) PB=0(0) Power=0 Mid=0 Slope=1 Flip=0
2017-06-22T09:30:00.000-04:00,SCORE_DETAIL_VOL: Dry=8(0.32) Supply=-10(-0.67) Effort=0(0/0) Decl=0 Con=0
2017-06-22T09:30:00.000-04:00,SCORE_DETAIL_PHASE: Events=1 Accum=1 SOS=0 PhB=0 SOT=0 STup=0
2017-06-22T09:30:00.000-04:00,SCORE_DETAIL_VP: Ctx=1 VPOCmig=1 VAprog=1 PShape=0 FinAuc=1 HVNsup=1 | bShape=0 Unfin=0 HVNoh=0 valid=true
2017-06-22T09:30:00.000-04:00,SCORE_DETAIL_CTX: HTF=1 RS=1 OEL=0(0) VWAP=0.4(pt=2 proxW=3.81 proxM=2.815) RSI=1
2017-06-22T09:30:00.000-04:00,SCORE_PENALTY: Ghost=0 Climax=0 Stall=0 Failed=0 totalPen=0 | regime=1.3 vpBins=53 vpRatio=0.697
2017-06-23T09:30:00.000-04:00,SCORE_FAM: total=63.567 display=64 gate=68 cap=100 scaled=63.567 | Struct=18.9(0.63) Vol=4.24(0.17) Phase=9.4(0.47) VP=9(0.75) Spring=0(0) Ctx=7.358(0.566)
2017-06-23T09:30:00.000-04:00,SCORE_DETAIL_STRUCT: HL=25(1) Spread=15(1) PB=0(0) Power=0 Mid=0 Slope=1 Flip=0
2017-06-23T09:30:00.000-04:00,SCORE_DETAIL_VOL: Dry=8(0.32) Supply=-10(-0.67) Effort=0(0/0) Decl=0 Con=0
2017-06-23T09:30:00.000-04:00,SCORE_DETAIL_PHASE: Events=1 Accum=1 SOS=0 PhB=0 SOT=0 STup=0
2017-06-23T09:30:00.000-04:00,SCORE_DETAIL_VP: Ctx=1 VPOCmig=1 VAprog=1 PShape=0 FinAuc=1 HVNsup=1 | bShape=0 Unfin=0 HVNoh=0 valid=true
2017-06-23T09:30:00.000-04:00,SCORE_DETAIL_CTX: HTF=1 RS=1 OEL=0(0) VWAP=0.4(pt=2 proxW=4.043 proxM=2.95) RSI=1
2017-06-23T09:30:00.000-04:00,SCORE_PENALTY: Ghost=0 Climax=0 Stall=0 Failed=0 totalPen=0 | regime=1.3 vpBins=53 vpRatio=0.744
2017-06-26T09:30:00.000-04:00,SCORE_FAM: total=61.607 display=62 gate=66 cap=100 scaled=61.607 | Struct=18.9(0.63) Vol=4.24(0.17) Phase=9.4(0.47) VP=9(0.75) Spring=0(0) Ctx=5.85(0.45)
2017-06-26T09:30:00.000-04:00,SCORE_DETAIL_STRUCT: HL=25(1) Spread=15(1) PB=0(0) Power=0 Mid=0 Slope=1 Flip=0
2017-06-26T09:30:00.000-04:00,SCORE_DETAIL_VOL: Dry=8(0.32) Supply=-10(-0.67) Effort=0(0/0) Decl=0 Con=0
2017-06-26T09:30:00.000-04:00,SCORE_DETAIL_PHASE: Events=1 Accum=1 SOS=0 PhB=0 SOT=0 STup=0
2017-06-26T09:30:00.000-04:00,SCORE_DETAIL_VP: Ctx=1 VPOCmig=1 VAprog=1 PShape=0 FinAuc=1 HVNsup=1 | bShape=0 Unfin=0 HVNoh=0 valid=true
2017-06-26T09:30:00.000-04:00,SCORE_DETAIL_CTX: HTF=1 RS=1 OEL=0(0) VWAP=0(pt=0 proxW=4.189 proxM=2.939) RSI=1
2017-06-26T09:30:00.000-04:00,SCORE_PENALTY: Ghost=0 Climax=0 Stall=0 Failed=0 totalPen=0 | regime=1.3 vpBins=53 vpRatio=0.791
2017-06-27T09:30:00.000-04:00,SCORE_FAM: total=61.607 display=62 gate=66 cap=100 scaled=61.607 | Struct=18.9(0.63) Vol=4.24(0.17) Phase=9.4(0.47) VP=9(0.75) Spring=0(0) Ctx=5.85(0.45)
2017-06-27T09:30:00.000-04:00,SCORE_DETAIL_STRUCT: HL=25(1) Spread=15(1) PB=0(0) Power=0 Mid=0 Slope=1 Flip=0
2017-06-27T09:30:00.000-04:00,SCORE_DETAIL_VOL: Dry=8(0.32) Supply=-10(-0.67) Effort=0(0/0) Decl=0 Con=0
2017-06-27T09:30:00.000-04:00,SCORE_DETAIL_PHASE: Events=1 Accum=1 SOS=0 PhB=0 SOT=0 STup=0
2017-06-27T09:30:00.000-04:00,SCORE_DETAIL_VP: Ctx=1 VPOCmig=1 VAprog=1 PShape=0 FinAuc=1 HVNsup=1 | bShape=0 Unfin=0 HVNoh=0 valid=true
2017-06-27T09:30:00.000-04:00,SCORE_DETAIL_CTX: HTF=1 RS=1 OEL=0(0) VWAP=0(pt=0 proxW=3.492 proxM=2.854) RSI=1
2017-06-27T09:30:00.000-04:00,SCORE_PENALTY: Ghost=0 Climax=0 Stall=0 Failed=0 totalPen=0 | regime=1.3 vpBins=53 vpRatio=0.855
2017-06-28T09:30:00.000-04:00,SCORE_FAM: total=53.937 display=54 gate=58 cap=100 scaled=53.937 | Struct=11.7(0.39) Vol=6.74(0.27) Phase=9.4(0.47) VP=7.8(0.65) Spring=0(0) Ctx=5.85(0.45)
2017-06-28T09:30:00.000-04:00,SCORE_DETAIL_STRUCT: HL=5(0.2) Spread=15(1) PB=0(0) Power=0 Mid=0 Slope=1 Flip=0
2017-06-28T09:30:00.000-04:00,SCORE_DETAIL_VOL: Dry=8(0.32) Supply=-10(-0.67) Effort=0(0/0) Decl=1 Con=0
2017-06-28T09:30:00.000-04:00,SCORE_DETAIL_PHASE: Events=1 Accum=1 SOS=0 PhB=0 SOT=0 STup=0
2017-06-28T09:30:00.000-04:00,SCORE_DETAIL_VP: Ctx=0.5 VPOCmig=1 VAprog=1 PShape=1 FinAuc=1 HVNsup=0 | bShape=0 Unfin=0 HVNoh=-1 valid=true
2017-06-28T09:30:00.000-04:00,SCORE_DETAIL_CTX: HTF=1 RS=1 OEL=0(0) VWAP=0(pt=0 proxW=3.404 proxM=2.894) RSI=1
2017-06-28T09:30:00.000-04:00,SCORE_PENALTY: Ghost=0 Climax=0 Stall=0 Failed=0 totalPen=0 | regime=1.3 vpBins=34 vpRatio=2.371
2017-06-29T09:30:00.000-04:00,SCORE_FAM: total=57.187 display=57 gate=62 cap=100 scaled=57.187 | Struct=11.7(0.39) Vol=9.24(0.37) Phase=9.4(0.47) VP=7.8(0.65) Spring=0(0) Ctx=5.85(0.45)
2017-06-29T09:30:00.000-04:00,SCORE_DETAIL_STRUCT: HL=5(0.2) Spread=15(1) PB=0(0) Power=0 Mid=0 Slope=1 Flip=0
2017-06-29T09:30:00.000-04:00,SCORE_DETAIL_VOL: Dry=8(0.32) Supply=-10(-0.67) Effort=0(0/0) Decl=1 Con=1
2017-06-29T09:30:00.000-04:00,SCORE_DETAIL_PHASE: Events=1 Accum=1 SOS=0 PhB=0 SOT=0 STup=0
2017-06-29T09:30:00.000-04:00,SCORE_DETAIL_VP: Ctx=0.5 VPOCmig=1 VAprog=1 PShape=1 FinAuc=1 HVNsup=0 | bShape=0 Unfin=0 HVNoh=-1 valid=true
2017-06-29T09:30:00.000-04:00,SCORE_DETAIL_CTX: HTF=1 RS=1 OEL=0(0) VWAP=0(pt=0 proxW=3.027 proxM=2.766) RSI=1
2017-06-29T09:30:00.000-04:00,SCORE_PENALTY: Ghost=0 Climax=0 Stall=0 Failed=0 totalPen=0 | regime=1.3 vpBins=34 vpRatio=2.532
2017-06-30T09:30:00.000-04:00,SCORE_FAM: total=57.187 display=57 gate=62 cap=100 scaled=57.187 | Struct=11.7(0.39) Vol=9.24(0.37) Phase=9.4(0.47) VP=7.8(0.65) Spring=0(0) Ctx=5.85(0.45)
2017-06-30T09:30:00.000-04:00,SCORE_DETAIL_STRUCT: HL=5(0.2) Spread=15(1) PB=0(0) Power=0 Mid=0 Slope=1 Flip=0
2017-06-30T09:30:00.000-04:00,SCORE_DETAIL_VOL: Dry=8(0.32) Supply=-5(-0.33) Effort=0(0/0) Decl=1 Con=1
2017-06-30T09:30:00.000-04:00,SCORE_DETAIL_PHASE: Events=1 Accum=1 SOS=0 PhB=0 SOT=0 STup=0
2017-06-30T09:30:00.000-04:00,SCORE_DETAIL_VP: Ctx=0.5 VPOCmig=1 VAprog=1 PShape=1 FinAuc=1 HVNsup=0 | bShape=0 Unfin=0 HVNoh=-1 valid=true
2017-06-30T09:30:00.000-04:00,SCORE_DETAIL_CTX: HTF=1 RS=1 OEL=0(0) VWAP=0(pt=0 proxW=3.016 proxM=2.833) RSI=1
2017-06-30T09:30:00.000-04:00,SCORE_PENALTY: Ghost=0 Climax=0 Stall=0 Failed=0 totalPen=0 | regime=1.3 vpBins=34 vpRatio=2.647
2017-07-03T09:30:00.000-04:00,SCORE_FAM: total=53.17 display=53 gate=57 cap=100 scaled=53.17 | Struct=11.7(0.39) Vol=10.95(0.438) Phase=5.2(0.26) VP=7.2(0.6) Spring=0(0) Ctx=5.85(0.45)
2017-07-03T09:30:00.000-04:00,SCORE_DETAIL_STRUCT: HL=5(0.2) Spread=15(1) PB=0(0) Power=0 Mid=0 Slope=1 Flip=0
2017-07-03T09:30:00.000-04:00,SCORE_DETAIL_VOL: Dry=15(0.6) Supply=-5(-0.33) Effort=0(0/0) Decl=1 Con=1
2017-07-03T09:30:00.000-04:00,SCORE_DETAIL_PHASE: Events=1 Accum=0 SOS=0 PhB=0 SOT=0 STup=0
2017-07-03T09:30:00.000-04:00,SCORE_DETAIL_VP: Ctx=0 VPOCmig=1 VAprog=1 PShape=1 FinAuc=1 HVNsup=0 | bShape=0 Unfin=0 HVNoh=0 valid=true
2017-07-03T09:30:00.000-04:00,SCORE_DETAIL_CTX: HTF=1 RS=1 OEL=0(0) VWAP=0(pt=0 proxW=2.072 proxM=2.072) RSI=1
2017-07-03T09:30:00.000-04:00,SCORE_PENALTY: Ghost=0 Climax=0 Stall=0 Failed=0 totalPen=0 | regime=1.3 vpBins=34 vpRatio=2.771
2017-07-05T09:30:00.000-04:00,"DIST SOW: bar=1,766 close=21.806 support=22.281"
2017-07-05T09:30:00.000-04:00,SCORE_FAM: total=17.572 display=18 gate=20 cap=30 scaled=32.572 | Struct=4.875(0.163) Vol=3.75(-0.45) Phase=5.2(0.26) VP=7.2(0.6) Spring=0(0) Ctx=4.03(0.31)
2017-07-05T09:30:00.000-04:00,SCORE_DETAIL_STRUCT: HL=0(0) Spread=5(0.33) PB=0(0) Power=0 Mid=0 Slope=1 Flip=0
2017-07-05T09:30:00.000-04:00,SCORE_DETAIL_VOL: Dry=0(0) Supply=-15(-1) Effort=-10(0/-1) Decl=1 Con=0
2017-07-05T09:30:00.000-04:00,SCORE_DETAIL_PHASE: Events=1 Accum=0 SOS=0 PhB=0 SOT=0 STup=0
2017-07-05T09:30:00.000-04:00,SCORE_DETAIL_VP: Ctx=0 VPOCmig=1 VAprog=1 PShape=1 FinAuc=0 HVNsup=0 | bShape=0 Unfin=0 HVNoh=0 valid=true
2017-07-05T09:30:00.000-04:00,SCORE_DETAIL_CTX: HTF=1 RS=0 OEL=0(0) VWAP=0(pt=0 proxW=1.094 proxM=1.094) RSI=1
2017-07-05T09:30:00.000-04:00,SCORE_PENALTY: Ghost=0 Climax=0 Stall=0 Failed=-15 totalPen=-15 | regime=1.3 vpBins=34 vpRatio=2.338
2017-07-14T09:30:00.000-04:00,"TR DETECTED: Support=19.384, Resistance=25.799, Len=70, SlopeUp=true"
2017-07-14T09:30:00.000-04:00,"VPOC SHIFT: Prior=25.334, will compare when VP recalculates"
2017-09-18T09:30:00.000-04:00,"DIST BC: bar=1,818 high=25.974 vol=107,819,807 volAvg=71,469,145.25"
2017-09-19T09:30:00.000-04:00,"DIST UTAD: bar=1,819 close=25.007 breakBar=1,818"
2017-10-03T09:30:00.000-04:00,SPRING: conf=0.923 [close=0.293 reclaim=0.236 vol=0.169 age=0.125 tests=0.1] pivot=22.123 pivotAge=30b
2017-11-03T09:30:00.000-04:00,SPRING: conf=0.664 [close=0.296 reclaim=0.067 vol=0.139 age=0.097 tests=0.067] pivot=20.209 pivotAge=83b
2018-02-07T09:30:00.000-05:00,SPRING: conf=0.8 [close=0.271 reclaim=0.225 vol=0.129 age=0.142 tests=0.033] pivot=22.381 pivotAge=8b
2018-02-09T09:30:00.000-05:00,SPRING: conf=0.653 [close=0.179 reclaim=0.045 vol=0.2 age=0.129 tests=0.1] pivot=20.379 pivotAge=25b
2018-03-15T09:30:00.000-04:00,SPRING: conf=0.561 [close=0.115 reclaim=0.082 vol=0.12 age=0.144 tests=0.1] pivot=21.449 pivotAge=6b
2018-03-26T09:30:00.000-04:00,SPRING: conf=0.749 [close=0.237 reclaim=0.145 vol=0.142 age=0.125 tests=0.1] pivot=19.651 pivotAge=30b
2018-03-27T09:30:00.000-04:00,"DIST SOW: bar=1,949 close=18.612 support=19.384"
2018-04-23T09:30:00.000-04:00,"TR DETECTED: Support=16.306, Resistance=20.633, Len=20, SlopeUp=true"
2018-04-23T09:30:00.000-04:00,"VPOC SHIFT: Prior=22.639, will compare when VP recalculates"
2018-05-18T09:30:00.000-04:00,SPRING: conf=0.466 [close=0.079 reclaim=0.037 vol=0.11 age=0.14 tests=0.1] pivot=18.349 pivotAge=11b
2018-06-06T09:30:00.000-04:00,"DIST BC: bar=1,998 high=21.478 vol=281,509,316 volAvg=102,327,783.5"
2018-08-01T09:30:00.000-04:00,"TR DETECTED: Support=19.075, Resistance=21.845, Len=20, SlopeUp=false"
2018-08-01T09:30:00.000-04:00,"VPOC SHIFT: Prior=18.793, will compare when VP recalculates"
2018-09-14T09:30:00.000-04:00,"TR DETECTED: Support=16.817, Resistance=21.821, Len=20, SlopeUp=false"
2018-09-14T09:30:00.000-04:00,"VPOC SHIFT: Prior=20.338, will compare when VP recalculates"
2018-10-10T09:30:00.000-04:00,SPRING: conf=0.53 [close=0.154 reclaim=0.065 vol=0.114 age=0.13 tests=0.067] pivot=16.817 pivotAge=23b
2018-10-25T09:30:00.000-04:00,"DIST BC: bar=2,097 high=21.4 vol=312,611,172 volAvg=196,011,062"
2018-11-21T09:30:00.000-05:00,"TR DETECTED: Support=20.067, Resistance=24.45, Len=20, SlopeUp=true"
2018-11-21T09:30:00.000-05:00,"VPOC SHIFT: Prior=17.36, will compare when VP recalculates"
2018-12-07T09:30:00.000-05:00,"DIST BC: bar=2,126 high=25.299 vol=172,667,827 volAvg=98,523,582.55"
2018-12-26T09:30:00.000-05:00,SPRING: conf=0.549 [close=0.292 reclaim=0.008 vol=0.116 age=0.132 tests=0] pivot=21.667 pivotAge=20b
2019-01-23T09:30:00.000-05:00,"DIST SOW: bar=2,156 close=19.173 support=19.606"
2019-02-19T09:30:00.000-05:00,"TR DETECTED: Support=18.619, Resistance=21.616, Len=20, SlopeUp=true"
2019-02-19T09:30:00.000-05:00,"VPOC SHIFT: Prior=22.816, will compare when VP recalculates"
2019-02-28T09:30:00.000-05:00,"SOS CONFIRMED: rally=10.815% low=19.251 high=21.333 bars=3 avgVol=151,435,630.667 adjMinRally=2.8"
2019-02-28T09:30:00.000-05:00,SCORE_FAM: total=40.559 display=41 gate=41 cap=100 scaled=55.559 | Struct=20.475(0.682) Vol=3.75(-0.35) Phase=4.2(0.21) VP=6.84(0.57) Spring=0(0) Ctx=4.42(0.34)
2019-02-28T09:30:00.000-05:00,SCORE_DETAIL_STRUCT: HL=25(1) Spread=5(0.33) PB=15(1) Power=0 Mid=1 Slope=0 Flip=0
2019-02-28T09:30:00.000-05:00,SCORE_DETAIL_VOL: Dry=0(0) Supply=-5(-0.33) Effort=-10(0/-1) Decl=1 Con=1
2019-02-28T09:30:00.000-05:00,SCORE_DETAIL_PHASE: Events=0 Accum=1 SOS=0 PhB=0 SOT=0 STup=0
2019-02-28T09:30:00.000-05:00,SCORE_DETAIL_VP: Ctx=1 VPOCmig=0 VAprog=-1 PShape=1 FinAuc=1 HVNsup=1 | bShape=0 Unfin=0 HVNoh=0 valid=true
2019-02-28T09:30:00.000-05:00,SCORE_DETAIL_CTX: HTF=0 RS=0 OEL=0(0) VWAP=1(pt=5 proxW=0.335 proxM=0.306) RSI=1
2019-02-28T09:30:00.000-05:00,SCORE_PENALTY: Ghost=-15 Climax=0 Stall=0 Failed=0 totalPen=-15 | regime=0.8 vpBins=34 vpRatio=1.517
2019-03-01T09:30:00.000-05:00,SCORE_FAM: total=19.108 display=19 gate=20 cap=100 scaled=34.108 | Struct=14.025(0.468) Vol=3.75(0.1) Phase=4.2(0.21) VP=2.64(0.22) Spring=0(0) Ctx=0.65(0.05)
2019-03-01T09:30:00.000-05:00,SCORE_DETAIL_STRUCT: HL=25(1) Spread=10(0.67) PB=0(0) Power=0 Mid=0 Slope=0 Flip=0
2019-03-01T09:30:00.000-05:00,SCORE_DETAIL_VOL: Dry=0(0) Supply=-15(-1) Effort=0(0/0) Decl=0 Con=1
2019-03-01T09:30:00.000-05:00,SCORE_DETAIL_PHASE: Events=0 Accum=1 SOS=0 PhB=0 SOT=0 STup=0
2019-03-01T09:30:00.000-05:00,SCORE_DETAIL_VP: Ctx=0.5 VPOCmig=0 VAprog=-1 PShape=1 FinAuc=1 HVNsup=0 | bShape=0 Unfin=0 HVNoh=-1 valid=true
2019-03-01T09:30:00.000-05:00,SCORE_DETAIL_CTX: HTF=0 RS=0 OEL=0(0) VWAP=0(pt=0 proxW=0.938 proxM=0.486) RSI=1
2019-03-01T09:30:00.000-05:00,SCORE_PENALTY: Ghost=-15 Climax=0 Stall=0 Failed=0 totalPen=-15 | regime=1 vpBins=34 vpRatio=1.182
2019-03-19T09:30:00.000-04:00,SPRING_DAILY: conf=0.488 [close=0.122 reclaim=0.004 vol=0.111] support=17.82 pen=0.256
2019-03-20T09:30:00.000-04:00,SPRING: conf=0.592 [close=0.253 reclaim=0.101 vol=0.065 age=0.14 tests=0.033] pivot=18.007 pivotAge=11b
2019-04-15T09:30:00.000-04:00,SPRING: conf=0.722 [close=0.227 reclaim=0.141 vol=0.111 age=0.143 tests=0.1] pivot=17.373 pivotAge=7b
2019-05-10T09:30:00.000-04:00,"TR DETECTED: Support=15.409, Resistance=18.333, Len=20, SlopeUp=false"
2019-05-10T09:30:00.000-04:00,"VPOC SHIFT: Prior=18.156, will compare when VP recalculates"
2019-06-11T09:30:00.000-04:00,"TR DETECTED: Support=11.799, Resistance=15.633, Len=20, SlopeUp=false"
2019-06-11T09:30:00.000-04:00,"VPOC SHIFT: Prior=15.907, will compare when VP recalculates"
2019-07-05T09:30:00.000-04:00,"DIST UTAD: bar=2,269 close=15.54 breakBar=2,268"
2019-08-19T09:30:00.000-04:00,SPRING: conf=0.506 [close=0.251 reclaim=0.044 vol=0.069 age=0.142 tests=0] pivot=15.05 pivotAge=9b
2019-08-26T09:30:00.000-04:00,SPRING: conf=0.835 [close=0.298 reclaim=0.248 vol=0.079 age=0.143 tests=0.067] pivot=14.103 pivotAge=7b
2019-11-21T09:30:00.000-05:00,"TR DETECTED: Support=19.741, Resistance=24.08, Len=20, SlopeUp=true"
2019-11-21T09:30:00.000-05:00,"VPOC SHIFT: Prior=15.31, will compare when VP recalculates"
2019-12-16T09:30:00.000-05:00,"DIST BC: bar=2,383 high=25.574 vol=273,314,373 volAvg=117,861,632.75"
2020-05-11T09:30:00.000-04:00,"TR DETECTED: Support=44.919, Resistance=57.988, Len=20, SlopeUp=true"
2020-05-11T09:30:00.000-04:00,"VPOC SHIFT: Prior=22.435, will compare when VP recalculates"
2020-06-15T09:30:00.000-04:00,"TR DETECTED: Support=52.333, Resistance=68.499, Len=20, SlopeUp=true"
2020-06-15T09:30:00.000-04:00,"VPOC SHIFT: Prior=54.447, will compare when VP recalculates"
2020-08-05T09:30:00.000-04:00,"TR DETECTED: Support=90.085, Resistance=119.666, Len=20, SlopeUp=false"
2020-08-05T09:30:00.000-04:00,"VPOC SHIFT: Prior=54.473, will compare when VP recalculates"
2020-08-17T09:30:00.000-04:00,"SOS CONFIRMED: rally=35.228% low=91 high=123.057 bars=3 avgVol=312,832,637.333 adjMinRally=4.55"
2020-08-17T09:30:00.000-04:00,"DIST BC: bar=2,551 high=123.057 vol=303,635,148 volAvg=197,684,448.65"
2020-08-17T09:30:00.000-04:00,SCORE_FAM: total=60.508 display=61 gate=65 cap=100 scaled=60.508 | Struct=18.975(0.632) Vol=3.75(-0.112) Phase=5.2(0.26) VP=9(0.75) Spring=0(0) Ctx=9.62(0.74)
2020-08-17T09:30:00.000-04:00,SCORE_DETAIL_STRUCT: HL=25(1) Spread=2(0.13) PB=15(1) Power=0 Mid=1 Slope=0 Flip=0
2020-08-17T09:30:00.000-04:00,SCORE_DETAIL_VOL: Dry=15(0.6) Supply=-5(-0.33) Effort=-10(0/-1) Decl=1 Con=1
2020-08-17T09:30:00.000-04:00,SCORE_DETAIL_PHASE: Events=0 Accum=0 SOS=1 PhB=0 SOT=0 STup=0
2020-08-17T09:30:00.000-04:00,SCORE_DETAIL_VP: Ctx=1 VPOCmig=1 VAprog=1 PShape=0 FinAuc=1 HVNsup=1 | bShape=0 Unfin=0 HVNoh=0 valid=true
2020-08-17T09:30:00.000-04:00,SCORE_DETAIL_CTX: HTF=1 RS=1 OEL=0(0) VWAP=1(pt=5 proxW=1.152 proxM=1.124) RSI=1
2020-08-17T09:30:00.000-04:00,SCORE_PENALTY: Ghost=0 Climax=0 Stall=0 Failed=0 totalPen=0 | regime=1.3 vpBins=34 vpRatio=0.566
2020-08-18T09:30:00.000-04:00,SCORE_FAM: total=84.624 display=85 gate=91 cap=100 scaled=84.624 | Struct=23.025(0.767) Vol=18.25(0.73) Phase=5.2(0.26) VP=9(0.75) Spring=0(0) Ctx=9.62(0.74)
2020-08-18T09:30:00.000-04:00,SCORE_DETAIL_STRUCT: HL=25(1) Spread=10(0.67) PB=15(1) Power=0 Mid=1 Slope=0 Flip=0
2020-08-18T09:30:00.000-04:00,SCORE_DETAIL_VOL: Dry=25(1) Supply=0(0) Effort=0(0/0) Decl=0 Con=0
2020-08-18T09:30:00.000-04:00,SCORE_DETAIL_PHASE: Events=0 Accum=0 SOS=1 PhB=0 SOT=0 STup=0
2020-08-18T09:30:00.000-04:00,SCORE_DETAIL_VP: Ctx=1 VPOCmig=1 VAprog=1 PShape=0 FinAuc=1 HVNsup=1 | bShape=0 Unfin=0 HVNoh=0 valid=true
2020-08-18T09:30:00.000-04:00,SCORE_DETAIL_CTX: HTF=1 RS=1 OEL=0(0) VWAP=1(pt=5 proxW=1.627 proxM=0.752) RSI=1
2020-08-18T09:30:00.000-04:00,SCORE_PENALTY: Ghost=0 Climax=0 Stall=0 Failed=0 totalPen=0 | regime=1.3 vpBins=34 vpRatio=0.622
2020-08-18T09:30:00.000-04:00,LPS ENTRY: price=125.806 score=85 gate=91 mode=Close Above SOS Midpoint spring=false(conf=0) closeStr=0.533 volOk=true bars=2 pullback=35.983% prelimRisk=11.354%
2020-08-18T09:30:00.000-04:00,LPS DIST: warnLevel=1 liveCnt=1 bcAge=1 utadAge=-1 sowAge=-1 lpsyAge=-1
2020-08-18T09:30:00.000-04:00,LPS STOP: mode=LPS Low price=111.187 stack=0 vwapW=121.994 vwapM=106.681 VAL=90.085
2020-08-18T09:30:00.000-04:00,COMP VP: VPOC=16.791 VAH=NaN hvnAbove=NaN lvnAbove=NaN
2020-09-08T09:30:00.000-04:00,SCORE_FAM: total=55.471 display=55 gate=60 cap=100 scaled=55.471 | Struct=19.5(0.65) Vol=6.74(0.27) Phase=5.2(0.26) VP=7.2(0.6) Spring=0(0) Ctx=4.03(0.31)
2020-09-08T09:30:00.000-04:00,SCORE_DETAIL_STRUCT: HL=25(1) Spread=15(1) PB=0(0) Power=0 Mid=1 Slope=0 Flip=0
2020-09-08T09:30:00.000-04:00,SCORE_DETAIL_VOL: Dry=8(0.32) Supply=-10(-0.67) Effort=0(0/0) Decl=1 Con=0
2020-09-08T09:30:00.000-04:00,SCORE_DETAIL_PHASE: Events=0 Accum=0 SOS=1 PhB=0 SOT=0 STup=0
2020-09-08T09:30:00.000-04:00,SCORE_DETAIL_VP: Ctx=0.5 VPOCmig=1 VAprog=1 PShape=0 FinAuc=1 HVNsup=1 | bShape=0 Unfin=0 HVNoh=0 valid=true
2020-09-08T09:30:00.000-04:00,SCORE_DETAIL_CTX: HTF=1 RS=0 OEL=0(0) VWAP=0(pt=0 proxW=0.363 proxM=2.338) RSI=1
2020-09-08T09:30:00.000-04:00,SCORE_PENALTY: Ghost=0 Climax=0 Stall=0 Failed=0 totalPen=0 | regime=1.3 vpBins=34 vpRatio=0.874
2020-10-07T09:30:00.000-04:00,"TR DETECTED: Support=117.1, Resistance=153.98, Len=20, SlopeUp=false"
2020-10-07T09:30:00.000-04:00,"VPOC SHIFT: Prior=116.621, will compare when VP recalculates"
2020-11-10T09:30:00.000-05:00,SPRING: conf=0.446 [close=0.179 reclaim=0.045 vol=0.094 age=0.129 tests=0] pivot=135.35 pivotAge=25b
2020-11-17T09:30:00.000-05:00,"DIST BC: bar=2,616 high=154 vol=183,565,026 volAvg=90,541,563.1"
2020-12-22T09:30:00.000-05:00,"TR DETECTED: Support=175.4, Resistance=231.666, Len=20, SlopeUp=true"
2020-12-22T09:30:00.000-05:00,"VPOC SHIFT: Prior=142.379, will compare when VP recalculates"
2021-02-01T09:30:00.000-05:00,"TR DETECTED: Support=239.063, Resistance=300.133, Len=20, SlopeUp=true"
2021-02-01T09:30:00.000-05:00,"VPOC SHIFT: Prior=221.091, will compare when VP recalculates"
2021-02-17T09:30:00.000-05:00,SPRING: conf=0.752 [close=0.287 reclaim=0.119 vol=0.108 age=0.139 tests=0.1] pivot=260.033 pivotAge=12b
2021-03-25T09:30:00.000-04:00,"TR DETECTED: Support=179.83, Resistance=240.37, Len=20, SlopeUp=false"
2021-03-25T09:30:00.000-04:00,"VPOC SHIFT: Prior=282.35, will compare when VP recalculates"
2021-04-30T09:30:00.000-04:00,"TR DETECTED: Support=222.046, Resistance=260.263, Len=20, SlopeUp=false"
2021-04-30T09:30:00.000-04:00,"VPOC SHIFT: Prior=228.796, will compare when VP recalculates"
2021-06-02T09:30:00.000-04:00,"TR DETECTED: Support=182.326, Resistance=230, Len=20, SlopeUp=false"
2021-06-02T09:30:00.000-04:00,"VPOC SHIFT: Prior=245.517, will compare when VP recalculates"
2021-06-24T09:30:00.000-04:00,"DIST BC: bar=2,766 high=232.54 vol=137,947,295.748 volAvg=71,789,832.886"
2021-06-25T09:30:00.000-04:00,"DIST UTAD: bar=2,767 close=223.956 breakBar=2,766"
2021-09-22T09:30:00.000-04:00,"TR DETECTED: Support=232.54, Resistance=254.816, Len=20, SlopeUp=true"
2021-09-22T09:30:00.000-04:00,"VPOC SHIFT: Prior=227.897, will compare when VP recalculates"
2021-09-27T09:30:00.000-04:00,"DIST BC: bar=2,831 high=266.333 vol=84,212,055.09 volAvg=54,809,305.78"
2021-10-05T09:30:00.000-04:00,"DIST UTAD: bar=2,837 close=260.196 breakBar=2,836"
2021-11-22T09:30:00.000-05:00,"TR DETECTED: Support=326.2, Resistance=414.496, Len=20, SlopeUp=false"
2021-11-22T09:30:00.000-05:00,"VPOC SHIFT: Prior=260.974, will compare when VP recalculates"
2021-12-06T09:30:00.000-05:00,SPRING: conf=0.686 [close=0.247 reclaim=0.107 vol=0.095 age=0.137 tests=0.1] pivot=326.2 pivotAge=14b
2021-12-14T09:30:00.000-05:00,SPRING: conf=0.633 [close=0.235 reclaim=0.055 vol=0.099 age=0.144 tests=0.1] pivot=316.833 pivotAge=6b
2021-12-15T09:30:00.000-05:00,SPRING_DAILY: conf=0.765 [close=0.284 reclaim=0.126 vol=0.105] support=316.833 pen=7.417
2021-12-17T09:30:00.000-05:00,"DIST SOW: bar=2,889 close=310.856 support=316.833"
2022-02-14T09:30:00.000-05:00,"TR DETECTED: Support=264.003, Resistance=356.93, Len=20, SlopeUp=false"
2022-02-14T09:30:00.000-05:00,"VPOC SHIFT: Prior=363.283, will compare when VP recalculates"
2022-04-19T09:30:00.000-04:00,"TR DETECTED: Support=307.25, Resistance=384.29, Len=20, SlopeUp=false"
2022-04-19T09:30:00.000-04:00,"VPOC SHIFT: Prior=303.622, will compare when VP recalculates"
2022-06-07T09:30:00.000-04:00,"TR DETECTED: Support=206.856, Resistance=275.12, Len=20, SlopeUp=false"
2022-06-07T09:30:00.000-04:00,"VPOC SHIFT: Prior=331.167, will compare when VP recalculates"
2022-07-21T09:30:00.000-04:00,"DIST BC: bar=3,036 high=273.266 vol=142,032,318.827 volAvg=90,007,732.527"
2022-07-25T09:30:00.000-04:00,"DIST UTAD: bar=3,038 close=268.433 breakBar=3,037"
2022-08-18T09:30:00.000-04:00,"TR DETECTED: Support=256.263, Resistance=314.666, Len=20, SlopeUp=true"
2022-08-18T09:30:00.000-04:00,"VPOC SHIFT: Prior=233.961, will compare when VP recalculates"
2022-10-28T09:30:00.000-04:00,"TR DETECTED: Support=198.586, Resistance=257.5, Len=20, SlopeUp=false"
2022-10-28T09:30:00.000-04:00,"VPOC SHIFT: Prior=293.195, will compare when VP recalculates"
2022-11-18T09:30:00.000-05:00,SPRING: conf=0.546 [close=0.126 reclaim=0.089 vol=0.087 age=0.143 tests=0.1] pivot=177.12 pivotAge=7b
2022-12-06T09:30:00.000-05:00,"TR DETECTED: Support=166.185, Resistance=200.824, Len=20, SlopeUp=false"
2022-12-06T09:30:00.000-05:00,"VPOC SHIFT: Prior=215.877, will compare when VP recalculates"
2022-12-19T09:30:00.000-05:00,"DIST SOW: bar=3,141 close=149.87 support=150.04"
2023-02-24T09:30:00.000-05:00,"TR DETECTED: Support=161.17, Resistance=217.65, Len=20, SlopeUp=true"
2023-02-24T09:30:00.000-05:00,"VPOC SHIFT: Prior=172.324, will compare when VP recalculates"
2023-04-05T09:30:00.000-04:00,SPRING: conf=0.419 [close=0.076 reclaim=0.003 vol=0.095 age=0.144 tests=0.1] pivot=185.43 pivotAge=6b
2023-04-21T09:30:00.000-04:00,SPRING: conf=0.592 [close=0.241 reclaim=0.063 vol=0.096 age=0.126 tests=0.067] pivot=163.91 pivotAge=28b
2023-04-24T09:30:00.000-04:00,SPRING_DAILY: conf=0.574 [close=0.168 reclaim=0.049 vol=0.108] support=161.17 pen=2.56
2023-05-04T09:30:00.000-04:00,"TR DETECTED: Support=152.37, Resistance=191.585, Len=20, SlopeUp=false"
2023-05-04T09:30:00.000-04:00,"VPOC SHIFT: Prior=193.563, will compare when VP recalculates"
2023-05-24T09:30:00.000-04:00,"DIST UTAD: bar=3,248 close=182.9 breakBar=3,247"
2023-06-30T09:30:00.000-04:00,"TR DETECTED: Support=209.752, Resistance=276.99, Len=20, SlopeUp=true"
2023-06-30T09:30:00.000-04:00,"VPOC SHIFT: Prior=161.02, will compare when VP recalculates"
2023-08-03T09:30:00.000-04:00,SPRING: conf=0.706 [close=0.259 reclaim=0.153 vol=0.085 age=0.142 tests=0.067] pivot=254.12 pivotAge=8b
2023-08-11T09:30:00.000-04:00,SPRING: conf=0.635 [close=0.241 reclaim=0.084 vol=0.087 age=0.123 tests=0.1] pivot=240.7 pivotAge=33b
2023-08-18T09:30:00.000-04:00,"TR DETECTED: Support=212.36, Resistance=272.9, Len=20, SlopeUp=false"
2023-08-18T09:30:00.000-04:00,"VPOC SHIFT: Prior=262.337, will compare when VP recalculates"
2023-09-12T09:30:00.000-04:00,"DIST UTAD: bar=3,323 close=267.48 breakBar=3,322"
2023-11-16T09:30:00.000-05:00,"TR DETECTED: Support=194.07, Resistance=246.7, Len=20, SlopeUp=true"
2023-11-16T09:30:00.000-05:00,"VPOC SHIFT: Prior=250.904, will compare when VP recalculates"
2023-11-29T09:30:00.000-05:00,"DIST UTAD: bar=3,378 close=244.14 breakBar=3,377"
2023-12-13T09:30:00.000-05:00,SPRING: conf=0.791 [close=0.275 reclaim=0.153 vol=0.121 age=0.142 tests=0.1] pivot=231.9 pivotAge=8b
2023-12-14T09:30:00.000-05:00,"SOS CONFIRMED: rally=11.253% low=228.2 high=253.88 bars=2 avgVol=153,557,793.5 adjMinRally=3.5"
2023-12-14T09:30:00.000-05:00,SCORE_FAM: total=66.804 display=67 gate=69 cap=100 scaled=66.804 | Struct=21.375(0.712) Vol=3.75(-0.28) Phase=9.4(0.47) VP=3.6(0.3) Spring=3.559(0.712) Ctx=7.8(0.6)
2023-12-14T09:30:00.000-05:00,SCORE_DETAIL_STRUCT: HL=25(1) Spread=2(0.13) PB=15(1) Power=0 Mid=1 Slope=1 Flip=0
2023-12-14T09:30:00.000-05:00,SCORE_DETAIL_VOL: Dry=8(0.32) Supply=-5(-0.33) Effort=-10(0/-1) Decl=0 Con=1
2023-12-14T09:30:00.000-05:00,SCORE_DETAIL_PHASE: Events=0 Accum=1 SOS=1 PhB=0 SOT=0 STup=0
2023-12-14T09:30:00.000-05:00,SCORE_DETAIL_VP: Ctx=1 VPOCmig=0 VAprog=0 PShape=0 FinAuc=1 HVNsup=0 | bShape=0 Unfin=0 HVNoh=0 valid=true
2023-12-14T09:30:00.000-05:00,SCORE_DETAIL_CTX: HTF=1 RS=0 OEL=0(0) VWAP=1(pt=5 proxW=0.018 proxM=0.057) RSI=1
2023-12-14T09:30:00.000-05:00,SCORE_PENALTY: Ghost=0 Climax=0 Stall=0 Failed=0 totalPen=0 | regime=1 vpBins=34 vpRatio=0.713
2023-12-15T09:30:00.000-05:00,SCORE_FAM: total=73.432 display=73 gate=76 cap=100 scaled=73.432 | Struct=25.425(0.847) Vol=3.75(-0.28) Phase=9.4(0.47) VP=2.64(0.22) Spring=3.559(0.712) Ctx=9.62(0.74)
2023-12-15T09:30:00.000-05:00,SCORE_DETAIL_STRUCT: HL=25(1) Spread=10(0.67) PB=15(1) Power=0 Mid=1 Slope=1 Flip=0
2023-12-15T09:30:00.000-05:00,SCORE_DETAIL_VOL: Dry=8(0.32) Supply=-5(-0.33) Effort=-10(0/-1) Decl=0 Con=1
2023-12-15T09:30:00.000-05:00,SCORE_DETAIL_PHASE: Events=0 Accum=1 SOS=1 PhB=0 SOT=0 STup=0
2023-12-15T09:30:00.000-05:00,SCORE_DETAIL_VP: Ctx=1 VPOCmig=0 VAprog=-1 PShape=0 FinAuc=1 HVNsup=0 | bShape=0 Unfin=0 HVNoh=0 valid=true
2023-12-15T09:30:00.000-05:00,SCORE_DETAIL_CTX: HTF=1 RS=1 OEL=0(0) VWAP=1(pt=5 proxW=0.272 proxM=0.07) RSI=1
2023-12-15T09:30:00.000-05:00,SCORE_PENALTY: Ghost=0 Climax=0 Stall=0 Failed=0 totalPen=0 | regime=1 vpBins=34 vpRatio=0.895
2023-12-15T09:30:00.000-05:00,LPS ENTRY: price=253.5 score=73 gate=76 mode=Close Above SOS Midpoint spring=true(conf=0.791) closeStr=0.892 volOk=true bars=2 pullback=50.974% prelimRisk=5.014%
2023-12-15T09:30:00.000-05:00,LPS DIST: warnLevel=1 liveCnt=1 bcAge=-1 utadAge=12 sowAge=-1 lpsyAge=-1
2023-12-15T09:30:00.000-05:00,LPS STOP: mode=LPS Low price=240.068 stack=0 vwapW=243.316 vwapM=241.443 VAL=231.409
2023-12-15T09:30:00.000-05:00,COMP VP: VPOC=189.993 VAH=259.932 hvnAbove=253.85 lvnAbove=284.258
2024-02-07T09:30:00.000-05:00,"TR DETECTED: Support=175.01, Resistance=235.5, Len=20, SlopeUp=false"
2024-02-07T09:30:00.000-05:00,"VPOC SHIFT: Prior=240.119, will compare when VP recalculates"
2024-03-06T09:30:00.000-05:00,SPRING: conf=0.496 [close=0.108 reclaim=0.049 vol=0.108 age=0.132 tests=0.1] pivot=175.01 pivotAge=21b
2024-03-19T09:30:00.000-04:00,"TR DETECTED: Support=160.51, Resistance=215.65, Len=40, SlopeUp=false"
2024-03-19T09:30:00.000-04:00,"VPOC SHIFT: Prior=201.599, will compare when VP recalculates"
2024-05-22T09:30:00.000-04:00,"TR DETECTED: Support=158.36, Resistance=198.87, Len=20, SlopeUp=false"
2024-05-22T09:30:00.000-04:00,"VPOC SHIFT: Prior=165.96, will compare when VP recalculates"
2024-06-05T09:30:00.000-04:00,SPRING: conf=0.653 [close=0.214 reclaim=0.114 vol=0.081 age=0.144 tests=0.1] pivot=173.16 pivotAge=6b
2024-07-01T09:30:00.000-04:00,"DIST BC: bar=3,524 high=213.23 vol=135,691,395 volAvg=77,136,434.9"
2024-07-31T09:30:00.000-04:00,"TR DETECTED: Support=214.71, Resistance=271, Len=20, SlopeUp=false"
2024-07-31T09:30:00.000-04:00,"VPOC SHIFT: Prior=176.671, will compare when VP recalculates"
2024-08-01T09:30:00.000-04:00,SPRING: conf=0.385 [close=0.043 reclaim=0.031 vol=0.066 age=0.144 tests=0.1] pivot=214.71 pivotAge=6b
2024-08-21T09:30:00.000-04:00,"TR DETECTED: Support=182, Resistance=234.68, Len=20, SlopeUp=false"
2024-08-21T09:30:00.000-04:00,"VPOC SHIFT: Prior=252.777, will compare when VP recalculates"
2024-09-05T09:30:00.000-04:00,"DIST BC: bar=3,570 high=235 vol=119,355,013 volAvg=74,154,975.8"
2024-10-10T09:30:00.000-04:00,"TR DETECTED: Support=223.53, Resistance=264.86, Len=20, SlopeUp=false"
2024-10-10T09:30:00.000-04:00,"VPOC SHIFT: Prior=222.39, will compare when VP recalculates"
2024-10-11T09:30:00.000-04:00,"DIST SOW: bar=3,596 close=217.8 support=223.53"
2024-10-22T09:30:00.000-04:00,"DIST LPSY: bar=3,603 close=217.97 vol=43,268,741 volAvg=71,960,591.85"
2024-12-05T09:30:00.000-05:00,"TR DETECTED: Support=285.52, Resistance=375.43, Len=20, SlopeUp=true"
2024-12-05T09:30:00.000-05:00,"VPOC SHIFT: Prior=243.587, will compare when VP recalculates"
2025-01-08T09:30:00.000-05:00,"TR DETECTED: Support=373.04, Resistance=488.54, Len=20, SlopeUp=false"
2025-01-08T09:30:00.000-05:00,"VPOC SHIFT: Prior=340.26, will compare when VP recalculates"
2025-02-06T09:30:00.000-05:00,SPRING: conf=0.639 [close=0.273 reclaim=0.026 vol=0.109 age=0.13 tests=0.1] pivot=373.04 pivotAge=23b
2025-02-13T09:30:00.000-05:00,"TR DETECTED: Support=325.1, Resistance=439.74, Len=30, SlopeUp=false"
2025-02-13T09:30:00.000-05:00,"VPOC SHIFT: Prior=415.503, will compare when VP recalculates"
2025-02-24T09:30:00.000-05:00,SPRING: conf=0.52 [close=0.099 reclaim=0.077 vol=0.102 age=0.142 tests=0.1] pivot=325.1 pivotAge=8b
2025-03-31T09:30:00.000-04:00,"TR DETECTED: Support=217.02, Resistance=291.85, Len=20, SlopeUp=false"
2025-03-31T09:30:00.000-04:00,"VPOC SHIFT: Prior=382.42, will compare when VP recalculates"
2025-04-07T09:30:00.000-04:00,SPRING_DAILY: conf=0.638 [close=0.151 reclaim=0.108 vol=0.128] support=217.02 pen=2.77
2025-04-30T09:30:00.000-04:00,"DIST UTAD: bar=3,732 close=282.16 breakBar=3,730"
2025-05-27T09:30:00.000-04:00,"TR DETECTED: Support=270.78, Resistance=363.79, Len=20, SlopeUp=true"
2025-05-27T09:30:00.000-04:00,"VPOC SHIFT: Prior=248.933, will compare when VP recalculates"
2025-05-30T09:30:00.000-04:00,"DIST UTAD: bar=3,753 close=346.46 breakBar=3,752"
2025-06-04T09:30:00.000-04:00,SPRING: conf=0.424 [close=0.077 reclaim=0.009 vol=0.095 age=0.142 tests=0.1] pivot=331.39 pivotAge=8b
2025-08-01T09:30:00.000-04:00,SPRING: conf=0.511 [close=0.126 reclaim=0.048 vol=0.093 age=0.144 tests=0.1] pivot=300.41 pivotAge=6b
2025-08-08T09:30:00.000-04:00,"SOS CONFIRMED: rally=22.671% low=273.21 high=335.15 bars=22 avgVol=109,429,638.409 adjMinRally=3.5"
2025-08-08T09:30:00.000-04:00,SCORE_FAM: total=90.347 display=90 gate=94 cap=100 scaled=90.347 | Struct=20.475(0.682) Vol=10.95(0.438) Phase=14.6(0.73) VP=10.8(0.9) Spring=2.298(0.46) Ctx=7.8(0.6)
2025-08-08T09:30:00.000-04:00,SCORE_DETAIL_STRUCT: HL=25(1) Spread=5(0.33) PB=15(1) Power=0 Mid=1 Slope=0 Flip=0
2025-08-08T09:30:00.000-04:00,SCORE_DETAIL_VOL: Dry=15(0.6) Supply=0(0) Effort=0(0/0) Decl=0 Con=1
2025-08-08T09:30:00.000-04:00,SCORE_DETAIL_PHASE: Events=1 Accum=1 SOS=1 PhB=0 SOT=1 STup=0
2025-08-08T09:30:00.000-04:00,SCORE_DETAIL_VP: Ctx=1 VPOCmig=1 VAprog=1 PShape=1 FinAuc=1 HVNsup=0 | bShape=0 Unfin=0 HVNoh=0 valid=true
2025-08-08T09:30:00.000-04:00,SCORE_DETAIL_CTX: HTF=1 RS=0 OEL=0(0) VWAP=1(pt=5 proxW=0.306 proxM=0.512) RSI=1
2025-08-08T09:30:00.000-04:00,SCORE_PENALTY: Ghost=0 Climax=0 Stall=0 Failed=0 totalPen=0 | regime=1 vpBins=34 vpRatio=1.56
2025-08-11T09:30:00.000-04:00,SCORE_FAM: total=85.473 display=85 gate=89 cap=100 scaled=85.473 | Struct=23.025(0.767) Vol=6.74(0.27) Phase=14.6(0.73) VP=10.8(0.9) Spring=2.298(0.46) Ctx=5.85(0.45)
2025-08-11T09:30:00.000-04:00,SCORE_DETAIL_STRUCT: HL=25(1) Spread=10(0.67) PB=15(1) Power=0 Mid=1 Slope=0 Flip=0
2025-08-11T09:30:00.000-04:00,SCORE_DETAIL_VOL: Dry=8(0.32) Supply=0(0) Effort=0(0/0) Decl=0 Con=1
2025-08-11T09:30:00.000-04:00,SCORE_DETAIL_PHASE: Events=1 Accum=1 SOS=1 PhB=0 SOT=1 STup=0
2025-08-11T09:30:00.000-04:00,SCORE_DETAIL_VP: Ctx=1 VPOCmig=1 VAprog=1 PShape=1 FinAuc=1 HVNsup=0 | bShape=0 Unfin=0 HVNoh=0 valid=true
2025-08-11T09:30:00.000-04:00,SCORE_DETAIL_CTX: HTF=1 RS=1 OEL=0(0) VWAP=0(pt=0 proxW=1.437 proxM=0.141) RSI=1
2025-08-11T09:30:00.000-04:00,SCORE_PENALTY: Ghost=0 Climax=0 Stall=0 Failed=0 totalPen=0 | regime=1 vpBins=34 vpRatio=1.721
2025-08-12T09:30:00.000-04:00,SCORE_FAM: total=90.563 display=91 gate=94 cap=100 scaled=90.563 | Struct=23.025(0.767) Vol=6.74(0.27) Phase=14.6(0.73) VP=10.8(0.9) Spring=2.298(0.46) Ctx=9.62(0.74)
2025-08-12T09:30:00.000-04:00,SCORE_DETAIL_STRUCT: HL=25(1) Spread=10(0.67) PB=15(1) Power=0 Mid=1 Slope=0 Flip=0
2025-08-12T09:30:00.000-04:00,SCORE_DETAIL_VOL: Dry=8(0.32) Supply=0(0) Effort=0(0/0) Decl=0 Con=1
2025-08-12T09:30:00.000-04:00,SCORE_DETAIL_PHASE: Events=1 Accum=1 SOS=1 PhB=0 SOT=1 STup=0
2025-08-12T09:30:00.000-04:00,SCORE_DETAIL_VP: Ctx=1 VPOCmig=1 VAprog=1 PShape=1 FinAuc=1 HVNsup=0 | bShape=0 Unfin=0 HVNoh=0 valid=true
2025-08-12T09:30:00.000-04:00,SCORE_DETAIL_CTX: HTF=1 RS=1 OEL=0(0) VWAP=1(pt=5 proxW=1.435 proxM=0.053) RSI=1
2025-08-12T09:30:00.000-04:00,SCORE_PENALTY: Ghost=0 Climax=0 Stall=0 Failed=0 totalPen=0 | regime=1 vpBins=34 vpRatio=2.008
2025-08-13T09:30:00.000-04:00,SCORE_FAM: total=88.7 display=89 gate=92 cap=100 scaled=88.7 | Struct=23.025(0.767) Vol=10.95(0.438) Phase=14.6(0.73) VP=10.8(0.9) Spring=2.298(0.46) Ctx=4.03(0.31)
2025-08-13T09:30:00.000-04:00,SCORE_DETAIL_STRUCT: HL=25(1) Spread=10(0.67) PB=15(1) Power=0 Mid=1 Slope=0 Flip=0
2025-08-13T09:30:00.000-04:00,SCORE_DETAIL_VOL: Dry=15(0.6) Supply=0(0) Effort=0(0/0) Decl=0 Con=0
2025-08-13T09:30:00.000-04:00,SCORE_DETAIL_PHASE: Events=1 Accum=1 SOS=1 PhB=0 SOT=1 STup=0
2025-08-13T09:30:00.000-04:00,SCORE_DETAIL_VP: Ctx=1 VPOCmig=1 VAprog=1 PShape=1 FinAuc=1 HVNsup=0 | bShape=0 Unfin=0 HVNoh=0 valid=true
2025-08-13T09:30:00.000-04:00,SCORE_DETAIL_CTX: HTF=1 RS=0 OEL=0(0) VWAP=0(pt=0 proxW=1.502 proxM=0.204) RSI=1
2025-08-13T09:30:00.000-04:00,SCORE_PENALTY: Ghost=0 Climax=0 Stall=0 Failed=0 totalPen=0 | regime=1 vpBins=34 vpRatio=2.3
2025-08-14T09:30:00.000-04:00,SCORE_FAM: total=88.7 display=89 gate=92 cap=100 scaled=88.7 | Struct=23.025(0.767) Vol=10.95(0.438) Phase=14.6(0.73) VP=10.8(0.9) Spring=2.298(0.46) Ctx=4.03(0.31)
2025-08-14T09:30:00.000-04:00,SCORE_DETAIL_STRUCT: HL=25(1) Spread=10(0.67) PB=15(1) Power=0 Mid=1 Slope=0 Flip=0
2025-08-14T09:30:00.000-04:00,SCORE_DETAIL_VOL: Dry=15(0.6) Supply=0(0) Effort=0(0/0) Decl=0 Con=0
2025-08-14T09:30:00.000-04:00,SCORE_DETAIL_PHASE: Events=1 Accum=1 SOS=1 PhB=0 SOT=1 STup=0
2025-08-14T09:30:00.000-04:00,SCORE_DETAIL_VP: Ctx=1 VPOCmig=1 VAprog=1 PShape=1 FinAuc=1 HVNsup=0 | bShape=0 Unfin=0 HVNoh=0 valid=true
2025-08-14T09:30:00.000-04:00,SCORE_DETAIL_CTX: HTF=1 RS=0 OEL=0(0) VWAP=0(pt=0 proxW=1.438 proxM=0.295) RSI=1
2025-08-14T09:30:00.000-04:00,SCORE_PENALTY: Ghost=0 Climax=0 Stall=0 Failed=0 totalPen=0 | regime=1 vpBins=34 vpRatio=2.294
2025-08-15T09:30:00.000-04:00,SCORE_FAM: total=88.7 display=89 gate=92 cap=100 scaled=88.7 | Struct=23.025(0.767) Vol=10.95(0.438) Phase=14.6(0.73) VP=10.8(0.9) Spring=2.298(0.46) Ctx=4.03(0.31)
2025-08-15T09:30:00.000-04:00,SCORE_DETAIL_STRUCT: HL=25(1) Spread=10(0.67) PB=15(1) Power=0 Mid=1 Slope=0 Flip=0
2025-08-15T09:30:00.000-04:00,SCORE_DETAIL_VOL: Dry=15(0.6) Supply=0(0) Effort=0(0/0) Decl=0 Con=0
2025-08-15T09:30:00.000-04:00,SCORE_DETAIL_PHASE: Events=1 Accum=1 SOS=1 PhB=0 SOT=1 STup=0
2025-08-15T09:30:00.000-04:00,SCORE_DETAIL_VP: Ctx=1 VPOCmig=1 VAprog=1 PShape=1 FinAuc=1 HVNsup=0 | bShape=0 Unfin=0 HVNoh=0 valid=true
2025-08-15T09:30:00.000-04:00,SCORE_DETAIL_CTX: HTF=1 RS=0 OEL=0(0) VWAP=0(pt=0 proxW=1.34 proxM=0.347) RSI=1
2025-08-15T09:30:00.000-04:00,SCORE_PENALTY: Ghost=0 Climax=0 Stall=0 Failed=0 totalPen=0 | regime=1 vpBins=34 vpRatio=2.288
2025-08-18T09:30:00.000-04:00,SCORE_FAM: total=96.746 display=97 gate=100 cap=100 scaled=96.746 | Struct=23.025(0.767) Vol=10.95(0.438) Phase=14.6(0.73) VP=10.8(0.9) Spring=2.798(0.56) Ctx=9.49(0.73)
2025-08-18T09:30:00.000-04:00,SCORE_DETAIL_STRUCT: HL=25(1) Spread=10(0.67) PB=15(1) Power=0 Mid=1 Slope=0 Flip=0
2025-08-18T09:30:00.000-04:00,SCORE_DETAIL_VOL: Dry=15(0.6) Supply=0(0) Effort=0(0/0) Decl=0 Con=0
2025-08-18T09:30:00.000-04:00,SCORE_DETAIL_PHASE: Events=1 Accum=1 SOS=1 PhB=0 SOT=1 STup=0
2025-08-18T09:30:00.000-04:00,SCORE_DETAIL_VP: Ctx=1 VPOCmig=1 VAprog=1 PShape=1 FinAuc=1 HVNsup=0 | bShape=0 Unfin=0 HVNoh=0 valid=true
2025-08-18T09:30:00.000-04:00,SCORE_DETAIL_CTX: HTF=1 RS=0 OEL=0.5(5) VWAP=1(pt=5 proxW=1.033 proxM=0.401) RSI=1
2025-08-18T09:30:00.000-04:00,SCORE_PENALTY: Ghost=0 Climax=0 Stall=0 Failed=0 totalPen=0 | regime=1 vpBins=34 vpRatio=2.214
2025-08-19T09:30:00.000-04:00,SCORE_FAM: total=91.656 display=92 gate=95 cap=100 scaled=91.656 | Struct=23.025(0.767) Vol=10.95(0.438) Phase=14.6(0.73) VP=10.8(0.9) Spring=2.798(0.56) Ctx=5.72(0.44)
2025-08-19T09:30:00.000-04:00,SCORE_DETAIL_STRUCT: HL=25(1) Spread=10(0.67) PB=15(1) Power=0 Mid=1 Slope=0 Flip=0
2025-08-19T09:30:00.000-04:00,SCORE_DETAIL_VOL: Dry=15(0.6) Supply=0(0) Effort=0(0/0) Decl=0 Con=0
2025-08-19T09:30:00.000-04:00,SCORE_DETAIL_PHASE: Events=1 Accum=1 SOS=1 PhB=0 SOT=1 STup=0
2025-08-19T09:30:00.000-04:00,SCORE_DETAIL_VP: Ctx=1 VPOCmig=1 VAprog=1 PShape=1 FinAuc=1 HVNsup=0 | bShape=0 Unfin=0 HVNoh=0 valid=true
2025-08-19T09:30:00.000-04:00,SCORE_DETAIL_CTX: HTF=1 RS=0 OEL=0.5(5) VWAP=0(pt=0 proxW=0.979 proxM=0.441) RSI=1
2025-08-19T09:30:00.000-04:00,SCORE_PENALTY: Ghost=0 Climax=0 Stall=0 Failed=0 totalPen=0 | regime=1 vpBins=34 vpRatio=2.218
2025-08-20T09:30:00.000-04:00,SCORE_FAM: total=85.986 display=86 gate=89 cap=100 scaled=85.986 | Struct=20.025(0.667) Vol=10.95(0.438) Phase=14.6(0.73) VP=9.6(0.8) Spring=2.798(0.56) Ctx=5.72(0.44)
2025-08-20T09:30:00.000-04:00,SCORE_DETAIL_STRUCT: HL=25(1) Spread=10(0.67) PB=15(1) Power=0 Mid=0 Slope=0 Flip=0
2025-08-20T09:30:00.000-04:00,SCORE_DETAIL_VOL: Dry=15(0.6) Supply=0(0) Effort=0(0/0) Decl=0 Con=0
2025-08-20T09:30:00.000-04:00,SCORE_DETAIL_PHASE: Events=1 Accum=1 SOS=1 PhB=0 SOT=1 STup=0
2025-08-20T09:30:00.000-04:00,SCORE_DETAIL_VP: Ctx=1 VPOCmig=1 VAprog=1 PShape=1 FinAuc=1 HVNsup=0 | bShape=0 Unfin=0 HVNoh=-1 valid=true
2025-08-20T09:30:00.000-04:00,SCORE_DETAIL_CTX: HTF=1 RS=0 OEL=0.5(5) VWAP=0(pt=0 proxW=1.175 proxM=0.917) RSI=1
2025-08-20T09:30:00.000-04:00,SCORE_PENALTY: Ghost=0 Climax=0 Stall=0 Failed=0 totalPen=0 | regime=1 vpBins=34 vpRatio=2.187
2025-08-21T09:30:00.000-04:00,SCORE_FAM: total=93.411 display=93 gate=97 cap=100 scaled=93.411 | Struct=20.025(0.667) Vol=18.25(0.73) Phase=14.6(0.73) VP=7.8(0.65) Spring=2.798(0.56) Ctx=5.72(0.44)
2025-08-21T09:30:00.000-04:00,SCORE_DETAIL_STRUCT: HL=25(1) Spread=10(0.67) PB=15(1) Power=0 Mid=0 Slope=0 Flip=0
2025-08-21T09:30:00.000-04:00,SCORE_DETAIL_VOL: Dry=25(1) Supply=0(0) Effort=0(0/0) Decl=0 Con=0
2025-08-21T09:30:00.000-04:00,SCORE_DETAIL_PHASE: Events=1 Accum=1 SOS=1 PhB=0 SOT=1 STup=0
2025-08-21T09:30:00.000-04:00,SCORE_DETAIL_VP: Ctx=0.5 VPOCmig=1 VAprog=1 PShape=1 FinAuc=1 HVNsup=0 | bShape=0 Unfin=0 HVNoh=-1 valid=true
2025-08-21T09:30:00.000-04:00,SCORE_DETAIL_CTX: HTF=1 RS=0 OEL=0.5(5) VWAP=0(pt=0 proxW=1.078 proxM=0.931) RSI=1
2025-08-21T09:30:00.000-04:00,SCORE_PENALTY: Ghost=0 Climax=0 Stall=0 Failed=0 totalPen=0 | regime=1 vpBins=34 vpRatio=2.151
2025-08-22T09:30:00.000-04:00,SCORE_FAM: total=95.153 display=95 gate=99 cap=100 scaled=95.153 | Struct=20.025(0.667) Vol=10.95(0.438) Phase=14.6(0.73) VP=10.8(0.9) Spring=2.798(0.56) Ctx=11.31(0.87)
2025-08-22T09:30:00.000-04:00,SCORE_DETAIL_STRUCT: HL=25(1) Spread=10(0.67) PB=15(1) Power=0 Mid=0 Slope=0 Flip=0
2025-08-22T09:30:00.000-04:00,SCORE_DETAIL_VOL: Dry=15(0.6) Supply=0(0) Effort=0(0/0) Decl=0 Con=0
2025-08-22T09:30:00.000-04:00,SCORE_DETAIL_PHASE: Events=1 Accum=1 SOS=1 PhB=0 SOT=1 STup=0
2025-08-22T09:30:00.000-04:00,SCORE_DETAIL_VP: Ctx=1 VPOCmig=1 VAprog=1 PShape=1 FinAuc=1 HVNsup=0 | bShape=0 Unfin=0 HVNoh=0 valid=true
2025-08-22T09:30:00.000-04:00,SCORE_DETAIL_CTX: HTF=1 RS=1 OEL=0.5(5) VWAP=1(pt=5 proxW=1.142 proxM=0.932) RSI=1
2025-08-22T09:30:00.000-04:00,SCORE_PENALTY: Ghost=0 Climax=0 Stall=0 Failed=0 totalPen=0 | regime=1 vpBins=34 vpRatio=2.181
2025-08-22T09:30:00.000-04:00,LPS ENTRY: price=340.01 score=95 gate=99 mode=Close Above SOS Midpoint spring=true(conf=0.511) closeStr=0.988 volOk=true bars=11 pullback=33.177% prelimRisk=7.473%
2025-08-22T09:30:00.000-04:00,LPS DIST: warnLevel=0 liveCnt=0 bcAge=-1 utadAge=58 sowAge=-1 lpsyAge=-1
2025-08-22T09:30:00.000-04:00,LPS STOP: mode=LPS Low price=313.656 stack=0 vwapW=329.188 vwapM=326.509 VAL=293.55
2025-08-22T09:30:00.000-04:00,COMP VP: VPOC=253.716 VAH=358.637 hvnAbove=NaN lvnAbove=358.637
2025-09-12T09:30:00.000-04:00,"DIST BC: bar=3,825 high=396.69 vol=168,156,391 volAvg=80,112,440.4"
2025-09-12T09:30:00.000-04:00,SCORE_FAM: total=63.542 display=64 gate=66 cap=100 scaled=63.542 | Struct=9(0.3) Vol=3.75(-0.55) Phase=10.4(0.52) VP=12(1) Spring=2.298(0.46) Ctx=9.62(0.74)
2025-09-12T09:30:00.000-04:00,SCORE_DETAIL_STRUCT: HL=25(1) Spread=0(0) PB=0(0) Power=0 Mid=0 Slope=0 Flip=0
2025-09-12T09:30:00.000-04:00,SCORE_DETAIL_VOL: Dry=0(0) Supply=-15(-1) Effort=-10(0/-1) Decl=0 Con=0
2025-09-12T09:30:00.000-04:00,SCORE_DETAIL_PHASE: Events=1 Accum=0 SOS=1 PhB=0 SOT=0 STup=0
2025-09-12T09:30:00.000-04:00,SCORE_DETAIL_VP: Ctx=1 VPOCmig=1 VAprog=1 PShape=1 FinAuc=1 HVNsup=1 | bShape=0 Unfin=0 HVNoh=0 valid=true
2025-09-12T09:30:00.000-04:00,SCORE_DETAIL_CTX: HTF=1 RS=1 OEL=0(0) VWAP=1(pt=5 proxW=0.244 proxM=1.003) RSI=1
2025-09-12T09:30:00.000-04:00,SCORE_PENALTY: Ghost=0 Climax=0 Stall=0 Failed=0 totalPen=0 | regime=1 vpBins=34 vpRatio=1.403
2025-09-15T09:30:00.000-04:00,SCORE_FAM: total=58.453 display=58 gate=61 cap=100 scaled=58.453 | Struct=9(0.3) Vol=3.75(-0.55) Phase=10.4(0.52) VP=12(1) Spring=2.298(0.46) Ctx=5.85(0.45)
2025-09-15T09:30:00.000-04:00,SCORE_DETAIL_STRUCT: HL=25(1) Spread=0(0) PB=0(0) Power=0 Mid=0 Slope=0 Flip=0
2025-09-15T09:30:00.000-04:00,SCORE_DETAIL_VOL: Dry=0(0) Supply=-15(-1) Effort=-10(0/-1) Decl=0 Con=0
2025-09-15T09:30:00.000-04:00,SCORE_DETAIL_PHASE: Events=1 Accum=0 SOS=1 PhB=0 SOT=0 STup=0
2025-09-15T09:30:00.000-04:00,SCORE_DETAIL_VP: Ctx=1 VPOCmig=1 VAprog=1 PShape=1 FinAuc=1 HVNsup=1 | bShape=0 Unfin=0 HVNoh=0 valid=true
2025-09-15T09:30:00.000-04:00,SCORE_DETAIL_CTX: HTF=1 RS=1 OEL=0(0) VWAP=0(pt=0 proxW=2.936 proxM=0.262) RSI=1
2025-09-15T09:30:00.000-04:00,SCORE_PENALTY: Ghost=0 Climax=0 Stall=0 Failed=0 totalPen=0 | regime=1 vpBins=34 vpRatio=1.621
2025-09-16T09:30:00.000-04:00,SCORE_FAM: total=64.859 display=65 gate=67 cap=100 scaled=64.859 | Struct=9.975(0.333) Vol=3.75(-0.55) Phase=10.4(0.52) VP=12(1) Spring=2.298(0.46) Ctx=9.62(0.74)
2025-09-16T09:30:00.000-04:00,SCORE_DETAIL_STRUCT: HL=25(1) Spread=2(0.13) PB=0(0) Power=0 Mid=0 Slope=0 Flip=0
2025-09-16T09:30:00.000-04:00,SCORE_DETAIL_VOL: Dry=0(0) Supply=-15(-1) Effort=-10(0/-1) Decl=0 Con=0
2025-09-16T09:30:00.000-04:00,SCORE_DETAIL_PHASE: Events=1 Accum=0 SOS=1 PhB=0 SOT=0 STup=0
2025-09-16T09:30:00.000-04:00,SCORE_DETAIL_VP: Ctx=1 VPOCmig=1 VAprog=1 PShape=1 FinAuc=1 HVNsup=1 | bShape=0 Unfin=0 HVNoh=0 valid=true
2025-09-16T09:30:00.000-04:00,SCORE_DETAIL_CTX: HTF=1 RS=1 OEL=0(0) VWAP=1(pt=5 proxW=3.119 proxM=0.094) RSI=1
2025-09-16T09:30:00.000-04:00,SCORE_PENALTY: Ghost=0 Climax=0 Stall=0 Failed=0 totalPen=0 | regime=1 vpBins=34 vpRatio=1.839
2025-09-17T09:30:00.000-04:00,SCORE_FAM: total=64.859 display=65 gate=67 cap=100 scaled=64.859 | Struct=9.975(0.333) Vol=3.75(-0.486) Phase=10.4(0.52) VP=12(1) Spring=2.298(0.46) Ctx=9.62(0.74)
2025-09-17T09:30:00.000-04:00,SCORE_DETAIL_STRUCT: HL=25(1) Spread=2(0.13) PB=0(0) Power=0 Mid=0 Slope=0 Flip=0
2025-09-17T09:30:00.000-04:00,SCORE_DETAIL_VOL: Dry=3(0.12) Supply=-10(-0.67) Effort=-10(0/-1) Decl=0 Con=0
2025-09-17T09:30:00.000-04:00,SCORE_DETAIL_PHASE: Events=1 Accum=0 SOS=1 PhB=0 SOT=0 STup=0
2025-09-17T09:30:00.000-04:00,SCORE_DETAIL_VP: Ctx=1 VPOCmig=1 VAprog=1 PShape=1 FinAuc=1 HVNsup=1 | bShape=0 Unfin=0 HVNoh=0 valid=true
2025-09-17T09:30:00.000-04:00,SCORE_DETAIL_CTX: HTF=1 RS=1 OEL=0(0) VWAP=1(pt=5 proxW=3.179 proxM=0.4) RSI=1
2025-09-17T09:30:00.000-04:00,SCORE_PENALTY: Ghost=0 Climax=0 Stall=0 Failed=0 totalPen=0 | regime=1 vpBins=34 vpRatio=2.243
2025-09-18T09:30:00.000-04:00,SCORE_FAM: total=61.794 display=62 gate=64 cap=100 scaled=61.794 | Struct=11.475(0.383) Vol=3.75(-0.486) Phase=10.4(0.52) VP=12(1) Spring=2.298(0.46) Ctx=5.85(0.45)
2025-09-18T09:30:00.000-04:00,SCORE_DETAIL_STRUCT: HL=25(1) Spread=5(0.33) PB=0(0) Power=0 Mid=0 Slope=0 Flip=0
2025-09-18T09:30:00.000-04:00,SCORE_DETAIL_VOL: Dry=3(0.12) Supply=-10(-0.67) Effort=-10(0/-1) Decl=0 Con=0
2025-09-18T09:30:00.000-04:00,SCORE_DETAIL_PHASE: Events=1 Accum=0 SOS=1 PhB=0 SOT=0 STup=0
2025-09-18T09:30:00.000-04:00,SCORE_DETAIL_VP: Ctx=1 VPOCmig=1 VAprog=1 PShape=1 FinAuc=1 HVNsup=1 | bShape=0 Unfin=0 HVNoh=0 valid=true
2025-09-18T09:30:00.000-04:00,SCORE_DETAIL_CTX: HTF=1 RS=1 OEL=0(0) VWAP=0(pt=0 proxW=3.235 proxM=0.623) RSI=1
2025-09-18T09:30:00.000-04:00,SCORE_PENALTY: Ghost=0 Climax=0 Stall=0 Failed=0 totalPen=0 | regime=1 vpBins=34 vpRatio=2.889
2025-09-19T09:30:00.000-04:00,SCORE_FAM: total=66.884 display=67 gate=69 cap=100 scaled=66.884 | Struct=11.475(0.383) Vol=3.75(-0.486) Phase=10.4(0.52) VP=12(1) Spring=2.298(0.46) Ctx=9.62(0.74)
2025-09-19T09:30:00.000-04:00,SCORE_DETAIL_STRUCT: HL=25(1) Spread=5(0.33) PB=0(0) Power=0 Mid=0 Slope=0 Flip=0
2025-09-19T09:30:00.000-04:00,SCORE_DETAIL_VOL: Dry=3(0.12) Supply=-10(-0.67) Effort=-10(0/-1) Decl=0 Con=0
2025-09-19T09:30:00.000-04:00,SCORE_DETAIL_PHASE: Events=1 Accum=0 SOS=1 PhB=0 SOT=0 STup=0
2025-09-19T09:30:00.000-04:00,SCORE_DETAIL_VP: Ctx=1 VPOCmig=1 VAprog=1 PShape=1 FinAuc=1 HVNsup=1 | bShape=0 Unfin=0 HVNoh=0 valid=true
2025-09-19T09:30:00.000-04:00,SCORE_DETAIL_CTX: HTF=1 RS=1 OEL=0(0) VWAP=1(pt=5 proxW=3.362 proxM=0.85) RSI=1
2025-09-19T09:30:00.000-04:00,SCORE_PENALTY: Ghost=0 Climax=0 Stall=0 Failed=0 totalPen=0 | regime=1 vpBins=34 vpRatio=3.645
2025-09-22T09:30:00.000-04:00,SCORE_FAM: total=61.794 display=62 gate=64 cap=100 scaled=61.794 | Struct=11.475(0.383) Vol=3.75(-0.486) Phase=10.4(0.52) VP=12(1) Spring=2.298(0.46) Ctx=5.85(0.45)
2025-09-22T09:30:00.000-04:00,SCORE_DETAIL_STRUCT: HL=25(1) Spread=5(0.33) PB=0(0) Power=0 Mid=0 Slope=0 Flip=0
2025-09-22T09:30:00.000-04:00,SCORE_DETAIL_VOL: Dry=3(0.12) Supply=-5(-0.33) Effort=-10(0/-1) Decl=0 Con=0
2025-09-22T09:30:00.000-04:00,SCORE_DETAIL_PHASE: Events=1 Accum=0 SOS=1 PhB=0 SOT=0 STup=0
2025-09-22T09:30:00.000-04:00,SCORE_DETAIL_VP: Ctx=1 VPOCmig=1 VAprog=1 PShape=1 FinAuc=1 HVNsup=1 | bShape=0 Unfin=0 HVNoh=0 valid=true
2025-09-22T09:30:00.000-04:00,SCORE_DETAIL_CTX: HTF=1 RS=1 OEL=0(0) VWAP=0(pt=0 proxW=4.415 proxM=1.075) RSI=1
2025-09-22T09:30:00.000-04:00,SCORE_PENALTY: Ghost=0 Climax=0 Stall=0 Failed=0 totalPen=0 | regime=1 vpBins=34 vpRatio=6.522
2025-09-23T09:30:00.000-04:00,SCORE_FAM: total=61.794 display=62 gate=64 cap=100 scaled=61.794 | Struct=11.475(0.383) Vol=3.75(-0.38) Phase=10.4(0.52) VP=12(1) Spring=2.298(0.46) Ctx=5.85(0.45)
2025-09-23T09:30:00.000-04:00,SCORE_DETAIL_STRUCT: HL=25(1) Spread=5(0.33) PB=0(0) Power=0 Mid=0 Slope=0 Flip=0
2025-09-23T09:30:00.000-04:00,SCORE_DETAIL_VOL: Dry=8(0.32) Supply=-5(-0.33) Effort=-10(0/-1) Decl=0 Con=0
2025-09-23T09:30:00.000-04:00,SCORE_DETAIL_PHASE: Events=1 Accum=0 SOS=1 PhB=0 SOT=0 STup=0
2025-09-23T09:30:00.000-04:00,SCORE_DETAIL_VP: Ctx=1 VPOCmig=1 VAprog=1 PShape=1 FinAuc=1 HVNsup=1 | bShape=0 Unfin=0 HVNoh=0 valid=true
2025-09-23T09:30:00.000-04:00,SCORE_DETAIL_CTX: HTF=1 RS=1 OEL=0(0) VWAP=0(pt=0 proxW=4.194 proxM=1.224) RSI=1
2025-09-23T09:30:00.000-04:00,SCORE_PENALTY: Ghost=0 Climax=0 Stall=0 Failed=0 totalPen=0 | regime=1 vpBins=34 vpRatio=5.794
2025-09-24T09:30:00.000-04:00,SCORE_FAM: total=66.884 display=67 gate=69 cap=100 scaled=66.884 | Struct=11.475(0.383) Vol=3.75(-0.38) Phase=10.4(0.52) VP=12(1) Spring=2.298(0.46) Ctx=9.62(0.74)
2025-09-24T09:30:00.000-04:00,SCORE_DETAIL_STRUCT: HL=25(1) Spread=5(0.33) PB=0(0) Power=0 Mid=0 Slope=0 Flip=0
2025-09-24T09:30:00.000-04:00,SCORE_DETAIL_VOL: Dry=8(0.32) Supply=-5(-0.33) Effort=-10(0/-1) Decl=0 Con=0
2025-09-24T09:30:00.000-04:00,SCORE_DETAIL_PHASE: Events=1 Accum=0 SOS=1 PhB=0 SOT=0 STup=0
2025-09-24T09:30:00.000-04:00,SCORE_DETAIL_VP: Ctx=1 VPOCmig=1 VAprog=1 PShape=1 FinAuc=1 HVNsup=1 | bShape=0 Unfin=0 HVNoh=0 valid=true
2025-09-24T09:30:00.000-04:00,SCORE_DETAIL_CTX: HTF=1 RS=1 OEL=0(0) VWAP=1(pt=5 proxW=4.252 proxM=1.395) RSI=1
2025-09-24T09:30:00.000-04:00,SCORE_PENALTY: Ghost=0 Climax=0 Stall=0 Failed=0 totalPen=0 | regime=1 vpBins=34 vpRatio=5.15
2025-09-25T09:30:00.000-04:00,SCORE_FAM: total=61.794 display=62 gate=64 cap=100 scaled=61.794 | Struct=11.475(0.383) Vol=3.75(-0.38) Phase=10.4(0.52) VP=12(1) Spring=2.298(0.46) Ctx=5.85(0.45)
2025-09-25T09:30:00.000-04:00,SCORE_DETAIL_STRUCT: HL=25(1) Spread=5(0.33) PB=0(0) Power=0 Mid=0 Slope=0 Flip=0
2025-09-25T09:30:00.000-04:00,SCORE_DETAIL_VOL: Dry=8(0.32) Supply=-5(-0.33) Effort=-10(0/-1) Decl=0 Con=0
2025-09-25T09:30:00.000-04:00,SCORE_DETAIL_PHASE: Events=1 Accum=0 SOS=1 PhB=0 SOT=0 STup=0
2025-09-25T09:30:00.000-04:00,SCORE_DETAIL_VP: Ctx=1 VPOCmig=1 VAprog=1 PShape=1 FinAuc=1 HVNsup=1 | bShape=0 Unfin=0 HVNoh=0 valid=true
2025-09-25T09:30:00.000-04:00,SCORE_DETAIL_CTX: HTF=1 RS=1 OEL=0(0) VWAP=0(pt=0 proxW=3.95 proxM=1.467) RSI=1
2025-09-25T09:30:00.000-04:00,SCORE_PENALTY: Ghost=0 Climax=0 Stall=0 Failed=0 totalPen=0 | regime=1 vpBins=34 vpRatio=4.6
2025-09-26T09:30:00.000-04:00,SCORE_FAM: total=66.884 display=67 gate=69 cap=100 scaled=66.884 | Struct=11.475(0.383) Vol=3.75(-0.38) Phase=10.4(0.52) VP=12(1) Spring=2.298(0.46) Ctx=9.62(0.74)
2025-09-26T09:30:00.000-04:00,SCORE_DETAIL_STRUCT: HL=25(1) Spread=5(0.33) PB=0(0) Power=0 Mid=0 Slope=0 Flip=0
2025-09-26T09:30:00.000-04:00,SCORE_DETAIL_VOL: Dry=8(0.32) Supply=-5(-0.33) Effort=-10(0/-1) Decl=0 Con=0
2025-09-26T09:30:00.000-04:00,SCORE_DETAIL_PHASE: Events=1 Accum=0 SOS=1 PhB=0 SOT=0 STup=0
2025-09-26T09:30:00.000-04:00,SCORE_DETAIL_VP: Ctx=1 VPOCmig=1 VAprog=1 PShape=1 FinAuc=1 HVNsup=1 | bShape=0 Unfin=0 HVNoh=0 valid=true
2025-09-26T09:30:00.000-04:00,SCORE_DETAIL_CTX: HTF=1 RS=1 OEL=0(0) VWAP=1(pt=5 proxW=3.909 proxM=1.587) RSI=1
2025-09-26T09:30:00.000-04:00,SCORE_PENALTY: Ghost=0 Climax=0 Stall=0 Failed=0 totalPen=0 | regime=1 vpBins=34 vpRatio=4.03
2025-09-29T09:30:00.000-04:00,SCORE_FAM: total=61.794 display=62 gate=64 cap=100 scaled=61.794 | Struct=11.475(0.383) Vol=3.75(-0.38) Phase=10.4(0.52) VP=12(1) Spring=2.298(0.46) Ctx=5.85(0.45)
2025-09-29T09:30:00.000-04:00,SCORE_DETAIL_STRUCT: HL=25(1) Spread=5(0.33) PB=0(0) Power=0 Mid=0 Slope=0 Flip=0
2025-09-29T09:30:00.000-04:00,SCORE_DETAIL_VOL: Dry=8(0.32) Supply=-5(-0.33) Effort=-10(0/-1) Decl=0 Con=0
2025-09-29T09:30:00.000-04:00,SCORE_DETAIL_PHASE: Events=1 Accum=0 SOS=1 PhB=0 SOT=0 STup=0
2025-09-29T09:30:00.000-04:00,SCORE_DETAIL_VP: Ctx=1 VPOCmig=1 VAprog=1 PShape=1 FinAuc=1 HVNsup=1 | bShape=0 Unfin=0 HVNoh=0 valid=true
2025-09-29T09:30:00.000-04:00,SCORE_DETAIL_CTX: HTF=1 RS=1 OEL=0(0) VWAP=0(pt=0 proxW=4.714 proxM=1.751) RSI=1
2025-09-29T09:30:00.000-04:00,SCORE_PENALTY: Ghost=0 Climax=0 Stall=0 Failed=0 totalPen=0 | regime=1 vpBins=34 vpRatio=3.349
2025-09-30T09:30:00.000-04:00,SCORE_FAM: total=66.884 display=67 gate=69 cap=100 scaled=66.884 | Struct=11.475(0.383) Vol=3.75(-0.38) Phase=10.4(0.52) VP=12(1) Spring=2.298(0.46) Ctx=9.62(0.74)
2025-09-30T09:30:00.000-04:00,SCORE_DETAIL_STRUCT: HL=25(1) Spread=5(0.33) PB=0(0) Power=0 Mid=0 Slope=0 Flip=0
2025-09-30T09:30:00.000-04:00,SCORE_DETAIL_VOL: Dry=8(0.32) Supply=-5(-0.33) Effort=-10(0/-1) Decl=0 Con=0
2025-09-30T09:30:00.000-04:00,SCORE_DETAIL_PHASE: Events=1 Accum=0 SOS=1 PhB=0 SOT=0 STup=0
2025-09-30T09:30:00.000-04:00,SCORE_DETAIL_VP: Ctx=1 VPOCmig=1 VAprog=1 PShape=1 FinAuc=1 HVNsup=1 | bShape=0 Unfin=0 HVNoh=0 valid=true
2025-09-30T09:30:00.000-04:00,SCORE_DETAIL_CTX: HTF=1 RS=1 OEL=0(0) VWAP=1(pt=5 proxW=4.692 proxM=1.889) RSI=1
2025-09-30T09:30:00.000-04:00,SCORE_PENALTY: Ghost=0 Climax=0 Stall=0 Failed=0 totalPen=0 | regime=1 vpBins=34 vpRatio=6.57
2025-10-01T09:30:00.000-04:00,SCORE_FAM: total=63.83 display=64 gate=66 cap=100 scaled=63.83 | Struct=11.475(0.383) Vol=3.75(-0.38) Phase=10.4(0.52) VP=12(1) Spring=2.298(0.46) Ctx=7.358(0.566)
2025-10-01T09:30:00.000-04:00,SCORE_DETAIL_STRUCT: HL=25(1) Spread=5(0.33) PB=0(0) Power=0 Mid=0 Slope=0 Flip=0
2025-10-01T09:30:00.000-04:00,SCORE_DETAIL_VOL: Dry=8(0.32) Supply=0(0) Effort=-10(0/-1) Decl=0 Con=0
2025-10-01T09:30:00.000-04:00,SCORE_DETAIL_PHASE: Events=1 Accum=0 SOS=1 PhB=0 SOT=0 STup=0
2025-10-01T09:30:00.000-04:00,SCORE_DETAIL_VP: Ctx=1 VPOCmig=1 VAprog=1 PShape=1 FinAuc=1 HVNsup=1 | bShape=0 Unfin=0 HVNoh=0 valid=true
2025-10-01T09:30:00.000-04:00,SCORE_DETAIL_CTX: HTF=1 RS=1 OEL=0(0) VWAP=0.4(pt=2 proxW=4.845 proxM=5.274) RSI=1
2025-10-01T09:30:00.000-04:00,SCORE_PENALTY: Ghost=0 Climax=0 Stall=0 Failed=0 totalPen=0 | regime=1 vpBins=34 vpRatio=5.108
2025-10-02T09:30:00.000-04:00,SCORE_FAM: total=65.237 display=65 gate=68 cap=100 scaled=65.237 | Struct=14.025(0.468) Vol=3.75(-0.38) Phase=10.4(0.52) VP=12(1) Spring=2.298(0.46) Ctx=5.85(0.45)
2025-10-02T09:30:00.000-04:00,SCORE_DETAIL_STRUCT: HL=25(1) Spread=10(0.67) PB=0(0) Power=0 Mid=0 Slope=0 Flip=0
2025-10-02T09:30:00.000-04:00,SCORE_DETAIL_VOL: Dry=8(0.32) Supply=-5(-0.33) Effort=-10(0/-1) Decl=0 Con=0
2025-10-02T09:30:00.000-04:00,SCORE_DETAIL_PHASE: Events=1 Accum=0 SOS=1 PhB=0 SOT=0 STup=0
2025-10-02T09:30:00.000-04:00,SCORE_DETAIL_VP: Ctx=1 VPOCmig=1 VAprog=1 PShape=1 FinAuc=1 HVNsup=1 | bShape=0 Unfin=0 HVNoh=0 valid=true
2025-10-02T09:30:00.000-04:00,SCORE_DETAIL_CTX: HTF=1 RS=1 OEL=0(0) VWAP=0(pt=0 proxW=4.473 proxM=4.641) RSI=1
2025-10-02T09:30:00.000-04:00,SCORE_PENALTY: Ghost=0 Climax=0 Stall=0 Failed=0 totalPen=0 | regime=1 vpBins=34 vpRatio=2
2025-10-03T09:30:00.000-04:00,SCORE_FAM: total=65.237 display=65 gate=68 cap=100 scaled=65.237 | Struct=14.025(0.468) Vol=3.75(-0.38) Phase=10.4(0.52) VP=12(1) Spring=2.298(0.46) Ctx=5.85(0.45)
2025-10-03T09:30:00.000-04:00,SCORE_DETAIL_STRUCT: HL=25(1) Spread=10(0.67) PB=0(0) Power=0 Mid=0 Slope=0 Flip=0
2025-10-03T09:30:00.000-04:00,SCORE_DETAIL_VOL: Dry=8(0.32) Supply=-5(-0.33) Effort=-10(0/-1) Decl=0 Con=0
2025-10-03T09:30:00.000-04:00,SCORE_DETAIL_PHASE: Events=1 Accum=0 SOS=1 PhB=0 SOT=0 STup=0
2025-10-03T09:30:00.000-04:00,SCORE_DETAIL_VP: Ctx=1 VPOCmig=1 VAprog=1 PShape=1 FinAuc=1 HVNsup=1 | bShape=0 Unfin=0 HVNoh=0 valid=true
2025-10-03T09:30:00.000-04:00,SCORE_DETAIL_CTX: HTF=1 RS=1 OEL=0(0) VWAP=0(pt=0 proxW=4.028 proxM=4.036) RSI=1
2025-10-03T09:30:00.000-04:00,SCORE_PENALTY: Ghost=0 Climax=0 Stall=0 Failed=0 totalPen=0 | regime=1 vpBins=34 vpRatio=2
2025-10-06T09:30:00.000-04:00,SCORE_FAM: total=67.934 display=68 gate=70 cap=100 scaled=67.934 | Struct=14.025(0.468) Vol=4.24(0.17) Phase=10.4(0.52) VP=12(1) Spring=2.298(0.46) Ctx=7.358(0.566)
2025-10-06T09:30:00.000-04:00,SCORE_DETAIL_STRUCT: HL=25(1) Spread=10(0.67) PB=0(0) Power=0 Mid=0 Slope=0 Flip=0
2025-10-06T09:30:00.000-04:00,SCORE_DETAIL_VOL: Dry=8(0.32) Supply=-5(-0.33) Effort=0(0/0) Decl=0 Con=0
2025-10-06T09:30:00.000-04:00,SCORE_DETAIL_PHASE: Events=1 Accum=0 SOS=1 PhB=0 SOT=0 STup=0
2025-10-06T09:30:00.000-04:00,SCORE_DETAIL_VP: Ctx=1 VPOCmig=1 VAprog=1 PShape=1 FinAuc=1 HVNsup=1 | bShape=0 Unfin=0 HVNoh=0 valid=true
2025-10-06T09:30:00.000-04:00,SCORE_DETAIL_CTX: HTF=1 RS=1 OEL=0(0) VWAP=0.4(pt=2 proxW=4.195 proxM=4) RSI=1
2025-10-06T09:30:00.000-04:00,SCORE_PENALTY: Ghost=0 Climax=0 Stall=0 Failed=0 totalPen=0 | regime=1 vpBins=34 vpRatio=2
2025-10-07T09:30:00.000-04:00,SCORE_FAM: total=65.898 display=66 gate=68 cap=100 scaled=65.898 | Struct=14.025(0.468) Vol=4.24(0.17) Phase=10.4(0.52) VP=12(1) Spring=2.298(0.46) Ctx=5.85(0.45)
2025-10-07T09:30:00.000-04:00,SCORE_DETAIL_STRUCT: HL=25(1) Spread=10(0.67) PB=0(0) Power=0 Mid=0 Slope=0 Flip=0
2025-10-07T09:30:00.000-04:00,SCORE_DETAIL_VOL: Dry=8(0.32) Supply=-5(-0.33) Effort=0(0/0) Decl=0 Con=0
2025-10-07T09:30:00.000-04:00,SCORE_DETAIL_PHASE: Events=1 Accum=0 SOS=1 PhB=0 SOT=0 STup=0
2025-10-07T09:30:00.000-04:00,SCORE_DETAIL_VP: Ctx=1 VPOCmig=1 VAprog=1 PShape=1 FinAuc=1 HVNsup=1 | bShape=0 Unfin=0 HVNoh=0 valid=true
2025-10-07T09:30:00.000-04:00,SCORE_DETAIL_CTX: HTF=1 RS=1 OEL=0(0) VWAP=0(pt=0 proxW=3.921 proxM=3.923) RSI=1
2025-10-07T09:30:00.000-04:00,SCORE_PENALTY: Ghost=0 Climax=0 Stall=0 Failed=0 totalPen=0 | regime=1 vpBins=34 vpRatio=2
2025-10-08T09:30:00.000-04:00,SCORE_FAM: total=63.603 display=64 gate=66 cap=100 scaled=63.603 | Struct=14.025(0.468) Vol=6.74(0.27) Phase=10.4(0.52) VP=7.8(0.65) Spring=2.298(0.46) Ctx=5.85(0.45)
2025-10-08T09:30:00.000-04:00,SCORE_DETAIL_STRUCT: HL=25(1) Spread=10(0.67) PB=0(0) Power=0 Mid=0 Slope=0 Flip=0
2025-10-08T09:30:00.000-04:00,SCORE_DETAIL_VOL: Dry=8(0.32) Supply=-5(-0.33) Effort=0(0/0) Decl=0 Con=1
2025-10-08T09:30:00.000-04:00,SCORE_DETAIL_PHASE: Events=1 Accum=0 SOS=1 PhB=0 SOT=0 STup=0
2025-10-08T09:30:00.000-04:00,SCORE_DETAIL_VP: Ctx=1 VPOCmig=1 VAprog=1 PShape=0 FinAuc=0 HVNsup=0 | bShape=0 Unfin=0 HVNoh=0 valid=true
2025-10-08T09:30:00.000-04:00,SCORE_DETAIL_CTX: HTF=1 RS=1 OEL=0(0) VWAP=0(pt=0 proxW=3.843 proxM=3.916) RSI=1
2025-10-08T09:30:00.000-04:00,SCORE_PENALTY: Ghost=0 Climax=0 Stall=0 Failed=0 totalPen=0 | regime=1 vpBins=34 vpRatio=1
2025-10-09T09:30:00.000-04:00,SCORE_FAM: total=63.603 display=64 gate=66 cap=100 scaled=63.603 | Struct=14.025(0.468) Vol=6.74(0.27) Phase=10.4(0.52) VP=7.8(0.65) Spring=2.298(0.46) Ctx=5.85(0.45)
2025-10-09T09:30:00.000-04:00,SCORE_DETAIL_STRUCT: HL=25(1) Spread=10(0.67) PB=0(0) Power=0 Mid=0 Slope=0 Flip=0
2025-10-09T09:30:00.000-04:00,SCORE_DETAIL_VOL: Dry=8(0.32) Supply=0(0) Effort=0(0/0) Decl=0 Con=1
2025-10-09T09:30:00.000-04:00,SCORE_DETAIL_PHASE: Events=1 Accum=0 SOS=1 PhB=0 SOT=0 STup=0
2025-10-09T09:30:00.000-04:00,SCORE_DETAIL_VP: Ctx=1 VPOCmig=1 VAprog=1 PShape=0 FinAuc=0 HVNsup=0 | bShape=0 Unfin=0 HVNoh=0 valid=true
2025-10-09T09:30:00.000-04:00,SCORE_DETAIL_CTX: HTF=1 RS=1 OEL=0(0) VWAP=0(pt=0 proxW=3.841 proxM=3.959) RSI=1
2025-10-09T09:30:00.000-04:00,SCORE_PENALTY: Ghost=0 Climax=0 Stall=0 Failed=0 totalPen=0 | regime=1 vpBins=34 vpRatio=1
2025-10-10T09:30:00.000-04:00,SCORE_FAM: total=53.208 display=53 gate=55 cap=100 scaled=53.208 | Struct=7.425(0.247) Vol=9.24(0.37) Phase=10.4(0.52) VP=4.2(0.35) Spring=2.298(0.46) Ctx=5.85(0.45)
2025-10-10T09:30:00.000-04:00,SCORE_DETAIL_STRUCT: HL=0(0) Spread=10(0.67) PB=0(0) Power=0 Mid=0 Slope=1 Flip=0
2025-10-10T09:30:00.000-04:00,SCORE_DETAIL_VOL: Dry=8(0.32) Supply=0(0) Effort=0(0/0) Decl=1 Con=1
2025-10-10T09:30:00.000-04:00,SCORE_DETAIL_PHASE: Events=1 Accum=0 SOS=1 PhB=0 SOT=0 STup=0
2025-10-10T09:30:00.000-04:00,SCORE_DETAIL_VP: Ctx=0.5 VPOCmig=1 VAprog=1 PShape=0 FinAuc=1 HVNsup=0 | bShape=-0.5 Unfin=0 HVNoh=0 valid=true
2025-10-10T09:30:00.000-04:00,SCORE_DETAIL_CTX: HTF=1 RS=1 OEL=0(0) VWAP=0(pt=0 proxW=3.431 proxM=3.627) RSI=1
2025-10-10T09:30:00.000-04:00,SCORE_PENALTY: Ghost=0 Climax=0 Stall=0 Failed=0 totalPen=0 | regime=1 vpBins=34 vpRatio=0.626
2025-10-13T09:30:00.000-04:00,SCORE_FAM: total=82.06 display=82 gate=85 cap=100 scaled=82.06 | Struct=22.425(0.747) Vol=10.95(0.438) Phase=10.4(0.52) VP=6.6(0.55) Spring=2.298(0.46) Ctx=8.112(0.624)
2025-10-13T09:30:00.000-04:00,SCORE_DETAIL_STRUCT: HL=25(1) Spread=10(0.67) PB=15(1) Power=0 Mid=0 Slope=1 Flip=0
2025-10-13T09:30:00.000-04:00,SCORE_DETAIL_VOL: Dry=15(0.6) Supply=0(0) Effort=0(0/0) Decl=1 Con=1
2025-10-13T09:30:00.000-04:00,SCORE_DETAIL_PHASE: Events=1 Accum=0 SOS=1 PhB=0 SOT=0 STup=0
2025-10-13T09:30:00.000-04:00,SCORE_DETAIL_VP: Ctx=1 VPOCmig=1 VAprog=1 PShape=0 FinAuc=1 HVNsup=0 | bShape=0 Unfin=0 HVNoh=-1 valid=true
2025-10-13T09:30:00.000-04:00,SCORE_DETAIL_CTX: HTF=1 RS=1 OEL=0(0) VWAP=0.6(pt=3 proxW=0.57 proxM=0.941) RSI=1
2025-10-13T09:30:00.000-04:00,SCORE_PENALTY: Ghost=0 Climax=0 Stall=0 Failed=0 totalPen=0 | regime=1 vpBins=34 vpRatio=0.588
2025-10-14T09:30:00.000-04:00,SCORE_FAM: total=89.485 display=89 gate=93 cap=100 scaled=89.485 | Struct=20.025(0.667) Vol=18.25(0.73) Phase=14.6(0.73) VP=3(0.25) Spring=2.298(0.46) Ctx=8.112(0.624)
2025-10-14T09:30:00.000-04:00,SCORE_DETAIL_STRUCT: HL=25(1) Spread=10(0.67) PB=15(1) Power=0 Mid=0 Slope=0 Flip=0
2025-10-14T09:30:00.000-04:00,SCORE_DETAIL_VOL: Dry=25(1) Supply=0(0) Effort=0(0/0) Decl=0 Con=0
2025-10-14T09:30:00.000-04:00,SCORE_DETAIL_PHASE: Events=1 Accum=1 SOS=1 PhB=0 SOT=0 STup=0
2025-10-14T09:30:00.000-04:00,SCORE_DETAIL_VP: Ctx=0.5 VPOCmig=1 VAprog=1 PShape=0 FinAuc=1 HVNsup=0 | bShape=-0.5 Unfin=0 HVNoh=-1 valid=true
2025-10-14T09:30:00.000-04:00,SCORE_DETAIL_CTX: HTF=1 RS=1 OEL=0(0) VWAP=0.6(pt=3 proxW=0.576 proxM=0.998) RSI=1
2025-10-14T09:30:00.000-04:00,SCORE_PENALTY: Ghost=0 Climax=0 Stall=0 Failed=0 totalPen=0 | regime=1 vpBins=34 vpRatio=0.557
2025-10-15T09:30:00.000-04:00,SCORE_FAM: total=97.687 display=98 gate=100 cap=100 scaled=97.687 | Struct=22.5(0.75) Vol=18.25(0.73) Phase=14.6(0.73) VP=6.6(0.55) Spring=2.298(0.46) Ctx=8.112(0.624)
2025-10-15T09:30:00.000-04:00,SCORE_DETAIL_STRUCT: HL=25(1) Spread=15(1) PB=15(1) Power=0 Mid=0 Slope=0 Flip=0
2025-10-15T09:30:00.000-04:00,SCORE_DETAIL_VOL: Dry=25(1) Supply=0(0) Effort=0(0/0) Decl=0 Con=0
2025-10-15T09:30:00.000-04:00,SCORE_DETAIL_PHASE: Events=1 Accum=1 SOS=1 PhB=0 SOT=0 STup=0
2025-10-15T09:30:00.000-04:00,SCORE_DETAIL_VP: Ctx=1 VPOCmig=1 VAprog=1 PShape=0 FinAuc=1 HVNsup=0 | bShape=0 Unfin=0 HVNoh=-1 valid=true
2025-10-15T09:30:00.000-04:00,SCORE_DETAIL_CTX: HTF=1 RS=1 OEL=0(0) VWAP=0.6(pt=3 proxW=0.67 proxM=1.006) RSI=1
2025-10-15T09:30:00.000-04:00,SCORE_PENALTY: Ghost=0 Climax=0 Stall=0 Failed=0 totalPen=0 | regime=1 vpBins=34 vpRatio=0.529
2025-10-16T09:30:00.000-04:00,SCORE_FAM: total=86.432 display=86 gate=90 cap=100 scaled=86.432 | Struct=20.025(0.667) Vol=18.25(0.73) Phase=14.6(0.73) VP=3(0.25) Spring=2.298(0.46) Ctx=5.85(0.45)
2025-10-16T09:30:00.000-04:00,SCORE_DETAIL_STRUCT: HL=25(1) Spread=10(0.67) PB=15(1) Power=0 Mid=0 Slope=0 Flip=0
2025-10-16T09:30:00.000-04:00,SCORE_DETAIL_VOL: Dry=25(1) Supply=0(0) Effort=0(0/0) Decl=0 Con=0
2025-10-16T09:30:00.000-04:00,SCORE_DETAIL_PHASE: Events=1 Accum=1 SOS=1 PhB=0 SOT=0 STup=0
2025-10-16T09:30:00.000-04:00,SCORE_DETAIL_VP: Ctx=0.5 VPOCmig=1 VAprog=1 PShape=0 FinAuc=1 HVNsup=0 | bShape=-0.5 Unfin=0 HVNoh=-1 valid=true
2025-10-16T09:30:00.000-04:00,SCORE_DETAIL_CTX: HTF=1 RS=1 OEL=0(0) VWAP=0(pt=0 proxW=0.661 proxM=0.983) RSI=1
2025-10-16T09:30:00.000-04:00,SCORE_PENALTY: Ghost=0 Climax=0 Stall=0 Failed=0 totalPen=0 | regime=1 vpBins=34 vpRatio=0.502
2025-10-17T09:30:00.000-04:00,SCORE_FAM: total=88.146 display=88 gate=91 cap=100 scaled=88.146 | Struct=20.025(0.667) Vol=10.95(0.438) Phase=14.6(0.73) VP=7.8(0.65) Spring=2.298(0.46) Ctx=9.62(0.74)
2025-10-17T09:30:00.000-04:00,SCORE_DETAIL_STRUCT: HL=25(1) Spread=10(0.67) PB=15(1) Power=0 Mid=0 Slope=0 Flip=0
2025-10-17T09:30:00.000-04:00,SCORE_DETAIL_VOL: Dry=15(0.6) Supply=0(0) Effort=0(0/0) Decl=1 Con=1
2025-10-17T09:30:00.000-04:00,SCORE_DETAIL_PHASE: Events=1 Accum=1 SOS=1 PhB=0 SOT=0 STup=0
2025-10-17T09:30:00.000-04:00,SCORE_DETAIL_VP: Ctx=1 VPOCmig=1 VAprog=1 PShape=0 FinAuc=1 HVNsup=0 | bShape=0 Unfin=0 HVNoh=0 valid=true
2025-10-17T09:30:00.000-04:00,SCORE_DETAIL_CTX: HTF=1 RS=1 OEL=0(0) VWAP=1(pt=5 proxW=0.717 proxM=0.98) RSI=1
2025-10-17T09:30:00.000-04:00,SCORE_PENALTY: Ghost=0 Climax=0 Stall=0 Failed=0 totalPen=0 | regime=1 vpBins=34 vpRatio=0.475
2025-10-17T09:30:00.000-04:00,LPS ENTRY: price=439.31 score=88 gate=91 mode=Close Above SOS Midpoint spring=true(conf=0.511) closeStr=0.88 volOk=true bars=5 pullback=40.798% prelimRisk=4.883%
2025-10-17T09:30:00.000-04:00,LPS DIST: warnLevel=1 liveCnt=1 bcAge=25 utadAge=97 sowAge=-1 lpsyAge=-1
2025-10-17T09:30:00.000-04:00,LPS STOP: mode=LPS Low price=416.606 stack=0 vwapW=431.419 vwapM=436.396 VAL=402.43
2025-10-17T09:30:00.000-04:00,COMP VP: VPOC=254.574 VAH=NaN hvnAbove=NaN lvnAbove=442.664
2025-11-10T09:30:00.000-05:00,SCORE_FAM: total=85.489 display=85 gate=92 cap=100 scaled=85.489 | Struct=18.9(0.63) Vol=18.25(0.73) Phase=10.4(0.52) VP=7.8(0.65) Spring=2.298(0.46) Ctx=8.112(0.624)
2025-11-10T09:30:00.000-05:00,SCORE_DETAIL_STRUCT: HL=25(1) Spread=15(1) PB=0(0) Power=0 Mid=0 Slope=1 Flip=0
2025-11-10T09:30:00.000-05:00,SCORE_DETAIL_VOL: Dry=25(1) Supply=0(0) Effort=0(0/0) Decl=0 Con=0
2025-11-10T09:30:00.000-05:00,SCORE_DETAIL_PHASE: Events=1 Accum=0 SOS=1 PhB=0 SOT=0 STup=0
2025-11-10T09:30:00.000-05:00,SCORE_DETAIL_VP: Ctx=1 VPOCmig=1 VAprog=1 PShape=0 FinAuc=1 HVNsup=1 | bShape=0 Unfin=0 HVNoh=-1 valid=true
2025-11-10T09:30:00.000-05:00,SCORE_DETAIL_CTX: HTF=1 RS=1 OEL=0(0) VWAP=0.6(pt=3 proxW=0.449 proxM=0.72) RSI=1
2025-11-10T09:30:00.000-05:00,SCORE_PENALTY: Ghost=0 Climax=0 Stall=0 Failed=0 totalPen=0 | regime=1.3 vpBins=41 vpRatio=0.817
2025-11-11T09:30:00.000-05:00,SCORE_FAM: total=84.076 display=84 gate=87 cap=100 scaled=84.076 | Struct=16.5(0.55) Vol=18.25(0.73) Phase=14.6(0.73) VP=6.6(0.55) Spring=2.298(0.46) Ctx=4.03(0.31)
2025-11-11T09:30:00.000-05:00,SCORE_DETAIL_STRUCT: HL=25(1) Spread=15(1) PB=0(0) Power=0 Mid=0 Slope=0 Flip=0
2025-11-11T09:30:00.000-05:00,SCORE_DETAIL_VOL: Dry=25(1) Supply=0(0) Effort=0(0/0) Decl=0 Con=0
2025-11-11T09:30:00.000-05:00,SCORE_DETAIL_PHASE: Events=1 Accum=1 SOS=1 PhB=0 SOT=0 STup=0
2025-11-11T09:30:00.000-05:00,SCORE_DETAIL_VP: Ctx=1 VPOCmig=1 VAprog=1 PShape=0 FinAuc=1 HVNsup=0 | bShape=0 Unfin=0 HVNoh=-1 valid=true
2025-11-11T09:30:00.000-05:00,SCORE_DETAIL_CTX: HTF=1 RS=0 OEL=0(0) VWAP=0(pt=0 proxW=0.411 proxM=0.74) RSI=1
2025-11-11T09:30:00.000-05:00,SCORE_PENALTY: Ghost=0 Climax=0 Stall=0 Failed=0 totalPen=0 | regime=1 vpBins=41 vpRatio=0.789
2025-11-12T09:30:00.000-05:00,SCORE_FAM: total=75.247 display=75 gate=78 cap=100 scaled=75.247 | Struct=16.5(0.55) Vol=18.25(0.73) Phase=10.4(0.52) VP=4.26(0.355) Spring=2.298(0.46) Ctx=4.03(0.31)
2025-11-12T09:30:00.000-05:00,SCORE_DETAIL_STRUCT: HL=25(1) Spread=15(1) PB=0(0) Power=0 Mid=0 Slope=0 Flip=0
2025-11-12T09:30:00.000-05:00,SCORE_DETAIL_VOL: Dry=25(1) Supply=0(0) Effort=0(0/0) Decl=0 Con=0
2025-11-12T09:30:00.000-05:00,SCORE_DETAIL_PHASE: Events=1 Accum=0 SOS=1 PhB=0 SOT=0 STup=0
2025-11-12T09:30:00.000-05:00,SCORE_DETAIL_VP: Ctx=0.5 VPOCmig=1 VAprog=1 PShape=0 FinAuc=1 HVNsup=0 | bShape=-0.15 Unfin=0 HVNoh=-1 valid=true
2025-11-12T09:30:00.000-05:00,SCORE_DETAIL_CTX: HTF=1 RS=0 OEL=0(0) VWAP=0(pt=0 proxW=0.595 proxM=0.979) RSI=1
2025-11-12T09:30:00.000-05:00,SCORE_PENALTY: Ghost=0 Climax=0 Stall=0 Failed=0 totalPen=0 | regime=1 vpBins=41 vpRatio=0.764
2025-11-13T09:30:00.000-05:00,SCORE_FAM: total=74.722 display=75 gate=80 cap=100 scaled=74.722 | Struct=9.3(0.31) Vol=18.25(0.73) Phase=14.6(0.73) VP=9(0.75) Spring=2.298(0.46) Ctx=4.03(0.31)
2025-11-13T09:30:00.000-05:00,SCORE_DETAIL_STRUCT: HL=5(0.2) Spread=15(1) PB=0(0) Power=0 Mid=0 Slope=0 Flip=0
2025-11-13T09:30:00.000-05:00,SCORE_DETAIL_VOL: Dry=25(1) Supply=0(0) Effort=0(0/0) Decl=0 Con=0
2025-11-13T09:30:00.000-05:00,SCORE_DETAIL_PHASE: Events=1 Accum=1 SOS=1 PhB=0 SOT=0 STup=0
2025-11-13T09:30:00.000-05:00,SCORE_DETAIL_VP: Ctx=0.5 VPOCmig=1 VAprog=1 PShape=1 FinAuc=1 HVNsup=0 | bShape=0 Unfin=0 HVNoh=0 valid=true
2025-11-13T09:30:00.000-05:00,SCORE_DETAIL_CTX: HTF=1 RS=0 OEL=0(0) VWAP=0(pt=0 proxW=1.448 proxM=2.091) RSI=1
2025-11-13T09:30:00.000-05:00,SCORE_PENALTY: Ghost=0 Climax=0 Stall=0 Failed=0 totalPen=0 | regime=1.3 vpBins=47 vpRatio=1.357
2025-11-14T09:30:00.000-05:00,SCORE_FAM: total=74.722 display=75 gate=80 cap=100 scaled=74.722 | Struct=9.3(0.31) Vol=18.25(0.73) Phase=14.6(0.73) VP=9(0.75) Spring=2.298(0.46) Ctx=4.03(0.31)
2025-11-14T09:30:00.000-05:00,SCORE_DETAIL_STRUCT: HL=5(0.2) Spread=15(1) PB=0(0) Power=0 Mid=0 Slope=0 Flip=0
2025-11-14T09:30:00.000-05:00,SCORE_DETAIL_VOL: Dry=25(1) Supply=0(0) Effort=0(0/0) Decl=0 Con=0
2025-11-14T09:30:00.000-05:00,SCORE_DETAIL_PHASE: Events=1 Accum=1 SOS=1 PhB=0 SOT=0 STup=0
2025-11-14T09:30:00.000-05:00,SCORE_DETAIL_VP: Ctx=0.5 VPOCmig=1 VAprog=1 PShape=1 FinAuc=1 HVNsup=0 | bShape=0 Unfin=0 HVNoh=0 valid=true
2025-11-14T09:30:00.000-05:00,SCORE_DETAIL_CTX: HTF=1 RS=0 OEL=0(0) VWAP=0(pt=0 proxW=1.721 proxM=2.438) RSI=1
2025-11-14T09:30:00.000-05:00,SCORE_PENALTY: Ghost=0 Climax=0 Stall=0 Failed=0 totalPen=0 | regime=1.3 vpBins=47 vpRatio=6.014
2025-11-17T09:30:00.000-05:00,SCORE_FAM: total=76.919 display=77 gate=83 cap=100 scaled=76.919 | Struct=9.3(0.31) Vol=18.25(0.73) Phase=14.6(0.73) VP=9(0.75) Spring=2.298(0.46) Ctx=5.72(0.44)
2025-11-17T09:30:00.000-05:00,SCORE_DETAIL_STRUCT: HL=5(0.2) Spread=15(1) PB=0(0) Power=0 Mid=0 Slope=0 Flip=0
2025-11-17T09:30:00.000-05:00,SCORE_DETAIL_VOL: Dry=25(1) Supply=0(0) Effort=0(0/0) Decl=0 Con=0
2025-11-17T09:30:00.000-05:00,SCORE_DETAIL_PHASE: Events=1 Accum=1 SOS=1 PhB=0 SOT=0 STup=0
2025-11-17T09:30:00.000-05:00,SCORE_DETAIL_VP: Ctx=0.5 VPOCmig=1 VAprog=1 PShape=1 FinAuc=1 HVNsup=0 | bShape=0 Unfin=0 HVNoh=0 valid=true
2025-11-17T09:30:00.000-05:00,SCORE_DETAIL_CTX: HTF=1 RS=0 OEL=0.5(5) VWAP=0(pt=0 proxW=1.268 proxM=2.292) RSI=1
2025-11-17T09:30:00.000-05:00,SCORE_PENALTY: Ghost=0 Climax=0 Stall=0 Failed=0 totalPen=0 | regime=1.3 vpBins=47 vpRatio=5.003
2025-11-18T09:30:00.000-05:00,SCORE_FAM: total=76.919 display=77 gate=83 cap=100 scaled=76.919 | Struct=9.3(0.31) Vol=18.25(0.73) Phase=14.6(0.73) VP=9(0.75) Spring=2.298(0.46) Ctx=5.72(0.44)
2025-11-18T09:30:00.000-05:00,SCORE_DETAIL_STRUCT: HL=5(0.2) Spread=15(1) PB=0(0) Power=0 Mid=0 Slope=0 Flip=0
2025-11-18T09:30:00.000-05:00,SCORE_DETAIL_VOL: Dry=25(1) Supply=0(0) Effort=0(0/0) Decl=0 Con=0
2025-11-18T09:30:00.000-05:00,SCORE_DETAIL_PHASE: Events=1 Accum=1 SOS=1 PhB=0 SOT=0 STup=0
2025-11-18T09:30:00.000-05:00,SCORE_DETAIL_VP: Ctx=0.5 VPOCmig=1 VAprog=1 PShape=1 FinAuc=1 HVNsup=0 | bShape=0 Unfin=0 HVNoh=0 valid=true
2025-11-18T09:30:00.000-05:00,SCORE_DETAIL_CTX: HTF=1 RS=0 OEL=0.5(5) VWAP=0(pt=0 proxW=1.106 proxM=2.232) RSI=1
2025-11-18T09:30:00.000-05:00,SCORE_PENALTY: Ghost=0 Climax=0 Stall=0 Failed=0 totalPen=0 | regime=1.3 vpBins=47 vpRatio=4.417
2025-11-19T09:30:00.000-05:00,SCORE_FAM: total=61.011 display=61 gate=63 cap=100 scaled=61.011 | Struct=6.825(0.228) Vol=10.95(0.438) Phase=10.4(0.52) VP=9(0.75) Spring=2.298(0.46) Ctx=5.72(0.44)
2025-11-19T09:30:00.000-05:00,SCORE_DETAIL_STRUCT: HL=5(0.2) Spread=10(0.67) PB=0(0) Power=0 Mid=0 Slope=0 Flip=0
2025-11-19T09:30:00.000-05:00,SCORE_DETAIL_VOL: Dry=15(0.6) Supply=0(0) Effort=0(0/0) Decl=0 Con=0
2025-11-19T09:30:00.000-05:00,SCORE_DETAIL_PHASE: Events=1 Accum=0 SOS=1 PhB=0 SOT=0 STup=0
2025-11-19T09:30:00.000-05:00,SCORE_DETAIL_VP: Ctx=0.5 VPOCmig=1 VAprog=1 PShape=1 FinAuc=1 HVNsup=0 | bShape=0 Unfin=0 HVNoh=0 valid=true
2025-11-19T09:30:00.000-05:00,SCORE_DETAIL_CTX: HTF=1 RS=0 OEL=0.5(5) VWAP=0(pt=0 proxW=1.114 proxM=2.216) RSI=1
2025-11-19T09:30:00.000-05:00,SCORE_PENALTY: Ghost=0 Climax=0 Stall=0 Failed=0 totalPen=0 | regime=1 vpBins=47 vpRatio=3.999
2025-11-20T09:30:00.000-05:00,SCORE_FAM: total=71.459 display=71 gate=77 cap=100 scaled=71.459 | Struct=9.3(0.31) Vol=18.25(0.73) Phase=10.4(0.52) VP=9(0.75) Spring=2.298(0.46) Ctx=5.72(0.44)
2025-11-20T09:30:00.000-05:00,SCORE_DETAIL_STRUCT: HL=5(0.2) Spread=15(1) PB=0(0) Power=0 Mid=0 Slope=0 Flip=0
2025-11-20T09:30:00.000-05:00,SCORE_DETAIL_VOL: Dry=25(1) Supply=0(0) Effort=0(0/0) Decl=0 Con=0
2025-11-20T09:30:00.000-05:00,SCORE_DETAIL_PHASE: Events=1 Accum=0 SOS=1 PhB=0 SOT=0 STup=0
2025-11-20T09:30:00.000-05:00,SCORE_DETAIL_VP: Ctx=0.5 VPOCmig=1 VAprog=1 PShape=1 FinAuc=1 HVNsup=0 | bShape=0 Unfin=0 HVNoh=0 valid=true
2025-11-20T09:30:00.000-05:00,SCORE_DETAIL_CTX: HTF=1 RS=0 OEL=0.5(5) VWAP=0(pt=0 proxW=1.069 proxM=2.025) RSI=1
2025-11-20T09:30:00.000-05:00,SCORE_PENALTY: Ghost=0 Climax=0 Stall=0 Failed=0 totalPen=0 | regime=1.3 vpBins=47 vpRatio=3.48
2025-11-21T09:30:00.000-05:00,SCORE_FAM: total=71.459 display=71 gate=77 cap=100 scaled=71.459 | Struct=9.3(0.31) Vol=18.25(0.73) Phase=10.4(0.52) VP=9(0.75) Spring=2.298(0.46) Ctx=5.72(0.44)
2025-11-21T09:30:00.000-05:00,SCORE_DETAIL_STRUCT: HL=5(0.2) Spread=15(1) PB=0(0) Power=0 Mid=0 Slope=0 Flip=0
2025-11-21T09:30:00.000-05:00,SCORE_DETAIL_VOL: Dry=25(1) Supply=0(0) Effort=0(0/0) Decl=0 Con=0
2025-11-21T09:30:00.000-05:00,SCORE_DETAIL_PHASE: Events=1 Accum=0 SOS=1 PhB=0 SOT=0 STup=0
2025-11-21T09:30:00.000-05:00,SCORE_DETAIL_VP: Ctx=0.5 VPOCmig=1 VAprog=1 PShape=1 FinAuc=1 HVNsup=0 | bShape=0 Unfin=0 HVNoh=0 valid=true
2025-11-21T09:30:00.000-05:00,SCORE_DETAIL_CTX: HTF=1 RS=0 OEL=0.5(5) VWAP=0(pt=0 proxW=0.945 proxM=1.926) RSI=1
2025-11-21T09:30:00.000-05:00,SCORE_PENALTY: Ghost=0 Climax=0 Stall=0 Failed=0 totalPen=0 | regime=1.3 vpBins=47 vpRatio=3.121
2025-11-24T09:30:00.000-05:00,SCORE_FAM: total=74.4 display=74 gate=80 cap=100 scaled=74.4 | Struct=9.3(0.31) Vol=18.25(0.73) Phase=10.4(0.52) VP=9(0.75) Spring=2.298(0.46) Ctx=7.982(0.614)
2025-11-24T09:30:00.000-05:00,SCORE_DETAIL_STRUCT: HL=5(0.2) Spread=15(1) PB=0(0) Power=0 Mid=0 Slope=0 Flip=0
2025-11-24T09:30:00.000-05:00,SCORE_DETAIL_VOL: Dry=25(1) Supply=0(0) Effort=0(0/0) Decl=0 Con=0
2025-11-24T09:30:00.000-05:00,SCORE_DETAIL_PHASE: Events=1 Accum=0 SOS=1 PhB=0 SOT=0 STup=0
2025-11-24T09:30:00.000-05:00,SCORE_DETAIL_VP: Ctx=0.5 VPOCmig=1 VAprog=1 PShape=1 FinAuc=1 HVNsup=0 | bShape=0 Unfin=0 HVNoh=0 valid=true
2025-11-24T09:30:00.000-05:00,SCORE_DETAIL_CTX: HTF=1 RS=0 OEL=0.5(5) VWAP=0.6(pt=3 proxW=1.383 proxM=1.838) RSI=1
2025-11-24T09:30:00.000-05:00,SCORE_PENALTY: Ghost=0 Climax=0 Stall=0 Failed=0 totalPen=0 | regime=1.3 vpBins=47 vpRatio=2.839
2025-11-25T09:30:00.000-05:00,SCORE_FAM: total=72.84 display=73 gate=78 cap=100 scaled=72.84 | Struct=9.3(0.31) Vol=18.25(0.73) Phase=10.4(0.52) VP=7.8(0.65) Spring=2.298(0.46) Ctx=7.982(0.614)
2025-11-25T09:30:00.000-05:00,SCORE_DETAIL_STRUCT: HL=5(0.2) Spread=15(1) PB=0(0) Power=0 Mid=0 Slope=0 Flip=0
2025-11-25T09:30:00.000-05:00,SCORE_DETAIL_VOL: Dry=25(1) Supply=0(0) Effort=0(0/0) Decl=0 Con=0
2025-11-25T09:30:00.000-05:00,SCORE_DETAIL_PHASE: Events=1 Accum=0 SOS=1 PhB=0 SOT=0 STup=0
2025-11-25T09:30:00.000-05:00,SCORE_DETAIL_VP: Ctx=0.5 VPOCmig=1 VAprog=1 PShape=1 FinAuc=1 HVNsup=0 | bShape=0 Unfin=0 HVNoh=-1 valid=true
2025-11-25T09:30:00.000-05:00,SCORE_DETAIL_CTX: HTF=1 RS=0 OEL=0.5(5) VWAP=0.6(pt=3 proxW=1.452 proxM=1.866) RSI=1
2025-11-25T09:30:00.000-05:00,SCORE_PENALTY: Ghost=0 Climax=0 Stall=0 Failed=0 totalPen=0 | regime=1.3 vpBins=47 vpRatio=2.661
2025-11-26T09:30:00.000-05:00,SCORE_FAM: total=64.481 display=64 gate=67 cap=100 scaled=64.481 | Struct=6.825(0.228) Vol=10.95(0.438) Phase=10.4(0.52) VP=7.8(0.65) Spring=2.298(0.46) Ctx=9.49(0.73)
2025-11-26T09:30:00.000-05:00,SCORE_DETAIL_STRUCT: HL=5(0.2) Spread=10(0.67) PB=0(0) Power=0 Mid=0 Slope=0 Flip=0
2025-11-26T09:30:00.000-05:00,SCORE_DETAIL_VOL: Dry=15(0.6) Supply=0(0) Effort=0(0/0) Decl=0 Con=0
2025-11-26T09:30:00.000-05:00,SCORE_DETAIL_PHASE: Events=1 Accum=0 SOS=1 PhB=0 SOT=0 STup=0
2025-11-26T09:30:00.000-05:00,SCORE_DETAIL_VP: Ctx=0.5 VPOCmig=1 VAprog=1 PShape=1 FinAuc=1 HVNsup=0 | bShape=0 Unfin=0 HVNoh=-1 valid=true
2025-11-26T09:30:00.000-05:00,SCORE_DETAIL_CTX: HTF=1 RS=0 OEL=0.5(5) VWAP=1(pt=5 proxW=1.631 proxM=1.941) RSI=1
2025-11-26T09:30:00.000-05:00,SCORE_PENALTY: Ghost=0 Climax=0 Stall=0 Failed=0 totalPen=0 | regime=1 vpBins=47 vpRatio=2.521
2025-11-28T09:30:00.000-05:00,SCORE_FAM: total=70.151 display=70 gate=73 cap=100 scaled=70.151 | Struct=6.825(0.228) Vol=10.95(0.438) Phase=14.6(0.73) VP=7.8(0.65) Spring=2.298(0.46) Ctx=9.49(0.73)
2025-11-28T09:30:00.000-05:00,SCORE_DETAIL_STRUCT: HL=5(0.2) Spread=10(0.67) PB=0(0) Power=0 Mid=0 Slope=0 Flip=0
2025-11-28T09:30:00.000-05:00,SCORE_DETAIL_VOL: Dry=15(0.6) Supply=0(0) Effort=0(0/0) Decl=0 Con=0
2025-11-28T09:30:00.000-05:00,SCORE_DETAIL_PHASE: Events=1 Accum=1 SOS=1 PhB=0 SOT=0 STup=0
2025-11-28T09:30:00.000-05:00,SCORE_DETAIL_VP: Ctx=0.5 VPOCmig=1 VAprog=1 PShape=1 FinAuc=1 HVNsup=0 | bShape=0 Unfin=0 HVNoh=-1 valid=true
2025-11-28T09:30:00.000-05:00,SCORE_DETAIL_CTX: HTF=1 RS=0 OEL=0.5(5) VWAP=1(pt=5 proxW=1.802 proxM=2.047) RSI=1
2025-11-28T09:30:00.000-05:00,SCORE_PENALTY: Ghost=0 Climax=0 Stall=0 Failed=0 totalPen=0 | regime=1 vpBins=47 vpRatio=2.551
2025-12-01T09:30:00.000-05:00,SCORE_FAM: total=67.097 display=67 gate=70 cap=100 scaled=67.097 | Struct=6.825(0.228) Vol=10.95(0.438) Phase=14.6(0.73) VP=7.8(0.65) Spring=2.298(0.46) Ctx=7.228(0.556)
2025-12-01T09:30:00.000-05:00,SCORE_DETAIL_STRUCT: HL=5(0.2) Spread=10(0.67) PB=0(0) Power=0 Mid=0 Slope=0 Flip=0
2025-12-01T09:30:00.000-05:00,SCORE_DETAIL_VOL: Dry=15(0.6) Supply=0(0) Effort=0(0/0) Decl=0 Con=0
2025-12-01T09:30:00.000-05:00,SCORE_DETAIL_PHASE: Events=1 Accum=1 SOS=1 PhB=0 SOT=0 STup=0
2025-12-01T09:30:00.000-05:00,SCORE_DETAIL_VP: Ctx=0.5 VPOCmig=1 VAprog=1 PShape=1 FinAuc=1 HVNsup=0 | bShape=0 Unfin=0 HVNoh=-1 valid=true
2025-12-01T09:30:00.000-05:00,SCORE_DETAIL_CTX: HTF=1 RS=0 OEL=0.5(5) VWAP=0.4(pt=2 proxW=2.466 proxM=2.466) RSI=1
2025-12-01T09:30:00.000-05:00,SCORE_PENALTY: Ghost=0 Climax=0 Stall=0 Failed=0 totalPen=0 | regime=1 vpBins=47 vpRatio=2.599
2025-12-02T09:30:00.000-05:00,SCORE_FAM: total=59.391 display=59 gate=62 cap=100 scaled=59.391 | Struct=6.825(0.228) Vol=10.95(0.438) Phase=10.4(0.52) VP=7.8(0.65) Spring=2.298(0.46) Ctx=5.72(0.44)
2025-12-02T09:30:00.000-05:00,SCORE_DETAIL_STRUCT: HL=5(0.2) Spread=10(0.67) PB=0(0) Power=0 Mid=0 Slope=0 Flip=0
2025-12-02T09:30:00.000-05:00,SCORE_DETAIL_VOL: Dry=15(0.6) Supply=0(0) Effort=0(0/0) Decl=0 Con=0
2025-12-02T09:30:00.000-05:00,SCORE_DETAIL_PHASE: Events=1 Accum=0 SOS=1 PhB=0 SOT=0 STup=0
2025-12-02T09:30:00.000-05:00,SCORE_DETAIL_VP: Ctx=0.5 VPOCmig=1 VAprog=1 PShape=1 FinAuc=1 HVNsup=0 | bShape=0 Unfin=0 HVNoh=-1 valid=true
2025-12-02T09:30:00.000-05:00,SCORE_DETAIL_CTX: HTF=1 RS=0 OEL=0.5(5) VWAP=0(pt=0 proxW=2.498 proxM=2.498) RSI=1
2025-12-02T09:30:00.000-05:00,SCORE_PENALTY: Ghost=0 Climax=0 Stall=0 Failed=0 totalPen=0 | regime=1 vpBins=47 vpRatio=2.656
2025-12-03T09:30:00.000-05:00,SCORE_FAM: total=69.527 display=70 gate=72 cap=100 scaled=69.527 | Struct=6.825(0.228) Vol=10.95(0.438) Phase=14.6(0.73) VP=9.6(0.8) Spring=2.298(0.46) Ctx=7.228(0.556)
2025-12-03T09:30:00.000-05:00,SCORE_DETAIL_STRUCT: HL=5(0.2) Spread=10(0.67) PB=0(0) Power=0 Mid=0 Slope=0 Flip=0
2025-12-03T09:30:00.000-05:00,SCORE_DETAIL_VOL: Dry=15(0.6) Supply=0(0) Effort=0(0/0) Decl=0 Con=0
2025-12-03T09:30:00.000-05:00,SCORE_DETAIL_PHASE: Events=1 Accum=1 SOS=1 PhB=0 SOT=0 STup=0
2025-12-03T09:30:00.000-05:00,SCORE_DETAIL_VP: Ctx=1 VPOCmig=1 VAprog=1 PShape=1 FinAuc=1 HVNsup=0 | bShape=0 Unfin=0 HVNoh=-1 valid=true
2025-12-03T09:30:00.000-05:00,SCORE_DETAIL_CTX: HTF=1 RS=0 OEL=0.5(5) VWAP=0.4(pt=2 proxW=2.769 proxM=2.769) RSI=1
2025-12-03T09:30:00.000-05:00,SCORE_PENALTY: Ghost=0 Climax=0 Stall=0 Failed=0 totalPen=0 | regime=1 vpBins=47 vpRatio=2.728
2025-12-04T09:30:00.000-05:00,SCORE_FAM: total=73.604 display=74 gate=76 cap=100 scaled=73.604 | Struct=6.825(0.228) Vol=10.95(0.438) Phase=14.6(0.73) VP=10.8(0.9) Spring=2.298(0.46) Ctx=9.048(0.696)
2025-12-04T09:30:00.000-05:00,SCORE_DETAIL_STRUCT: HL=5(0.2) Spread=10(0.67) PB=0(0) Power=0 Mid=0 Slope=0 Flip=0
2025-12-04T09:30:00.000-05:00,SCORE_DETAIL_VOL: Dry=15(0.6) Supply=0(0) Effort=0(0/0) Decl=0 Con=0
2025-12-04T09:30:00.000-05:00,SCORE_DETAIL_PHASE: Events=1 Accum=1 SOS=1 PhB=0 SOT=0 STup=0
2025-12-04T09:30:00.000-05:00,SCORE_DETAIL_VP: Ctx=1 VPOCmig=1 VAprog=1 PShape=1 FinAuc=1 HVNsup=0 | bShape=0 Unfin=0 HVNoh=0 valid=true
2025-12-04T09:30:00.000-05:00,SCORE_DETAIL_CTX: HTF=1 RS=1 OEL=0.5(5) VWAP=0.4(pt=2 proxW=3.108 proxM=3.108) RSI=1
2025-12-04T09:30:00.000-05:00,SCORE_PENALTY: Ghost=0 Climax=0 Stall=0 Failed=0 totalPen=0 | regime=1 vpBins=47 vpRatio=2.788
2025-12-05T09:30:00.000-05:00,SCORE_FAM: total=73.604 display=74 gate=76 cap=100 scaled=73.604 | Struct=6.825(0.228) Vol=10.95(0.438) Phase=14.6(0.73) VP=10.8(0.9) Spring=2.298(0.46) Ctx=9.048(0.696)
2025-12-05T09:30:00.000-05:00,SCORE_DETAIL_STRUCT: HL=5(0.2) Spread=10(0.67) PB=0(0) Power=0 Mid=0 Slope=0 Flip=0
2025-12-05T09:30:00.000-05:00,SCORE_DETAIL_VOL: Dry=15(0.6) Supply=0(0) Effort=0(0/0) Decl=0 Con=0
2025-12-05T09:30:00.000-05:00,SCORE_DETAIL_PHASE: Events=1 Accum=1 SOS=1 PhB=0 SOT=0 STup=0
2025-12-05T09:30:00.000-05:00,SCORE_DETAIL_VP: Ctx=1 VPOCmig=1 VAprog=1 PShape=1 FinAuc=1 HVNsup=0 | bShape=0 Unfin=0 HVNoh=0 valid=true
2025-12-05T09:30:00.000-05:00,SCORE_DETAIL_CTX: HTF=1 RS=1 OEL=0.5(5) VWAP=0.4(pt=2 proxW=3.404 proxM=3.404) RSI=1
2025-12-05T09:30:00.000-05:00,SCORE_PENALTY: Ghost=0 Climax=0 Stall=0 Failed=0 totalPen=0 | regime=1 vpBins=47 vpRatio=2.835
2025-12-08T09:30:00.000-05:00,SCORE_FAM: total=67.491 display=67 gate=70 cap=100 scaled=67.491 | Struct=6.825(0.228) Vol=10.95(0.438) Phase=14.6(0.73) VP=9.6(0.8) Spring=2.298(0.46) Ctx=5.72(0.44)
2025-12-08T09:30:00.000-05:00,SCORE_DETAIL_STRUCT: HL=5(0.2) Spread=10(0.67) PB=0(0) Power=0 Mid=0 Slope=0 Flip=0
2025-12-08T09:30:00.000-05:00,SCORE_DETAIL_VOL: Dry=15(0.6) Supply=0(0) Effort=0(0/0) Decl=0 Con=0
2025-12-08T09:30:00.000-05:00,SCORE_DETAIL_PHASE: Events=1 Accum=1 SOS=1 PhB=0 SOT=0 STup=0
2025-12-08T09:30:00.000-05:00,SCORE_DETAIL_VP: Ctx=1 VPOCmig=1 VAprog=1 PShape=1 FinAuc=1 HVNsup=0 | bShape=0 Unfin=0 HVNoh=-1 valid=true
2025-12-08T09:30:00.000-05:00,SCORE_DETAIL_CTX: HTF=1 RS=0 OEL=0.5(5) VWAP=0(pt=0 proxW=3.368 proxM=3.369) RSI=1
2025-12-08T09:30:00.000-05:00,SCORE_PENALTY: Ghost=0 Climax=0 Stall=0 Failed=0 totalPen=0 | regime=1 vpBins=47 vpRatio=2.892
2025-12-09T09:30:00.000-05:00,SCORE_FAM: total=69.527 display=70 gate=72 cap=100 scaled=69.527 | Struct=6.825(0.228) Vol=10.95(0.438) Phase=14.6(0.73) VP=9.6(0.8) Spring=2.298(0.46) Ctx=7.228(0.556)
2025-12-09T09:30:00.000-05:00,SCORE_DETAIL_STRUCT: HL=5(0.2) Spread=10(0.67) PB=0(0) Power=0 Mid=0 Slope=0 Flip=0
2025-12-09T09:30:00.000-05:00,SCORE_DETAIL_VOL: Dry=15(0.6) Supply=0(0) Effort=0(0/0) Decl=0 Con=0
2025-12-09T09:30:00.000-05:00,SCORE_DETAIL_PHASE: Events=1 Accum=1 SOS=1 PhB=0 SOT=0 STup=0
2025-12-09T09:30:00.000-05:00,SCORE_DETAIL_VP: Ctx=1 VPOCmig=1 VAprog=1 PShape=1 FinAuc=1 HVNsup=0 | bShape=0 Unfin=0 HVNoh=-1 valid=true
2025-12-09T09:30:00.000-05:00,SCORE_DETAIL_CTX: HTF=1 RS=0 OEL=0.5(5) VWAP=0.4(pt=2 proxW=3.458 proxM=3.401) RSI=1
2025-12-09T09:30:00.000-05:00,SCORE_PENALTY: Ghost=0 Climax=0 Stall=0 Failed=0 totalPen=0 | regime=1 vpBins=47 vpRatio=2.944
2025-12-10T09:30:00.000-05:00,SCORE_FAM: total=108.605 display=100 gate=100 cap=100 scaled=108.605 | Struct=25.5(0.85) Vol=18.25(0.73) Phase=14.6(0.73) VP=12(1) Spring=2.298(0.46) Ctx=7.8(0.6)
2025-12-10T09:30:00.000-05:00,SCORE_DETAIL_STRUCT: HL=25(1) Spread=15(1) PB=15(1) Power=0 Mid=1 Slope=0 Flip=0
2025-12-10T09:30:00.000-05:00,SCORE_DETAIL_VOL: Dry=25(1) Supply=0(0) Effort=0(0/0) Decl=0 Con=0
2025-12-10T09:30:00.000-05:00,SCORE_DETAIL_PHASE: Events=1 Accum=1 SOS=1 PhB=0 SOT=0 STup=0
2025-12-10T09:30:00.000-05:00,SCORE_DETAIL_VP: Ctx=1 VPOCmig=1 VAprog=1 PShape=1 FinAuc=1 HVNsup=1 | bShape=0 Unfin=0 HVNoh=0 valid=true
2025-12-10T09:30:00.000-05:00,SCORE_DETAIL_CTX: HTF=1 RS=0 OEL=0(0) VWAP=1(pt=5 proxW=0.106 proxM=0.039) RSI=1
2025-12-10T09:30:00.000-05:00,SCORE_PENALTY: Ghost=0 Climax=0 Stall=0 Failed=0 totalPen=0 | regime=1 vpBins=47 vpRatio=2.996
2025-12-11T09:30:00.000-05:00,SCORE_FAM: total=106.985 display=100 gate=100 cap=100 scaled=106.985 | Struct=25.5(0.85) Vol=18.25(0.73) Phase=14.6(0.73) VP=10.8(0.9) Spring=2.298(0.46) Ctx=7.8(0.6)
2025-12-11T09:30:00.000-05:00,SCORE_DETAIL_STRUCT: HL=25(1) Spread=15(1) PB=15(1) Power=0 Mid=1 Slope=0 Flip=0
2025-12-11T09:30:00.000-05:00,SCORE_DETAIL_VOL: Dry=25(1) Supply=0(0) Effort=0(0/0) Decl=0 Con=0
2025-12-11T09:30:00.000-05:00,SCORE_DETAIL_PHASE: Events=1 Accum=1 SOS=1 PhB=0 SOT=0 STup=0
2025-12-11T09:30:00.000-05:00,SCORE_DETAIL_VP: Ctx=1 VPOCmig=1 VAprog=1 PShape=1 FinAuc=1 HVNsup=1 | bShape=0 Unfin=0 HVNoh=-1 valid=true
2025-12-11T09:30:00.000-05:00,SCORE_DETAIL_CTX: HTF=1 RS=0 OEL=0(0) VWAP=1(pt=5 proxW=0.306 proxM=0.171) RSI=1
2025-12-11T09:30:00.000-05:00,SCORE_PENALTY: Ghost=0 Climax=0 Stall=0 Failed=0 totalPen=0 | regime=1 vpBins=47 vpRatio=3.043
2025-12-12T09:30:00.000-05:00,SCORE_FAM: total=106.101 display=100 gate=100 cap=100 scaled=106.101 | Struct=23.025(0.767) Vol=18.25(0.73) Phase=14.6(0.73) VP=10.8(0.9) Spring=2.298(0.46) Ctx=9.62(0.74)
2025-12-12T09:30:00.000-05:00,SCORE_DETAIL_STRUCT: HL=25(1) Spread=10(0.67) PB=15(1) Power=0 Mid=1 Slope=0 Flip=0
2025-12-12T09:30:00.000-05:00,SCORE_DETAIL_VOL: Dry=25(1) Supply=0(0) Effort=0(0/0) Decl=0 Con=0
2025-12-12T09:30:00.000-05:00,SCORE_DETAIL_PHASE: Events=1 Accum=1 SOS=1 PhB=0 SOT=0 STup=0
2025-12-12T09:30:00.000-05:00,SCORE_DETAIL_VP: Ctx=1 VPOCmig=1 VAprog=1 PShape=1 FinAuc=1 HVNsup=0 | bShape=0 Unfin=0 HVNoh=0 valid=true
2025-12-12T09:30:00.000-05:00,SCORE_DETAIL_CTX: HTF=1 RS=1 OEL=0(0) VWAP=1(pt=5 proxW=0.448 proxM=0.26) RSI=1
2025-12-12T09:30:00.000-05:00,SCORE_PENALTY: Ghost=0 Climax=0 Stall=0 Failed=0 totalPen=0 | regime=1 vpBins=47 vpRatio=3.122
2025-12-12T09:30:00.000-05:00,LPS ENTRY: price=458.96 score=100 gate=100 mode=Close Above SOS Midpoint spring=true(conf=0.511) closeStr=0.81 volOk=true bars=3 pullback=19.47% prelimRisk=4.059%
2025-12-12T09:30:00.000-05:00,LPS DIST: warnLevel=0 liveCnt=0 bcAge=64 utadAge=136 sowAge=-1 lpsyAge=-1
2025-12-12T09:30:00.000-05:00,LPS STOP: mode=LPS Low price=439.009 stack=0 vwapW=447.949 vwapM=444.758 VAL=425.511
2025-12-12T09:30:00.000-05:00,COMP VP: VPOC=247.687 VAH=NaN hvnAbove=NaN lvnAbove=462.265
2026-01-21T09:30:00.000-05:00,SPRING: conf=0.603 [close=0.191 reclaim=0.095 vol=0.108 age=0.142 tests=0.067] pivot=424.365 pivotAge=8b
2026-02-02T09:30:00.000-05:00,SPRING: conf=0.562 [close=0.173 reclaim=0.086 vol=0.094 age=0.142 tests=0.067] pivot=417.44 pivotAge=9b
2026-02-27T09:30:00.000-05:00,"STATUS: TR=true, SOS=1, LPS=0, VP=true, Score=0, VPOCmig=true"
